{"authorDailyContributionsMap":{"Jellybeano":[{"date":"2021-02-23","commitResults":[{"hash":"e9343b37d1500c3d35eab2db2b2b3920de5bbe0c","messageTitle":"Update AboutUs","messageBody":"","fileTypesAndContributionMap":{"docs":{"insertions":62,"deletions":3}}},{"hash":"981f92b69dd9285e6ef02ec3bdd408b7132bac93","messageTitle":"Fix small text bugs","messageBody":"","fileTypesAndContributionMap":{"docs":{"insertions":3,"deletions":4}}},{"hash":"ce4b28b85190130a20f896d5e44c52e19e80ee0a","messageTitle":"Add newline at EOF","messageBody":"","fileTypesAndContributionMap":{"docs":{"insertions":1,"deletions":1}}}]},{"date":"2021-02-24","commitResults":[{"hash":"0ca46822d03b309f2b4cb00bec614e647dd3666f","messageTitle":"Update the User Guide","messageBody":"","fileTypesAndContributionMap":{"docs":{"insertions":53,"deletions":102}}}]},{"date":"2021-02-25","commitResults":[{"hash":"0e6e2f0ca57858c53ee2d1e366932f02b46d951a","messageTitle":"Fix typos","messageBody":"","fileTypesAndContributionMap":{"docs":{"insertions":1,"deletions":7}}}]},{"date":"2021-02-27","commitResults":[{"hash":"cfaa329d81e38cbda8e3e601b2910fc3a4111fd7","messageTitle":"Change Email class to Question","messageBody":"","fileTypesAndContributionMap":{"functional-code":{"insertions":66,"deletions":66},"other":{"insertions":13,"deletions":21},"test-code":{"insertions":184,"deletions":184}}},{"hash":"500e5d51ec0e4c833b185588e1e94cf2f5bafdd3","messageTitle":"Change Address parameter in Person to Answer","messageBody":"","fileTypesAndContributionMap":{"functional-code":{"insertions":70,"deletions":70},"other":{"insertions":14,"deletions":14},"test-code":{"insertions":162,"deletions":162}}},{"hash":"247b500122d5c87b44ada07aced15dbef1112d52","messageTitle":"Remove Name parameter from Person class","messageBody":"","fileTypesAndContributionMap":{"functional-code":{"insertions":29,"deletions":154},"other":{"insertions":7,"deletions":7},"test-code":{"insertions":27,"deletions":216}}},{"hash":"ccc3de48d7587df85a8600830dde63e2fbcc93f5","messageTitle":"Remove Phone parameter from Person class","messageBody":"","fileTypesAndContributionMap":{"functional-code":{"insertions":20,"deletions":141},"test-code":{"insertions":12,"deletions":128}}}]},{"date":"2021-02-28","commitResults":[{"hash":"63d607b220dcab59768896dbb57b48a2ea84a3a6","messageTitle":"Stage files part 1","messageBody":"","fileTypesAndContributionMap":{"functional-code":{"insertions":375,"deletions":375},"other":{"insertions":92,"deletions":107},"docs":{"insertions":46,"deletions":46},"test-code":{"insertions":833,"deletions":899}}},{"hash":"c5d9abb2ac3509995147f8434c4ceb16ab2879df","messageTitle":"Stage files part 2","messageBody":"","fileTypesAndContributionMap":{"functional-code":{"insertions":8,"deletions":8},"test-code":{"insertions":3,"deletions":3}}},{"hash":"f72229e50c9bd0d7a78abae4d40ea4d3ae84eb40","messageTitle":"Comment out tests that are currently non-functional","messageBody":"","fileTypesAndContributionMap":{"test-code":{"insertions":841,"deletions":841}}},{"hash":"d977f13a60c770a9ea3b337c7af620b3b5db848d","messageTitle":"Fix EOF errors","messageBody":"","fileTypesAndContributionMap":{"functional-code":{"insertions":1,"deletions":1},"test-code":{"insertions":2,"deletions":2}}},{"hash":"79182c2d2d3d50e653ce79dcc122dc77aaa42b3a","messageTitle":"Fix Checkstyle errors","messageBody":"","fileTypesAndContributionMap":{"functional-code":{"insertions":18,"deletions":12},"test-code":{"insertions":1,"deletions":1}}},{"hash":"91d17e5f8a4c811c0dce1f667e27e8c349527502","messageTitle":"Fix one last Checkstyle error","messageBody":"","fileTypesAndContributionMap":{"functional-code":{"insertions":11,"deletions":5}}},{"hash":"4d6f2df525fc735793f02bbd6076f1c08a634c0b","messageTitle":"This will take a while","messageBody":"","fileTypesAndContributionMap":{"functional-code":{"insertions":7,"deletions":3},"test-code":{"insertions":1,"deletions":1}}},{"hash":"845d6a37fb89bf1a23b2fb1448993cd01542f9ba","messageTitle":"Remove unused import statements from test folder","messageBody":"","fileTypesAndContributionMap":{"test-code":{"insertions":6,"deletions":238}}},{"hash":"3164e2c852576ee16c794409a59311edaf8ccc22","messageTitle":"Fix various Checkstyle errors in test folder","messageBody":"","fileTypesAndContributionMap":{"test-code":{"insertions":837,"deletions":807}}}]},{"date":"2021-03-04","commitResults":[{"hash":"127e237f72b16419cd2de4c65485283cd0444fac","messageTitle":"Update the product scope","messageBody":"","fileTypesAndContributionMap":{"docs":{"insertions":7,"deletions":4}}}]},{"date":"2021-03-07","commitResults":[{"hash":"c3fe43f74214fb2c11e2ee54d242cace34997508","messageTitle":"add new Mode class and minor changes to ModelManager","messageBody":"","fileTypesAndContributionMap":{"functional-code":{"insertions":32,"deletions":0}}}]},{"date":"2021-03-08","commitResults":[{"hash":"33ad396b7af0391aedb886389116cdca09209a1c","messageTitle":"change file location","messageBody":"","fileTypesAndContributionMap":{"functional-code":{"insertions":0,"deletions":1},"other":{"insertions":1,"deletions":1}}}]},{"date":"2021-03-10","commitResults":[{"hash":"45bc8d0728f44319c42e440461c0e3cfa61f97e7","messageTitle":"Add function to switch mode back to menu","messageBody":"","fileTypesAndContributionMap":{"functional-code":{"insertions":4,"deletions":0}}}]}],"xyzhang00":[{"date":"2021-02-28","commitResults":[{"hash":"249a44652879c78ca1515e3812a43fa9d061593e","messageTitle":"Add AboutUs and fix minor case issues","messageBody":"","fileTypesAndContributionMap":{"docs":{"insertions":39,"deletions":66}}},{"hash":"37ddfad06085a14afd7c73355221a3d5ac914cad","messageTitle":"Fix minor edits","messageBody":"","fileTypesAndContributionMap":{"docs":{"insertions":30,"deletions":1}}},{"hash":"266eee5e2cfe5f44a72ddbb767a917ee47a6fbcf","messageTitle":"Delete duplicate file","messageBody":"","fileTypesAndContributionMap":{"docs":{"insertions":0,"deletions":29}}},{"hash":"ce77cea4dbda44495be409294d2b62a5ee589a3b","messageTitle":"Make minor changes","messageBody":"","fileTypesAndContributionMap":{"docs":{"insertions":1,"deletions":1}}},{"hash":"20c8b29ea5e835837d34a1b9aa69ed6325150790","messageTitle":"Update UI image Update DeveloperGuide","messageBody":"","fileTypesAndContributionMap":{"docs":{"insertions":13,"deletions":33}}},{"hash":"ad11518f63ebe5eb21a4287c318f9d05c319b26f","messageTitle":"Fix typo","messageBody":"","fileTypesAndContributionMap":{"docs":{"insertions":1,"deletions":1}}},{"hash":"9b5f4ccd41f2b2a48d3daa562c66b6556d1ba5c3","messageTitle":"Edit English","messageBody":"","fileTypesAndContributionMap":{"docs":{"insertions":2,"deletions":2}}}]},{"date":"2021-03-04","commitResults":[{"hash":"def6935c768a2f98a2cdcd78b428b63fcae5fcec","messageTitle":"Update README","messageBody":"","fileTypesAndContributionMap":{"docs":{"insertions":4,"deletions":0}}},{"hash":"12d65de9dd4158246ec79bae640eec308074817c","messageTitle":"Add acknowledgements to README","messageBody":"","fileTypesAndContributionMap":{"docs":{"insertions":3,"deletions":0}}},{"hash":"e1c793cd844f42b5e7dbc50ee8e506fc827ee04f","messageTitle":"Add line at EOF for README","messageBody":"","fileTypesAndContributionMap":{"docs":{"insertions":1,"deletions":1}}},{"hash":"479f2d2f9d75aacf1d0b95e81a25f5c4a0598446","messageTitle":"Edit website link for README","messageBody":"","fileTypesAndContributionMap":{"docs":{"insertions":1,"deletions":1}}}]}],"Yanneko":[{"date":"2021-02-23","commitResults":[{"hash":"c719110516c87a1bbbe80c61ac9054328b3dbc3b","messageTitle":"Update AboutUs file for Joel Wong. Include Joel Wong picture","messageBody":"","fileTypesAndContributionMap":{"docs":{"insertions":28,"deletions":6}}}]},{"date":"2021-02-24","commitResults":[{"hash":"6792972f6a1b5531277fde619b5af5339580ec1b","messageTitle":"Update User stories in DeveloperGuide","messageBody":"","fileTypesAndContributionMap":{"docs":{"insertions":7,"deletions":8}}}]},{"date":"2021-02-28","commitResults":[{"hash":"8bf49f0ee4b96c61cdc7fd906e8b31608a695394","messageTitle":"Change jwong.png file name to fit convention. Update AboutUs to match change","messageBody":"","fileTypesAndContributionMap":{"docs":{"insertions":3,"deletions":4}}}]},{"date":"2021-03-01","commitResults":[{"hash":"9434320ae671800190a4259e6d00398d209c0520","messageTitle":"Change picture file name to yanneko. Edit AboutUs to match","messageBody":"","fileTypesAndContributionMap":{"docs":{"insertions":1,"deletions":1}}}]},{"date":"2021-03-07","commitResults":[{"hash":"6408163eebef6e2e85c1cc61ba6f93a810f72c56","messageTitle":"Create hiragana database json file","messageBody":"","fileTypesAndContributionMap":{"other":{"insertions":187,"deletions":0}}},{"hash":"66b2ad0898345b30fd27e8f00bad79fcf11d5d14","messageTitle":"Fix spelling, add newline at EoF","messageBody":"","fileTypesAndContributionMap":{"other":{"insertions":2,"deletions":2}}}]}],"xinweit":[{"date":"2021-02-24","commitResults":[{"hash":"7cf64d612fbeb864b2abb1442a73a387a1703827","messageTitle":"Update my details in about us page","messageBody":"","fileTypesAndContributionMap":{"docs":{"insertions":54,"deletions":0}}},{"hash":"73147b5890c921db61f62407bdbbb2941eb0b408","messageTitle":"Update checkstyle issues","messageBody":"","fileTypesAndContributionMap":{"docs":{"insertions":3,"deletions":3}}},{"hash":"d07300d8661819c3c84a2122c59237fe696dd3e1","messageTitle":"Update use cases and role in about us","messageBody":"","fileTypesAndContributionMap":{"docs":{"insertions":45,"deletions":1}}}]},{"date":"2021-03-06","commitResults":[{"hash":"f931f0e0b1cd95f1c2bcf8c104ac891a76edd9a8","messageTitle":"Add greetings message for app startup","messageBody":"","fileTypesAndContributionMap":{"functional-code":{"insertions":12,"deletions":1}}},{"hash":"caf493243c3c2d69c359feb554f36f1d560816fe","messageTitle":"Add s for displayGreetings method\u0027s javadoc in MainWindow","messageBody":"","fileTypesAndContributionMap":{"functional-code":{"insertions":1,"deletions":1}}},{"hash":"066f4c5bcba3467ec4148d2c31212f4fc528654a","messageTitle":"Add comments in MainWindow about switching panel between learn and quiz modes","messageBody":"","fileTypesAndContributionMap":{"functional-code":{"insertions":7,"deletions":0}}}]},{"date":"2021-03-07","commitResults":[{"hash":"e6a5397da76d456eddaacf36c936b6ca4f7f30e1","messageTitle":"Edit to account for checkstyle issues","messageBody":"","fileTypesAndContributionMap":{"functional-code":{"insertions":8,"deletions":3}}}]},{"date":"2021-03-08","commitResults":[{"hash":"a3e9b2ada2cddd5a5ad61cf1fc27b2878a3ccf0d","messageTitle":"Problem showing panel","messageBody":"","fileTypesAndContributionMap":{"functional-code":{"insertions":2,"deletions":0}}},{"hash":"19b88eb1b3dc53aae410978b3676c54042e2a980","messageTitle":"Change flashcardListPanel initialization location to allow learn mode to show up when list is entered","messageBody":"","fileTypesAndContributionMap":{"functional-code":{"insertions":22,"deletions":4}}},{"hash":"25e32af2feb4fe0c7c3807c8d70f62cf692c35a1","messageTitle":"Fix checkstyle issues","messageBody":"","fileTypesAndContributionMap":{"functional-code":{"insertions":0,"deletions":2}}}]},{"date":"2021-03-09","commitResults":[{"hash":"14ba12e3011341d619baacae7fbf0e8339b986fc","messageTitle":"Add learn mode funcitonality","messageBody":"","fileTypesAndContributionMap":{"functional-code":{"insertions":23,"deletions":14}}},{"hash":"4f845509e2ab08e440717e903799acd274cfd7e2","messageTitle":"Fix CommandResult class and test class to ensure tests pass","messageBody":"","fileTypesAndContributionMap":{"functional-code":{"insertions":3,"deletions":2},"test-code":{"insertions":11,"deletions":5}}},{"hash":"bb6f581e9534ecad041867449bc065be07a1c3fa","messageTitle":"Add javadoc for handleLearn method in MainWindow.","messageBody":"","fileTypesAndContributionMap":{"functional-code":{"insertions":3,"deletions":0}}}]},{"date":"2021-03-10","commitResults":[{"hash":"ff6daa6f2a8cc28d9e724927c67c7c67af6a4f79","messageTitle":"Add end command, for exiting learn mode and going back to start mode","messageBody":"","fileTypesAndContributionMap":{"functional-code":{"insertions":66,"deletions":28},"other":{"insertions":4,"deletions":5},"test-code":{"insertions":13,"deletions":15}}},{"hash":"da4d23dcd550dd408cf31bf5646e0a97e8f03c5e","messageTitle":"Fix checkstyle issues","messageBody":"","fileTypesAndContributionMap":{"functional-code":{"insertions":2,"deletions":7}}}]}],"Cheng20010201":[{"date":"2021-02-23","commitResults":[{"hash":"3138442769aafc395cbca4b5f470370e3d7f2a59","messageTitle":"Update personal info for Yucheng","messageBody":"","fileTypesAndContributionMap":{"docs":{"insertions":6,"deletions":5}}},{"hash":"b9eac0f8d06b05df2c3296c02df711fceb5ee1fa","messageTitle":"Add dummy entry for personal portfolio markdown page","messageBody":"","fileTypesAndContributionMap":{"docs":{"insertions":23,"deletions":0}}},{"hash":"2c8123de740419ad3d57b1748a5bdd70e865bafe","messageTitle":"Fix styling to be alligned with other AboutUs parts","messageBody":"","fileTypesAndContributionMap":{"docs":{"insertions":2,"deletions":5}}},{"hash":"d6cd0c18aa734bd225d5cb8e7492144a6c991090","messageTitle":"Update NFR for DeveloperGuide for v1.1","messageBody":"","fileTypesAndContributionMap":{"docs":{"insertions":15,"deletions":6}}}]},{"date":"2021-02-24","commitResults":[{"hash":"4d61308dc15a3ef7880a163ce45dc9e938b2cb57","messageTitle":"Model: Extract the code for REGEX into on RegexUtil class","messageBody":"The REGEX expressions to check whether a name for a model (Name, Phone, Address, Email, Tag)\nare valid or not are stored in separate files.\n\nSince we will be dealing with Japanese characters and may have different REGEX expressions for\ndifferent models in Weeblingos, it is better to store all REGEX in one util class so that maintaince becomes easier.\n\nLet\u0027s move all regex expressions of the 5 classes mentioned above into one RegexUtil class.\nThis movement does not cause any regressions.\n","fileTypesAndContributionMap":{"functional-code":{"insertions":54,"deletions":25}}},{"hash":"c25862f891a094cd1371ae2afc02cd2f5a6588aa","messageTitle":"Add Regex for Jap and Eng words and sentences respectively","messageBody":"","fileTypesAndContributionMap":{"functional-code":{"insertions":14,"deletions":0}}},{"hash":"728d2e9487785655f7a7b98b0ef36a4d85d87aa3","messageTitle":"Add tests for REGEX for Jap words","messageBody":"","fileTypesAndContributionMap":{"functional-code":{"insertions":2,"deletions":0},"test-code":{"insertions":74,"deletions":0}}}]},{"date":"2021-02-26","commitResults":[{"hash":"0428aac2ca152ce8a9b4156ab58d5d5609c664aa","messageTitle":"Add Regex for words and sentences in Jap and English separately","messageBody":"The Regex for words and sentences can be useful for us check whether the content we are displaying\nto uses is of the correct format. E.g. we only accept correctly formatted words and sentences. This helps\nmakes our application clearn.\n\nAdd tests for the Regex as well.\n","fileTypesAndContributionMap":{"functional-code":{"insertions":7,"deletions":6},"test-code":{"insertions":83,"deletions":8}}}]},{"date":"2021-03-04","commitResults":[{"hash":"7ccbf68a94032ae993a2f2119a1a626035203714","messageTitle":"Delete info about John Doe","messageBody":"John Doe is a dummy person. Deleting it makes documentation neater.\n","fileTypesAndContributionMap":{"docs":{"insertions":0,"deletions":13}}},{"hash":"0fc6121f96e099b6b772f2d254a17fca467622c6","messageTitle":"Update team info in AboutUs.md","messageBody":"","fileTypesAndContributionMap":{"docs":{"insertions":1,"deletions":1}}}]},{"date":"2021-03-07","commitResults":[{"hash":"1d92037ecb42475938d7cf924a9a0b78833c6848","messageTitle":"Correct some comments/documentation mismatches","messageBody":"Replace AB3 related terms with Weeblingo related terms.\n","fileTypesAndContributionMap":{"functional-code":{"insertions":14,"deletions":15}}},{"hash":"006c09ab47c959c3e3fa78047f94b1134f80727d","messageTitle":"Remove EditCommand, DeleteCommand, FindCommand, AddCommand, ClearCommand.","messageBody":"These commands are not applicable in our appliction weeblingo.\n","fileTypesAndContributionMap":{"functional-code":{"insertions":0,"deletions":584},"test-code":{"insertions":0,"deletions":995}}},{"hash":"e7cb4908e70ade7565aae20c41bb7ce6cc82bbcd","messageTitle":"Fix UI issues to let \"flashcard\" show when the app starts","messageBody":"","fileTypesAndContributionMap":{"functional-code":{"insertions":1,"deletions":1}}},{"hash":"86d822f633421e07edf3aec5c0b54c7d93c5a466","messageTitle":"Fix styling issues","messageBody":"","fileTypesAndContributionMap":{"functional-code":{"insertions":7,"deletions":23},"test-code":{"insertions":0,"deletions":5}}},{"hash":"82a89c2294836c68c67ccea2900f917abbceed21","messageTitle":"Add database reader to the application, making use of existing local database we have","messageBody":"simple-json is used instead of jackson here for the sake of convenience.\n","fileTypesAndContributionMap":{"functional-code":{"insertions":107,"deletions":44},"other":{"insertions":1,"deletions":0},"test-code":{"insertions":2,"deletions":2}}},{"hash":"76a2657c154b4243f36ee6eb29c14cefea910e32","messageTitle":"Add acknowledgement for json-simple","messageBody":"","fileTypesAndContributionMap":{"docs":{"insertions":1,"deletions":0}}},{"hash":"3919ab77ea74968fc6ee07ae04a5411387ba5958","messageTitle":"Fix styling issues","messageBody":"","fileTypesAndContributionMap":{"functional-code":{"insertions":5,"deletions":5},"docs":{"insertions":5,"deletions":7}}}]},{"date":"2021-03-13","commitResults":[{"hash":"219c3d3ac30dff23f311ce55c91ec6f3c2177ac7","messageTitle":"Add quiz command class","messageBody":"","fileTypesAndContributionMap":{"functional-code":{"insertions":24,"deletions":0}}}]},{"date":"2021-03-14","commitResults":[{"hash":"15818d201ea8f20c16dd1c4087d16a226afc3f32","messageTitle":"Add a class Quiz containing the randomized quiz queue when initialized.","messageBody":"","fileTypesAndContributionMap":{"functional-code":{"insertions":65,"deletions":1}}},{"hash":"fc85a5a09fbc7533d256c389dfd100e8495aa190","messageTitle":"Modify the parser to let the keyword \"quiz\" be recognized","messageBody":"After typing in \"quiz\", the only display information will be the quiz\nintroduction information in the place where command results are displayed.\n","fileTypesAndContributionMap":{"functional-code":{"insertions":4,"deletions":0}}},{"hash":"1331a71cacdab30b5137a5934d424ee061b7115e","messageTitle":"Add more display information after command execution","messageBody":"To make the flow of application smoother.\n","fileTypesAndContributionMap":{"functional-code":{"insertions":4,"deletions":4}}},{"hash":"3afeb59e3e0772dd137cbb4f24c3e56168fd62f4","messageTitle":"Refactor code and check style","messageBody":"","fileTypesAndContributionMap":{"functional-code":{"insertions":19,"deletions":3},"other":{"insertions":3,"deletions":1}}},{"hash":"f37e2421df4f71d95f09706e205d6df81b5d2e97","messageTitle":"Enable GUI to differentiate from Quiz mode and learn mode","messageBody":"","fileTypesAndContributionMap":{"functional-code":{"insertions":44,"deletions":0}}},{"hash":"0acb683a47022f42995dac72c6eebfaed3133c7c","messageTitle":"Fix styling","messageBody":"","fileTypesAndContributionMap":{"functional-code":{"insertions":3,"deletions":0}}}]}]},"authorFileTypeContributionMap":{"Jellybeano":{"docs":150,"functional-code":466,"test-code":795},"xyzhang00":{"docs":49,"functional-code":0,"test-code":0},"Yanneko":{"docs":46,"functional-code":0,"test-code":0,"other":187},"xinweit":{"docs":92,"functional-code":73,"test-code":10},"Cheng20010201":{"docs":28,"functional-code":338,"test-code":151,"other":1}},"authorContributionVariance":{"Jellybeano":1729624.6,"xyzhang00":1911.5763,"Yanneko":1472.151,"xinweit":1264.9098,"Cheng20010201":131828.77},"authorDisplayNameMap":{"Jellybeano":"CS2103T-T13-1 LAN ..XUAN","xyzhang00":"CS2103T-T13-1 ZHAN..INYI","Yanneko":"CS2103T-T13-1 JOEL..RONG","xinweit":"CS2103T-T13-1 TENG.. WEI","Cheng20010201":"CS2103T-T13-1 SUN ..HENG"}}
