{"authorDailyContributionsMap":{"Jellybeano":[{"date":"2021-02-23","commitResults":[{"hash":"e9343b37d1500c3d35eab2db2b2b3920de5bbe0c","messageTitle":"Update AboutUs","messageBody":"","fileTypesAndContributionMap":{"docs":{"insertions":62,"deletions":3}}},{"hash":"981f92b69dd9285e6ef02ec3bdd408b7132bac93","messageTitle":"Fix small text bugs","messageBody":"","fileTypesAndContributionMap":{"docs":{"insertions":3,"deletions":4}}},{"hash":"ce4b28b85190130a20f896d5e44c52e19e80ee0a","messageTitle":"Add newline at EOF","messageBody":"","fileTypesAndContributionMap":{"docs":{"insertions":1,"deletions":1}}}]},{"date":"2021-02-24","commitResults":[{"hash":"0ca46822d03b309f2b4cb00bec614e647dd3666f","messageTitle":"Update the User Guide","messageBody":"","fileTypesAndContributionMap":{"docs":{"insertions":53,"deletions":102}}}]},{"date":"2021-02-25","commitResults":[{"hash":"0e6e2f0ca57858c53ee2d1e366932f02b46d951a","messageTitle":"Fix typos","messageBody":"","fileTypesAndContributionMap":{"docs":{"insertions":1,"deletions":7}}}]},{"date":"2021-02-27","commitResults":[{"hash":"cfaa329d81e38cbda8e3e601b2910fc3a4111fd7","messageTitle":"Change Email class to Question","messageBody":"","fileTypesAndContributionMap":{"functional-code":{"insertions":66,"deletions":66},"other":{"insertions":13,"deletions":21},"test-code":{"insertions":184,"deletions":184}}},{"hash":"500e5d51ec0e4c833b185588e1e94cf2f5bafdd3","messageTitle":"Change Address parameter in Person to Answer","messageBody":"","fileTypesAndContributionMap":{"functional-code":{"insertions":70,"deletions":70},"other":{"insertions":14,"deletions":14},"test-code":{"insertions":162,"deletions":162}}},{"hash":"247b500122d5c87b44ada07aced15dbef1112d52","messageTitle":"Remove Name parameter from Person class","messageBody":"","fileTypesAndContributionMap":{"functional-code":{"insertions":29,"deletions":154},"other":{"insertions":7,"deletions":7},"test-code":{"insertions":27,"deletions":216}}},{"hash":"ccc3de48d7587df85a8600830dde63e2fbcc93f5","messageTitle":"Remove Phone parameter from Person class","messageBody":"","fileTypesAndContributionMap":{"functional-code":{"insertions":20,"deletions":141},"test-code":{"insertions":12,"deletions":128}}}]},{"date":"2021-02-28","commitResults":[{"hash":"63d607b220dcab59768896dbb57b48a2ea84a3a6","messageTitle":"Stage files part 1","messageBody":"","fileTypesAndContributionMap":{"functional-code":{"insertions":375,"deletions":375},"other":{"insertions":92,"deletions":107},"docs":{"insertions":46,"deletions":46},"test-code":{"insertions":833,"deletions":899}}},{"hash":"c5d9abb2ac3509995147f8434c4ceb16ab2879df","messageTitle":"Stage files part 2","messageBody":"","fileTypesAndContributionMap":{"functional-code":{"insertions":8,"deletions":8},"test-code":{"insertions":3,"deletions":3}}},{"hash":"f72229e50c9bd0d7a78abae4d40ea4d3ae84eb40","messageTitle":"Comment out tests that are currently non-functional","messageBody":"","fileTypesAndContributionMap":{"test-code":{"insertions":841,"deletions":841}}},{"hash":"d977f13a60c770a9ea3b337c7af620b3b5db848d","messageTitle":"Fix EOF errors","messageBody":"","fileTypesAndContributionMap":{"functional-code":{"insertions":1,"deletions":1},"test-code":{"insertions":2,"deletions":2}}},{"hash":"79182c2d2d3d50e653ce79dcc122dc77aaa42b3a","messageTitle":"Fix Checkstyle errors","messageBody":"","fileTypesAndContributionMap":{"functional-code":{"insertions":18,"deletions":12},"test-code":{"insertions":1,"deletions":1}}},{"hash":"91d17e5f8a4c811c0dce1f667e27e8c349527502","messageTitle":"Fix one last Checkstyle error","messageBody":"","fileTypesAndContributionMap":{"functional-code":{"insertions":11,"deletions":5}}},{"hash":"4d6f2df525fc735793f02bbd6076f1c08a634c0b","messageTitle":"This will take a while","messageBody":"","fileTypesAndContributionMap":{"functional-code":{"insertions":7,"deletions":3},"test-code":{"insertions":1,"deletions":1}}},{"hash":"845d6a37fb89bf1a23b2fb1448993cd01542f9ba","messageTitle":"Remove unused import statements from test folder","messageBody":"","fileTypesAndContributionMap":{"test-code":{"insertions":6,"deletions":238}}},{"hash":"3164e2c852576ee16c794409a59311edaf8ccc22","messageTitle":"Fix various Checkstyle errors in test folder","messageBody":"","fileTypesAndContributionMap":{"test-code":{"insertions":837,"deletions":807}}}]},{"date":"2021-03-04","commitResults":[{"hash":"127e237f72b16419cd2de4c65485283cd0444fac","messageTitle":"Update the product scope","messageBody":"","fileTypesAndContributionMap":{"docs":{"insertions":7,"deletions":4}}}]},{"date":"2021-03-07","commitResults":[{"hash":"c3fe43f74214fb2c11e2ee54d242cace34997508","messageTitle":"add new Mode class and minor changes to ModelManager","messageBody":"","fileTypesAndContributionMap":{"functional-code":{"insertions":32,"deletions":0}}}]},{"date":"2021-03-08","commitResults":[{"hash":"33ad396b7af0391aedb886389116cdca09209a1c","messageTitle":"change file location","messageBody":"","fileTypesAndContributionMap":{"functional-code":{"insertions":0,"deletions":1},"other":{"insertions":1,"deletions":1}}}]},{"date":"2021-03-10","commitResults":[{"hash":"45bc8d0728f44319c42e440461c0e3cfa61f97e7","messageTitle":"Add function to switch mode back to menu","messageBody":"","fileTypesAndContributionMap":{"functional-code":{"insertions":4,"deletions":0}}}]},{"date":"2021-03-15","commitResults":[{"hash":"b526e3a4311229b2e66b8ee1d5b33bc587ffb4bf","messageTitle":"begin changes to ui","messageBody":"","fileTypesAndContributionMap":{"functional-code":{"insertions":11,"deletions":0}}},{"hash":"2d2ea38563261045b42bcda97a922d3b457863bf","messageTitle":"Add tests for the current various commands","messageBody":"","fileTypesAndContributionMap":{"functional-code":{"insertions":15,"deletions":10},"test-code":{"insertions":104,"deletions":15}}},{"hash":"95567172e1d1dce7d30a0e271a8a7155f06c1838","messageTitle":"Fix checkstyle erros","messageBody":"","fileTypesAndContributionMap":{"test-code":{"insertions":12,"deletions":12}}}]},{"date":"2021-03-17","commitResults":[{"hash":"be14f463538ceed5a670a86ff266e86bb9f30f38","messageTitle":"Minor changes in progress","messageBody":"","fileTypesAndContributionMap":{"functional-code":{"insertions":1,"deletions":1}}},{"hash":"1c39aacd1d5936fc808060aa807ad19b969d3579","messageTitle":"Fix minor CI issues","messageBody":"","fileTypesAndContributionMap":{"functional-code":{"insertions":4,"deletions":4}}}]},{"date":"2021-03-23","commitResults":[{"hash":"892198af051f941d41f568662880c20a53f146e0","messageTitle":"complete ui update with placeholder images","messageBody":"","fileTypesAndContributionMap":{"functional-code":{"insertions":16,"deletions":13},"test-code":{"insertions":1,"deletions":1}}},{"hash":"d1920f649b256e5d818f1b12b62a7f08a46fc551","messageTitle":"minor change","messageBody":"","fileTypesAndContributionMap":{"other":{"insertions":0,"deletions":187}}}]},{"date":"2021-03-24","commitResults":[{"hash":"9fb23bdd75ebac44b95b88507144961c0c52da30","messageTitle":"Add abstraction","messageBody":"","fileTypesAndContributionMap":{"functional-code":{"insertions":22,"deletions":9}}},{"hash":"8b1edeb681b037fcb1d475fb6a2a2ce538112a0c","messageTitle":"Fix minor checkstyle errors","messageBody":"","fileTypesAndContributionMap":{"functional-code":{"insertions":19,"deletions":18}}}]},{"date":"2021-03-26","commitResults":[{"hash":"544b0da77709424a4e5670c42a54bfba62381e6f","messageTitle":"Update Developer Guide","messageBody":"","fileTypesAndContributionMap":{"functional-code":{"insertions":7,"deletions":0},"docs":{"insertions":124,"deletions":175}}},{"hash":"65c03b1d98a89657adb32b39932593c04edd8159","messageTitle":"Fix minor changes","messageBody":"","fileTypesAndContributionMap":{"functional-code":{"insertions":0,"deletions":5}}}]},{"date":"2021-03-28","commitResults":[{"hash":"0a9135c263ba9415422bff7ce45768988534587a","messageTitle":"Update tests","messageBody":"","fileTypesAndContributionMap":{"functional-code":{"insertions":6,"deletions":0},"test-code":{"insertions":218,"deletions":25}}}]}],"xyzhang00":[{"date":"2021-02-28","commitResults":[{"hash":"249a44652879c78ca1515e3812a43fa9d061593e","messageTitle":"Add AboutUs and fix minor case issues","messageBody":"","fileTypesAndContributionMap":{"docs":{"insertions":39,"deletions":66}}},{"hash":"37ddfad06085a14afd7c73355221a3d5ac914cad","messageTitle":"Fix minor edits","messageBody":"","fileTypesAndContributionMap":{"docs":{"insertions":30,"deletions":1}}},{"hash":"266eee5e2cfe5f44a72ddbb767a917ee47a6fbcf","messageTitle":"Delete duplicate file","messageBody":"","fileTypesAndContributionMap":{"docs":{"insertions":0,"deletions":29}}},{"hash":"ce77cea4dbda44495be409294d2b62a5ee589a3b","messageTitle":"Make minor changes","messageBody":"","fileTypesAndContributionMap":{"docs":{"insertions":1,"deletions":1}}},{"hash":"20c8b29ea5e835837d34a1b9aa69ed6325150790","messageTitle":"Update UI image Update DeveloperGuide","messageBody":"","fileTypesAndContributionMap":{"docs":{"insertions":13,"deletions":33}}},{"hash":"ad11518f63ebe5eb21a4287c318f9d05c319b26f","messageTitle":"Fix typo","messageBody":"","fileTypesAndContributionMap":{"docs":{"insertions":1,"deletions":1}}},{"hash":"9b5f4ccd41f2b2a48d3daa562c66b6556d1ba5c3","messageTitle":"Edit English","messageBody":"","fileTypesAndContributionMap":{"docs":{"insertions":2,"deletions":2}}}]},{"date":"2021-03-04","commitResults":[{"hash":"def6935c768a2f98a2cdcd78b428b63fcae5fcec","messageTitle":"Update README","messageBody":"","fileTypesAndContributionMap":{"docs":{"insertions":4,"deletions":0}}},{"hash":"12d65de9dd4158246ec79bae640eec308074817c","messageTitle":"Add acknowledgements to README","messageBody":"","fileTypesAndContributionMap":{"docs":{"insertions":3,"deletions":0}}},{"hash":"e1c793cd844f42b5e7dbc50ee8e506fc827ee04f","messageTitle":"Add line at EOF for README","messageBody":"","fileTypesAndContributionMap":{"docs":{"insertions":1,"deletions":1}}},{"hash":"479f2d2f9d75aacf1d0b95e81a25f5c4a0598446","messageTitle":"Edit website link for README","messageBody":"","fileTypesAndContributionMap":{"docs":{"insertions":1,"deletions":1}}}]},{"date":"2021-03-16","commitResults":[{"hash":"19e066023f09bcb107b2877113b0442fcb7d0e0d","messageTitle":"Implement basic framework for CheckCommand","messageBody":"","fileTypesAndContributionMap":{"functional-code":{"insertions":96,"deletions":4}}}]},{"date":"2021-03-17","commitResults":[{"hash":"5d2cefc1597b3e726554f79ff6bd57ad58a6d0f8","messageTitle":"Allow quiz numbers to increase accordingly","messageBody":"","fileTypesAndContributionMap":{"functional-code":{"insertions":27,"deletions":8}}},{"hash":"49735a8cd166f440f800934aff5bdb5c5af38a04","messageTitle":"Add javadoc","messageBody":"","fileTypesAndContributionMap":{"functional-code":{"insertions":25,"deletions":7}}},{"hash":"66d65c227ca439c13f7a83c7515f2b975c84d4d2","messageTitle":"Minor fixes","messageBody":"","fileTypesAndContributionMap":{"functional-code":{"insertions":2,"deletions":2}}},{"hash":"f8749d7b8b31ffe471bd1fc3d7d5410b55b273c8","messageTitle":"Add error handling for when check is called before starting a quiz","messageBody":"","fileTypesAndContributionMap":{"functional-code":{"insertions":10,"deletions":1}}},{"hash":"0c4dac7b55215178c88d34906583be5b80dba3b5","messageTitle":"Add minor fixes","messageBody":"","fileTypesAndContributionMap":{"functional-code":{"insertions":10,"deletions":9}}}]},{"date":"2021-03-22","commitResults":[{"hash":"a9888c67eab92aa164d80012b5f94feb1dcb4b42","messageTitle":"Refactor AB3 related terms","messageBody":"","fileTypesAndContributionMap":{"functional-code":{"insertions":331,"deletions":323},"other":{"insertions":587,"deletions":605},"docs":{"insertions":14,"deletions":14},"test-code":{"insertions":182,"deletions":182}}},{"hash":"466c9068d9909245286cb6d1d9d0361f4a571681","messageTitle":"Minor fixes","messageBody":"","fileTypesAndContributionMap":{"other":{"insertions":49,"deletions":49},"docs":{"insertions":2,"deletions":1}}},{"hash":"6ec96f5748915826b4ed77f05dcfbd3d7d0f6479","messageTitle":"Minor fixes","messageBody":"","fileTypesAndContributionMap":{"docs":{"insertions":8,"deletions":8}}},{"hash":"a52a3c3bfe7bb0d01d7a477160c087ddff4b7d81","messageTitle":"Add new line at EOF","messageBody":"","fileTypesAndContributionMap":{"docs":{"insertions":1,"deletions":0}}},{"hash":"0a585aaa7282b688a4efc9ddf72c6f31f92d0de9","messageTitle":"New line at EOF","messageBody":"","fileTypesAndContributionMap":{"docs":{"insertions":1,"deletions":2}}},{"hash":"5adc0eb7a981b59db3ba2a307e9d1deb89c9bcbb","messageTitle":"Revert \"Minor fixes\"","messageBody":"This reverts commit 6ec96f5748915826b4ed77f05dcfbd3d7d0f6479.\n","fileTypesAndContributionMap":{"docs":{"insertions":8,"deletions":8}}},{"hash":"6c8fffc8db19987ac56a35debf3c39f45c5d277a","messageTitle":"New line at EOF","messageBody":"","fileTypesAndContributionMap":{"docs":{"insertions":0,"deletions":1}}},{"hash":"4df5010c12a8af72324330ac8d293f931f80a2d2","messageTitle":"Edit to pass checkstyle","messageBody":"","fileTypesAndContributionMap":{"functional-code":{"insertions":3,"deletions":2}}},{"hash":"cfe1ee2941a8856902c4c0cb4f132ba6e94f9ccf","messageTitle":"Edit to pass checkstyle","messageBody":"","fileTypesAndContributionMap":{"test-code":{"insertions":5,"deletions":3}}},{"hash":"542be037024dd59c8a334f2ef5adbd80a2c6a4f3","messageTitle":"Edit to pass tests","messageBody":"","fileTypesAndContributionMap":{"test-code":{"insertions":24,"deletions":24}}},{"hash":"4d1b7f8ebf001c34ef503334f41c625ec344d693","messageTitle":"Edit to pass checkstyle","messageBody":"","fileTypesAndContributionMap":{"test-code":{"insertions":22,"deletions":22}}},{"hash":"4c68b4c1833931229caae8f4926f51177195438f","messageTitle":"Edit to pass tests","messageBody":"","fileTypesAndContributionMap":{"functional-code":{"insertions":0,"deletions":5},"test-code":{"insertions":2,"deletions":3}}},{"hash":"57f28963a9a3b667a03c34d4ef0da0b5e76adbb4","messageTitle":"Edit to pass checkstyle","messageBody":"","fileTypesAndContributionMap":{"functional-code":{"insertions":0,"deletions":1}}}]},{"date":"2021-03-25","commitResults":[{"hash":"396859ea966a7d543e2e4cc40cab890525ec2b92","messageTitle":"Improve OOP","messageBody":"","fileTypesAndContributionMap":{"functional-code":{"insertions":118,"deletions":297},"test-code":{"insertions":13,"deletions":13}}},{"hash":"6a1d19d8138e1975956199d0cdd24907b8d77462","messageTitle":"Update tests","messageBody":"","fileTypesAndContributionMap":{"functional-code":{"insertions":3,"deletions":2},"test-code":{"insertions":12,"deletions":12}}}]},{"date":"2021-03-26","commitResults":[{"hash":"e74a11acdbb238e522e85f54d41ec318b2a2dc69","messageTitle":"Add functionality for check command to take in user input","messageBody":"","fileTypesAndContributionMap":{"functional-code":{"insertions":50,"deletions":5},"other":{"insertions":187,"deletions":0}}},{"hash":"de50c8fd74ca61ddee03b1e9e17b890e8c1daa50","messageTitle":"Remove address book traces","messageBody":"","fileTypesAndContributionMap":{"docs":{"insertions":1,"deletions":1}}},{"hash":"b7569cd441272778bf064698dc40f073502fccbc","messageTitle":"Improve OOP such that UI only interacts with Logic","messageBody":"","fileTypesAndContributionMap":{"functional-code":{"insertions":119,"deletions":44},"test-code":{"insertions":17,"deletions":16}}},{"hash":"495b09656fb5c15d924ec529ddc4a3fc74d6ac65","messageTitle":"Delete flashcards.json","messageBody":"","fileTypesAndContributionMap":{"other":{"insertions":0,"deletions":187}}}]},{"date":"2021-03-28","commitResults":[{"hash":"9376ca7e2af38a60ecb4617856939b87fd57404a","messageTitle":"Improve check command","messageBody":"","fileTypesAndContributionMap":{"functional-code":{"insertions":12,"deletions":8}}}]}],"Yanneko":[{"date":"2021-02-23","commitResults":[{"hash":"c719110516c87a1bbbe80c61ac9054328b3dbc3b","messageTitle":"Update AboutUs file for Joel Wong. Include Joel Wong picture","messageBody":"","fileTypesAndContributionMap":{"docs":{"insertions":28,"deletions":6}}}]},{"date":"2021-02-24","commitResults":[{"hash":"6792972f6a1b5531277fde619b5af5339580ec1b","messageTitle":"Update User stories in DeveloperGuide","messageBody":"","fileTypesAndContributionMap":{"docs":{"insertions":7,"deletions":8}}}]},{"date":"2021-02-28","commitResults":[{"hash":"8bf49f0ee4b96c61cdc7fd906e8b31608a695394","messageTitle":"Change jwong.png file name to fit convention. Update AboutUs to match change","messageBody":"","fileTypesAndContributionMap":{"docs":{"insertions":3,"deletions":4}}}]},{"date":"2021-03-01","commitResults":[{"hash":"9434320ae671800190a4259e6d00398d209c0520","messageTitle":"Change picture file name to yanneko. Edit AboutUs to match","messageBody":"","fileTypesAndContributionMap":{"docs":{"insertions":1,"deletions":1}}}]},{"date":"2021-03-07","commitResults":[{"hash":"6408163eebef6e2e85c1cc61ba6f93a810f72c56","messageTitle":"Create hiragana database json file","messageBody":"","fileTypesAndContributionMap":{"other":{"insertions":187,"deletions":0}}},{"hash":"66b2ad0898345b30fd27e8f00bad79fcf11d5d14","messageTitle":"Fix spelling, add newline at EoF","messageBody":"","fileTypesAndContributionMap":{"other":{"insertions":2,"deletions":2}}}]},{"date":"2021-03-16","commitResults":[{"hash":"13374cee7641a614f9580e132277c8c02443375a","messageTitle":"Add Start command to start quiz. Include supporting code as well","messageBody":"","fileTypesAndContributionMap":{"functional-code":{"insertions":24,"deletions":0}}},{"hash":"74bbe7bbe930fda583f2baa34adda0e9ee318815","messageTitle":"Forgot to stage all","messageBody":"","fileTypesAndContributionMap":{"functional-code":{"insertions":52,"deletions":9}}},{"hash":"6936298c94fbd2f9804736bee4198ae0e479e7cb","messageTitle":"Add Next command and supporting code.","messageBody":"","fileTypesAndContributionMap":{"functional-code":{"insertions":56,"deletions":1}}},{"hash":"08cdf71d3d61c1f1a2fab5f6f21df683d3bb605b","messageTitle":"Add JavaDocs","messageBody":"","fileTypesAndContributionMap":{"functional-code":{"insertions":12,"deletions":0}}},{"hash":"e415b8a6325cf43ad7741c81988e9cd8342e3016","messageTitle":"Edit import statements to pass checkstyle","messageBody":"","fileTypesAndContributionMap":{"functional-code":{"insertions":4,"deletions":4}}},{"hash":"37833a4d6b75e02cc8154fe97fe85546bf1277d0","messageTitle":"Add check when Quiz is over and give feedback to user","messageBody":"","fileTypesAndContributionMap":{"functional-code":{"insertions":12,"deletions":2}}},{"hash":"b0ca360c327765702b7ee2eccee9ac3c60898258","messageTitle":"Checkstyle","messageBody":"","fileTypesAndContributionMap":{"functional-code":{"insertions":2,"deletions":2}}},{"hash":"b38d7a8347a8a1fb52c1f79a4e9410ba3c168863","messageTitle":"Change Quiz related methods in MainWindow to show correctly formatted Quiz flashcards","messageBody":"","fileTypesAndContributionMap":{"functional-code":{"insertions":2,"deletions":2}}}]},{"date":"2021-03-17","commitResults":[{"hash":"4950be492cda8f577b7a3ec6c98012284b13b55e","messageTitle":"Add check for next command when quiz does not exist. Add method to clear Quiz instance","messageBody":"","fileTypesAndContributionMap":{"functional-code":{"insertions":36,"deletions":3}}}]},{"date":"2021-03-18","commitResults":[{"hash":"8e01cfe113502238460d5dcdf460fff146e567a4","messageTitle":"Edit execute in NextCommand to fix double increment of flashcard index","messageBody":"","fileTypesAndContributionMap":{"functional-code":{"insertions":1,"deletions":1}}}]},{"date":"2021-03-26","commitResults":[{"hash":"16dc730b44bf46645ea59f4df5851976b834c787","messageTitle":"Add missing brackets and fix English","messageBody":"","fileTypesAndContributionMap":{"docs":{"insertions":2,"deletions":2}}}]}],"xinweit":[{"date":"2021-02-24","commitResults":[{"hash":"7cf64d612fbeb864b2abb1442a73a387a1703827","messageTitle":"Update my details in about us page","messageBody":"","fileTypesAndContributionMap":{"docs":{"insertions":54,"deletions":0}}},{"hash":"73147b5890c921db61f62407bdbbb2941eb0b408","messageTitle":"Update checkstyle issues","messageBody":"","fileTypesAndContributionMap":{"docs":{"insertions":3,"deletions":3}}},{"hash":"d07300d8661819c3c84a2122c59237fe696dd3e1","messageTitle":"Update use cases and role in about us","messageBody":"","fileTypesAndContributionMap":{"docs":{"insertions":45,"deletions":1}}}]},{"date":"2021-03-06","commitResults":[{"hash":"f931f0e0b1cd95f1c2bcf8c104ac891a76edd9a8","messageTitle":"Add greetings message for app startup","messageBody":"","fileTypesAndContributionMap":{"functional-code":{"insertions":12,"deletions":1}}},{"hash":"caf493243c3c2d69c359feb554f36f1d560816fe","messageTitle":"Add s for displayGreetings method\u0027s javadoc in MainWindow","messageBody":"","fileTypesAndContributionMap":{"functional-code":{"insertions":1,"deletions":1}}},{"hash":"066f4c5bcba3467ec4148d2c31212f4fc528654a","messageTitle":"Add comments in MainWindow about switching panel between learn and quiz modes","messageBody":"","fileTypesAndContributionMap":{"functional-code":{"insertions":7,"deletions":0}}}]},{"date":"2021-03-07","commitResults":[{"hash":"e6a5397da76d456eddaacf36c936b6ca4f7f30e1","messageTitle":"Edit to account for checkstyle issues","messageBody":"","fileTypesAndContributionMap":{"functional-code":{"insertions":8,"deletions":3}}}]},{"date":"2021-03-08","commitResults":[{"hash":"a3e9b2ada2cddd5a5ad61cf1fc27b2878a3ccf0d","messageTitle":"Problem showing panel","messageBody":"","fileTypesAndContributionMap":{"functional-code":{"insertions":2,"deletions":0}}},{"hash":"19b88eb1b3dc53aae410978b3676c54042e2a980","messageTitle":"Change flashcardListPanel initialization location to allow learn mode to show up when list is entered","messageBody":"","fileTypesAndContributionMap":{"functional-code":{"insertions":22,"deletions":4}}},{"hash":"25e32af2feb4fe0c7c3807c8d70f62cf692c35a1","messageTitle":"Fix checkstyle issues","messageBody":"","fileTypesAndContributionMap":{"functional-code":{"insertions":0,"deletions":2}}}]},{"date":"2021-03-09","commitResults":[{"hash":"14ba12e3011341d619baacae7fbf0e8339b986fc","messageTitle":"Add learn mode funcitonality","messageBody":"","fileTypesAndContributionMap":{"functional-code":{"insertions":23,"deletions":14}}},{"hash":"4f845509e2ab08e440717e903799acd274cfd7e2","messageTitle":"Fix CommandResult class and test class to ensure tests pass","messageBody":"","fileTypesAndContributionMap":{"functional-code":{"insertions":3,"deletions":2},"test-code":{"insertions":11,"deletions":5}}},{"hash":"bb6f581e9534ecad041867449bc065be07a1c3fa","messageTitle":"Add javadoc for handleLearn method in MainWindow.","messageBody":"","fileTypesAndContributionMap":{"functional-code":{"insertions":3,"deletions":0}}}]},{"date":"2021-03-10","commitResults":[{"hash":"ff6daa6f2a8cc28d9e724927c67c7c67af6a4f79","messageTitle":"Add end command, for exiting learn mode and going back to start mode","messageBody":"","fileTypesAndContributionMap":{"functional-code":{"insertions":66,"deletions":28},"other":{"insertions":4,"deletions":5},"test-code":{"insertions":13,"deletions":15}}},{"hash":"da4d23dcd550dd408cf31bf5646e0a97e8f03c5e","messageTitle":"Fix checkstyle issues","messageBody":"","fileTypesAndContributionMap":{"functional-code":{"insertions":2,"deletions":7}}}]},{"date":"2021-03-24","commitResults":[{"hash":"5be663b66a3d7535d663ba62dc3bba54d47a8383","messageTitle":"Edit typo","messageBody":"","fileTypesAndContributionMap":{"functional-code":{"insertions":1,"deletions":1},"other":{"insertions":187,"deletions":0}}},{"hash":"02ecd3dbdf0862ca5da30826152cffcafbfba435","messageTitle":"Fix start command issues. Start command can now only be given when in quiz mode. Add quiz session mode.","messageBody":"","fileTypesAndContributionMap":{"functional-code":{"insertions":42,"deletions":14}}},{"hash":"8772acbb042f729f91808ab55fad31516969faf0","messageTitle":"Resolve checkstyle issues","messageBody":"","fileTypesAndContributionMap":{"other":{"insertions":1,"deletions":1},"docs":{"insertions":3,"deletions":3}}},{"hash":"e2b4b21933abae4e79d97f7ed20f153a803275e3","messageTitle":"Fix EndCommand test","messageBody":"","fileTypesAndContributionMap":{"functional-code":{"insertions":13,"deletions":6},"other":{"insertions":1,"deletions":1},"test-code":{"insertions":1,"deletions":0}}}]},{"date":"2021-03-25","commitResults":[{"hash":"c59d42574ccf4a93deb551daf2748cf379b93790","messageTitle":"dummy commit","messageBody":"","fileTypesAndContributionMap":{"functional-code":{"insertions":1,"deletions":1}}},{"hash":"3d68267f87c0e437f65f95d508938b987028e7cb","messageTitle":"dummy commit","messageBody":"","fileTypesAndContributionMap":{"functional-code":{"insertions":1,"deletions":1}}},{"hash":"54ca2c5b3abb65b56701b8f35cb8df83d766f64f","messageTitle":"Remove redundant file","messageBody":"","fileTypesAndContributionMap":{"other":{"insertions":0,"deletions":187}}},{"hash":"f903a2f4435d6c7ec1c480e4644496da4ca7ccc7","messageTitle":"Change failed execution of start and end commands from CommandResult to throwing CommandException","messageBody":"","fileTypesAndContributionMap":{"functional-code":{"insertions":8,"deletions":4}}},{"hash":"87e762aa3df3d6ab7c3753f16361ae81484f7308","messageTitle":"Refactor changing of mode from being done in mainwindow to command\u0027s execution","messageBody":"","fileTypesAndContributionMap":{"functional-code":{"insertions":9,"deletions":8},"other":{"insertions":187,"deletions":0}}},{"hash":"daabcc46816b6f9162722ff81de06df77abfd95a","messageTitle":"Add functionality for user to specify number of questions for quiz session","messageBody":"","fileTypesAndContributionMap":{"functional-code":{"insertions":65,"deletions":14}}},{"hash":"d40e0e6574206bea7b3a96b6092ee6b04f0d0e69","messageTitle":"Delete flashcards.json","messageBody":"","fileTypesAndContributionMap":{"other":{"insertions":0,"deletions":187}}},{"hash":"f1a24b156ea942a586f0677e49b0788293502014","messageTitle":"Add functionality to show quiz session duration at end of a quiz session","messageBody":"","fileTypesAndContributionMap":{"functional-code":{"insertions":36,"deletions":3}}},{"hash":"ecf211813fd90dda8b0dc060f69ce983033a634c","messageTitle":"Remove unnecessary Duration import","messageBody":"","fileTypesAndContributionMap":{"functional-code":{"insertions":0,"deletions":1}}},{"hash":"1617ecd5a5cb04db44ff5eb94c505d51396e77e2","messageTitle":"Enable assertions in gradle file","messageBody":"","fileTypesAndContributionMap":{"other":{"insertions":4,"deletions":0}}},{"hash":"bd5073929c3becb70b25a4dbb9b91fb4a3b609f3","messageTitle":"Refactor code in command classes","messageBody":"","fileTypesAndContributionMap":{"functional-code":{"insertions":12,"deletions":2}}},{"hash":"b542df7820fff1e927ea059fa50a320aa81e272f","messageTitle":"Add testing for check, next and start commands","messageBody":"","fileTypesAndContributionMap":{"functional-code":{"insertions":2,"deletions":2},"test-code":{"insertions":68,"deletions":35}}},{"hash":"919396a413add2ef2e6c3989901fa75bafb72a67","messageTitle":"FIx checkstyle error","messageBody":"","fileTypesAndContributionMap":{"test-code":{"insertions":1,"deletions":1}}},{"hash":"57c0e4606831013c1541ab942a836afec172fc13","messageTitle":"dummy commit","messageBody":"","fileTypesAndContributionMap":{"functional-code":{"insertions":1,"deletions":1}}},{"hash":"22c2cb4070a651ec273f931c791e9938ad83e5d7","messageTitle":"dummy commit","messageBody":"","fileTypesAndContributionMap":{"functional-code":{"insertions":1,"deletions":1}}},{"hash":"2607804391d848d56f464604934d3e4fba3c505a","messageTitle":"Refactor code to adhere to design principles","messageBody":"","fileTypesAndContributionMap":{"functional-code":{"insertions":20,"deletions":8}}},{"hash":"9fcdd1a60791be88b99bffebbf1cbcb00b0b1db8","messageTitle":"Edit retrieving from flashcards database method","messageBody":"","fileTypesAndContributionMap":{"functional-code":{"insertions":4,"deletions":13}}},{"hash":"2e2f2b30b1cbfa71b420b14a40992e11a24e3535","messageTitle":"Change endtime placement","messageBody":"","fileTypesAndContributionMap":{"functional-code":{"insertions":2,"deletions":8}}}]},{"date":"2021-03-26","commitResults":[{"hash":"a32dfe49485498cdbda3a3047efca7074bfb37c6","messageTitle":"update DG","messageBody":"","fileTypesAndContributionMap":{"docs":{"insertions":1,"deletions":1}}},{"hash":"eab6742903cd4a5d9ca7c4570b0624cf6b077743","messageTitle":"Remove println statements","messageBody":"","fileTypesAndContributionMap":{"functional-code":{"insertions":0,"deletions":2}}},{"hash":"c95b427509198d71ebfda905b118e1e38982e0c6","messageTitle":"Fix testcases","messageBody":"","fileTypesAndContributionMap":{"test-code":{"insertions":3,"deletions":3}}},{"hash":"f6d9dad05f35425bbf08e77e70fbb6c7f008fd12","messageTitle":"update DG","messageBody":"","fileTypesAndContributionMap":{"docs":{"insertions":2,"deletions":1}}},{"hash":"15f210448f80e68126c25351259b9e6c40c978d9","messageTitle":"edit test name","messageBody":"","fileTypesAndContributionMap":{"test-code":{"insertions":1,"deletions":1}}}]},{"date":"2021-03-28","commitResults":[{"hash":"26d8c0e2dbeef6e61a729334ead8a747e0fade4e","messageTitle":"Change start command to generate random subset of flashcards from database","messageBody":"","fileTypesAndContributionMap":{"functional-code":{"insertions":23,"deletions":12}}}]}],"Cheng20010201":[{"date":"2021-02-23","commitResults":[{"hash":"3138442769aafc395cbca4b5f470370e3d7f2a59","messageTitle":"Update personal info for Yucheng","messageBody":"","fileTypesAndContributionMap":{"docs":{"insertions":6,"deletions":5}}},{"hash":"b9eac0f8d06b05df2c3296c02df711fceb5ee1fa","messageTitle":"Add dummy entry for personal portfolio markdown page","messageBody":"","fileTypesAndContributionMap":{"docs":{"insertions":23,"deletions":0}}},{"hash":"2c8123de740419ad3d57b1748a5bdd70e865bafe","messageTitle":"Fix styling to be alligned with other AboutUs parts","messageBody":"","fileTypesAndContributionMap":{"docs":{"insertions":2,"deletions":5}}},{"hash":"d6cd0c18aa734bd225d5cb8e7492144a6c991090","messageTitle":"Update NFR for DeveloperGuide for v1.1","messageBody":"","fileTypesAndContributionMap":{"docs":{"insertions":15,"deletions":6}}}]},{"date":"2021-02-24","commitResults":[{"hash":"4d61308dc15a3ef7880a163ce45dc9e938b2cb57","messageTitle":"Model: Extract the code for REGEX into on RegexUtil class","messageBody":"The REGEX expressions to check whether a name for a model (Name, Phone, Address, Email, Tag)\nare valid or not are stored in separate files.\n\nSince we will be dealing with Japanese characters and may have different REGEX expressions for\ndifferent models in Weeblingos, it is better to store all REGEX in one util class so that maintaince becomes easier.\n\nLet\u0027s move all regex expressions of the 5 classes mentioned above into one RegexUtil class.\nThis movement does not cause any regressions.\n","fileTypesAndContributionMap":{"functional-code":{"insertions":54,"deletions":25}}},{"hash":"c25862f891a094cd1371ae2afc02cd2f5a6588aa","messageTitle":"Add Regex for Jap and Eng words and sentences respectively","messageBody":"","fileTypesAndContributionMap":{"functional-code":{"insertions":14,"deletions":0}}},{"hash":"728d2e9487785655f7a7b98b0ef36a4d85d87aa3","messageTitle":"Add tests for REGEX for Jap words","messageBody":"","fileTypesAndContributionMap":{"functional-code":{"insertions":2,"deletions":0},"test-code":{"insertions":74,"deletions":0}}}]},{"date":"2021-02-26","commitResults":[{"hash":"0428aac2ca152ce8a9b4156ab58d5d5609c664aa","messageTitle":"Add Regex for words and sentences in Jap and English separately","messageBody":"The Regex for words and sentences can be useful for us check whether the content we are displaying\nto uses is of the correct format. E.g. we only accept correctly formatted words and sentences. This helps\nmakes our application clearn.\n\nAdd tests for the Regex as well.\n","fileTypesAndContributionMap":{"functional-code":{"insertions":7,"deletions":6},"test-code":{"insertions":83,"deletions":8}}}]},{"date":"2021-03-04","commitResults":[{"hash":"7ccbf68a94032ae993a2f2119a1a626035203714","messageTitle":"Delete info about John Doe","messageBody":"John Doe is a dummy person. Deleting it makes documentation neater.\n","fileTypesAndContributionMap":{"docs":{"insertions":0,"deletions":13}}},{"hash":"0fc6121f96e099b6b772f2d254a17fca467622c6","messageTitle":"Update team info in AboutUs.md","messageBody":"","fileTypesAndContributionMap":{"docs":{"insertions":1,"deletions":1}}}]},{"date":"2021-03-07","commitResults":[{"hash":"1d92037ecb42475938d7cf924a9a0b78833c6848","messageTitle":"Correct some comments/documentation mismatches","messageBody":"Replace AB3 related terms with Weeblingo related terms.\n","fileTypesAndContributionMap":{"functional-code":{"insertions":14,"deletions":15}}},{"hash":"006c09ab47c959c3e3fa78047f94b1134f80727d","messageTitle":"Remove EditCommand, DeleteCommand, FindCommand, AddCommand, ClearCommand.","messageBody":"These commands are not applicable in our appliction weeblingo.\n","fileTypesAndContributionMap":{"functional-code":{"insertions":0,"deletions":584},"test-code":{"insertions":0,"deletions":995}}},{"hash":"e7cb4908e70ade7565aae20c41bb7ce6cc82bbcd","messageTitle":"Fix UI issues to let \"flashcard\" show when the app starts","messageBody":"","fileTypesAndContributionMap":{"functional-code":{"insertions":1,"deletions":1}}},{"hash":"86d822f633421e07edf3aec5c0b54c7d93c5a466","messageTitle":"Fix styling issues","messageBody":"","fileTypesAndContributionMap":{"functional-code":{"insertions":7,"deletions":23},"test-code":{"insertions":0,"deletions":5}}},{"hash":"82a89c2294836c68c67ccea2900f917abbceed21","messageTitle":"Add database reader to the application, making use of existing local database we have","messageBody":"simple-json is used instead of jackson here for the sake of convenience.\n","fileTypesAndContributionMap":{"functional-code":{"insertions":107,"deletions":44},"other":{"insertions":1,"deletions":0},"test-code":{"insertions":2,"deletions":2}}},{"hash":"76a2657c154b4243f36ee6eb29c14cefea910e32","messageTitle":"Add acknowledgement for json-simple","messageBody":"","fileTypesAndContributionMap":{"docs":{"insertions":1,"deletions":0}}},{"hash":"3919ab77ea74968fc6ee07ae04a5411387ba5958","messageTitle":"Fix styling issues","messageBody":"","fileTypesAndContributionMap":{"functional-code":{"insertions":5,"deletions":5},"docs":{"insertions":5,"deletions":7}}}]},{"date":"2021-03-13","commitResults":[{"hash":"219c3d3ac30dff23f311ce55c91ec6f3c2177ac7","messageTitle":"Add quiz command class","messageBody":"","fileTypesAndContributionMap":{"functional-code":{"insertions":24,"deletions":0}}}]},{"date":"2021-03-14","commitResults":[{"hash":"15818d201ea8f20c16dd1c4087d16a226afc3f32","messageTitle":"Add a class Quiz containing the randomized quiz queue when initialized.","messageBody":"","fileTypesAndContributionMap":{"functional-code":{"insertions":65,"deletions":1}}},{"hash":"fc85a5a09fbc7533d256c389dfd100e8495aa190","messageTitle":"Modify the parser to let the keyword \"quiz\" be recognized","messageBody":"After typing in \"quiz\", the only display information will be the quiz\nintroduction information in the place where command results are displayed.\n","fileTypesAndContributionMap":{"functional-code":{"insertions":4,"deletions":0}}},{"hash":"1331a71cacdab30b5137a5934d424ee061b7115e","messageTitle":"Add more display information after command execution","messageBody":"To make the flow of application smoother.\n","fileTypesAndContributionMap":{"functional-code":{"insertions":4,"deletions":4}}},{"hash":"3afeb59e3e0772dd137cbb4f24c3e56168fd62f4","messageTitle":"Refactor code and check style","messageBody":"","fileTypesAndContributionMap":{"functional-code":{"insertions":19,"deletions":3},"other":{"insertions":3,"deletions":1}}},{"hash":"f37e2421df4f71d95f09706e205d6df81b5d2e97","messageTitle":"Enable GUI to differentiate from Quiz mode and learn mode","messageBody":"","fileTypesAndContributionMap":{"functional-code":{"insertions":44,"deletions":0}}},{"hash":"0acb683a47022f42995dac72c6eebfaed3133c7c","messageTitle":"Fix styling","messageBody":"","fileTypesAndContributionMap":{"functional-code":{"insertions":3,"deletions":0}}}]},{"date":"2021-03-18","commitResults":[{"hash":"51f735586fca134c389ed015994ee17bfdf2496b","messageTitle":"Add hard-coded japanese hiragana database","messageBody":"","fileTypesAndContributionMap":{"functional-code":{"insertions":48,"deletions":12}}},{"hash":"49a0391310d5a2c703784f1fc3487c3c6fdd027f","messageTitle":"fix check style issues","messageBody":"","fileTypesAndContributionMap":{"functional-code":{"insertions":0,"deletions":2}}}]},{"date":"2021-03-21","commitResults":[{"hash":"0fa1022951939f38cc750c1029a88df5ecf56aa6","messageTitle":"Fix database loading issues","messageBody":"The database cannot properly load.\n\n1. Make database part of the Java module so that the content of database is included in the jar file.\n2. Make InputStream accept utf8 character group explicitly. When the Japanese characters are not hard-coded (stored\nproperly in JVM byte code) anymore, reading issues happen when the Java file reads data from a .json file. Therefore\nutf8 encode format needs to explicitly specified.\n3. Delete original hard-coded \"database\".\n","fileTypesAndContributionMap":{"functional-code":{"insertions":25,"deletions":53},"other":{"insertions":0,"deletions":187},"test-code":{"insertions":5,"deletions":5}}},{"hash":"6b8d3a4e4a5835faac6c9291ba17bc44be552c0f","messageTitle":"Fix style issues with imports","messageBody":"","fileTypesAndContributionMap":{"functional-code":{"insertions":2,"deletions":4}}},{"hash":"0549607a28a6be0e863ef9c6f6cc716141e073bc","messageTitle":"Refactor to move data storage related files into storage package","messageBody":"","fileTypesAndContributionMap":{"functional-code":{"insertions":2,"deletions":2},"other":{"insertions":1,"deletions":2},"test-code":{"insertions":1,"deletions":1}}},{"hash":"3d557b5c94edcedd839351644e816adccbafc7ee","messageTitle":"Fix data path issues due to unexpected refactoring","messageBody":"","fileTypesAndContributionMap":{"test-code":{"insertions":12,"deletions":3}}},{"hash":"ecaaff573de8ba3ef0fdb94f59eeb1ac84f6f8f2","messageTitle":"Remove wrongly created test data file","messageBody":"","fileTypesAndContributionMap":{"test-code":{"insertions":0,"deletions":9}}}]},{"date":"2021-03-22","commitResults":[{"hash":"66776bac6cae7792b420c65b8ebb6bb946a489dd","messageTitle":"Fix checkstyle issues","messageBody":"","fileTypesAndContributionMap":{"functional-code":{"insertions":1,"deletions":3},"test-code":{"insertions":10,"deletions":2}}},{"hash":"a1dc1e221b42e6066d4e300c4b69fa515e77d07a","messageTitle":"Fix checkstyle issues. Fix unintended refactoring of one test file.","messageBody":"","fileTypesAndContributionMap":{"other":{"insertions":1,"deletions":1},"test-code":{"insertions":1,"deletions":10}}},{"hash":"a6bdc7c659075d764aa7b7f75434b75e36dc1d06","messageTitle":"Load off old database. And fix preferences.json due to unintended refactoring.","messageBody":"","fileTypesAndContributionMap":{"functional-code":{"insertions":1,"deletions":1},"other":{"insertions":0,"deletions":187}}}]},{"date":"2021-03-24","commitResults":[{"hash":"a933ea96cf1bd07dac3601d669f47ba59097b2ad","messageTitle":"Change release number in MainApp.java","messageBody":"","fileTypesAndContributionMap":{"functional-code":{"insertions":1,"deletions":1}}},{"hash":"484ed1dd86ba10ec875c68aeee1f0db447be319a","messageTitle":"Add Score class with a defensive manner","messageBody":"Score represents a finished quiz attempt.\n","fileTypesAndContributionMap":{"functional-code":{"insertions":87,"deletions":0}}},{"hash":"35793a556a8c19ca5eb775c181c435cd77c5115f","messageTitle":"Add tests for Score object, especially for the creation method and compareTo() method.","messageBody":"","fileTypesAndContributionMap":{"functional-code":{"insertions":22,"deletions":2},"test-code":{"insertions":91,"deletions":0}}},{"hash":"e4eb7a574cf3666ccb777774ee9f9f41442b9930","messageTitle":"Fix checkstyle issues","messageBody":"","fileTypesAndContributionMap":{"functional-code":{"insertions":1,"deletions":1},"test-code":{"insertions":7,"deletions":6}}},{"hash":"6f632013717e17ab13237b1cf354adb1d7424aed","messageTitle":"Make score test more rigorous.","messageBody":"","fileTypesAndContributionMap":{"functional-code":{"insertions":0,"deletions":3},"test-code":{"insertions":11,"deletions":0}}},{"hash":"615bd1ad9472e9db972d355867af1e02bf94abb3","messageTitle":"Modify .gitignore Enable assertions of the project Update release number in MainApp.java","messageBody":"","fileTypesAndContributionMap":{"functional-code":{"insertions":1,"deletions":1},"other":{"insertions":4,"deletions":0}}},{"hash":"735300af977517044eefd4a4f9552556bf0be838","messageTitle":"Add usage of logger into Score","messageBody":"","fileTypesAndContributionMap":{"functional-code":{"insertions":8,"deletions":1}}},{"hash":"d82c9eac51fb804480bc9e61151362edf9876857","messageTitle":"Refactor AB3 terms in Test files.","messageBody":"","fileTypesAndContributionMap":{"test-code":{"insertions":15,"deletions":53}}},{"hash":"fc6e5ee4b82240da2f2f3463b89af42fbc38f5f7","messageTitle":"Refactor AB3 terms in Test files.","messageBody":"","fileTypesAndContributionMap":{"test-code":{"insertions":3,"deletions":3}}},{"hash":"b22177226d594f69d474430366f7d33f4e15cc29","messageTitle":"Add unit tests and integration test for LocalDatabasePopulator.java","messageBody":"","fileTypesAndContributionMap":{"test-code":{"insertions":2,"deletions":0}}},{"hash":"f7ad48230f8643468bf7d28cd5c73a9259ec0e31","messageTitle":"Add unit tests and integration testing to LocalDatabasePopulator.java","messageBody":"","fileTypesAndContributionMap":{"functional-code":{"insertions":16,"deletions":10},"test-code":{"insertions":152,"deletions":1}}}]},{"date":"2021-03-25","commitResults":[{"hash":"9399b62994faa0b3b54bc3b17051d11d12faa6b6","messageTitle":"Add exception message to JsonDatabaseReader","messageBody":"","fileTypesAndContributionMap":{"functional-code":{"insertions":2,"deletions":2}}}]},{"date":"2021-03-26","commitResults":[{"hash":"69f61073b289386d84c81e48744f5c9b16ad98eb","messageTitle":"Refactor address-book into flashcard-book [terminology]","messageBody":"","fileTypesAndContributionMap":{"functional-code":{"insertions":1,"deletions":1}}},{"hash":"6ab48f99ca927230494c8f8670b5e4a73c152bfa","messageTitle":"Add isSameAttempt method in Score to check whether the two scores are created at the same time","messageBody":"If two Scores are created with an interval of \u003e\u003d 1 second, they are considered to be created at the same time.\n\nTests for this method are added as well.\n","fileTypesAndContributionMap":{"functional-code":{"insertions":14,"deletions":0},"test-code":{"insertions":24,"deletions":0}}},{"hash":"7bb5687308bfdad81d5064152d49b6fdd6b3c52e","messageTitle":"Add DuplicateAttemptScoreException","messageBody":"Essentially a RuntimException. Will be thrown if there are two Scores added to the\nlist that will be displayed in the GUI.\n","fileTypesAndContributionMap":{"functional-code":{"insertions":11,"deletions":0}}},{"hash":"cf4d82560033891a04744298aea34cf77228129c","messageTitle":"Add UniqueScoreHistoryList.java","messageBody":"Will be the foundation of displaying score history to user through GUI.\n","fileTypesAndContributionMap":{"functional-code":{"insertions":111,"deletions":0}}},{"hash":"851532ea569f261cc834dbb601a3dd7a0e561d8c","messageTitle":"Minor naming convention changes","messageBody":"","fileTypesAndContributionMap":{"functional-code":{"insertions":6,"deletions":7}}},{"hash":"e4f9446adcbfd0d57e36cff49363f763e24b5263","messageTitle":"Fix regressions of testing","messageBody":"","fileTypesAndContributionMap":{"functional-code":{"insertions":24,"deletions":6},"test-code":{"insertions":11,"deletions":6}}},{"hash":"458eb19ec6813253e0fbbb1621014199d6dc16c0","messageTitle":"Add ScoreList to FlashcardBook, which is the main storage data \"transformer\"","messageBody":"FlashCardBook::equals and FlashCardBook::hash are not modified since when we compare two FlashcardBooks,\nonly comparing the content of flashcards suffices.\n","fileTypesAndContributionMap":{"functional-code":{"insertions":29,"deletions":13}}},{"hash":"05fb5c76e2083f74af6e89b2c922793a961fb529","messageTitle":"Update RuntimeException thrown to be self-defined classes with more description name and documentation","messageBody":"These Exceptions are defined with a defensive programming manner.\n","fileTypesAndContributionMap":{"functional-code":{"insertions":37,"deletions":7}}},{"hash":"86df3a0c658fd573d4f02d6821d39d27c042dc3f","messageTitle":"Add primitive UI support for ScoreCard","messageBody":"To be beautified by my brilliant teammates.\n","fileTypesAndContributionMap":{"functional-code":{"insertions":93,"deletions":0},"test-code":{"insertions":19,"deletions":0}}},{"hash":"7f84b50ef48c2e9d75ffdefaca0e5eea79c59e31","messageTitle":"Refactor AB3 specific term: the list of persons","messageBody":"","fileTypesAndContributionMap":{"functional-code":{"insertions":1,"deletions":1}}},{"hash":"570200e046fcc7ef2759945f4b5b12130ad46108","messageTitle":"Add ScoreHistoryListPanel and its fxml support","messageBody":"To be beautified by my wonderful teammates.\n","fileTypesAndContributionMap":{"functional-code":{"insertions":44,"deletions":0}}},{"hash":"a64f6d8c720367f2a37630355eb224c45cc3e24d","messageTitle":"Make the History showing functionality prelimerily work","messageBody":"To be refined after the pending PRs get merged.\n","fileTypesAndContributionMap":{"functional-code":{"insertions":53,"deletions":10}}},{"hash":"dff7e509b7543561818c88d3cd17ec151d4c4a23","messageTitle":"Simple update of NFR","messageBody":"","fileTypesAndContributionMap":{"docs":{"insertions":6,"deletions":7}}},{"hash":"6d56310da8848d32ed1102fcfa96dbe8a91b4afb","messageTitle":"build correction","messageBody":"","fileTypesAndContributionMap":{"functional-code":{"insertions":2,"deletions":1}}},{"hash":"d6d53115fcac74f2eb78fbbf4dff09796a2ac98c","messageTitle":"Update LocalDatabasePopulator.java","messageBody":"","fileTypesAndContributionMap":{"functional-code":{"insertions":3,"deletions":2}}},{"hash":"95807c2c021a2df91601428e473e6cf339c1330a","messageTitle":"Add JsonAdaptedScore (essentially similar to JsonAdaptedFlashcard)","messageBody":"","fileTypesAndContributionMap":{"functional-code":{"insertions":42,"deletions":1}}},{"hash":"ec4b583f4dd2c55d2947ff12e1df9411003febe9","messageTitle":"Update JsonSerializableFlashcardBook.java","messageBody":"","fileTypesAndContributionMap":{"functional-code":{"insertions":84,"deletions":2}}},{"hash":"b5614b1254da22c7530077dfd0e4a3584c25082a","messageTitle":"Fix minor UI issue","messageBody":"","fileTypesAndContributionMap":{"functional-code":{"insertions":2,"deletions":2}}},{"hash":"046a02db113c91648ff7ebe6c97c13a82ff16f62","messageTitle":"Get back MainWindow to the original state","messageBody":"","fileTypesAndContributionMap":{"functional-code":{"insertions":5,"deletions":5}}},{"hash":"6ddfdda8b4eeb14f23af9f4ddcea219e32a92b10","messageTitle":"Add History command and relavant UI rendering.","messageBody":"Design to be refined after the pending PR is merged.\n","fileTypesAndContributionMap":{"functional-code":{"insertions":60,"deletions":0}}},{"hash":"5e62022f2ed01e451f1e61f5fe46db4c5d7102ea","messageTitle":"The \"history\" command \u0027works\u0027 with dummy data now","messageBody":"","fileTypesAndContributionMap":{"functional-code":{"insertions":30,"deletions":2}}},{"hash":"214273b04dbfc11d5df73c107ccefe04d028f499","messageTitle":"Make ListPanel subtitution logic more OOP (not using inheritance/interface)","messageBody":"","fileTypesAndContributionMap":{"functional-code":{"insertions":20,"deletions":13}}}]},{"date":"2021-03-29","commitResults":[{"hash":"7ac7476272952667c6340c0b6e85b267c6535208","messageTitle":"Integrate Score History with Mode; MainWindow.java now looks better","messageBody":"","fileTypesAndContributionMap":{"functional-code":{"insertions":38,"deletions":25},"test-code":{"insertions":5,"deletions":0}}},{"hash":"e8b67501c2fb05351d49ab070aafda55a8f30812","messageTitle":"Resolve https://github.com/AY2021S2-CS2103T-T13-1/tp/pull/68#discussion_r603295895","messageBody":"","fileTypesAndContributionMap":{"functional-code":{"insertions":2,"deletions":9},"test-code":{"insertions":25,"deletions":12}}},{"hash":"0364ee9bbfef722e1c06f06f2f4830e7b5b0f470","messageTitle":"Resolve https://github.com/AY2021S2-CS2103T-T13-1/tp/pull/68#discussion_r600580368","messageBody":"","fileTypesAndContributionMap":{"test-code":{"insertions":1,"deletions":1}}}]}]},"authorFileTypeContributionMap":{"Jellybeano":{"docs":260,"functional-code":430,"test-code":942},"xyzhang00":{"docs":64,"functional-code":929,"test-code":395,"other":2},"Yanneko":{"docs":41,"functional-code":647,"test-code":0},"xinweit":{"docs":96,"functional-code":192,"test-code":61,"other":4},"Cheng20010201":{"docs":32,"functional-code":1106,"test-code":499,"other":5}},"authorContributionVariance":{"Jellybeano":1087948.1,"xyzhang00":166007.02,"Yanneko":1729.5751,"xinweit":21953.549,"Cheng20010201":102219.95},"authorDisplayNameMap":{"Jellybeano":"CS2103T-T13-1 LAN ..XUAN","xyzhang00":"CS2103T-T13-1 ZHAN..INYI","Yanneko":"CS2103T-T13-1 JOEL..RONG","xinweit":"CS2103T-T13-1 TENG.. WEI","Cheng20010201":"CS2103T-T13-1 SUN ..HENG"}}
