{"authorDailyContributionsMap":{"Jellybeano":[{"date":"2021-02-23","commitResults":[{"hash":"e9343b37d1500c3d35eab2db2b2b3920de5bbe0c","messageTitle":"Update AboutUs","messageBody":"","fileTypesAndContributionMap":{"docs":{"insertions":62,"deletions":3}}},{"hash":"981f92b69dd9285e6ef02ec3bdd408b7132bac93","messageTitle":"Fix small text bugs","messageBody":"","fileTypesAndContributionMap":{"docs":{"insertions":3,"deletions":4}}},{"hash":"ce4b28b85190130a20f896d5e44c52e19e80ee0a","messageTitle":"Add newline at EOF","messageBody":"","fileTypesAndContributionMap":{"docs":{"insertions":1,"deletions":1}}}]},{"date":"2021-02-24","commitResults":[{"hash":"0ca46822d03b309f2b4cb00bec614e647dd3666f","messageTitle":"Update the User Guide","messageBody":"","fileTypesAndContributionMap":{"docs":{"insertions":53,"deletions":102}}}]},{"date":"2021-02-25","commitResults":[{"hash":"0e6e2f0ca57858c53ee2d1e366932f02b46d951a","messageTitle":"Fix typos","messageBody":"","fileTypesAndContributionMap":{"docs":{"insertions":1,"deletions":7}}}]}],"xyzhang00":[],"Yanneko":[],"xinweit":[{"date":"2021-02-24","commitResults":[{"hash":"7cf64d612fbeb864b2abb1442a73a387a1703827","messageTitle":"Update my details in about us page","messageBody":"","fileTypesAndContributionMap":{"docs":{"insertions":54,"deletions":0}}},{"hash":"73147b5890c921db61f62407bdbbb2941eb0b408","messageTitle":"Update checkstyle issues","messageBody":"","fileTypesAndContributionMap":{"docs":{"insertions":3,"deletions":3}}}]}],"Cheng20010201":[{"date":"2021-02-23","commitResults":[{"hash":"3138442769aafc395cbca4b5f470370e3d7f2a59","messageTitle":"Update personal info for Yucheng","messageBody":"","fileTypesAndContributionMap":{"docs":{"insertions":6,"deletions":5}}},{"hash":"b9eac0f8d06b05df2c3296c02df711fceb5ee1fa","messageTitle":"Add dummy entry for personal portfolio markdown page","messageBody":"","fileTypesAndContributionMap":{"docs":{"insertions":23,"deletions":0}}},{"hash":"2c8123de740419ad3d57b1748a5bdd70e865bafe","messageTitle":"Fix styling to be alligned with other AboutUs parts","messageBody":"","fileTypesAndContributionMap":{"docs":{"insertions":2,"deletions":5}}},{"hash":"d6cd0c18aa734bd225d5cb8e7492144a6c991090","messageTitle":"Update NFR for DeveloperGuide for v1.1","messageBody":"","fileTypesAndContributionMap":{"docs":{"insertions":15,"deletions":6}}}]}]},"authorFileTypeContributionMap":{"Jellybeano":{"docs":111,"functional-code":0,"test-code":0},"xyzhang00":{"docs":0,"functional-code":0,"test-code":0},"Yanneko":{"docs":0,"functional-code":0,"test-code":0},"xinweit":{"docs":53,"functional-code":0,"test-code":0},"Cheng20010201":{"docs":41,"functional-code":0,"test-code":0}},"authorContributionVariance":{"Jellybeano":3077.2651,"xyzhang00":0.0,"Yanneko":0.0,"xinweit":440.81638,"Cheng20010201":470.69385},"authorDisplayNameMap":{"Jellybeano":"CS2103T-T13-1 LAN ..XUAN","xyzhang00":"CS2103T-T13-1 ZHAN..INYI","Yanneko":"CS2103T-T13-1 JOEL..RONG","xinweit":"CS2103T-T13-1 TENG.. WEI","Cheng20010201":"CS2103T-T13-1 SUN ..HENG"}}
