{"authorDailyContributionsMap":{"pPris":[{"date":"2021-03-01","commitResults":[{"hash":"01e5d331f060211551deb60228fc95dfc8849566","messageTitle":"Update clear command description in UG to match our product","messageBody":"","fileTypesAndContributionMap":{"docs":{"insertions":4,"deletions":2}}},{"hash":"14139ea12be00c62fd579f94c09469619ebd9155","messageTitle":"Update github and portfolio link","messageBody":"","fileTypesAndContributionMap":{"docs":{"insertions":3,"deletions":3}}},{"hash":"f7f96d5e277f61c5d065b0b1aed394217c0f97fe","messageTitle":"Add user stories from previous weeks to DG","messageBody":"","fileTypesAndContributionMap":{"docs":{"insertions":33,"deletions":8}}},{"hash":"0e8ee87ec6b3c4a0ac55d8d2ac42c5b229518bd1","messageTitle":"Edit user stories to match \"so that\" format and consistent case","messageBody":"","fileTypesAndContributionMap":{"docs":{"insertions":18,"deletions":18}}},{"hash":"c3a0f715d54ba430b20b8ab2a42c9821504ea91f","messageTitle":"Remove spaces in priority column to keep stars on one line","messageBody":"","fileTypesAndContributionMap":{"docs":{"insertions":22,"deletions":23}}}]},{"date":"2021-03-02","commitResults":[{"hash":"2543f27a917681760d7132a9d54b949bd4c59680","messageTitle":"Update formatting of user stories and rephrase some words","messageBody":"","fileTypesAndContributionMap":{"docs":{"insertions":32,"deletions":30}}},{"hash":"291515007572336bcdbc97ce8858de4ea2e95e72","messageTitle":"Add image and responsibility","messageBody":"","fileTypesAndContributionMap":{"docs":{"insertions":3,"deletions":3}}},{"hash":"dfbc0d3b1dd91d0888ac73cbfaedbaa487743daa","messageTitle":"Edit role to match what was agreed in meeting","messageBody":"","fileTypesAndContributionMap":{"docs":{"insertions":1,"deletions":1}}}]},{"date":"2021-03-03","commitResults":[{"hash":"b095d2e1034ea9baead166bcd67ec7a1e9e6336c","messageTitle":"Change verb form of clear to clearing","messageBody":"","fileTypesAndContributionMap":{"docs":{"insertions":1,"deletions":1}}}]},{"date":"2021-03-09","commitResults":[{"hash":"57e9f444f6339dd66c44a60e0f46b4560ea1caee","messageTitle":"Model Package: Add order description class and add field and methods to person","messageBody":"","fileTypesAndContributionMap":{"functional-code":{"insertions":51,"deletions":1}}},{"hash":"4c4b2885d39fc26b9072f55309f48e497d1fca3d","messageTitle":"Add order description to person constructor and update constructor calls","messageBody":"","fileTypesAndContributionMap":{"functional-code":{"insertions":2,"deletions":1}}},{"hash":"78d19f572217195fd092788f3cd47243ec550f1e","messageTitle":"Update person constructor calls","messageBody":"","fileTypesAndContributionMap":{"functional-code":{"insertions":81,"deletions":11},"test-code":{"insertions":11,"deletions":1}}}]},{"date":"2021-03-10","commitResults":[{"hash":"fc35ade2bf5cd25b2feedbdabc25d38c8cae362b","messageTitle":"Fix existing tests","messageBody":"","fileTypesAndContributionMap":{"functional-code":{"insertions":118,"deletions":27},"test-code":{"insertions":107,"deletions":33}}}]},{"date":"2021-03-13","commitResults":[{"hash":"12f1cbad334ff27710631c876055cf89bc165490","messageTitle":"Add tests for order description","messageBody":"","fileTypesAndContributionMap":{"functional-code":{"insertions":50,"deletions":23},"test-code":{"insertions":162,"deletions":37}}},{"hash":"9ee54b74dfb837adc754d0f54bcc7edf2c171911","messageTitle":"Minor edits","messageBody":"","fileTypesAndContributionMap":{"functional-code":{"insertions":23,"deletions":26},"test-code":{"insertions":1,"deletions":1}}},{"hash":"48402739a493a56b97d9db3f990bf0cbf77878ae","messageTitle":"Fix minor changes and new test","messageBody":"","fileTypesAndContributionMap":{"functional-code":{"insertions":4,"deletions":4},"test-code":{"insertions":6,"deletions":7}}}]},{"date":"2021-03-14","commitResults":[{"hash":"0872d1f8403349152ba5714efff932ac774e3ded","messageTitle":"Add tests","messageBody":"","fileTypesAndContributionMap":{"test-code":{"insertions":29,"deletions":1}}}]},{"date":"2021-03-15","commitResults":[{"hash":"8f30fdfcfbd147dfb9ab48348d283fb0b71ebd1e","messageTitle":"Streamline user stories based on meeting","messageBody":"","fileTypesAndContributionMap":{"docs":{"insertions":4,"deletions":16}}}]},{"date":"2021-03-16","commitResults":[{"hash":"44e5dc76d86e335f9cb8376b326c6e6c9573d07a","messageTitle":"Make minor edits","messageBody":"","fileTypesAndContributionMap":{"docs":{"insertions":1,"deletions":1}}}]},{"date":"2021-03-23","commitResults":[{"hash":"38f1700df0e88be977b97caf921a83e33892d8e1","messageTitle":"Add sorting by delivery date by default","messageBody":"","fileTypesAndContributionMap":{"functional-code":{"insertions":38,"deletions":1},"test-code":{"insertions":10,"deletions":1}}},{"hash":"421bd839f5f285f757976324d800960747787885","messageTitle":"Add test","messageBody":"","fileTypesAndContributionMap":{"test-code":{"insertions":19,"deletions":0}}},{"hash":"2701b56844a069679a618fd8cbba393357b4fd89","messageTitle":"Fix style","messageBody":"","fileTypesAndContributionMap":{"test-code":{"insertions":1,"deletions":1}}}]},{"date":"2021-03-24","commitResults":[{"hash":"dec8e67d23809e828b1bab66001e39ae6fce3451","messageTitle":"Fix according to reviews","messageBody":"","fileTypesAndContributionMap":{"functional-code":{"insertions":3,"deletions":1}}},{"hash":"436506a212044240e4e7cfc99c1380a9a6af49ac","messageTitle":"Draft dg updates","messageBody":"","fileTypesAndContributionMap":{"docs":{"insertions":11,"deletions":0}}}]},{"date":"2021-03-29","commitResults":[{"hash":"59d49548c278a67e0051763eea3ae79677b5891c","messageTitle":"Modify add command and modelmanager, fix existing tests not related to add","messageBody":"","fileTypesAndContributionMap":{"functional-code":{"insertions":371,"deletions":23},"test-code":{"insertions":513,"deletions":471}}},{"hash":"19f9c133520b2660cb4981ce04171a42f64af774","messageTitle":"Update add cmd parser test","messageBody":"","fileTypesAndContributionMap":{"functional-code":{"insertions":13,"deletions":2},"test-code":{"insertions":285,"deletions":191}}}]},{"date":"2021-03-30","commitResults":[{"hash":"8d9b6800e8e220a5c0fac9a5c5cb451ee55fca76","messageTitle":"Update ug","messageBody":"","fileTypesAndContributionMap":{"docs":{"insertions":12,"deletions":10}}},{"hash":"9c2b645ea0856a47ef43c91dc3be69a6acf12bd0","messageTitle":"Update ug","messageBody":"","fileTypesAndContributionMap":{"docs":{"insertions":0,"deletions":1}}},{"hash":"95db11d20e572530ba7914f6107494938bf0296f","messageTitle":"Update UserGuide.md","messageBody":"","fileTypesAndContributionMap":{"docs":{"insertions":1,"deletions":1}}},{"hash":"bb5f0d47efdd73b947eeb9978fbc3ee6f9237c11","messageTitle":"Update ug","messageBody":"","fileTypesAndContributionMap":{"docs":{"insertions":33,"deletions":10}}},{"hash":"4bcd146fa849f78cc97274d678e083b1d182f0b2","messageTitle":"Add some tests and comments","messageBody":"","fileTypesAndContributionMap":{"functional-code":{"insertions":62,"deletions":19},"test-code":{"insertions":383,"deletions":259}}},{"hash":"50edf46e381ece6e95b49b9c40c441c58d701a49","messageTitle":"Regroup tests","messageBody":"","fileTypesAndContributionMap":{"test-code":{"insertions":138,"deletions":60}}},{"hash":"4d3ba563089407dd78d36147a214af7442c29615","messageTitle":"Add getFilteredOrderItemsList","messageBody":"","fileTypesAndContributionMap":{"functional-code":{"insertions":29,"deletions":2}}},{"hash":"4773324e46824e2651515d1e71add978b93bafc1","messageTitle":"Fix checks","messageBody":"","fileTypesAndContributionMap":{"test-code":{"insertions":5,"deletions":0}}}]},{"date":"2021-03-31","commitResults":[{"hash":"7bcc51730d492e7a1d543ed80a870c4b62cb64a5","messageTitle":"Add tests","messageBody":"","fileTypesAndContributionMap":{"functional-code":{"insertions":8,"deletions":1},"test-code":{"insertions":39,"deletions":3}}},{"hash":"03d2eafd99e8d9cfb1d30d4b342830672774f642","messageTitle":"Merge branch \u0027master\u0027 into 87-parse-order-item-index","messageBody":"# Conflicts:\n#\tsrc/main/java/seedu/cakecollate/logic/commands/AddCommand.java\n#\tsrc/test/java/seedu/cakecollate/logic/commands/AddCommandIntegrationTest.java\n#\tsrc/test/java/seedu/cakecollate/logic/commands/AddCommandTest.java\n","fileTypesAndContributionMap":{"functional-code":{"insertions":371,"deletions":0},"test-code":{"insertions":31,"deletions":0}}},{"hash":"b67f7f701236b2ded7c7f80c52b200f89d63e87e","messageTitle":"Revert \"Merge branch \u0027master\u0027 into 87-parse-order-item-index\"","messageBody":"This reverts commit 03d2eafd99e8d9cfb1d30d4b342830672774f642.\n","fileTypesAndContributionMap":{"functional-code":{"insertions":0,"deletions":371},"test-code":{"insertions":0,"deletions":31}}},{"hash":"72a9c79827bdeef72228c2b6b2e7a046df694306","messageTitle":"Fix test that uses stub","messageBody":"","fileTypesAndContributionMap":{"test-code":{"insertions":12,"deletions":0}}},{"hash":"98f76d65a540fcde35439f9817a2af08115d9684","messageTitle":"Fix bug that causes orderitems storage to not save/open","messageBody":"","fileTypesAndContributionMap":{"functional-code":{"insertions":5,"deletions":4}}},{"hash":"6b15e986938b1a825fc5dd7d8e21a259f4915592","messageTitle":"Fix newly added tests","messageBody":"","fileTypesAndContributionMap":{"functional-code":{"insertions":2,"deletions":2},"test-code":{"insertions":60,"deletions":40}}},{"hash":"b145a36c220ddeb6f6c4afb4e6cd69db236d2b09","messageTitle":"Add more assertions in tests","messageBody":"","fileTypesAndContributionMap":{"test-code":{"insertions":6,"deletions":7}}},{"hash":"a25536216b21843cff32cdef0b2e797976637c64","messageTitle":"Fix bug after adding assertEquals(expectedOrderItems, actualOrderItems)","messageBody":"","fileTypesAndContributionMap":{"test-code":{"insertions":12,"deletions":6}}},{"hash":"3dbe8d8194c7a3ef4dd93bc9337015b6cb703c70","messageTitle":"Clean and add comments","messageBody":"","fileTypesAndContributionMap":{"functional-code":{"insertions":22,"deletions":59},"test-code":{"insertions":7,"deletions":25}}},{"hash":"86b2a591b00b27d9b27c214bb867e77ffd5d3178","messageTitle":"Fix checkstyle","messageBody":"","fileTypesAndContributionMap":{"functional-code":{"insertions":31,"deletions":19},"test-code":{"insertions":63,"deletions":53}}},{"hash":"fd3e6b5a86b6fa6f63e7debd0ef8c547d2984360","messageTitle":"Fix minor stuff","messageBody":"","fileTypesAndContributionMap":{"functional-code":{"insertions":10,"deletions":16}}},{"hash":"005229ede841509967b64992d6725b05a66ab0b0","messageTitle":"Add moreeee tests","messageBody":"","fileTypesAndContributionMap":{"functional-code":{"insertions":3,"deletions":4},"test-code":{"insertions":7,"deletions":6}}},{"hash":"33c5f5acb6343b08cf14892b220b44afb8ca7287","messageTitle":"Fix cmt","messageBody":"","fileTypesAndContributionMap":{"functional-code":{"insertions":1,"deletions":1}}},{"hash":"bbc42b2708b371eeaa614fb0c324453448b822c5","messageTitle":"Edit minor stuff","messageBody":"","fileTypesAndContributionMap":{"docs":{"insertions":5,"deletions":3}}},{"hash":"59d386f055a5b0ac1ca08214f21471b7d09f12b3","messageTitle":"Edit tag","messageBody":"","fileTypesAndContributionMap":{"docs":{"insertions":1,"deletions":1}}},{"hash":"9a22b97762fa39bcbff377b6b756d9e6216f0550","messageTitle":"Edit sample data file","messageBody":"","fileTypesAndContributionMap":{"functional-code":{"insertions":10,"deletions":8}}},{"hash":"4193892b16a825ada6cd3ea73afcbee592796dd9","messageTitle":"Update format","messageBody":"","fileTypesAndContributionMap":{"docs":{"insertions":2,"deletions":2}}}]},{"date":"2021-04-01","commitResults":[{"hash":"2deecdd35e76f80a645a5c6fdcf9440b554d627b","messageTitle":"Fix bug","messageBody":"","fileTypesAndContributionMap":{"functional-code":{"insertions":1,"deletions":1},"test-code":{"insertions":1,"deletions":1}}}]},{"date":"2021-04-03","commitResults":[{"hash":"68b1eda9e5d0530895d755f21b9d32c2f3c1d45e","messageTitle":"Add o/ to edit command summary","messageBody":"","fileTypesAndContributionMap":{"docs":{"insertions":1,"deletions":1}}}]},{"date":"2021-04-10","commitResults":[{"hash":"5a606af252e93881aa83e213f2620d3d2dcc290e","messageTitle":"Refactor hashmap to set","messageBody":"# existing tests pass, new feature not working yet\n","fileTypesAndContributionMap":{"functional-code":{"insertions":79,"deletions":48},"test-code":{"insertions":43,"deletions":22}}},{"hash":"241cdd31b3117c0e307a666432363a9c704c780e","messageTitle":"Fix hashmap mistake","messageBody":"# hashmap.put(o, 1) --\u003e should increment quantity not always put 1\n","fileTypesAndContributionMap":{"functional-code":{"insertions":12,"deletions":6}}},{"hash":"02e3b03c4a53ee0f40d2262ccd848d7f7b1acadb","messageTitle":"Fix storage","messageBody":"","fileTypesAndContributionMap":{"functional-code":{"insertions":12,"deletions":5}}},{"hash":"9aa682e14dfc03b5c300b6ca001a549658290edb","messageTitle":"Fix order desc gui label","messageBody":"","fileTypesAndContributionMap":{"functional-code":{"insertions":1,"deletions":1}}},{"hash":"8c2069d21bebc72531f6f12aa384578ebcbcf43f","messageTitle":"Refactor to make variable/method names clearer","messageBody":"","fileTypesAndContributionMap":{"functional-code":{"insertions":12,"deletions":18}}},{"hash":"e2494b4669986331821c7a8fe6049af200960d01","messageTitle":"Fix checkstyle","messageBody":"","fileTypesAndContributionMap":{"functional-code":{"insertions":2,"deletions":5},"test-code":{"insertions":4,"deletions":4}}},{"hash":"41940618a857dfeb312ac7aa0e166691e240b6c0","messageTitle":"Add addcommand test (involving actual model instead of stub)","messageBody":"","fileTypesAndContributionMap":{"functional-code":{"insertions":11,"deletions":19},"test-code":{"insertions":75,"deletions":9}}},{"hash":"e6569912ffbc42a9ac59bcedd23f9f7d46c88a39","messageTitle":"Make edit","messageBody":"","fileTypesAndContributionMap":{"functional-code":{"insertions":1,"deletions":1}}},{"hash":"4cbe2cd1980ce344c293ad4c78df1eda9a11aeef","messageTitle":"Make small edits","messageBody":"","fileTypesAndContributionMap":{"functional-code":{"insertions":1,"deletions":1},"test-code":{"insertions":2,"deletions":10}}},{"hash":"a6db255dcf255a4b61cff82c758fc02646b43ef0","messageTitle":"Add addcommandparser test","messageBody":"","fileTypesAndContributionMap":{"functional-code":{"insertions":0,"deletions":4},"test-code":{"insertions":52,"deletions":2}}},{"hash":"e75d06e30980db0c61b901c7103f52a2f5e9fe1d","messageTitle":"Edit edit command stuff","messageBody":"# gui not tested\n","fileTypesAndContributionMap":{"test-code":{"insertions":34,"deletions":1}}},{"hash":"1fe3d9e03c84a1f764043ed9d87da9c64812f10c","messageTitle":"Add more edit tests","messageBody":"","fileTypesAndContributionMap":{"test-code":{"insertions":6,"deletions":7}}},{"hash":"4f7548b44437fe5e04c52735ff93fe2a04062225","messageTitle":"Remove \"1 x \" strings from sample data","messageBody":"","fileTypesAndContributionMap":{"functional-code":{"insertions":12,"deletions":13},"test-code":{"insertions":6,"deletions":6}}}]},{"date":"2021-04-11","commitResults":[{"hash":"1b0eca3291d60d598a149a8322de396b18fdeee5","messageTitle":"Fix typical orders tests","messageBody":"","fileTypesAndContributionMap":{"test-code":{"insertions":13,"deletions":13}}},{"hash":"8798191da21a21184f56e4d2ac1bbbc8cd014ed3","messageTitle":"Isolate tests from using parserutil (as per pr review)","messageBody":"","fileTypesAndContributionMap":{"test-code":{"insertions":11,"deletions":14}}},{"hash":"a4815a37f7118d1548c005b36248708b381259cc","messageTitle":"Merge branch and stashed changes","messageBody":"","fileTypesAndContributionMap":{"functional-code":{"insertions":6,"deletions":8},"test-code":{"insertions":2,"deletions":1}}},{"hash":"32b066db7dc49ee3c63d70a0dc0bb42aabb2a1be","messageTitle":"Remove code duplication, edit tests","messageBody":"","fileTypesAndContributionMap":{"functional-code":{"insertions":9,"deletions":6},"test-code":{"insertions":3,"deletions":2}}},{"hash":"b84d3e069f73ab9a249cfe0a2bfce975d6fe3065","messageTitle":"fix checkstyle","messageBody":"","fileTypesAndContributionMap":{"test-code":{"insertions":0,"deletions":1}}},{"hash":"fdb2567328a1dce7a518ef754d427c98ac519f92","messageTitle":"Edit command formats","messageBody":"","fileTypesAndContributionMap":{"functional-code":{"insertions":27,"deletions":7}}},{"hash":"1d4f03714b66e35b15549140e5296df82b49740c","messageTitle":"Upgrade list command MessageSuccess","messageBody":"","fileTypesAndContributionMap":{"functional-code":{"insertions":2,"deletions":2},"test-code":{"insertions":8,"deletions":3}}},{"hash":"569c9226dd8c5ebab0135c36ad7af4c0e212ac26","messageTitle":"Rephrase some words, clarified confusing stuff, fixed links","messageBody":"","fileTypesAndContributionMap":{"docs":{"insertions":40,"deletions":22}}},{"hash":"1636cb120b4a0b79f47039c2439a3d09ec0eb806","messageTitle":"Explain parts of the UI and the word command to help confused testers","messageBody":"","fileTypesAndContributionMap":{"docs":{"insertions":8,"deletions":0}}},{"hash":"adcf99cae6be62cf83aebe5da50915561f5c8f42","messageTitle":"Change when invalid index is checked for in addcommand","messageBody":"","fileTypesAndContributionMap":{"functional-code":{"insertions":20,"deletions":9}}},{"hash":"2857e923e3fc21ea748c320e5cdea1e7bea6117c","messageTitle":"Force order description and order item case","messageBody":"","fileTypesAndContributionMap":{"functional-code":{"insertions":41,"deletions":13},"test-code":{"insertions":54,"deletions":3}}},{"hash":"5305e1fe79226c46d9a6349329d3736bb907457d","messageTitle":"Fix","messageBody":"","fileTypesAndContributionMap":{"test-code":{"insertions":2,"deletions":1}}},{"hash":"88c7de3b736242bb84ed5ce11930c7724f4f692c","messageTitle":"Fix style","messageBody":"","fileTypesAndContributionMap":{"functional-code":{"insertions":2,"deletions":1}}},{"hash":"40f167e66bca37ccb0b4b70923bb59b54bfc3e1c","messageTitle":"Fix style","messageBody":"","fileTypesAndContributionMap":{"test-code":{"insertions":1,"deletions":3}}}]}],"RuiXiong2211":[{"date":"2021-03-02","commitResults":[{"hash":"9a5dcc53191f805a03b8dfd4bddd05f35b8bbe0f","messageTitle":"Update Add Order in UG.md","messageBody":"","fileTypesAndContributionMap":{"docs":{"insertions":7,"deletions":7}}},{"hash":"6f4558799d491a61fd82207f46831082529409d9","messageTitle":"Update AboutUs - RuiXiong","messageBody":"","fileTypesAndContributionMap":{"docs":{"insertions":4,"deletions":4}}},{"hash":"73eea6107dcc6bc5a051985692ad7bd6dab39784","messageTitle":"Update UG according to peer review.","messageBody":"","fileTypesAndContributionMap":{"docs":{"insertions":9,"deletions":9}}},{"hash":"b36e6d05880c3afc1773e3b5e6a76b6e3fb986fc","messageTitle":"Update peer review comments.","messageBody":"","fileTypesAndContributionMap":{"docs":{"insertions":5,"deletions":5}}},{"hash":"61659c751fa0a9573c909ed51780093b6fd54469","messageTitle":"Add some Use Cases to DG.","messageBody":"","fileTypesAndContributionMap":{"docs":{"insertions":40,"deletions":8}}}]},{"date":"2021-03-12","commitResults":[{"hash":"ae3a7e62de733bcb1bc26755eff4c4e33cc5e342","messageTitle":"Add basic functionality of Remind command for v1.2","messageBody":"","fileTypesAndContributionMap":{"functional-code":{"insertions":79,"deletions":0}}}]},{"date":"2021-03-13","commitResults":[{"hash":"2465c8379b629c885d0a180d92eaabcb4e3841bb","messageTitle":"Change made based on peer review.","messageBody":"","fileTypesAndContributionMap":{"functional-code":{"insertions":4,"deletions":3}}},{"hash":"abad35b48384d844466ed2ce9ba0cdf5b069c23c","messageTitle":"Abstract predicate from DeliveryDate.java to ReminderDatePredicate.java.","messageBody":"","fileTypesAndContributionMap":{"functional-code":{"insertions":14,"deletions":12}}}]},{"date":"2021-03-14","commitResults":[{"hash":"990024208b72581e3c925c131f49c6dc0557e91c","messageTitle":"Update RemindCommand V2, impoved version which takes in another parameter -days from today\u0027s date.","messageBody":"","fileTypesAndContributionMap":{"functional-code":{"insertions":63,"deletions":7}}},{"hash":"3de45fd171acaceed8763b3f6a2bc988fa6f608e","messageTitle":"-update RemindCommand","messageBody":"","fileTypesAndContributionMap":{"functional-code":{"insertions":6,"deletions":1}}},{"hash":"63a6b5608bcb12c39f327281d27707734e965a0d","messageTitle":"update RemindCommand","messageBody":"","fileTypesAndContributionMap":{"functional-code":{"insertions":1,"deletions":1}}},{"hash":"dcd6d75572d3a8a737869814021e30e699d5d7ef","messageTitle":"update minor wording error.","messageBody":"","fileTypesAndContributionMap":{"functional-code":{"insertions":2,"deletions":2}}},{"hash":"7ce72f0a44ee916c5a6a549fb07d8a9ac825d6a4","messageTitle":"Add JUnit test- ReminderDatePredicateTest.java","messageBody":"","fileTypesAndContributionMap":{"functional-code":{"insertions":8,"deletions":1},"test-code":{"insertions":72,"deletions":0}}}]},{"date":"2021-03-15","commitResults":[{"hash":"ba72f277378d7417a9065ce3ba209c9a1cd1012d","messageTitle":"Add some JUNIT tests","messageBody":"","fileTypesAndContributionMap":{"functional-code":{"insertions":1,"deletions":1},"test-code":{"insertions":141,"deletions":0}}},{"hash":"319e058b09549c694cf0906af4e5639107c7a100","messageTitle":"Add remind command to UG.","messageBody":"","fileTypesAndContributionMap":{"docs":{"insertions":18,"deletions":0}}}]},{"date":"2021-03-16","commitResults":[{"hash":"58cf3df662e813501bb327d9c872e69c981a5fff","messageTitle":"Edit based on peer review comments.","messageBody":"","fileTypesAndContributionMap":{"functional-code":{"insertions":2,"deletions":2}}}]},{"date":"2021-03-17","commitResults":[{"hash":"f62e47dc38572192bb8da6aa301df37dd94fa360","messageTitle":"Update HelpCommand to include RemindCommand.","messageBody":"","fileTypesAndContributionMap":{"functional-code":{"insertions":1,"deletions":1}}}]},{"date":"2021-03-19","commitResults":[{"hash":"f940fa10c6a438befef8ca6828b8510a42e97bff","messageTitle":"upgrade RemindCommand to show days user has input.","messageBody":"","fileTypesAndContributionMap":{"functional-code":{"insertions":9,"deletions":4},"test-code":{"insertions":2,"deletions":2}}}]},{"date":"2021-03-23","commitResults":[{"hash":"ad67c816026e0170346d4c20b572979113a07940","messageTitle":"Add RequestCommand, Request and RequestCommandParser. Java files that would not have merge conflicts.","messageBody":"","fileTypesAndContributionMap":{"functional-code":{"insertions":171,"deletions":11}}},{"hash":"dcf8d12a712cc3608980dd2813442a2590ab8846","messageTitle":"Add basic functionality of RequestCommand. To add tests.","messageBody":"","fileTypesAndContributionMap":{"functional-code":{"insertions":66,"deletions":22},"test-code":{"insertions":83,"deletions":35}}},{"hash":"596e2c466146182f7257e181088bb880acf40eee","messageTitle":"Add Test files.","messageBody":"","fileTypesAndContributionMap":{"test-code":{"insertions":196,"deletions":0}}},{"hash":"dde04fbcdd9bd05d4eb70cbecc9a484e5bc7a69b","messageTitle":"update HelpCommand to include requestcommand","messageBody":"","fileTypesAndContributionMap":{"functional-code":{"insertions":10,"deletions":2}}},{"hash":"6f7826f6eabb53dcc9cc1f1b44e57062868bf1ce","messageTitle":"Add some decoration to request.","messageBody":"","fileTypesAndContributionMap":{"functional-code":{"insertions":6,"deletions":4}}}]},{"date":"2021-03-24","commitResults":[{"hash":"6bbadf157aeb60129389018d9c802e6aca0bc3d3","messageTitle":"Update test files according to peer review.","messageBody":"","fileTypesAndContributionMap":{"functional-code":{"insertions":15,"deletions":5},"test-code":{"insertions":6,"deletions":6}}},{"hash":"74875dbaa594aafe9a014d5ddde348c3a3d9319b","messageTitle":"Fix some test related bugs.","messageBody":"","fileTypesAndContributionMap":{"functional-code":{"insertions":1,"deletions":1},"test-code":{"insertions":3,"deletions":3}}},{"hash":"c17bec70148fda5e1c57bed7fae58e728661e6ff","messageTitle":"Update according to peer review","messageBody":"","fileTypesAndContributionMap":{"functional-code":{"insertions":7,"deletions":3},"test-code":{"insertions":2,"deletions":2}}},{"hash":"534d9b273ead31f3c05311b9cb49dbcd2895ef03","messageTitle":"Add comment","messageBody":"","fileTypesAndContributionMap":{"functional-code":{"insertions":1,"deletions":1}}},{"hash":"a1fc233d3b3685eb9b1e0d2c74db91268bf39082","messageTitle":"Update according to peer review. Fix a request related bug.","messageBody":"","fileTypesAndContributionMap":{"functional-code":{"insertions":11,"deletions":4},"test-code":{"insertions":5,"deletions":6}}},{"hash":"7557eaa0630f90b3c0b372102416a9a7056bd785","messageTitle":"update DG for week 10 project requirements.","messageBody":"","fileTypesAndContributionMap":{"docs":{"insertions":17,"deletions":0}}},{"hash":"25d50f28eace766b8b197a91a953856d11a7f39c","messageTitle":"Update DG","messageBody":"","fileTypesAndContributionMap":{"docs":{"insertions":2,"deletions":3}}}]},{"date":"2021-03-29","commitResults":[{"hash":"616d182a1ace97feaa9c73e6d5b6c1517f9791f1","messageTitle":"Storage for Model of OrderItems.","messageBody":"","fileTypesAndContributionMap":{"functional-code":{"insertions":387,"deletions":12},"test-code":{"insertions":142,"deletions":35}}},{"hash":"dd189e8194e3ba9e9c3df231df848c08071d1e16","messageTitle":"Update UG to include requestCommand","messageBody":"","fileTypesAndContributionMap":{"docs":{"insertions":17,"deletions":2}}}]},{"date":"2021-03-30","commitResults":[{"hash":"6f06d24e441e07a7920ee0312c64b9420ff0364b","messageTitle":"Edit wrong names.","messageBody":"","fileTypesAndContributionMap":{"functional-code":{"insertions":3,"deletions":3}}}]},{"date":"2021-04-02","commitResults":[{"hash":"f3d07570bf457f316ff70e980894a24d60a14505","messageTitle":"Update UG a little","messageBody":"","fileTypesAndContributionMap":{"docs":{"insertions":16,"deletions":3}}},{"hash":"2512eca0f1b0be61ac740831080450a0bc01319a","messageTitle":"Add some tests","messageBody":"","fileTypesAndContributionMap":{"functional-code":{"insertions":1,"deletions":1},"docs":{"insertions":1,"deletions":1},"test-code":{"insertions":74,"deletions":3}}},{"hash":"e666fe0d7a80f7a4eaa174018ddfa2725f3c30ce","messageTitle":"update UG typos","messageBody":"","fileTypesAndContributionMap":{"docs":{"insertions":2,"deletions":2}}},{"hash":"5144f3456562c45aae09671409c1254a9d33715d","messageTitle":"Add JUnit tests for OrderItems Storage.","messageBody":"","fileTypesAndContributionMap":{"test-code":{"insertions":80,"deletions":0}}},{"hash":"bce1898363cf1f760f5419378a64db450de116bf","messageTitle":"Add JUnit tests for OrderItems Storage.","messageBody":"","fileTypesAndContributionMap":{"functional-code":{"insertions":0,"deletions":1},"test-code":{"insertions":201,"deletions":47}}},{"hash":"00ce33dcc4fc85d1dda4b04db1177416eb53e372","messageTitle":"EOF","messageBody":"","fileTypesAndContributionMap":{"test-code":{"insertions":2,"deletions":1}}},{"hash":"3126a336d955aabc2be3f11fc4388fb3763af6d0","messageTitle":"Add more JUnit tests for RemindCommand.","messageBody":"","fileTypesAndContributionMap":{"test-code":{"insertions":35,"deletions":0}}}]},{"date":"2021-04-03","commitResults":[{"hash":"546bfa63b6e9e742b024e341896d7d878e6b6cd6","messageTitle":"Edit typo","messageBody":"","fileTypesAndContributionMap":{"functional-code":{"insertions":2,"deletions":2},"test-code":{"insertions":1,"deletions":1}}},{"hash":"154f62e2045bd0f496eef351817b51150aa9a3e1","messageTitle":"UG update","messageBody":"","fileTypesAndContributionMap":{"docs":{"insertions":1,"deletions":1}}},{"hash":"f6789e43dfeea89470aaa106eeb74a988b5aac79","messageTitle":"Fix ug table bug in HTML file.","messageBody":"","fileTypesAndContributionMap":{"docs":{"insertions":2,"deletions":2}}},{"hash":"d9cce696dce80cd8da1503201c89b2c34084abb3","messageTitle":"no message","messageBody":"","fileTypesAndContributionMap":{"docs":{"insertions":0,"deletions":1}}},{"hash":"c4e81d8e9ca374d5c04c190d272f845156344320","messageTitle":"no message","messageBody":"","fileTypesAndContributionMap":{"docs":{"insertions":3,"deletions":5}}},{"hash":"7a75a285fe293490f2ef2c3bf031c6a51d0c9864","messageTitle":"UG","messageBody":"","fileTypesAndContributionMap":{"docs":{"insertions":9,"deletions":7}}},{"hash":"a1a341d0e1ba19d73527ec79669889c39085f6c0","messageTitle":"no message","messageBody":"","fileTypesAndContributionMap":{"docs":{"insertions":1,"deletions":1}}},{"hash":"f7d1e2fd8ebc9c9913009d57f616de37ff84ce8b","messageTitle":"no message","messageBody":"","fileTypesAndContributionMap":{"docs":{"insertions":1,"deletions":1}}},{"hash":"2e557b659703ec2f475bd16dff16688bbe3c35dc","messageTitle":"no message","messageBody":"","fileTypesAndContributionMap":{"docs":{"insertions":97,"deletions":89}}},{"hash":"ce2fd99689d1d7c722f871720513ebedfe65f33b","messageTitle":"no message","messageBody":"","fileTypesAndContributionMap":{"docs":{"insertions":15,"deletions":12}}},{"hash":"0d377cd0b6b83aeee8515567066e3fd298514f9c","messageTitle":"no message","messageBody":"","fileTypesAndContributionMap":{"docs":{"insertions":8,"deletions":7}}},{"hash":"c3994c56af7139f8606996d87a7237929bf948b5","messageTitle":"no message","messageBody":"","fileTypesAndContributionMap":{"docs":{"insertions":18,"deletions":18}}},{"hash":"965054695d1df6902346750e5045fb54737e3154","messageTitle":"no message","messageBody":"","fileTypesAndContributionMap":{"docs":{"insertions":3,"deletions":3}}},{"hash":"b0c9b4600355c31a9e8d657008f0951dc6712020","messageTitle":"no message","messageBody":"","fileTypesAndContributionMap":{"docs":{"insertions":14,"deletions":15}}},{"hash":"76748ec9788c07df7070665842f08a5345e59c60","messageTitle":"no message","messageBody":"","fileTypesAndContributionMap":{"docs":{"insertions":2,"deletions":1}}}]},{"date":"2021-04-04","commitResults":[{"hash":"4963c7bed0af1ce8249459ae6d36c966de3ae53e","messageTitle":"no message","messageBody":"","fileTypesAndContributionMap":{"docs":{"insertions":15,"deletions":4}}},{"hash":"78d6e325e2b52a41e53c201cdd48438e2d430eec","messageTitle":"no message","messageBody":"","fileTypesAndContributionMap":{"docs":{"insertions":1,"deletions":1}}},{"hash":"bdfcae5b9cd0e1fef050cb23e90030d43afdd374","messageTitle":"no message","messageBody":"","fileTypesAndContributionMap":{"docs":{"insertions":1,"deletions":1}}},{"hash":"6dd050fd2a69d42afc68836a5b18795a980bb4a2","messageTitle":"no message","messageBody":"","fileTypesAndContributionMap":{"docs":{"insertions":58,"deletions":34}}},{"hash":"a4192cb41858609132c89e3131aa649ab378ff7d","messageTitle":"no message","messageBody":"","fileTypesAndContributionMap":{"docs":{"insertions":9,"deletions":2}}},{"hash":"2d3c7d7fac8faf6123ee42a415c0e28ee831eb9d","messageTitle":"no message","messageBody":"","fileTypesAndContributionMap":{"docs":{"insertions":1,"deletions":1}}},{"hash":"48bdd28720ad9c9d875dd64098549883df23fe77","messageTitle":"no message","messageBody":"","fileTypesAndContributionMap":{"docs":{"insertions":2,"deletions":1}}}]},{"date":"2021-04-06","commitResults":[{"hash":"eed60c9c3d75e39240eb926be63fefe704433097","messageTitle":"Update according to pr.","messageBody":"","fileTypesAndContributionMap":{"docs":{"insertions":3,"deletions":3}}},{"hash":"459f99ae7011ef350e2282f09c00d9932f9cd084","messageTitle":"no message","messageBody":"","fileTypesAndContributionMap":{"test-code":{"insertions":1,"deletions":3}}},{"hash":"28301dfab829e80e27d361e15f56fcd5a8c1e47e","messageTitle":"no message","messageBody":"","fileTypesAndContributionMap":{"test-code":{"insertions":3,"deletions":1}}}]},{"date":"2021-04-07","commitResults":[{"hash":"d9f97a12eb9f40471a14edecc93a3439f4b84e70","messageTitle":"Fix request command bug","messageBody":"","fileTypesAndContributionMap":{"functional-code":{"insertions":11,"deletions":4},"test-code":{"insertions":1,"deletions":1}}},{"hash":"2d5edfc0262790fe5cfcca28d5a813ad5c939c50","messageTitle":"no message","messageBody":"","fileTypesAndContributionMap":{"test-code":{"insertions":4,"deletions":1}}},{"hash":"46fa03a2bce99f39fe2d5543ddec3fab6246d412","messageTitle":"Size limits for fields, msg for blanks.","messageBody":"","fileTypesAndContributionMap":{"functional-code":{"insertions":36,"deletions":5},"test-code":{"insertions":3,"deletions":3}}},{"hash":"811389688c63e449b93abadc619403b97d576cf4","messageTitle":"add empty for Deliverydate.","messageBody":"","fileTypesAndContributionMap":{"functional-code":{"insertions":5,"deletions":3}}}]},{"date":"2021-04-08","commitResults":[{"hash":"9a24bb4fe695806646ba49b50bd2b2dc60096c2f","messageTitle":"Fix int 32bit bug.","messageBody":"","fileTypesAndContributionMap":{"functional-code":{"insertions":36,"deletions":0},"test-code":{"insertions":4,"deletions":0}}},{"hash":"f1cda6a8910f80e6a5cf09821cac1b48b58e87d3","messageTitle":"update RemindCommand to accpt undelivered only.","messageBody":"","fileTypesAndContributionMap":{"functional-code":{"insertions":8,"deletions":1}}}]},{"date":"2021-04-09","commitResults":[{"hash":"9b94cf8ee16dbd0c0c8aa38f669593cd9c9b95d8","messageTitle":"fix ui bug for od","messageBody":"","fileTypesAndContributionMap":{"functional-code":{"insertions":14,"deletions":5},"docs":{"insertions":1,"deletions":1}}},{"hash":"59dbf976ce756cfddaf1ee77f8cfde6db60d563d","messageTitle":"Fix buildbug","messageBody":"","fileTypesAndContributionMap":{"functional-code":{"insertions":1,"deletions":1},"docs":{"insertions":8,"deletions":4},"test-code":{"insertions":3,"deletions":3}}},{"hash":"718c8ebf80ef31760b449f7a920030b53a920dbe","messageTitle":"fix buildbug","messageBody":"","fileTypesAndContributionMap":{"functional-code":{"insertions":0,"deletions":4},"test-code":{"insertions":3,"deletions":3}}},{"hash":"b2e06db8ec35062609b645d4e767aead05f9ec3d","messageTitle":"Add tests.","messageBody":"","fileTypesAndContributionMap":{"test-code":{"insertions":28,"deletions":0}}},{"hash":"00ab1ac01f85f4fd8b48973f3a19ee7a0120c328","messageTitle":"update UG","messageBody":"","fileTypesAndContributionMap":{"functional-code":{"insertions":3,"deletions":3},"docs":{"insertions":8,"deletions":8}}}]},{"date":"2021-04-10","commitResults":[{"hash":"282e75450a12762d7135115116688aed9bbc0f9e","messageTitle":"no message","messageBody":"","fileTypesAndContributionMap":{"functional-code":{"insertions":1,"deletions":1},"docs":{"insertions":55,"deletions":39}}},{"hash":"ef9fbb282f61f0db002df8174da84db803b4262d","messageTitle":"no message","messageBody":"","fileTypesAndContributionMap":{"docs":{"insertions":43,"deletions":31}}},{"hash":"dd2641b0d64031043c5a11b4fec9df5a1ce6e594","messageTitle":"no message","messageBody":"","fileTypesAndContributionMap":{"docs":{"insertions":6,"deletions":0}}},{"hash":"9e97bfe5fdaba2ba26e9091f584ae59da8ec43ae","messageTitle":"update screenshots","messageBody":"","fileTypesAndContributionMap":{"docs":{"insertions":16,"deletions":10}}},{"hash":"1cc84a258b88ed192c187bcb15d37a6d2e5f4d9d","messageTitle":"no message","messageBody":"","fileTypesAndContributionMap":{"docs":{"insertions":0,"deletions":1}}},{"hash":"ef97b78d0799a2e24b8e283efed97239f595ff3e","messageTitle":"no message","messageBody":"","fileTypesAndContributionMap":{"docs":{"insertions":2,"deletions":2}}},{"hash":"5af4ec44c04c0a155745978c9281f9c90b869c6e","messageTitle":"edit typo .","messageBody":"","fileTypesAndContributionMap":{"docs":{"insertions":3,"deletions":3}}},{"hash":"bf3328e91d7fb309ebf0cdf4b64541761aeafccf","messageTitle":"update DG diagrams.","messageBody":"","fileTypesAndContributionMap":{"functional-code":{"insertions":1,"deletions":0},"docs":{"insertions":25,"deletions":3}}}]},{"date":"2021-04-11","commitResults":[{"hash":"b6cbe587d74f0436d0b30d8fd0e6edfef17f4845","messageTitle":"update DG diagrams.","messageBody":"","fileTypesAndContributionMap":{"docs":{"insertions":29,"deletions":0}}},{"hash":"36cdb7b8be853a92d15b8281740313337ebdace1","messageTitle":"updates","messageBody":"","fileTypesAndContributionMap":{"functional-code":{"insertions":15,"deletions":6},"test-code":{"insertions":24,"deletions":2}}},{"hash":"a24b5f2bfda99f1d12ec57d33ac7b4a21158cac4","messageTitle":"Fix length bug","messageBody":"","fileTypesAndContributionMap":{"functional-code":{"insertions":0,"deletions":3},"test-code":{"insertions":2,"deletions":2}}},{"hash":"27957136d1a68eb85b2e48d1d08a919a844e4382","messageTitle":"RemindCommand fix bugs","messageBody":"","fileTypesAndContributionMap":{"functional-code":{"insertions":35,"deletions":13},"test-code":{"insertions":26,"deletions":1}}},{"hash":"3404a656fb3325bf9f42bcdfaf19ea85e6826a0a","messageTitle":"update DG for remind command","messageBody":"","fileTypesAndContributionMap":{"docs":{"insertions":115,"deletions":0}}},{"hash":"fd6848c9ed023be3baa9d58d9dd635c5493c1bd7","messageTitle":"no message","messageBody":"","fileTypesAndContributionMap":{"docs":{"insertions":4,"deletions":5}}},{"hash":"9e4c9267e959752ed9de0c885f6750da8eeff76a","messageTitle":"update dg","messageBody":"","fileTypesAndContributionMap":{"docs":{"insertions":1,"deletions":1},"test-code":{"insertions":1,"deletions":1}}},{"hash":"70bd0a7777e7ffbc4ad24576a5d302093e2dc465","messageTitle":"update remind cmd","messageBody":"","fileTypesAndContributionMap":{"functional-code":{"insertions":1,"deletions":1}}},{"hash":"41fc751ce8bfd40c6271f569382a6bec7bd6e5b3","messageTitle":"update usr fedback","messageBody":"","fileTypesAndContributionMap":{"functional-code":{"insertions":2,"deletions":1}}},{"hash":"70ed24d23af7a4c0bec445b67b10412c08681c8e","messageTitle":"no message","messageBody":"","fileTypesAndContributionMap":{"functional-code":{"insertions":2,"deletions":2}}},{"hash":"ea062a9aea881c115371452b2fafcd37b5aa3dc3","messageTitle":"update error messages for commands with no prefixes.","messageBody":"","fileTypesAndContributionMap":{"functional-code":{"insertions":0,"deletions":7},"test-code":{"insertions":1,"deletions":1}}},{"hash":"fa893242b8e9b6048cce45a9baf6b0b2cf952a68","messageTitle":"add PPP","messageBody":"","fileTypesAndContributionMap":{"docs":{"insertions":56,"deletions":49}}},{"hash":"b50756b31704f040fedecc1d4d7ad942f15366ab","messageTitle":"update PPP","messageBody":"","fileTypesAndContributionMap":{"docs":{"insertions":2,"deletions":1}}},{"hash":"dd11e1c914d9e6ab2ce19ef7418dc90a91949fbb","messageTitle":"update PPP.","messageBody":"","fileTypesAndContributionMap":{"docs":{"insertions":1,"deletions":1}}}]},{"date":"2021-04-12","commitResults":[{"hash":"1441bcd8e3430e1d10407bd2f47967ed7ceee763","messageTitle":"Update AboutUs.md","messageBody":"","fileTypesAndContributionMap":{"docs":{"insertions":2,"deletions":2}}}]}],"pavz02":[{"date":"2021-03-02","commitResults":[{"hash":"f7026b78877eb3118e6d30eb01eeea024bba6360","messageTitle":"Updat in the help command of the user guide.","messageBody":"","fileTypesAndContributionMap":{"docs":{"insertions":2,"deletions":4}}},{"hash":"68991e9758a9c569d14c19022113d51f68728a19","messageTitle":"Updated the readme file","messageBody":"","fileTypesAndContributionMap":{"docs":{"insertions":13,"deletions":10}}},{"hash":"82759c68c53d74fe654a4e8107247b08bb56978e","messageTitle":"Added a new line at the end of the file","messageBody":"","fileTypesAndContributionMap":{"docs":{"insertions":1,"deletions":1}}},{"hash":"9a7cc82d75012013808da530c1335d182e878183","messageTitle":"Updated the glossary in the developers guide, and the details in the aboutme page.","messageBody":"","fileTypesAndContributionMap":{"docs":{"insertions":54,"deletions":5}}}]},{"date":"2021-03-03","commitResults":[{"hash":"a14b2891e844f4c7d982e58733812f5580fb3e5b","messageTitle":"Updating minor changes in the AboutUs.md file","messageBody":"","fileTypesAndContributionMap":{"docs":{"insertions":4,"deletions":4}}}]},{"date":"2021-03-11","commitResults":[{"hash":"aa5d5cac88f0db872f9f270255cde7041ba8079a","messageTitle":"changed a few words","messageBody":"","fileTypesAndContributionMap":{"functional-code":{"insertions":9,"deletions":9}}}]},{"date":"2021-03-14","commitResults":[{"hash":"2a9281406807c627bdbf1d3cc3314d7a88bab46f","messageTitle":"The same edits as the previous editing-help-command branch.","messageBody":"","fileTypesAndContributionMap":{"functional-code":{"insertions":227,"deletions":32},"other":{"insertions":1,"deletions":1}}},{"hash":"9b31934281b8a2981592eeca10ca6c17e09892a0","messageTitle":"Fixed some eof errors.","messageBody":"","fileTypesAndContributionMap":{"functional-code":{"insertions":2,"deletions":1}}}]},{"date":"2021-03-17","commitResults":[{"hash":"7b12ea3af18b9fe602437a0147ee0fc815693aef","messageTitle":"All the labels in the help card and the person card have wrapText set to true.","messageBody":"","fileTypesAndContributionMap":{"functional-code":{"insertions":18,"deletions":13}}}]},{"date":"2021-03-22","commitResults":[{"hash":"c93a06776097d50a3b4ec3d89d896715ed68da44","messageTitle":"Added the enum class Status and the java class DeliveryStatus. Each order now has a deliveryStatus field, which is automatically initialised to UNDELIVERED. GUI reflects the updated deliveryStatus field.","messageBody":"","fileTypesAndContributionMap":{"functional-code":{"insertions":95,"deletions":3}}},{"hash":"1dae3e13b92cf1096cb7458c20e962233da31a3c","messageTitle":"Help window modified such that whenever a valid non-help command is entered while in the help window, CakeCollate automatically transfers to the main window. Added the commands \u0027delivered index_list\u0027 and \u0027cancelled index_list\u0027 to update the deliveryStatus of an order. Storing the updated deliveryStatus is still probematic.","messageBody":"","fileTypesAndContributionMap":{"functional-code":{"insertions":142,"deletions":18}}},{"hash":"08e64da2dff7f50c819925e1082560953a2db82a","messageTitle":"Fixed storage problems for the deliveryStatus. The help list has been updated to include the descriptions of the \u0027delivered\u0027 and \u0027cancelled\u0027 commands.","messageBody":"","fileTypesAndContributionMap":{"functional-code":{"insertions":39,"deletions":22}}},{"hash":"c9b07a2f46a197cb06b7957611ccff7a6888fdc6","messageTitle":"When a delivery date is before the current date, it\u0027s deliveryStatus will automatically be set to delivered. Undelivered command added in case the user accidently changes the deliveryStatus and wants to revert back.","messageBody":"","fileTypesAndContributionMap":{"functional-code":{"insertions":56,"deletions":17}}},{"hash":"a7535abec6c1a82ef8ad9e64cbdef3a563355aa9","messageTitle":"Fixed some checkstyle issues.","messageBody":"","fileTypesAndContributionMap":{"functional-code":{"insertions":80,"deletions":40},"test-code":{"insertions":41,"deletions":26}}},{"hash":"263bd68dde8df63fbd846e7fb93fe99b056592f4","messageTitle":"Added the DeliveryStatusCommandTest and the DeliveryStatusCommandParserTest.","messageBody":"","fileTypesAndContributionMap":{"functional-code":{"insertions":2,"deletions":1},"test-code":{"insertions":155,"deletions":0}}},{"hash":"437bfbada4b6fb0e7271d1e3e049e3e458946b65","messageTitle":"Fixed some checkstyle errors.","messageBody":"","fileTypesAndContributionMap":{"test-code":{"insertions":28,"deletions":24}}}]},{"date":"2021-03-24","commitResults":[{"hash":"4e0cd2515e4abaf430d9661dceea7350f3118729","messageTitle":"Update the developer guide, the user guide, and ass an assert in the DeliveryStatusCommandParser.","messageBody":"","fileTypesAndContributionMap":{"functional-code":{"insertions":1,"deletions":0},"docs":{"insertions":75,"deletions":1}}}]},{"date":"2021-03-29","commitResults":[{"hash":"ee745f1510007d1f2b44072bbf3453b790224fea","messageTitle":"OrderItem fxml and java files added.","messageBody":"","fileTypesAndContributionMap":{"functional-code":{"insertions":66,"deletions":0}}},{"hash":"ea8b2a4ed5c7fb0f625aa017c567d9c002d52bfa","messageTitle":"Updated the main window to reflect the orderItemTable. Transfers to the help panel updated.","messageBody":"","fileTypesAndContributionMap":{"functional-code":{"insertions":73,"deletions":19}}},{"hash":"a2d5277275f9a0e4a0f4c2819f769e3155f1b0ed","messageTitle":"Changed the style and fixed checkstyle errors.","messageBody":"","fileTypesAndContributionMap":{"functional-code":{"insertions":40,"deletions":33},"other":{"insertions":1,"deletions":1}}},{"hash":"2a20c781f4c25abfd1626c1cc6f8be3acf6c88a4","messageTitle":"Removed the cost column.","messageBody":"","fileTypesAndContributionMap":{"functional-code":{"insertions":2,"deletions":6}}}]},{"date":"2021-03-30","commitResults":[{"hash":"26f8083bb11a76993da866b3a3da737f9c046b73","messageTitle":"The up key and the down key can be used to navigate previously entered valid and invalid commands.","messageBody":"","fileTypesAndContributionMap":{"functional-code":{"insertions":77,"deletions":1}}},{"hash":"41a1ad0f9e882979f32d4ac249051d64dcb44af7","messageTitle":"Can move the cursor right and left to edit more easily.","messageBody":"","fileTypesAndContributionMap":{"functional-code":{"insertions":29,"deletions":6}}},{"hash":"36bd650c1a8f5cce5e9313cbef2999c3b7dc41bd","messageTitle":"undid some changes.","messageBody":"","fileTypesAndContributionMap":{"functional-code":{"insertions":0,"deletions":16}}},{"hash":"9043d17e2b84e76af470937c1c8bf603efb8215e","messageTitle":"checkstyle issues fixed.","messageBody":"","fileTypesAndContributionMap":{"functional-code":{"insertions":8,"deletions":8}}}]},{"date":"2021-03-31","commitResults":[{"hash":"6a58a8e0000efb9a14c01246470ec01cc795d38a","messageTitle":"Added javadoc comments, and added shift + backspace to delete all the text in the command box.","messageBody":"","fileTypesAndContributionMap":{"functional-code":{"insertions":76,"deletions":18}}},{"hash":"b699360e45881c89ebc86c5289e973b3d7466442","messageTitle":"Removed the white panel in the gui","messageBody":"","fileTypesAndContributionMap":{"functional-code":{"insertions":1,"deletions":1}}}]},{"date":"2021-04-03","commitResults":[{"hash":"49ddd83c8e3450b77c33f7fa5e2294c68d56a150","messageTitle":"Minor updates to the user guide","messageBody":"","fileTypesAndContributionMap":{"docs":{"insertions":14,"deletions":5}}}]},{"date":"2021-04-07","commitResults":[{"hash":"92fe14fa71c25238af6af2fc19c6a68c951c289d","messageTitle":"- Updated typo in the user guide - Refactored ID to INDEX - Updated delivery status command to update the delivery status only if the existing delivery status is different","messageBody":"","fileTypesAndContributionMap":{"functional-code":{"insertions":41,"deletions":11},"docs":{"insertions":24,"deletions":24},"test-code":{"insertions":2,"deletions":2}}},{"hash":"f8b82e59aec7f41cf346729f095c7a6c2850fb90","messageTitle":"- up/down keyboard keys can save the current text in the text box (hopefully)","messageBody":"","fileTypesAndContributionMap":{"functional-code":{"insertions":27,"deletions":6}}},{"hash":"aae508001aaa4c7763b449d887ae5f0904e6a467","messageTitle":"- resolved wrapText and colour changes for the order items","messageBody":"","fileTypesAndContributionMap":{"functional-code":{"insertions":124,"deletions":182}}},{"hash":"d8850059bd028a097159446674871d50fe875f31","messageTitle":"fixed checkstyle and tests","messageBody":"","fileTypesAndContributionMap":{"functional-code":{"insertions":0,"deletions":2},"test-code":{"insertions":16,"deletions":4}}},{"hash":"d3a5f0d79227cfb9912b4f76ff04394140996e7b","messageTitle":"Add labels to the order item table","messageBody":"","fileTypesAndContributionMap":{"functional-code":{"insertions":17,"deletions":1}}}]},{"date":"2021-04-08","commitResults":[{"hash":"c86a08880afa425d7c0fc1459234a866669d38a2","messageTitle":"clear order items minor updates to user guide","messageBody":"","fileTypesAndContributionMap":{"functional-code":{"insertions":13,"deletions":3},"docs":{"insertions":38,"deletions":10}}},{"hash":"a6c5a5f465aa729880c262df18ea488e98de41d7","messageTitle":"fixed some errors","messageBody":"","fileTypesAndContributionMap":{"functional-code":{"insertions":5,"deletions":5},"test-code":{"insertions":7,"deletions":0}}},{"hash":"9edf9074fea72bbad5190e67e64d4b02a80934fb","messageTitle":"clear command user guide, icon","messageBody":"","fileTypesAndContributionMap":{"functional-code":{"insertions":2,"deletions":2},"docs":{"insertions":14,"deletions":12}}}]},{"date":"2021-04-10","commitResults":[{"hash":"dcef069e455520a6bb37b98a2e211ec2d0198bec","messageTitle":"idk","messageBody":"","fileTypesAndContributionMap":{"functional-code":{"insertions":20,"deletions":15},"docs":{"insertions":156,"deletions":19},"test-code":{"insertions":11,"deletions":1}}},{"hash":"7050052effd06f97500b7470ceb49b4c09910981","messageTitle":"checkstyle","messageBody":"","fileTypesAndContributionMap":{"functional-code":{"insertions":5,"deletions":3},"test-code":{"insertions":0,"deletions":2}}}]},{"date":"2021-04-11","commitResults":[{"hash":"7b31c073af6e17bcad9f15b656b9a484169d6ba4","messageTitle":"added some delivery status command tests","messageBody":"","fileTypesAndContributionMap":{"functional-code":{"insertions":0,"deletions":3},"test-code":{"insertions":116,"deletions":8}}},{"hash":"6f825954349aa46657ec208b037517ffde337ea3","messageTitle":"nothing much","messageBody":"","fileTypesAndContributionMap":{"docs":{"insertions":54,"deletions":8}}},{"hash":"9e1520dfeba89f181f0d454b0706ced0d8d3ad67","messageTitle":"check style","messageBody":"","fileTypesAndContributionMap":{"functional-code":{"insertions":0,"deletions":1},"test-code":{"insertions":0,"deletions":1}}},{"hash":"d0973b7c182add72e00c66d7e189bfb9fd412076","messageTitle":".","messageBody":"","fileTypesAndContributionMap":{"docs":{"insertions":9,"deletions":1},"test-code":{"insertions":3,"deletions":1}}},{"hash":"2f4759df2aa689b9a3ae9ea530dc413b2959098d","messageTitle":"plz work","messageBody":"","fileTypesAndContributionMap":{"docs":{"insertions":1,"deletions":1}}},{"hash":"1ac2cdff85ab870dcd6e3eb786185d02dc49e84c","messageTitle":"Update DeveloperGuide.md","messageBody":"","fileTypesAndContributionMap":{"docs":{"insertions":0,"deletions":3}}}]}],"xiinweii98":[{"date":"2021-02-21","commitResults":[{"hash":"53845accc8afca5af34be2eb9cac2346388e16ee","messageTitle":"Edited Markdown code for Codecov badge to reflect coverage of project.","messageBody":"Attempt to fix Java CI failing for TP progress.\nFollowed instructions from https://nus-cs2103-ay2021s2.github.io/tp/DevOps.html#code-coverage\n","fileTypesAndContributionMap":{"docs":{"insertions":1,"deletions":2}}}]},{"date":"2021-03-02","commitResults":[{"hash":"6b9918f5fb25d982ab894d30d4ce15d5b399dcf6","messageTitle":"UG - Update ListCommand to match our product.","messageBody":"-Edited description of product\n-Edited QuickStart of UG. (Incomplete, need to update 2nd instruction and screenshot of UI when a release is available)\n-Edited the \"list\" command\n","fileTypesAndContributionMap":{"docs":{"insertions":8,"deletions":8}}},{"hash":"a8eecb72de7e4de7d674e8ce936e60fa78643df6","messageTitle":"DG - Update Non-functional requirements","messageBody":"-Edited Appendix: Requirements, Non-Functional Requirements to reflect NFRs of our product\n","fileTypesAndContributionMap":{"docs":{"insertions":17,"deletions":3}}},{"hash":"be46e286267d3afd3e5994815217e6ad7bcea610","messageTitle":"README - Update","messageBody":"README.md\n-Updated badges to include codecov and update linked address of Java CI badge\n-Added libraries used\n-Added header above badges\n\nindex.md\n-Updated index.md badges to reflect own project\n-Updated description to fit project details\n-Updated acknowledgements\n\nDeveloperGuide.md\n-Replaced \"Cake Collate\" with \"CakeCollate\"\n","fileTypesAndContributionMap":{"docs":{"insertions":25,"deletions":15}}},{"hash":"d207445dfbdc9b99eae9c68fc3a7bbe192b801e1","messageTitle":"Fix some style errors.","messageBody":"","fileTypesAndContributionMap":{"docs":{"insertions":8,"deletions":8}}},{"hash":"13dd153e5b1373d8e4a9d978daa88b892f60b83f","messageTitle":"idk","messageBody":"","fileTypesAndContributionMap":{"docs":{"insertions":25,"deletions":28}}},{"hash":"716652bbd3acdbe6c598163eef49e1826b175d9f","messageTitle":"Should be most updated copy (i hope) + my own aboutus","messageBody":"","fileTypesAndContributionMap":{"docs":{"insertions":55,"deletions":7}}},{"hash":"be688fea82afcd400a6098df6df27ade114c5e2b","messageTitle":"Updated about us for myself and ruixiong","messageBody":"","fileTypesAndContributionMap":{"docs":{"insertions":106,"deletions":9}}},{"hash":"928bb0d59a81b31db6e750d7a2af10332a667a5f","messageTitle":"update?","messageBody":"","fileTypesAndContributionMap":{"docs":{"insertions":1,"deletions":1}}}]},{"date":"2021-03-03","commitResults":[{"hash":"e2c60053821e392e84af500251579d2625541405","messageTitle":"update photo name","messageBody":"","fileTypesAndContributionMap":{"docs":{"insertions":1,"deletions":1}}},{"hash":"5c6bb8c54d2a67e5cd3690ba8216e46864000203","messageTitle":"Removed John Doe from aboutus.md and /team/johndoe.md in an attempt to pass website.adapted. Edited xiinweii98 and ruixiong2211 names in accordance to github username.","messageBody":"","fileTypesAndContributionMap":{"docs":{"insertions":3,"deletions":59}}},{"hash":"7fa7faca2b05f9105004355d737b0d2a1d6f465d","messageTitle":"Updated UserGuide.md to include acknowledgements to AB3 to address issue of \"no traces of AB3 left\" for tp task UG.adapted","messageBody":"","fileTypesAndContributionMap":{"docs":{"insertions":6,"deletions":0}}},{"hash":"46ee050f29e9ee9e0b2229c8d592d3e93f3483b6","messageTitle":"Updated Quickstart in UserGuide.md","messageBody":"-Edited instruction 2 by changing github release link to team repository\u0027s releases page\n -Replaced \"Cake Collate\" with \"CakeCollate\" in Quickstart section\n","fileTypesAndContributionMap":{"docs":{"insertions":5,"deletions":5}}}]},{"date":"2021-03-09","commitResults":[{"hash":"a7462dcaa0c4b6519a1fddac3062e5fa137ef912","messageTitle":"Adding a delivery date field.","messageBody":"Work in progress. Fixing tests.\n","fileTypesAndContributionMap":{"functional-code":{"insertions":183,"deletions":34},"test-code":{"insertions":156,"deletions":41}}},{"hash":"0969cfc3ce53521474f9e2f24f3530ee9b3ebee9","messageTitle":"Adding DeliveryDate field.","messageBody":"Mostly followed Tutorial 3 guide.\n","fileTypesAndContributionMap":{"functional-code":{"insertions":30,"deletions":18},"docs":{"insertions":2,"deletions":0},"test-code":{"insertions":70,"deletions":37}}},{"hash":"dac2453f01453f85803828831b8d34ae19896e1a","messageTitle":"Updated according to reviews from PR.","messageBody":"-Edited TypicalPersons and typicalPersonsAddressBook to include variety of date formats\n-Edited DeliveryDateTest to test the .equals method\n-Edited DeliveryDateTest to test for invalid delimiters and formats\n\nNoteworthy problems that may face in the future:\nDeliveryDates of persons/typical persons created in Test Cases are mostly hard-coded, as such, the test cases are not future proof since \"Today\u0027s\" date will keep moving forward.\nThis is because isValidDeliveryDate checks and makes sure deliveryDate is at least 3 days after \"Today\u0027s\" date.\nWhile it is possible to code .java test files to make use of LocalDate.now() to input DeliveryDates for the test cases, I am currently uncertain if I can do the same for .json test files.\nThis is important as there are some .json test files that are hard-coded and used for Test Cases and so have a depency.\nFor now, all valid DeliveryDates used for testing is set for 2022.\n","fileTypesAndContributionMap":{"test-code":{"insertions":32,"deletions":14}}},{"hash":"43e32fa160ed1525d5f18e048bf358f62ce874c5","messageTitle":"Fix checkstyleTest errors.","messageBody":"","fileTypesAndContributionMap":{"test-code":{"insertions":3,"deletions":3}}}]},{"date":"2021-03-11","commitResults":[{"hash":"d303c8e16d45e2897517598d1801a4d31b08a589","messageTitle":"Updated \"the CakeCollate\" to \"CakeCollate\".","messageBody":"","fileTypesAndContributionMap":{"functional-code":{"insertions":6,"deletions":6},"docs":{"insertions":1,"deletions":1}}}]},{"date":"2021-03-17","commitResults":[{"hash":"981a534320177fd426857466f53b6c547e01e181","messageTitle":"Added more test cases and made existing test cases that have dependencies to DeliveryDate more comprehensive. - Mostly related to AddCommand and EditCommand - Parser tests are also included","messageBody":"Extra:\nEdited display message for RemindCommand\n- Formatted date to remove ambiguity\nEdited AddCommand\n- Shifted \"\\n\" in MESSAGE_USAGE to correctly be placed before \"Example:\"\n","fileTypesAndContributionMap":{"functional-code":{"insertions":4,"deletions":3},"test-code":{"insertions":54,"deletions":12}}},{"hash":"47da54bc6d110891f07494ccc8f6ba81346340ad","messageTitle":"Refactor all occurrence of \"person\" to \"order\" Including: - Method names - Class names - Variable names - Comments - Documents","messageBody":"","fileTypesAndContributionMap":{"functional-code":{"insertions":422,"deletions":422},"other":{"insertions":274,"deletions":274},"docs":{"insertions":116,"deletions":116},"test-code":{"insertions":666,"deletions":665}}},{"hash":"042b6f864cd711c3a9417f1631a86e4bbdadd955","messageTitle":"Refactor all occurrence of \"AddressBook\" to \"CakeCollate\" (case insensitive) Including: - Method names - Class names - Variable names - Comments - Documents","messageBody":"Except:\n- HyperLinks\n","fileTypesAndContributionMap":{"functional-code":{"insertions":130,"deletions":130},"other":{"insertions":112,"deletions":111},"docs":{"insertions":110,"deletions":110},"test-code":{"insertions":251,"deletions":251}}}]},{"date":"2021-03-18","commitResults":[{"hash":"f2eb56b35e229d3a4a524cb0a48399e185f5514d","messageTitle":"Changed package name seedu.address to seedu.cakecollate","messageBody":"","fileTypesAndContributionMap":{"other":{"insertions":879,"deletions":878},"docs":{"insertions":13,"deletions":13},"test-code":{"insertions":3,"deletions":3}}}]},{"date":"2021-03-27","commitResults":[{"hash":"0e6571e590bbe7e3be627db260c7f3a06d958246","messageTitle":"Edited FindCommand - FindCommand now takes in prefixes as well (user can find specific keywords from each prefix) - FindCommand no longer require full word searches, it now includes searches of substrings","messageBody":"","fileTypesAndContributionMap":{"functional-code":{"insertions":96,"deletions":18}}},{"hash":"6ed8e4d955bd44923e8896cc352097a4ee948b6e","messageTitle":"Edited FindCommand - Changed NameContainsKeywordsPredicate to ContainsKeywordsPredicate - Added PREFIX_DELIVERY_STATUS to CliSyntax - FindCommand can now find from delivery status as well","messageBody":"","fileTypesAndContributionMap":{"functional-code":{"insertions":48,"deletions":18},"other":{"insertions":36,"deletions":21},"test-code":{"insertions":18,"deletions":18}}},{"hash":"e1fe55cbbad96381a07612e8196a66634ec66c5c","messageTitle":"Edit FindCommand - Edited existing test files and cases to follow changes made to FindCommand and related classes","messageBody":"","fileTypesAndContributionMap":{"functional-code":{"insertions":10,"deletions":7},"test-code":{"insertions":73,"deletions":23}}},{"hash":"bc6385036964dae635688a54dbbec932aaf82db2","messageTitle":"Edit FindCommand - Edited existing test cases","messageBody":"","fileTypesAndContributionMap":{"functional-code":{"insertions":14,"deletions":0},"test-code":{"insertions":4,"deletions":3}}},{"hash":"85a8cce6e7e87c946505f27c54d30e27951c59f4","messageTitle":"Edit FindCommand - Added more test cases to account for added prefix searching - Added more test cases to account for changing to sub string searching","messageBody":"","fileTypesAndContributionMap":{"functional-code":{"insertions":18,"deletions":12},"test-code":{"insertions":366,"deletions":2}}}]},{"date":"2021-03-28","commitResults":[{"hash":"9f4a87c12fa1075f178f5f5eacc47e931c92785a","messageTitle":"Edit FindCommand - Edited Message Usage for FindCommand - Edited UG to reflect changes to FindCommand","messageBody":"","fileTypesAndContributionMap":{"functional-code":{"insertions":26,"deletions":3},"docs":{"insertions":22,"deletions":12}}}]},{"date":"2021-03-29","commitResults":[{"hash":"dbe522648114c2b38c272c4ae1389829808795b6","messageTitle":"Edited FindCommand based on reviews: - Created a PREFIX_ALL - FindCommandParser checks keywords succeeding valid and known prefixes to make sure they are non-blank - Added tests for ^ - Abstracted getTestString for DeliveryDate","messageBody":"","fileTypesAndContributionMap":{"functional-code":{"insertions":43,"deletions":19},"test-code":{"insertions":18,"deletions":8}}}]},{"date":"2021-03-30","commitResults":[{"hash":"7dda18489247ebdb14d45c7d65d6a79e3b4dc6ff","messageTitle":"Updated DeliveryDate - 3 working days validation removed during instantiation - \"future date\" validation is done during parsing of user input through edit and add command (using parserutil) - isXDaysLater is edited for extensibility - different message constraints is displayed according to type of exception raised (format vs value)","messageBody":"","fileTypesAndContributionMap":{"functional-code":{"insertions":26,"deletions":16},"test-code":{"insertions":42,"deletions":25}}}]},{"date":"2021-04-02","commitResults":[{"hash":"701b3f15876274ce80a274162eb7873ace95291a","messageTitle":"Update UG for FindCommand since GUI is changed","messageBody":"","fileTypesAndContributionMap":{"docs":{"insertions":4,"deletions":4}}},{"hash":"d3a1abb86da67ccccb2e382d45463ecdfa5b0a67","messageTitle":"Edited to remove white spaces when extending the application Edited min width and min height so that everything will still be displayed","messageBody":"","fileTypesAndContributionMap":{"functional-code":{"insertions":5,"deletions":5}}},{"hash":"43d42f2d5d1d39804d6799798418cdf0c73e7bbe","messageTitle":"Updated Ui.png to reflect current look of CakeCollate Updated DeliveryDate in UG for change in date validation (removed 3 days validation)","messageBody":"","fileTypesAndContributionMap":{"docs":{"insertions":8,"deletions":2}}},{"hash":"eb2ef76f88898be51c3e35a1149c433ef21e2891","messageTitle":"change version number","messageBody":"","fileTypesAndContributionMap":{"functional-code":{"insertions":1,"deletions":1}}}]},{"date":"2021-04-03","commitResults":[{"hash":"b9e01aef946fe5bd259221cc5bda41cc25bbe83e","messageTitle":"Attempt to fix display issue on website 1","messageBody":"","fileTypesAndContributionMap":{"docs":{"insertions":1,"deletions":1}}},{"hash":"ba41159ba89a69a38cd333a2757055e8a0e9ed24","messageTitle":"Attempt to fix display issue on website 2","messageBody":"","fileTypesAndContributionMap":{"docs":{"insertions":1,"deletions":1}}},{"hash":"d12c73c4900a07997da27e6beef5b50275053a15","messageTitle":"Attempt to fix display issue on website 3","messageBody":"","fileTypesAndContributionMap":{"docs":{"insertions":1,"deletions":0}}}]},{"date":"2021-04-07","commitResults":[{"hash":"69df065101bdfa27e5f5abd27fa8039fd9be0c76","messageTitle":"Fixing bugs: 1. Duplicated orders are not longer checked by name only, all fields are checked 2. Removed print messages from previous testings 3. Added new exception message to be thrown in EditCommand when the command does not change anything 4. Edited EditCommandDescriptor to include Requests to that 1. can work 5. Removed tokenizing of \"r/\" in EditCommandParser","messageBody":"","fileTypesAndContributionMap":{"functional-code":{"insertions":19,"deletions":7},"test-code":{"insertions":12,"deletions":21}}},{"hash":"235da606f076b340813c272f9d26485449b41a4c","messageTitle":"Fix checkstyle error","messageBody":"","fileTypesAndContributionMap":{"functional-code":{"insertions":0,"deletions":1},"test-code":{"insertions":1,"deletions":1}}}]},{"date":"2021-04-08","commitResults":[{"hash":"5416673dbac1903f3a545cfec1811c4cc3bd09dd","messageTitle":"Edited UG to include Types of User Input","messageBody":"","fileTypesAndContributionMap":{"docs":{"insertions":84,"deletions":11}}},{"hash":"87cb68a63490417b66da3576ea582752c660560e","messageTitle":"Edited UG FindCommand feature","messageBody":"","fileTypesAndContributionMap":{"docs":{"insertions":21,"deletions":21}}},{"hash":"65f77216d2134cda4d2a1cac81b41373f74941b6","messageTitle":"Edited DeliveryDate isValidDeliveryDate to check strictly for invalid leap year days in non leap years","messageBody":"","fileTypesAndContributionMap":{"functional-code":{"insertions":3,"deletions":3}}},{"hash":"880cc6a12e8488afb3d54c332c836dad994a5bda","messageTitle":"Added test case to test for 29 Feb dates on leap years and non leap years.","messageBody":"","fileTypesAndContributionMap":{"test-code":{"insertions":2,"deletions":1}}},{"hash":"bbc20e0f43867de522b96e52bf568df52f30eeb3","messageTitle":"Forgot to stage all changes","messageBody":"","fileTypesAndContributionMap":{"test-code":{"insertions":1,"deletions":0}}},{"hash":"03b486eaddfe0d28fc0488307dacffc70ea8368c","messageTitle":"Updated UG with reviews","messageBody":"","fileTypesAndContributionMap":{"docs":{"insertions":4,"deletions":5}}}]},{"date":"2021-04-10","commitResults":[{"hash":"d836724d2a96467e6f235edb269e656b55637118","messageTitle":"Edited Orders.equals to disregard comparing Tags when comparing to see if two orders are the same","messageBody":"","fileTypesAndContributionMap":{"functional-code":{"insertions":2,"deletions":2},"test-code":{"insertions":21,"deletions":2}}}]},{"date":"2021-04-11","commitResults":[{"hash":"5ed58a4d0de678e3468171b6a5678e886d844a10","messageTitle":"Updating DG - Edited DG to include implementation of the Find feature - Added the Find feature sequence diagram","messageBody":"","fileTypesAndContributionMap":{"docs":{"insertions":124,"deletions":5}}}]},{"date":"2021-04-12","commitResults":[{"hash":"a90a10e52903263c66d12f6ea6f0f4fa9ceba4d3","messageTitle":"Updated UG - vetted UG for consistency (caps, phrases etc) - edited images to reflect what will currently be displayed - added images to complement some commands/features - edited UG with changes made since last edit","messageBody":"Edited AddCommand and EditCommand\n- edited message usages to be same as ug\n- edited message for duplicated orders to specify that tags are not checked for duplicated orders\n","fileTypesAndContributionMap":{"functional-code":{"insertions":13,"deletions":11},"docs":{"insertions":219,"deletions":214}}},{"hash":"2f75bc3cd795ab18854a0a509c674d566b46b974","messageTitle":"Fix checkstyle errors","messageBody":"","fileTypesAndContributionMap":{"functional-code":{"insertions":4,"deletions":4}}},{"hash":"9532135742bc5cc29ee3ab9938955bfe7db40a18","messageTitle":"Update DG","messageBody":"Help rx change find command to remind command","fileTypesAndContributionMap":{"docs":{"insertions":1,"deletions":1}}},{"hash":"c7531693d9eb77093c9a31dbec78a58a65108ff0","messageTitle":"Update UG","messageBody":"added breakline to deliverydate part","fileTypesAndContributionMap":{"docs":{"insertions":1,"deletions":1}}},{"hash":"b74438fbebf72d7ed009d1410d4dfe2837610101","messageTitle":"Update UG","messageBody":"Gave Acknowledgement more ompffff","fileTypesAndContributionMap":{"docs":{"insertions":1,"deletions":1}}},{"hash":"e95af4803dcb909124a8936954acc5b318f2f7cb","messageTitle":"Update UG","messageBody":"Updated Order_Description part to reflect recent changes to validation regex","fileTypesAndContributionMap":{"docs":{"insertions":1,"deletions":0}}}]}],"simran-bhadani3":[{"date":"2021-03-02","commitResults":[{"hash":"d898c8f71c631bd48161bcea51f14b477be02bd7","messageTitle":"Update delete command in User Guide","messageBody":"","fileTypesAndContributionMap":{"docs":{"insertions":9,"deletions":8}}},{"hash":"6b1e974f5d562f7590c28b9489ac335d070e35f4","messageTitle":"Add details to AboutUs.md","messageBody":"","fileTypesAndContributionMap":{"docs":{"insertions":5,"deletions":5}}},{"hash":"0e6f26837d4de5e65dfb1fda664006c46b9b8592","messageTitle":"Update value proposition in developer guide","messageBody":"","fileTypesAndContributionMap":{"docs":{"insertions":1,"deletions":1}}},{"hash":"67fcdf42b0be08a0be468343eae0d99a5c5ad6c6","messageTitle":"Update target user profile in developer guide","messageBody":"","fileTypesAndContributionMap":{"docs":{"insertions":4,"deletions":2}}}]},{"date":"2021-03-03","commitResults":[{"hash":"b2879b61bbf7f1b0f5b7b752fe710e7e5c3395a4","messageTitle":"Remove traces of address book from user guide","messageBody":"","fileTypesAndContributionMap":{"docs":{"insertions":9,"deletions":9}}}]},{"date":"2021-03-09","commitResults":[{"hash":"fa7f4cfccdd1e4e4c1671f4d039dee8262b271dc","messageTitle":"Update About Us and add portfolio page","messageBody":"","fileTypesAndContributionMap":{"docs":{"insertions":51,"deletions":3}}}]},{"date":"2021-03-13","commitResults":[{"hash":"5f5251b8e18defa70c96c034c9545db2e088eea2","messageTitle":"Add Index List class","messageBody":"","fileTypesAndContributionMap":{"functional-code":{"insertions":21,"deletions":0}}},{"hash":"5942d2a9d2ff5eb6ef9139e06c52f6bb977fc78d","messageTitle":"Add a method to parse a list of indices to ParserUtil","messageBody":"","fileTypesAndContributionMap":{"functional-code":{"insertions":16,"deletions":0}}},{"hash":"ff18768e1b1f38e4db0a0a2080f99f2ed4ac89d5","messageTitle":"Edit parse command in DeleteCommandParser to enable parsing of a list of indices","messageBody":"","fileTypesAndContributionMap":{"functional-code":{"insertions":3,"deletions":2}}},{"hash":"2408acaf38030e964482eba3e1a639d63f67d986","messageTitle":"Edit Index class so that it implements the Comparable Interface","messageBody":"","fileTypesAndContributionMap":{"functional-code":{"insertions":12,"deletions":1}}},{"hash":"0386a29d948f04c2da8ab302fd374bf36ed02c37","messageTitle":"Replace Index with IndexList in DeleteCommand","messageBody":"","fileTypesAndContributionMap":{"functional-code":{"insertions":16,"deletions":10}}},{"hash":"98c3d1f9fcf4f51ffc5d94e11683a31686eb27cd","messageTitle":"Fix style related issues","messageBody":"","fileTypesAndContributionMap":{"functional-code":{"insertions":9,"deletions":7}}},{"hash":"d28004093417024cdd651de4b6e7d2221ba2d5a5","messageTitle":"Edited command result message","messageBody":"","fileTypesAndContributionMap":{"functional-code":{"insertions":14,"deletions":1}}}]},{"date":"2021-03-16","commitResults":[{"hash":"508e22da94be36d37b851c12a8d1da0e8fc212e6","messageTitle":"Fix tests","messageBody":"","fileTypesAndContributionMap":{"functional-code":{"insertions":23,"deletions":0},"test-code":{"insertions":47,"deletions":10}}},{"hash":"8cb8ded28c2f893416adbc5a2c9c4b15989872d8","messageTitle":"Fix checkstyle violations","messageBody":"","fileTypesAndContributionMap":{"functional-code":{"insertions":18,"deletions":6},"test-code":{"insertions":4,"deletions":3}}},{"hash":"68638b6bafa6651c3f0c5b7a8d8538752b1ef70a","messageTitle":"Update JavaDocs","messageBody":"","fileTypesAndContributionMap":{"functional-code":{"insertions":1,"deletions":1}}},{"hash":"e1327e5af4f329f175a153236774d207ed85f5af","messageTitle":"Make changes according to peer review comments","messageBody":"","fileTypesAndContributionMap":{"functional-code":{"insertions":13,"deletions":19},"test-code":{"insertions":2,"deletions":2}}},{"hash":"4da1b33862fff034f6b886b16df98faf4d309d72","messageTitle":"Change mention of address book to CakeCollate","messageBody":"","fileTypesAndContributionMap":{"test-code":{"insertions":1,"deletions":1}}}]},{"date":"2021-03-21","commitResults":[{"hash":"d0032facf3d426a43de98986e022c754d03833f8","messageTitle":"Create model for Order Item","messageBody":"","fileTypesAndContributionMap":{"functional-code":{"insertions":356,"deletions":7}}},{"hash":"04dc8c95742fb4e9a6514ed76432a9a6e4db2283","messageTitle":"Edit documentation of UniqueOrderItemList class","messageBody":"","fileTypesAndContributionMap":{"functional-code":{"insertions":23,"deletions":23}}}]},{"date":"2021-03-22","commitResults":[{"hash":"78a50aeb714a9eaa490c7def2468674c8b213b70","messageTitle":"Add tests for order item model","messageBody":"","fileTypesAndContributionMap":{"functional-code":{"insertions":23,"deletions":19},"test-code":{"insertions":468,"deletions":2}}},{"hash":"1cc390dfaae7eea4df9a2d99be4bd70d5f0a589b","messageTitle":"Fix equals method for Cost class","messageBody":"","fileTypesAndContributionMap":{"functional-code":{"insertions":3,"deletions":3}}},{"hash":"b124d26ef986c941ad30d8f7a8cc59a107b94705","messageTitle":"Make changes based on Peer Review","messageBody":"","fileTypesAndContributionMap":{"functional-code":{"insertions":3,"deletions":5},"test-code":{"insertions":0,"deletions":1}}}]},{"date":"2021-03-23","commitResults":[{"hash":"81ea7022ac24bdda9807975a37719302dbd7959d","messageTitle":"Enable assertions in build.gradle","messageBody":"","fileTypesAndContributionMap":{"other":{"insertions":4,"deletions":0}}}]},{"date":"2021-03-24","commitResults":[{"hash":"3726407e3bbb15249a2c96e8d28137b2d7a83c14","messageTitle":"Add OrderItemList","messageBody":"","fileTypesAndContributionMap":{"functional-code":{"insertions":121,"deletions":0}}},{"hash":"fa648dae53aa364cfff3b236f54bdbb2ae15c436","messageTitle":"Edit type class regex to match all alphanumeric characters and \"","messageBody":"","fileTypesAndContributionMap":{"functional-code":{"insertions":2,"deletions":2},"test-code":{"insertions":1,"deletions":3}}},{"hash":"b907dd867d0321c53930c2a0a9a533df49c24370","messageTitle":"Fix checkstyle violations","messageBody":"","fileTypesAndContributionMap":{"functional-code":{"insertions":2,"deletions":2}}},{"hash":"37be4965032f61cdfc456d660f05fc3626e9f003","messageTitle":"Add assertion","messageBody":"","fileTypesAndContributionMap":{"functional-code":{"insertions":3,"deletions":0},"test-code":{"insertions":0,"deletions":2}}},{"hash":"5e446c016217bf6842e56a4497bbea3326ab7326","messageTitle":"Rename files based on peer review suggestions","messageBody":"","fileTypesAndContributionMap":{"other":{"insertions":7,"deletions":7}}}]},{"date":"2021-03-26","commitResults":[{"hash":"bf0f36fa14ce9079030ae0e4bf7c2b079f0ab73c","messageTitle":"Update details of delete command in Developer Guide","messageBody":"","fileTypesAndContributionMap":{"docs":{"insertions":20,"deletions":19}}}]},{"date":"2021-03-31","commitResults":[{"hash":"954dc5ea6cd848569d9462dd19df73a7d2983256","messageTitle":"Add commads for adding and deleting order items","messageBody":"","fileTypesAndContributionMap":{"functional-code":{"insertions":212,"deletions":0}}},{"hash":"d21e0e309022763335e413f5853b56b07e22da68","messageTitle":"Fix checkstyle violations and add Javadocs","messageBody":"","fileTypesAndContributionMap":{"functional-code":{"insertions":17,"deletions":3}}},{"hash":"ecace97691b31434b74185ed0a47afee3d0860e5","messageTitle":"Edit command word for DeleteOrderItemCommand","messageBody":"","fileTypesAndContributionMap":{"functional-code":{"insertions":1,"deletions":1}}},{"hash":"aa1598ca8c6bd997f8144d9b238716c531c735f9","messageTitle":"Update AddOrderItem and DeleteOrderItem commands based on peer review comments","messageBody":"","fileTypesAndContributionMap":{"functional-code":{"insertions":5,"deletions":4}}},{"hash":"9028407ff06c52e8eecf767efca673d5311ae90b","messageTitle":"Update Javadocs","messageBody":"","fileTypesAndContributionMap":{"functional-code":{"insertions":1,"deletions":1}}}]},{"date":"2021-04-01","commitResults":[{"hash":"0055644478e61c31d80479f4f795588c5d8e0d03","messageTitle":"Update user guide","messageBody":"","fileTypesAndContributionMap":{"docs":{"insertions":33,"deletions":8}}},{"hash":"78b46ee0a130711182fad345cb89b23b92e7557b","messageTitle":"Update user guide","messageBody":"","fileTypesAndContributionMap":{"docs":{"insertions":15,"deletions":14}}}]},{"date":"2021-04-02","commitResults":[{"hash":"d4c36951ae5f9bdb656b62710aafe4f36dab6853","messageTitle":"Fix errors in user guide","messageBody":"","fileTypesAndContributionMap":{"docs":{"insertions":3,"deletions":3}}},{"hash":"5e5c59a12660823994f3527a54ce8cab27190193","messageTitle":"Edit command summary","messageBody":"","fileTypesAndContributionMap":{"docs":{"insertions":1,"deletions":1}}}]},{"date":"2021-04-04","commitResults":[{"hash":"dbf73978adb15cb3e072232b8f63776bcbcd1f58","messageTitle":"Remove all instances of cost","messageBody":"","fileTypesAndContributionMap":{"functional-code":{"insertions":28,"deletions":132},"test-code":{"insertions":4,"deletions":115}}}]},{"date":"2021-04-06","commitResults":[{"hash":"f295750c66d26746ca56aac64c45455c18b2d162","messageTitle":"Fix bug in IndexList parser","messageBody":"","fileTypesAndContributionMap":{"functional-code":{"insertions":5,"deletions":2}}},{"hash":"902d865d5908e9855ed9c74b1aaa6e839f8eea6d","messageTitle":"Fix checkstyle violations","messageBody":"","fileTypesAndContributionMap":{"functional-code":{"insertions":1,"deletions":2}}}]},{"date":"2021-04-09","commitResults":[{"hash":"5992dd9a9ea5abd5787ad5f666f8d6d8e41fe88b","messageTitle":"Split by multiple white spaces instead of just a single white space in Index List Parser","messageBody":"","fileTypesAndContributionMap":{"functional-code":{"insertions":1,"deletions":1}}}]},{"date":"2021-04-10","commitResults":[{"hash":"e9c9bb808c07405cac268018f9079e7437107199","messageTitle":"Add tests for IndexListParser method","messageBody":"","fileTypesAndContributionMap":{"test-code":{"insertions":247,"deletions":5}}},{"hash":"ca9e236c9c5c091cbaf24a347b90dbd06a078694","messageTitle":"Add exception to catch negative indices","messageBody":"","fileTypesAndContributionMap":{"functional-code":{"insertions":20,"deletions":4}}},{"hash":"e4dd4afa5d21ff2a3f03cf1ccb58eb16e304a36b","messageTitle":"Update tests for IndexListParser","messageBody":"","fileTypesAndContributionMap":{"test-code":{"insertions":103,"deletions":61}}},{"hash":"da55166f69733d7680dee5269d86de901a432a95","messageTitle":"Fix errors in catching exceptions","messageBody":"","fileTypesAndContributionMap":{"functional-code":{"insertions":28,"deletions":2}}},{"hash":"2cad1e9a96885ee78b53ddc912b1b08bb8e3db18","messageTitle":"Add more OrderItem tests to reach 100% coverage","messageBody":"","fileTypesAndContributionMap":{"test-code":{"insertions":33,"deletions":0}}},{"hash":"ab5b7f396e57b0357cca67b76de8fc91e8c5241a","messageTitle":"Add more tests for type class to reach 100% code coverage","messageBody":"","fileTypesAndContributionMap":{"test-code":{"insertions":22,"deletions":1}}},{"hash":"09bf4182090e3cd35e5f97a68923081bff155308","messageTitle":"Add more tests to UniqueOrderItemList (97% line coverage)","messageBody":"","fileTypesAndContributionMap":{"test-code":{"insertions":10,"deletions":0}}},{"hash":"866bd0edd31b79d5cc79de9a7f58e6d02c5d1b25","messageTitle":"Add tests for OrderItems class","messageBody":"","fileTypesAndContributionMap":{"test-code":{"insertions":101,"deletions":1}}}]},{"date":"2021-04-11","commitResults":[{"hash":"902a333faafe0b26c317d19280d1260353cb0c70","messageTitle":"Add more tests based on peer review","messageBody":"","fileTypesAndContributionMap":{"functional-code":{"insertions":1,"deletions":1},"test-code":{"insertions":80,"deletions":2}}},{"hash":"6dbf4355e8024359175fec8206290aaf6adcc16c","messageTitle":"Fix checkstyle violations","messageBody":"","fileTypesAndContributionMap":{"test-code":{"insertions":6,"deletions":6}}},{"hash":"c853711bd3d6160f495a0cffc8e95c0476ecc189","messageTitle":"Fix error message for addItem command","messageBody":"","fileTypesAndContributionMap":{"functional-code":{"insertions":1,"deletions":1}}},{"hash":"0647e3dd741baca5b1683aef3ec405fcecc032d9","messageTitle":"Fix error in delete command which deletes multiple items when index is repeated","messageBody":"","fileTypesAndContributionMap":{"functional-code":{"insertions":6,"deletions":1}}},{"hash":"b73cbde3686fb49bcb662b34e49eeb5457cc7084","messageTitle":"Fix error in deleteItem command which deletes multiple order items when index is repeated","messageBody":"","fileTypesAndContributionMap":{"functional-code":{"insertions":6,"deletions":3}}},{"hash":"5b62b5ebb7be928208abd4a161635118d6e409a8","messageTitle":"Fix checkstyle violations","messageBody":"","fileTypesAndContributionMap":{"functional-code":{"insertions":0,"deletions":1}}},{"hash":"26a7e62c6efde2e06dbdb47c23478c5c7f3869ae","messageTitle":"Edit command parsers so that they catch the Negative Index Exception","messageBody":"","fileTypesAndContributionMap":{"functional-code":{"insertions":9,"deletions":0}}},{"hash":"a6c8a336f639a1dfb432ec5e9604b7b90eb79197","messageTitle":"Edit test case for EditCommandParser to reflect the updated error message","messageBody":"","fileTypesAndContributionMap":{"test-code":{"insertions":2,"deletions":1}}},{"hash":"5ca4b0886f140439739877b64f7276c400552d63","messageTitle":"Make type case insensitive","messageBody":"","fileTypesAndContributionMap":{"functional-code":{"insertions":8,"deletions":1},"test-code":{"insertions":2,"deletions":3}}},{"hash":"ca7520645be6ec804a9da6de2c5b82c484840516","messageTitle":"Fix style violations","messageBody":"","fileTypesAndContributionMap":{"functional-code":{"insertions":0,"deletions":1}}},{"hash":"c948814a417a0419513d636c58a6139ae88f0bdf","messageTitle":"Edit regex for type so that it only matches alphabets","messageBody":"","fileTypesAndContributionMap":{"functional-code":{"insertions":4,"deletions":6},"test-code":{"insertions":19,"deletions":16}}},{"hash":"e452266f095af14cbc6240f9f25c9d4844c846bc","messageTitle":"Add back MESSAGE_INVALID_FORMAT to resolve conflict","messageBody":"","fileTypesAndContributionMap":{"functional-code":{"insertions":1,"deletions":0}}},{"hash":"a9ed57c2b19cac424177f5d069b771d69e4c8c55","messageTitle":"Remove unused import","messageBody":"","fileTypesAndContributionMap":{"functional-code":{"insertions":0,"deletions":1}}},{"hash":"cc706c8aadd51d9be458df56dc6e8b21fc50d332","messageTitle":"Removed \"Type of cake\" part from OrderItem toString","messageBody":"","fileTypesAndContributionMap":{"functional-code":{"insertions":1,"deletions":2},"test-code":{"insertions":3,"deletions":3}}}]},{"date":"2021-04-12","commitResults":[{"hash":"972e1f8955415d0c877baec085c92c009d142ed1","messageTitle":"Change GUI table column name to Order Item from Type","messageBody":"","fileTypesAndContributionMap":{"functional-code":{"insertions":2,"deletions":2}}},{"hash":"ed78ec9f85b14a9a55101bd1bc3f8a3f0e8e9f78","messageTitle":"Revert \"Change GUI table column name to Order Item from Type\"","messageBody":"This reverts commit 972e1f8955415d0c877baec085c92c009d142ed1.\n","fileTypesAndContributionMap":{"functional-code":{"insertions":2,"deletions":2}}},{"hash":"ef9c36ff4880eb99364d4969516850e78834c4a3","messageTitle":"Change Type column heading for Order Item Table to Order Item","messageBody":"","fileTypesAndContributionMap":{"functional-code":{"insertions":2,"deletions":2}}},{"hash":"536e1a7dad2304bfc58b0eb6365179c3f81a91bf","messageTitle":"Fix merge conflicts","messageBody":"","fileTypesAndContributionMap":{"functional-code":{"insertions":1,"deletions":6}}}]}]},"authorFileTypeContributionMap":{"pPris":{"docs":64,"functional-code":818,"test-code":1108},"RuiXiong2211":{"docs":423,"functional-code":869,"test-code":988,"other":12},"pavz02":{"docs":280,"functional-code":964,"test-code":311},"xiinweii98":{"docs":680,"functional-code":1292,"test-code":1933,"other":2},"simran-bhadani3":{"docs":73,"functional-code":787,"test-code":923,"other":4}},"authorContributionVariance":{"pPris":119845.625,"RuiXiong2211":21643.896,"pavz02":18686.875,"xiinweii98":396736.0,"simran-bhadani3":17595.7},"authorDisplayNameMap":{"pPris":"CS2103T-T11-4 PRIN..LSON","RuiXiong2211":"CS2103T-T11-4 LIM ..IONG","pavz02":"CS2103T-T11-4 THYA..ITRA","xiinweii98":"CS2103T-T11-4 SOH .. WEI","simran-bhadani3":"CS2103T-T11-4 BHAD..MRAN"}}
