{"authorDailyContributionsMap":{"pPris":[{"date":"2021-03-01","commitResults":[{"hash":"01e5d331f060211551deb60228fc95dfc8849566","messageTitle":"Update clear command description in UG to match our product","messageBody":"","fileTypesAndContributionMap":{"docs":{"insertions":4,"deletions":2}}},{"hash":"14139ea12be00c62fd579f94c09469619ebd9155","messageTitle":"Update github and portfolio link","messageBody":"","fileTypesAndContributionMap":{"docs":{"insertions":3,"deletions":3}}},{"hash":"f7f96d5e277f61c5d065b0b1aed394217c0f97fe","messageTitle":"Add user stories from previous weeks to DG","messageBody":"","fileTypesAndContributionMap":{"docs":{"insertions":33,"deletions":8}}},{"hash":"0e8ee87ec6b3c4a0ac55d8d2ac42c5b229518bd1","messageTitle":"Edit user stories to match \"so that\" format and consistent case","messageBody":"","fileTypesAndContributionMap":{"docs":{"insertions":18,"deletions":18}}},{"hash":"c3a0f715d54ba430b20b8ab2a42c9821504ea91f","messageTitle":"Remove spaces in priority column to keep stars on one line","messageBody":"","fileTypesAndContributionMap":{"docs":{"insertions":22,"deletions":23}}}]},{"date":"2021-03-02","commitResults":[{"hash":"2543f27a917681760d7132a9d54b949bd4c59680","messageTitle":"Update formatting of user stories and rephrase some words","messageBody":"","fileTypesAndContributionMap":{"docs":{"insertions":32,"deletions":30}}},{"hash":"291515007572336bcdbc97ce8858de4ea2e95e72","messageTitle":"Add image and responsibility","messageBody":"","fileTypesAndContributionMap":{"docs":{"insertions":3,"deletions":3}}},{"hash":"dfbc0d3b1dd91d0888ac73cbfaedbaa487743daa","messageTitle":"Edit role to match what was agreed in meeting","messageBody":"","fileTypesAndContributionMap":{"docs":{"insertions":1,"deletions":1}}}]},{"date":"2021-03-03","commitResults":[{"hash":"b095d2e1034ea9baead166bcd67ec7a1e9e6336c","messageTitle":"Change verb form of clear to clearing","messageBody":"","fileTypesAndContributionMap":{"docs":{"insertions":1,"deletions":1}}}]}],"RuiXiong2211":[{"date":"2021-03-02","commitResults":[{"hash":"9a5dcc53191f805a03b8dfd4bddd05f35b8bbe0f","messageTitle":"Update Add Order in UG.md","messageBody":"","fileTypesAndContributionMap":{"docs":{"insertions":7,"deletions":7}}},{"hash":"6f4558799d491a61fd82207f46831082529409d9","messageTitle":"Update AboutUs - RuiXiong","messageBody":"","fileTypesAndContributionMap":{"docs":{"insertions":4,"deletions":4}}},{"hash":"73eea6107dcc6bc5a051985692ad7bd6dab39784","messageTitle":"Update UG according to peer review.","messageBody":"","fileTypesAndContributionMap":{"docs":{"insertions":9,"deletions":9}}},{"hash":"b36e6d05880c3afc1773e3b5e6a76b6e3fb986fc","messageTitle":"Update peer review comments.","messageBody":"","fileTypesAndContributionMap":{"docs":{"insertions":5,"deletions":5}}},{"hash":"61659c751fa0a9573c909ed51780093b6fd54469","messageTitle":"Add some Use Cases to DG.","messageBody":"","fileTypesAndContributionMap":{"docs":{"insertions":40,"deletions":8}}}]}],"pavz02":[{"date":"2021-03-02","commitResults":[{"hash":"f7026b78877eb3118e6d30eb01eeea024bba6360","messageTitle":"Updat in the help command of the user guide.","messageBody":"","fileTypesAndContributionMap":{"docs":{"insertions":2,"deletions":4}}},{"hash":"68991e9758a9c569d14c19022113d51f68728a19","messageTitle":"Updated the readme file","messageBody":"","fileTypesAndContributionMap":{"docs":{"insertions":13,"deletions":10}}},{"hash":"82759c68c53d74fe654a4e8107247b08bb56978e","messageTitle":"Added a new line at the end of the file","messageBody":"","fileTypesAndContributionMap":{"docs":{"insertions":1,"deletions":1}}},{"hash":"9a7cc82d75012013808da530c1335d182e878183","messageTitle":"Updated the glossary in the developers guide, and the details in the aboutme page.","messageBody":"","fileTypesAndContributionMap":{"docs":{"insertions":54,"deletions":5}}}]},{"date":"2021-03-03","commitResults":[{"hash":"a14b2891e844f4c7d982e58733812f5580fb3e5b","messageTitle":"Updating minor changes in the AboutUs.md file","messageBody":"","fileTypesAndContributionMap":{"docs":{"insertions":4,"deletions":4}}}]}],"xiinweii98":[{"date":"2021-02-21","commitResults":[{"hash":"53845accc8afca5af34be2eb9cac2346388e16ee","messageTitle":"Edited Markdown code for Codecov badge to reflect coverage of project.","messageBody":"Attempt to fix Java CI failing for TP progress.\nFollowed instructions from https://nus-cs2103-ay2021s2.github.io/tp/DevOps.html#code-coverage\n","fileTypesAndContributionMap":{"docs":{"insertions":1,"deletions":2}}}]},{"date":"2021-03-02","commitResults":[{"hash":"6b9918f5fb25d982ab894d30d4ce15d5b399dcf6","messageTitle":"UG - Update ListCommand to match our product.","messageBody":"-Edited description of product\n-Edited QuickStart of UG. (Incomplete, need to update 2nd instruction and screenshot of UI when a release is available)\n-Edited the \"list\" command\n","fileTypesAndContributionMap":{"docs":{"insertions":8,"deletions":8}}},{"hash":"a8eecb72de7e4de7d674e8ce936e60fa78643df6","messageTitle":"DG - Update Non-functional requirements","messageBody":"-Edited Appendix: Requirements, Non-Functional Requirements to reflect NFRs of our product\n","fileTypesAndContributionMap":{"docs":{"insertions":17,"deletions":3}}},{"hash":"be46e286267d3afd3e5994815217e6ad7bcea610","messageTitle":"README - Update","messageBody":"README.md\n-Updated badges to include codecov and update linked address of Java CI badge\n-Added libraries used\n-Added header above badges\n\nindex.md\n-Updated index.md badges to reflect own project\n-Updated description to fit project details\n-Updated acknowledgements\n\nDeveloperGuide.md\n-Replaced \"Cake Collate\" with \"CakeCollate\"\n","fileTypesAndContributionMap":{"docs":{"insertions":25,"deletions":15}}},{"hash":"d207445dfbdc9b99eae9c68fc3a7bbe192b801e1","messageTitle":"Fix some style errors.","messageBody":"","fileTypesAndContributionMap":{"docs":{"insertions":8,"deletions":8}}},{"hash":"13dd153e5b1373d8e4a9d978daa88b892f60b83f","messageTitle":"idk","messageBody":"","fileTypesAndContributionMap":{"docs":{"insertions":25,"deletions":28}}},{"hash":"716652bbd3acdbe6c598163eef49e1826b175d9f","messageTitle":"Should be most updated copy (i hope) + my own aboutus","messageBody":"","fileTypesAndContributionMap":{"docs":{"insertions":55,"deletions":7}}},{"hash":"be688fea82afcd400a6098df6df27ade114c5e2b","messageTitle":"Updated about us for myself and ruixiong","messageBody":"","fileTypesAndContributionMap":{"docs":{"insertions":106,"deletions":9}}},{"hash":"928bb0d59a81b31db6e750d7a2af10332a667a5f","messageTitle":"update?","messageBody":"","fileTypesAndContributionMap":{"docs":{"insertions":1,"deletions":1}}}]},{"date":"2021-03-03","commitResults":[{"hash":"e2c60053821e392e84af500251579d2625541405","messageTitle":"update photo name","messageBody":"","fileTypesAndContributionMap":{"docs":{"insertions":1,"deletions":1}}},{"hash":"5c6bb8c54d2a67e5cd3690ba8216e46864000203","messageTitle":"Removed John Doe from aboutus.md and /team/johndoe.md in an attempt to pass website.adapted. Edited xiinweii98 and ruixiong2211 names in accordance to github username.","messageBody":"","fileTypesAndContributionMap":{"docs":{"insertions":3,"deletions":59}}},{"hash":"7fa7faca2b05f9105004355d737b0d2a1d6f465d","messageTitle":"Updated UserGuide.md to include acknowledgements to AB3 to address issue of \"no traces of AB3 left\" for tp task UG.adapted","messageBody":"","fileTypesAndContributionMap":{"docs":{"insertions":6,"deletions":0}}},{"hash":"46ee050f29e9ee9e0b2229c8d592d3e93f3483b6","messageTitle":"Updated Quickstart in UserGuide.md","messageBody":"-Edited instruction 2 by changing github release link to team repository\u0027s releases page\n -Replaced \"Cake Collate\" with \"CakeCollate\" in Quickstart section\n","fileTypesAndContributionMap":{"docs":{"insertions":5,"deletions":5}}}]}],"simran-bhadani3":[{"date":"2021-03-02","commitResults":[{"hash":"d898c8f71c631bd48161bcea51f14b477be02bd7","messageTitle":"Update delete command in User Guide","messageBody":"","fileTypesAndContributionMap":{"docs":{"insertions":9,"deletions":8}}},{"hash":"6b1e974f5d562f7590c28b9489ac335d070e35f4","messageTitle":"Add details to AboutUs.md","messageBody":"","fileTypesAndContributionMap":{"docs":{"insertions":5,"deletions":5}}},{"hash":"0e6f26837d4de5e65dfb1fda664006c46b9b8592","messageTitle":"Update value proposition in developer guide","messageBody":"","fileTypesAndContributionMap":{"docs":{"insertions":1,"deletions":1}}},{"hash":"67fcdf42b0be08a0be468343eae0d99a5c5ad6c6","messageTitle":"Update target user profile in developer guide","messageBody":"","fileTypesAndContributionMap":{"docs":{"insertions":4,"deletions":2}}}]},{"date":"2021-03-03","commitResults":[{"hash":"b2879b61bbf7f1b0f5b7b752fe710e7e5c3395a4","messageTitle":"Remove traces of address book from user guide","messageBody":"","fileTypesAndContributionMap":{"docs":{"insertions":9,"deletions":9}}}]}]},"authorFileTypeContributionMap":{"pPris":{"docs":44,"functional-code":0,"test-code":0},"RuiXiong2211":{"docs":54,"functional-code":0,"test-code":0},"pavz02":{"docs":25,"functional-code":0,"test-code":0},"xiinweii98":{"docs":159,"functional-code":0,"test-code":0},"simran-bhadani3":{"docs":23,"functional-code":0,"test-code":0}},"authorContributionVariance":{"pPris":1507.3611,"RuiXiong2211":681.9408,"pavz02":571.17163,"xiinweii98":7587.906,"simran-bhadani3":102.53255},"authorDisplayNameMap":{"pPris":"CS2103T-T11-4 PRIN..LSON","RuiXiong2211":"CS2103T-T11-4 LIM ..IONG","pavz02":"CS2103T-T11-4 THYA..ITRA","xiinweii98":"CS2103T-T11-4 SOH .. WEI","simran-bhadani3":"CS2103T-T11-4 BHAD..MRAN"}}
