{"authorDailyContributionsMap":{"fairyinabottle4":[],"yienyoong":[{"date":"2021-02-25","commitResults":[{"hash":"4f2278fd494b150bbb3ff07276e74fae1325fc31","messageTitle":"Update AboutUs page with my details","messageBody":"","fileTypesAndContributionMap":{"docs":{"insertions":62,"deletions":18}}},{"hash":"7ea9f456a2d6dc2916d4ee3281a2235f60e6bd9b","messageTitle":"Update Command Summary in UG","messageBody":"","fileTypesAndContributionMap":{"docs":{"insertions":5,"deletions":6}}},{"hash":"a45137ef191c7266201ca0bba6521ec525510ba6","messageTitle":"Update DG Target User Profile, Delete use case and Delete user stories","messageBody":"","fileTypesAndContributionMap":{"docs":{"insertions":24,"deletions":17}}}]},{"date":"2021-02-26","commitResults":[{"hash":"ebdd7c26bed2bcf6fec9937adbea832f00f060eb","messageTitle":"Update Add command in UG\u0027s Command Summary","messageBody":"","fileTypesAndContributionMap":{"docs":{"insertions":1,"deletions":1}}}]}],"SiTingST":[],"picasdan9":[]},"authorFileTypeContributionMap":{"fairyinabottle4":{"docs":0,"functional-code":0,"test-code":0},"yienyoong":{"docs":89,"functional-code":0,"test-code":0},"SiTingST":{"docs":0,"functional-code":0,"test-code":0},"picasdan9":{"docs":0,"functional-code":0,"test-code":0}},"authorContributionVariance":{"fairyinabottle4":0.0,"yienyoong":1897.9375,"SiTingST":0.0,"picasdan9":0.0},"authorDisplayNameMap":{"fairyinabottle4":"CS2103T-W10-4 KEIT.. JUN","yienyoong":"CS2103T-W10-4 YOON..I EN","SiTingST":"CS2103T-W10-4 LIM ..TING","picasdan9":"CS2103T-W10-4 TRAN.. DAN"}}
