{"authorDailyContributionsMap":{"jingxueguo":[{"date":"2021-03-02","commitResults":[{"hash":"c210ac18b7eab95034203e0817ff5d7e98b9348b","messageTitle":"Update UserGuide.md","messageBody":"Update user guide (add feature)\n","fileTypesAndContributionMap":{"docs":{"insertions":11,"deletions":7}}},{"hash":"c4a4c0f498a414d676c6e578246384c27290f48a","messageTitle":"Update DeveloperGuide.md","messageBody":"Add use cases for Add feature\n","fileTypesAndContributionMap":{"docs":{"insertions":18,"deletions":0}}},{"hash":"b4390fd6ec63ff8a71c21ef6b81a103755e3360e","messageTitle":"Update AboutUs and include image (jx)","messageBody":"","fileTypesAndContributionMap":{"docs":{"insertions":6,"deletions":5}}},{"hash":"22f59a59b29f2ac769a789c260b200d81e427153","messageTitle":"Update UserGuide.md","messageBody":"Change Edit and Find function to coming soon\n","fileTypesAndContributionMap":{"docs":{"insertions":3,"deletions":3}}}]},{"date":"2021-03-13","commitResults":[{"hash":"9b9ee1c43c0dc2110c6187e1695aed3eb522edf0","messageTitle":"Add portfolio file - jingxue","messageBody":"","fileTypesAndContributionMap":{"docs":{"insertions":0,"deletions":0}}}]},{"date":"2021-03-14","commitResults":[{"hash":"d4c6f2772561bbcc5525cdf8fbb12abd261b5cc6","messageTitle":"Add ViewCommand Update AddressBookParser to recognise view command Add ViewCommand Parser Add PersonType Predicate to filter persons according to person type","messageBody":"","fileTypesAndContributionMap":{"functional-code":{"insertions":98,"deletions":0}}},{"hash":"8e1416cbd7d2155ca880b000438f88f2f8686e3d","messageTitle":"Fix import order to fix checkstyle","messageBody":"","fileTypesAndContributionMap":{"functional-code":{"insertions":3,"deletions":2}}}]},{"date":"2021-03-16","commitResults":[{"hash":"c650f62ed38b12c442fd3fa441fa178bc1d29229","messageTitle":"Update User Guide to rectify add_session command example","messageBody":"","fileTypesAndContributionMap":{"docs":{"insertions":1,"deletions":1}}}]},{"date":"2021-03-21","commitResults":[{"hash":"f4dacb479e0b1f4eb96728caafb9015700ec8c25","messageTitle":"Add test for view command","messageBody":"","fileTypesAndContributionMap":{"test-code":{"insertions":4,"deletions":0}}}]},{"date":"2021-03-24","commitResults":[{"hash":"7d836320ea8af1be3df3f8bec8ae75a92a82a481","messageTitle":"Add Test for view student","messageBody":"","fileTypesAndContributionMap":{"functional-code":{"insertions":1,"deletions":2},"test-code":{"insertions":27,"deletions":0}}}]},{"date":"2021-03-28","commitResults":[{"hash":"9716b75d8f5d6bebfa883169ca9269cc66be5e1c","messageTitle":"Add functionality to view student/tutor by their ID","messageBody":"","fileTypesAndContributionMap":{"functional-code":{"insertions":67,"deletions":10},"test-code":{"insertions":1,"deletions":0}}},{"hash":"16b11ed50da388d96d7445ae8622baf64b1bcdb7","messageTitle":"Fix CheckStyle Issue on indentation and import sequence","messageBody":"","fileTypesAndContributionMap":{"functional-code":{"insertions":5,"deletions":2}}},{"hash":"7ee6006f458f5230db500f9331a85611c13c530d","messageTitle":"Fix import order","messageBody":"","fileTypesAndContributionMap":{"functional-code":{"insertions":1,"deletions":1}}},{"hash":"1eb94c8402920df3e46fd0e334640639f86970bd","messageTitle":"Fix checkstyle","messageBody":"","fileTypesAndContributionMap":{"test-code":{"insertions":3,"deletions":1}}},{"hash":"212e8f4d73b441e4fbf534c5b95980eeba08069b","messageTitle":"Remove assert false","messageBody":"","fileTypesAndContributionMap":{"test-code":{"insertions":0,"deletions":1}}},{"hash":"ee218a4559022845dcb71f97d069a5f50eecd9b6","messageTitle":"Change command word to view_person","messageBody":"","fileTypesAndContributionMap":{"functional-code":{"insertions":9,"deletions":9},"other":{"insertions":9,"deletions":9}}}]},{"date":"2021-03-31","commitResults":[{"hash":"2c67bb2027650bc9cf120005e72c68174321da67","messageTitle":"Update DG for view_person command","messageBody":"","fileTypesAndContributionMap":{"docs":{"insertions":10,"deletions":7}}},{"hash":"6a83ff48b66092d273a46a0155b3680a1f5574f6","messageTitle":"Update UG for list all students and list all tutors","messageBody":"","fileTypesAndContributionMap":{"docs":{"insertions":12,"deletions":0}}},{"hash":"9a826281369de9c9660e7613f63d0a5f7fd4bdcc","messageTitle":"add test case for no person found","messageBody":"","fileTypesAndContributionMap":{"test-code":{"insertions":14,"deletions":0}}},{"hash":"f34d37793518b510d4da0243f01818a105738ba4","messageTitle":"Add list student success test case for list command Add list tutor empty list test case for list command","messageBody":"","fileTypesAndContributionMap":{"test-code":{"insertions":25,"deletions":12}}},{"hash":"90fb86692257fdf2cc49f97947881eb22324ae4a","messageTitle":"fix checkstyle","messageBody":"","fileTypesAndContributionMap":{"test-code":{"insertions":5,"deletions":5}}}]},{"date":"2021-04-01","commitResults":[{"hash":"f544a03d7213aaa2874b6e21e1e53614bcfcd6c8","messageTitle":"Update ReadMe on view command","messageBody":"","fileTypesAndContributionMap":{"docs":{"insertions":1,"deletions":1}}}]},{"date":"2021-04-02","commitResults":[{"hash":"a07308d04b80a1f7c09054a3900a6d9a40a4cecc","messageTitle":"Remove empty ViewCommand file Edit view command message displayed edit view command to throw exception when the index is invalid rather than simply display a message","messageBody":"","fileTypesAndContributionMap":{"functional-code":{"insertions":2,"deletions":11},"test-code":{"insertions":5,"deletions":3}}},{"hash":"c1f951484f5b8a8717f961ab576caf6ff897b943","messageTitle":"Update DG to add extension for MSS for add person","messageBody":"","fileTypesAndContributionMap":{"docs":{"insertions":9,"deletions":1}}},{"hash":"258a3149beeb95a9a39651559d2ff0c3751e818f","messageTitle":"Update DG for manual testing of view command","messageBody":"","fileTypesAndContributionMap":{"docs":{"insertions":30,"deletions":0}}}]},{"date":"2021-04-04","commitResults":[{"hash":"9491a190ebe0d25c5f1a6ff6a84aed31be6e373e","messageTitle":"Rectify view_person command","messageBody":"","fileTypesAndContributionMap":{"docs":{"insertions":11,"deletions":9}}}]}],"car155":[{"date":"2021-03-02","commitResults":[{"hash":"425cf04d9cc507886132eff4219ef97be1f3b66e","messageTitle":"Update User Stories","messageBody":"","fileTypesAndContributionMap":{"docs":{"insertions":30,"deletions":54}}}]},{"date":"2021-03-03","commitResults":[{"hash":"83758d5d32e1eeaab523106340b83eb9f914627b","messageTitle":"Add session class","messageBody":"","fileTypesAndContributionMap":{"functional-code":{"insertions":112,"deletions":0}}},{"hash":"437c229e6e147c5beda41ee1a8b87413f290c02c","messageTitle":"Fix wrong return in Session#getStart() and Session#getEnd() method.","messageBody":"","fileTypesAndContributionMap":{"functional-code":{"insertions":7,"deletions":6}}}]},{"date":"2021-03-04","commitResults":[{"hash":"89f92534a9e0d284e9c336090d0c9d21924947f4","messageTitle":"Add ParserUtil#parseEmail(String) method","messageBody":"","fileTypesAndContributionMap":{"functional-code":{"insertions":96,"deletions":29}}},{"hash":"ed980fab3a0025f6f4dbe7c61acc88516e99405d","messageTitle":"Update Subject Class","messageBody":"","fileTypesAndContributionMap":{"functional-code":{"insertions":48,"deletions":16}}},{"hash":"7788e676eccfd1377e74c8662cc9133801a363a1","messageTitle":"Add ParserUtil#parseSubject(String) method","messageBody":"","fileTypesAndContributionMap":{"functional-code":{"insertions":16,"deletions":0}}}]},{"date":"2021-03-05","commitResults":[{"hash":"b80d59ea6fe297ecb193e85513c9885edf14592c","messageTitle":"Add ParserUtil#parseTime(String) method","messageBody":"","fileTypesAndContributionMap":{"functional-code":{"insertions":27,"deletions":0}}}]},{"date":"2021-03-06","commitResults":[{"hash":"4217311edd08f7b977d395fc05a650e2feac024c","messageTitle":"Add AddSessionCommand, abstract Time to time and Timeslot classes","messageBody":"","fileTypesAndContributionMap":{"functional-code":{"insertions":367,"deletions":103}}}]},{"date":"2021-03-07","commitResults":[{"hash":"2e784b003c957ab08b251c3a8f130de626ea2451","messageTitle":"Add add_session command to CLI","messageBody":"","fileTypesAndContributionMap":{"functional-code":{"insertions":171,"deletions":131},"docs":{"insertions":9,"deletions":9}}},{"hash":"62e2b8f7c72bd798397c5835aea97a0cf2e18c2b","messageTitle":"Update tests","messageBody":"","fileTypesAndContributionMap":{"functional-code":{"insertions":3,"deletions":3},"other":{"insertions":33,"deletions":26},"docs":{"insertions":1,"deletions":1},"test-code":{"insertions":16,"deletions":9}}}]},{"date":"2021-03-17","commitResults":[{"hash":"c952a1047f05c7d5c2388680417af9a2f5b8b159","messageTitle":"Add session test","messageBody":"","fileTypesAndContributionMap":{"functional-code":{"insertions":2,"deletions":8},"test-code":{"insertions":199,"deletions":0}}},{"hash":"32b785b565ed1efa6967aa6f35912e017e871a00","messageTitle":"Edit Time class for checkstyle","messageBody":"","fileTypesAndContributionMap":{"functional-code":{"insertions":0,"deletions":2}}}]},{"date":"2021-03-28","commitResults":[{"hash":"d5f393a83422a168f9bfc35adf6e78c70f9aeb19","messageTitle":"Add UnassignCommand","messageBody":"","fileTypesAndContributionMap":{"functional-code":{"insertions":253,"deletions":6}}},{"hash":"e17c18c62a8734407f2338532b60f8695ddf2279","messageTitle":"Fix null pointer bug in unassignment object","messageBody":"","fileTypesAndContributionMap":{"functional-code":{"insertions":0,"deletions":6}}}]},{"date":"2021-03-29","commitResults":[{"hash":"595e050ba595f7ab7928ba59457856ccfac63645","messageTitle":"Add exception handling for assign and unassign","messageBody":"","fileTypesAndContributionMap":{"functional-code":{"insertions":400,"deletions":288},"test-code":{"insertions":0,"deletions":5}}}]},{"date":"2021-03-30","commitResults":[{"hash":"9d973c436db20c89f017f61374efd1f52ceaf761","messageTitle":"Add unassign feature to UG","messageBody":"","fileTypesAndContributionMap":{"docs":{"insertions":33,"deletions":1}}}]},{"date":"2021-03-31","commitResults":[{"hash":"2131c0b45cf5e6f540b8ec75c1255cda6daef53d","messageTitle":"Add add session feature to DG","messageBody":"","fileTypesAndContributionMap":{"docs":{"insertions":105,"deletions":4}}},{"hash":"c2fe6b232600720b7e0cfae5e447583246552dea","messageTitle":"Edit DG Use Cases","messageBody":"","fileTypesAndContributionMap":{"docs":{"insertions":11,"deletions":28}}},{"hash":"140352623969af796a588864bab5d2f4da41cdf7","messageTitle":"Fix timeslot clash bug","messageBody":"","fileTypesAndContributionMap":{"functional-code":{"insertions":9,"deletions":2}}}]},{"date":"2021-04-02","commitResults":[{"hash":"011dbfc07e520d9555f221eaf4816477c49dc159","messageTitle":"Edit unassign UG","messageBody":"","fileTypesAndContributionMap":{"docs":{"insertions":0,"deletions":14}}},{"hash":"da600bd787b563e30d4a39df03a747d13e0620a5","messageTitle":"Edit Command Summary UG","messageBody":"","fileTypesAndContributionMap":{"docs":{"insertions":4,"deletions":3}}},{"hash":"48d08001b24ef6a54c0f565aa5e43a0dfaccdf42","messageTitle":"Add unassign feature to DG","messageBody":"","fileTypesAndContributionMap":{"docs":{"insertions":79,"deletions":2}}}]}],"chanellNg":[{"date":"2021-03-02","commitResults":[{"hash":"aa699d2f5cccb8ec9637d1e112ec997fce19bd9f","messageTitle":"Added user guide for view tutor, student and class","messageBody":"","fileTypesAndContributionMap":{"docs":{"insertions":38,"deletions":0}}},{"hash":"9e4075894b78c77ceb85bcde225580e5ef66cda8","messageTitle":"Updating DG- use case of view tutor","messageBody":"","fileTypesAndContributionMap":{"docs":{"insertions":20,"deletions":0}}},{"hash":"4f08ec7544efb853a25dcdbb0172b28265108deb","messageTitle":"Updating about us","messageBody":"","fileTypesAndContributionMap":{"docs":{"insertions":5,"deletions":5}}}]},{"date":"2021-03-14","commitResults":[{"hash":"68f670a945cf101b7981459c941966bf24a80dbe","messageTitle":"Adding delete command for session","messageBody":"","fileTypesAndContributionMap":{"functional-code":{"insertions":2,"deletions":0}}},{"hash":"a60d3b7be22d68b837c7a8b01763a872c8fb3434","messageTitle":"Add session delete","messageBody":"","fileTypesAndContributionMap":{"functional-code":{"insertions":40,"deletions":2}}}]},{"date":"2021-03-15","commitResults":[{"hash":"486e4384533022a56950befbd683e4ba3be4d2f6","messageTitle":"Adding delete session command","messageBody":"","fileTypesAndContributionMap":{"functional-code":{"insertions":4,"deletions":0}}},{"hash":"e5897c4f51e27adbfc22ecdf5143573319878045","messageTitle":"Adding Delete Session Command","messageBody":"","fileTypesAndContributionMap":{"functional-code":{"insertions":206,"deletions":18}}},{"hash":"4187eea9ea65c233e822b67dd02383aa90a63460","messageTitle":"Updated Delete Session Command","messageBody":"","fileTypesAndContributionMap":{"functional-code":{"insertions":10,"deletions":7}}},{"hash":"bc12f70bafd68443b79ba0c14f94f2eee601c6eb","messageTitle":"Merging with Session Ui branch","messageBody":"","fileTypesAndContributionMap":{"functional-code":{"insertions":0,"deletions":12}}},{"hash":"1977b169f2d3bdda9f16a72b099d45988c3e5bc0","messageTitle":"Updated Delete Session to merge with Session Ui","messageBody":"","fileTypesAndContributionMap":{"functional-code":{"insertions":6,"deletions":22}}},{"hash":"1859a6889b824cff00d905e4d6e015ab88b92e13","messageTitle":"Updated to match checkstyle","messageBody":"","fileTypesAndContributionMap":{"functional-code":{"insertions":21,"deletions":22}}},{"hash":"9f9d24403ddd005777aaa540528454cdc1767292","messageTitle":"Updated checkstyle for delete session","messageBody":"","fileTypesAndContributionMap":{"functional-code":{"insertions":5,"deletions":5}}},{"hash":"5f0a431f3d438194fed80d93785cbca9594a9e1e","messageTitle":"Updated checkstyle","messageBody":"","fileTypesAndContributionMap":{"functional-code":{"insertions":1,"deletions":0}}},{"hash":"c213ad194225b45466049eb68346287ee5a4e6ab","messageTitle":"Updated AddPersonCommandTest","messageBody":"","fileTypesAndContributionMap":{"test-code":{"insertions":5,"deletions":0}}},{"hash":"a5ffdc6ebeea7100959bb24d01c9f8a8a0079483","messageTitle":"Updated test files","messageBody":"","fileTypesAndContributionMap":{"functional-code":{"insertions":9,"deletions":2}}},{"hash":"470c6bdca42c28c47ace8d018f84ab0c54fd6320","messageTitle":"Updated DeleteCommandParser","messageBody":"","fileTypesAndContributionMap":{"functional-code":{"insertions":0,"deletions":2}}},{"hash":"76c91153f2a9e8e102a0c87f496eefd394a0b451","messageTitle":"Updated Delete Command Exception Message","messageBody":"","fileTypesAndContributionMap":{"functional-code":{"insertions":4,"deletions":5}}},{"hash":"32672c9c233000f16e36711b0bf80e655d6e98a9","messageTitle":"Updated DeleteCommandParser","messageBody":"","fileTypesAndContributionMap":{"functional-code":{"insertions":3,"deletions":1}}},{"hash":"53e55a244dc15306e34a30ec4bf3e0dbe93bdbff","messageTitle":"Updated UG for milestone v1.2","messageBody":"","fileTypesAndContributionMap":{"docs":{"insertions":71,"deletions":27}}},{"hash":"df562a68cdb1739c0b64e86ca719be5d747d3361","messageTitle":"Updated coming soon tags for future commands","messageBody":"","fileTypesAndContributionMap":{"docs":{"insertions":2,"deletions":2}}},{"hash":"a0835fd2d2384cee9de90dc956f0417448e3ce48","messageTitle":"Added SessionId class and added SessionCounter","messageBody":"","fileTypesAndContributionMap":{"functional-code":{"insertions":98,"deletions":45}}},{"hash":"98b5618f13a4b5ac5b769ac06ca69fa32b5492c4","messageTitle":"Updated checkstyle changes","messageBody":"","fileTypesAndContributionMap":{"functional-code":{"insertions":3,"deletions":2}}},{"hash":"b3b0ed4dc2bac20850cbcd6b903f348b3dd98cd6","messageTitle":"Updated import statements","messageBody":"","fileTypesAndContributionMap":{"functional-code":{"insertions":10,"deletions":4}}},{"hash":"c9ed9890dbce39975ae6feffb1df555575230e86","messageTitle":"Updated imports checkstype","messageBody":"","fileTypesAndContributionMap":{"functional-code":{"insertions":9,"deletions":5}}},{"hash":"0180c4ea908d306a61196b179985efef4f34623c","messageTitle":"Changed imports setting","messageBody":"","fileTypesAndContributionMap":{"functional-code":{"insertions":30,"deletions":19}}},{"hash":"5fa3f7be0c9cc5d844096b5c2dfe3a4f2d143398","messageTitle":"Updated checkstyle","messageBody":"","fileTypesAndContributionMap":{"functional-code":{"insertions":20,"deletions":19}}},{"hash":"c146df0b0c19bfe124f306edcc8d97396bdec6cb","messageTitle":"Checkstyle","messageBody":"","fileTypesAndContributionMap":{"functional-code":{"insertions":1,"deletions":0}}},{"hash":"b31c44a77331e7427a5fc1c7c63226ef1c06d05d","messageTitle":"Updated list persons view","messageBody":"","fileTypesAndContributionMap":{"functional-code":{"insertions":10,"deletions":1}}},{"hash":"fed10629b8d41d4eb3043c141bd47ebc94e86b6c","messageTitle":"Updated SampleDataUtil","messageBody":"","fileTypesAndContributionMap":{"functional-code":{"insertions":0,"deletions":2}}}]},{"date":"2021-03-22","commitResults":[{"hash":"b0e5c4132ccf42aa3ba2e0acbe3a2c5f6e78e78b","messageTitle":"Added ViewSessionCommand- individual session view","messageBody":"","fileTypesAndContributionMap":{"functional-code":{"insertions":8,"deletions":0}}},{"hash":"209623a47d7ee80fd5a5fa36dc1782f4982af5ef","messageTitle":"Added Ui- split view for individual session view","messageBody":"","fileTypesAndContributionMap":{"functional-code":{"insertions":207,"deletions":14}}}]},{"date":"2021-03-23","commitResults":[{"hash":"f03e0624ab48c6ed7bd83b372e1adfbc3c0e49f3","messageTitle":"Added EditSessionCommand","messageBody":"","fileTypesAndContributionMap":{"functional-code":{"insertions":371,"deletions":12}}},{"hash":"5ef577f6b2d1dbe7ff0596e4b6fed8ee99e105dc","messageTitle":"Updated ViewSessionCommand-filter by personId","messageBody":"","fileTypesAndContributionMap":{"functional-code":{"insertions":12,"deletions":7}}}]},{"date":"2021-03-27","commitResults":[{"hash":"5f3cc6336c99810cf6fdc4a92a6c8c12599b947f","messageTitle":"Added Session Test Classes","messageBody":"","fileTypesAndContributionMap":{"functional-code":{"insertions":2,"deletions":0},"test-code":{"insertions":10,"deletions":0}}},{"hash":"d685c05a77b2a821183ef15d8b68de55cfad3864","messageTitle":"Added DeleteSessionCommandTest and relevant files","messageBody":"","fileTypesAndContributionMap":{"functional-code":{"insertions":26,"deletions":4},"other":{"insertions":4,"deletions":0},"test-code":{"insertions":278,"deletions":6}}},{"hash":"f540ea908a2c634ccb7283edecc388f238d68afa","messageTitle":"Updated Ui view of ViewSessionCommand","messageBody":"","fileTypesAndContributionMap":{"functional-code":{"insertions":22,"deletions":3}}},{"hash":"fe4bd5fdf58ae2c0dc710cf143706ffed7ce618e","messageTitle":"Adding ViewSessionCommandTest","messageBody":"","fileTypesAndContributionMap":{"test-code":{"insertions":34,"deletions":0}}},{"hash":"4a43e5994b6f9dc785de20fccdcca76d92d92179","messageTitle":"Added ViewSessionCommandTest","messageBody":"","fileTypesAndContributionMap":{"test-code":{"insertions":6,"deletions":0}}},{"hash":"df3cd7fd2454353b7d75a901eede5d0432019d2b","messageTitle":"Added Unit Test for ViewSessionCommand","messageBody":"","fileTypesAndContributionMap":{"functional-code":{"insertions":4,"deletions":0},"test-code":{"insertions":174,"deletions":7}}}]},{"date":"2021-03-28","commitResults":[{"hash":"2fe471c89e39eeceee94b468296be48b973f0056","messageTitle":"Added EditSessionCommandTest and relevant classes","messageBody":"","fileTypesAndContributionMap":{"functional-code":{"insertions":7,"deletions":5},"test-code":{"insertions":474,"deletions":0}}},{"hash":"731770a2647946c224ffeec50ee0037df46c9ade","messageTitle":"Updated Checkstyle","messageBody":"","fileTypesAndContributionMap":{"functional-code":{"insertions":2,"deletions":3}}},{"hash":"a437176186283f70ed2ac8606546b6ff04f0eb7e","messageTitle":"Updated Tests checkstyle","messageBody":"","fileTypesAndContributionMap":{"test-code":{"insertions":61,"deletions":65}}},{"hash":"92e552a53c04b841ab7ee4c2ddeba57296b09be8","messageTitle":"Updated checkstyle","messageBody":"","fileTypesAndContributionMap":{"functional-code":{"insertions":38,"deletions":34},"test-code":{"insertions":50,"deletions":36}}},{"hash":"9a5c16d7d90bfbe954a3408ef23fffbfaf3d2416","messageTitle":"Updated CheckStyle","messageBody":"","fileTypesAndContributionMap":{"functional-code":{"insertions":24,"deletions":28},"test-code":{"insertions":17,"deletions":20}}},{"hash":"12e72a252e4f862a1407bd9632c4deb5fd96297e","messageTitle":"Updating Test files","messageBody":"","fileTypesAndContributionMap":{"test-code":{"insertions":1,"deletions":9}}}]},{"date":"2021-03-29","commitResults":[{"hash":"d59501eb2e2633bdb884c252ba7b2ec42758695d","messageTitle":"Resolve Merge conflict","messageBody":"","fileTypesAndContributionMap":{"functional-code":{"insertions":14,"deletions":7}}},{"hash":"76c88d68fbd58abe49662237ec751f1ca066cf8c","messageTitle":"Added Ui view for ViewPersonCommand","messageBody":"","fileTypesAndContributionMap":{"functional-code":{"insertions":200,"deletions":70},"test-code":{"insertions":8,"deletions":4}}},{"hash":"91313d3c3328e3efe7e02681bcf0f2b087baf388","messageTitle":"Resolved merge conflicts and checkstyle","messageBody":"","fileTypesAndContributionMap":{"functional-code":{"insertions":2,"deletions":2},"test-code":{"insertions":2,"deletions":8}}},{"hash":"4e27a96f561162193f3628377d5521810d3b496d","messageTitle":"Resolved merge conflicts and checkstyle","messageBody":"","fileTypesAndContributionMap":{"functional-code":{"insertions":44,"deletions":44},"test-code":{"insertions":6,"deletions":6}}},{"hash":"6f8d0f49d2573f0a89dcd1dfc30487524bb606af","messageTitle":"Resolved merge conflict for test files","messageBody":"","fileTypesAndContributionMap":{"functional-code":{"insertions":24,"deletions":5},"test-code":{"insertions":3,"deletions":3}}},{"hash":"9988d163a1621f16a7c2687baf4b842ec51d5e03","messageTitle":"Added class for testing","messageBody":"","fileTypesAndContributionMap":{"test-code":{"insertions":10,"deletions":0}}},{"hash":"23e88e912536446083cc781eace448f429bab574","messageTitle":"Updated Ui view for empty lists","messageBody":"","fileTypesAndContributionMap":{"functional-code":{"insertions":7,"deletions":0}}}]},{"date":"2021-03-30","commitResults":[{"hash":"bd4d0edf7e0956edc22458edb8bc6b16509ec3f6","messageTitle":"Resolved issues found","messageBody":"","fileTypesAndContributionMap":{"functional-code":{"insertions":34,"deletions":21},"test-code":{"insertions":10,"deletions":0}}},{"hash":"2632c0ab5495238901b6773b20368e91eda50caf","messageTitle":"Updated test files","messageBody":"","fileTypesAndContributionMap":{"test-code":{"insertions":0,"deletions":48}}}]},{"date":"2021-03-31","commitResults":[{"hash":"250a3698e0802025739ff6faca50ec7986d90c28","messageTitle":"Update UG v1.3","messageBody":"","fileTypesAndContributionMap":{"docs":{"insertions":58,"deletions":19}}},{"hash":"89f815f5158588faf56f4090f2dcd4bf1bf99ed8","messageTitle":"Update Edit Session command","messageBody":"","fileTypesAndContributionMap":{"functional-code":{"insertions":48,"deletions":2},"docs":{"insertions":46,"deletions":19}}},{"hash":"7ba247d3cbe07ab97a291b502f5c8369a9ce0490","messageTitle":"Resolved issues","messageBody":"","fileTypesAndContributionMap":{"functional-code":{"insertions":12,"deletions":4}}},{"hash":"d2faeb506bef91e92541c80570ea7a92f68fa247","messageTitle":"Updated checkstyle","messageBody":"","fileTypesAndContributionMap":{"functional-code":{"insertions":3,"deletions":2}}},{"hash":"c1ef4e4c6ff9f6c692ca4f67561a257c84b2a1d7","messageTitle":"Update UG- edit_session","messageBody":"","fileTypesAndContributionMap":{"docs":{"insertions":6,"deletions":3}}}]},{"date":"2021-04-01","commitResults":[{"hash":"96a9ee2cd1f616b1052df59985eb78ea70feafb4","messageTitle":"Updated Find Command","messageBody":"","fileTypesAndContributionMap":{"functional-code":{"insertions":5,"deletions":0}}},{"hash":"c2f102586aea3fdc32163acbf4ba381256d98300","messageTitle":"Update checkstyle","messageBody":"","fileTypesAndContributionMap":{"functional-code":{"insertions":2,"deletions":1}}}]}],"yanlingkuek":[{"date":"2021-03-02","commitResults":[{"hash":"63616159f3b004a2a039040a864e7a7374cf8b05","messageTitle":"Update About Us - Kuek Yan Ling","messageBody":"","fileTypesAndContributionMap":{"docs":{"insertions":6,"deletions":46}}},{"hash":"f99fab14d74960540e81f0b3a2095cad88433bd5","messageTitle":"Update User Guide (delete feature)","messageBody":"","fileTypesAndContributionMap":{"docs":{"insertions":17,"deletions":9}}},{"hash":"bd0f2c1c162021f4eca91f9347bee608f956ce3d","messageTitle":"Update Developer Guide (use case for delete feature)","messageBody":"","fileTypesAndContributionMap":{"docs":{"insertions":7,"deletions":12}}}]},{"date":"2021-03-04","commitResults":[{"hash":"b9cd1d8d2c26a3c2de5f9fb017a1a3f32e54dcf8","messageTitle":"Correct naming of images in AboutUS","messageBody":"","fileTypesAndContributionMap":{"docs":{"insertions":3,"deletions":3}}},{"hash":"54909ab7548a6b319d94367f793d6afd2fa592a0","messageTitle":"Remove AB3 information from User Guide","messageBody":"","fileTypesAndContributionMap":{"docs":{"insertions":9,"deletions":10}}}]},{"date":"2021-03-14","commitResults":[{"hash":"2ca53cf7cb253efd42008ef85dfcb96486259018","messageTitle":"Add person id","messageBody":"","fileTypesAndContributionMap":{"functional-code":{"insertions":105,"deletions":17},"test-code":{"insertions":97,"deletions":33}}}]},{"date":"2021-03-16","commitResults":[{"hash":"6e8c4708a19b857ae460d35a99c91ee45d8e414c","messageTitle":"Implement incrementing student and tutor ids","messageBody":"","fileTypesAndContributionMap":{"functional-code":{"insertions":86,"deletions":17}}},{"hash":"5fb0da342a964442680f843f6286f5f02683711b","messageTitle":"Fixed bugs to pass test cases","messageBody":"","fileTypesAndContributionMap":{"functional-code":{"insertions":53,"deletions":22},"test-code":{"insertions":79,"deletions":30}}},{"hash":"8a66c1648c8f854a49c4c4064953946d91c2aa7e","messageTitle":"Add delete person feature","messageBody":"","fileTypesAndContributionMap":{"functional-code":{"insertions":115,"deletions":1}}},{"hash":"0cbf537c4df90ee3c024828bb7329afda38eaa44","messageTitle":"Update user guide for delete feature","messageBody":"","fileTypesAndContributionMap":{"docs":{"insertions":10,"deletions":10}}},{"hash":"338eeff35d45e1908059c6a3f444d12706b162e7","messageTitle":"Update user guide","messageBody":"","fileTypesAndContributionMap":{"docs":{"insertions":3,"deletions":23}}},{"hash":"084506f0d62fdc5f443d7143003c9a758f3dee9b","messageTitle":"Fix UI issue for view persons and view sessions","messageBody":"","fileTypesAndContributionMap":{"functional-code":{"insertions":2,"deletions":0}}}]},{"date":"2021-03-28","commitResults":[{"hash":"39bc337be2374522c8fd2869619653f8b67c6c79","messageTitle":"Add edit_person command","messageBody":"","fileTypesAndContributionMap":{"functional-code":{"insertions":377,"deletions":66},"test-code":{"insertions":30,"deletions":173}}},{"hash":"36af7e55ef9270bb937e47c010761deaf281d44e","messageTitle":"Add testcases for edit_person","messageBody":"","fileTypesAndContributionMap":{"functional-code":{"insertions":32,"deletions":37},"test-code":{"insertions":586,"deletions":58}}},{"hash":"9a19a42f455976a0841527fc59a59bd99fe4c09c","messageTitle":"Enable assertions","messageBody":"","fileTypesAndContributionMap":{"other":{"insertions":4,"deletions":0}}}]},{"date":"2021-03-30","commitResults":[{"hash":"eb5a9f3c006f617eb3f4037d9cb94cb038af45d5","messageTitle":"Remove clearPanels() when there is invalid user input","messageBody":"","fileTypesAndContributionMap":{"functional-code":{"insertions":0,"deletions":1}}},{"hash":"7c4b10e22951b36cd5230a294b21604d744145cc","messageTitle":"Add error message for list command","messageBody":"","fileTypesAndContributionMap":{"functional-code":{"insertions":2,"deletions":1}}}]},{"date":"2021-03-31","commitResults":[{"hash":"6616480d6703f44d0001aad3701af0a232c0f374","messageTitle":"Change edit_person command to update list of session IDs","messageBody":"","fileTypesAndContributionMap":{"functional-code":{"insertions":66,"deletions":4}}}]},{"date":"2021-04-01","commitResults":[{"hash":"452a3f8307e6ae0d44ec7ab7fba587bd85133919","messageTitle":"Update user guide for edit_person, README and index","messageBody":"","fileTypesAndContributionMap":{"functional-code":{"insertions":1,"deletions":1},"docs":{"insertions":82,"deletions":64}}},{"hash":"7da0b6b092fee747b2a0f7f114dd9f18da414c43","messageTitle":"Update user guide for find command","messageBody":"","fileTypesAndContributionMap":{"docs":{"insertions":1,"deletions":1}}}]},{"date":"2021-04-02","commitResults":[{"hash":"457349e323174a7d6e25f7447e8b797f679b8a36","messageTitle":"Update DG for delete_person command","messageBody":"","fileTypesAndContributionMap":{"docs":{"insertions":35,"deletions":1}}},{"hash":"23c658d0ce9c4b165c7e669c283696a10387024e","messageTitle":"Remove table from README","messageBody":"","fileTypesAndContributionMap":{"docs":{"insertions":0,"deletions":13}}},{"hash":"44a670a2ecea326201c4bfaa7966f35ba463d754","messageTitle":"Update DG for delete_person","messageBody":"","fileTypesAndContributionMap":{"docs":{"insertions":0,"deletions":42}}},{"hash":"9bc2b3c558f5afde700ec136e64cf5c948bd2b3e","messageTitle":"Update manual testing section of DG","messageBody":"","fileTypesAndContributionMap":{"docs":{"insertions":9,"deletions":7}}}]}],"Bennyphoe":[{"date":"2021-02-28","commitResults":[{"hash":"1bb125f65297682f92a1abcea7d2e3121faefeb5","messageTitle":"Update Readme Actions","messageBody":"","fileTypesAndContributionMap":{"docs":{"insertions":1,"deletions":1}}}]},{"date":"2021-03-01","commitResults":[{"hash":"663c24aba4d44910054458bc7e3fc1036a58dec9","messageTitle":"Add Student and Tutor Classes, modify Add related Command Files","messageBody":"","fileTypesAndContributionMap":{"functional-code":{"insertions":180,"deletions":16},"test-code":{"insertions":35,"deletions":11}}},{"hash":"0be77ae985872fd9bf868e6d2806bbb76f3a0949","messageTitle":"update tests for AddCommand for Student and Tutor","messageBody":"","fileTypesAndContributionMap":{"functional-code":{"insertions":13,"deletions":2},"test-code":{"insertions":100,"deletions":35}}},{"hash":"e6d330a34fd19b5ee6837568629c33374772a99a","messageTitle":"Fix CheckStyle for AddCommandParserTest","messageBody":"","fileTypesAndContributionMap":{"test-code":{"insertions":17,"deletions":9}}}]},{"date":"2021-03-02","commitResults":[{"hash":"d9eaed8dbd5de0d030150f60d95ce85d6631c180","messageTitle":"Update ReadMe","messageBody":"","fileTypesAndContributionMap":{"docs":{"insertions":48,"deletions":10}}},{"hash":"d4bb03a65f5f760438fa3aa4faf97ca2e887b983","messageTitle":"Update AboutUs","messageBody":"","fileTypesAndContributionMap":{"docs":{"insertions":5,"deletions":5}}},{"hash":"d3e1569a47337bf425b84dc76c7461d61d7d48f2","messageTitle":"Update UG for assign","messageBody":"","fileTypesAndContributionMap":{"docs":{"insertions":3,"deletions":1}}},{"hash":"66d5fcaa3852840a3bab66657734f0f46d305cc5","messageTitle":"trailing whitespaces","messageBody":"","fileTypesAndContributionMap":{"docs":{"insertions":2,"deletions":3}}},{"hash":"0a98bf826a3bcf3b8f53462a69beeff655a1f547","messageTitle":"Update NFR for Developer Guide","messageBody":"","fileTypesAndContributionMap":{"docs":{"insertions":2,"deletions":1}}}]},{"date":"2021-03-14","commitResults":[{"hash":"4a17eaaa2793d3d9fbfaeb12bf4d12d214b7fca0","messageTitle":"add List Sessions Classes, storage classes, UI classes","messageBody":"","fileTypesAndContributionMap":{"functional-code":{"insertions":775,"deletions":12},"test-code":{"insertions":32,"deletions":9}}},{"hash":"b162b7361db939d312a3483630d62286a4ce0397","messageTitle":"edit checkstyle","messageBody":"","fileTypesAndContributionMap":{"functional-code":{"insertions":3,"deletions":190}}}]},{"date":"2021-03-23","commitResults":[{"hash":"2bba2949f2bc69493741d6c13832c46784e96bef","messageTitle":"Add functionality to assign student/tutor to session and vice versa","messageBody":"","fileTypesAndContributionMap":{"functional-code":{"insertions":541,"deletions":18},"test-code":{"insertions":44,"deletions":16}}}]},{"date":"2021-04-01","commitResults":[{"hash":"4de554d4b7dd94e83ecff837214eb9730a053232","messageTitle":"update UG and readme for Assign use case","messageBody":"","fileTypesAndContributionMap":{"docs":{"insertions":29,"deletions":2}}}]}]},"authorFileTypeContributionMap":{"jingxueguo":{"docs":84,"functional-code":131,"test-code":58},"car155":{"docs":219,"functional-code":1079,"test-code":248},"chanellNg":{"docs":121,"functional-code":1241,"test-code":671},"yanlingkuek":{"docs":130,"functional-code":748,"test-code":736,"other":4},"Bennyphoe":{"docs":49,"functional-code":1083,"test-code":160}},"authorContributionVariance":{"jingxueguo":834.3536,"car155":20340.156,"chanellNg":41143.496,"yanlingkuek":45168.105,"Bennyphoe":33398.93},"authorDisplayNameMap":{"jingxueguo":"CS2103-W16-4 GUO ..GXUE","car155":"CS2103-W16-4 CARI..TENG","chanellNg":"CS2103-W16-4 CHAN..L NG","yanlingkuek":"CS2103-W16-4 KUEK..LING","Bennyphoe":"CS2103-W16-4 PHOE..ENNY"}}
