{"authorDailyContributionsMap":{"arihantjain97":[{"date":"2021-03-02","commitResults":[{"hash":"2452e56323aeb0a4d30fef0724e0ee7f894fce51","messageTitle":"Developer Guide: Added user stories into file","messageBody":"","fileTypesAndContributionMap":{"docs":{"insertions":16,"deletions":1}}}]}],"Jonathan-Cao":[{"date":"2021-02-28","commitResults":[{"hash":"edf8944616d2dc4dbe113cf04b56e6921a6ebad5","messageTitle":"update AboutUs","messageBody":"","fileTypesAndContributionMap":{"docs":{"insertions":17,"deletions":30}}},{"hash":"74ca50bf48ba1badbdfda244bfa5b3bb396c2260","messageTitle":"edit names","messageBody":"","fileTypesAndContributionMap":{"docs":{"insertions":1,"deletions":1}}}]},{"date":"2021-03-02","commitResults":[{"hash":"7be5637cc2f035f8ababef5e06fe08287b2df291","messageTitle":"add use cases and edit target user profile","messageBody":"","fileTypesAndContributionMap":{"docs":{"insertions":50,"deletions":10}}},{"hash":"df9fb355e7feb12da071f1439111bc24282500f5","messageTitle":"edit add clothing item use case","messageBody":"","fileTypesAndContributionMap":{"docs":{"insertions":1,"deletions":1}}},{"hash":"8f6f5df22797822770cba487cbf3f5d64525f300","messageTitle":"edit typo","messageBody":"","fileTypesAndContributionMap":{"docs":{"insertions":1,"deletions":1}}}]}],"adidoesnt":[{"date":"2021-03-02","commitResults":[{"hash":"4991a938a184c9bf07effa230f50f862e6677f64","messageTitle":"Create Developer Guide","messageBody":"","fileTypesAndContributionMap":{"docs":{"insertions":16,"deletions":338}}}]}],"VisnuRavi":[{"date":"2021-02-28","commitResults":[{"hash":"e522082a08a5e302bfa63f0bf7af1e2731c1d7b1","messageTitle":"Edit README","messageBody":"","fileTypesAndContributionMap":{"docs":{"insertions":20,"deletions":10}}},{"hash":"860ae73ade7ef160d01fd515f22638a26a91aa65","messageTitle":"Minor edit to README","messageBody":"","fileTypesAndContributionMap":{"docs":{"insertions":4,"deletions":4}}},{"hash":"bff5dd5d9f8b050cbeafe0bf94904aa8f65d9dcc","messageTitle":"Add newline at EOF","messageBody":"","fileTypesAndContributionMap":{"docs":{"insertions":1,"deletions":1}}},{"hash":"773d674cbbb9dd3d94c6a245135e70763be9a8c1","messageTitle":"Edit name","messageBody":"","fileTypesAndContributionMap":{"docs":{"insertions":1,"deletions":1}}}]},{"date":"2021-03-02","commitResults":[{"hash":"0935dad204afcc312f3207f0516e4258a3060a51","messageTitle":"Basic outline of User Guide","messageBody":"","fileTypesAndContributionMap":{"docs":{"insertions":18,"deletions":186}}},{"hash":"2c201b33027d7b0b2e225e40ca189b4ff087e713","messageTitle":"Edit to the name","messageBody":"","fileTypesAndContributionMap":{"docs":{"insertions":3,"deletions":1}}}]}]},"authorFileTypeContributionMap":{"arihantjain97":{"docs":8,"functional-code":0,"test-code":0},"Jonathan-Cao":{"docs":49,"functional-code":0,"test-code":0},"adidoesnt":{"docs":11,"functional-code":0,"test-code":0},"VisnuRavi":{"docs":40,"functional-code":0,"test-code":0}},"authorContributionVariance":{"arihantjain97":22.076387,"Jonathan-Cao":452.74304,"adidoesnt":9572.75,"VisnuRavi":3318.3057},"authorDisplayNameMap":{"arihantjain97":"CS2103T-T12-1 ARIH..JAIN","Jonathan-Cao":"CS2103T-T12-1 CAO ..THAN","adidoesnt":"CS2103T-T12-1 BANE..ITYA","VisnuRavi":"CS2103T-T12-1 VISN..DRAN"}}
