{"authorDailyContributionsMap":{"arihantjain97":[{"date":"2021-03-02","commitResults":[{"hash":"2452e56323aeb0a4d30fef0724e0ee7f894fce51","messageTitle":"Developer Guide: Added user stories into file","messageBody":"","fileTypesAndContributionMap":{"docs":{"insertions":16,"deletions":1}}}]},{"date":"2021-03-04","commitResults":[{"hash":"b742a60912aa7ebba463ca5f7f3d5bd36c254827","messageTitle":"Added the list and help commands into UG","messageBody":"","fileTypesAndContributionMap":{"docs":{"insertions":9,"deletions":0}}}]},{"date":"2021-03-10","commitResults":[{"hash":"39b235eeb28f3f5a8e9a362c5ace2b56c7c33c91","messageTitle":"Added DressCode (enum) Class","messageBody":"","fileTypesAndContributionMap":{"functional-code":{"insertions":7,"deletions":0}}},{"hash":"9333db23b28e15e86f82ba85870593dad1205887","messageTitle":"added enum class and javadocs","messageBody":"","fileTypesAndContributionMap":{"functional-code":{"insertions":6,"deletions":1}}},{"hash":"01fbaed10c0d880c6cb0dddca69d97ef015cde75","messageTitle":"edited checkstyle","messageBody":"","fileTypesAndContributionMap":{"functional-code":{"insertions":0,"deletions":1}}},{"hash":"7e65fba24dd2b320b2f7a5a9637e555316689142","messageTitle":"changed address to dresscode","messageBody":"","fileTypesAndContributionMap":{"functional-code":{"insertions":110,"deletions":124},"test-code":{"insertions":12,"deletions":12}}}]},{"date":"2021-03-11","commitResults":[{"hash":"52a1c9a51b97b00ba34c07484ca1e23c62c63f82","messageTitle":"editing address to dresscode with changed tests","messageBody":"","fileTypesAndContributionMap":{"functional-code":{"insertions":5,"deletions":6},"test-code":{"insertions":148,"deletions":148}}},{"hash":"a6861fa331aeefa435bb4cc2ea3cfc6358dfa654","messageTitle":"Fixed the tests for changing address to dresscode","messageBody":"","fileTypesAndContributionMap":{"test-code":{"insertions":25,"deletions":25}}}]},{"date":"2021-03-14","commitResults":[{"hash":"1279f08b2dd3f1b544e3edfa232f3be6c27291b8","messageTitle":"fixed up remnants of conflict","messageBody":"","fileTypesAndContributionMap":{"functional-code":{"insertions":1,"deletions":2},"test-code":{"insertions":7,"deletions":30}}},{"hash":"7cc4cfd103cc9f5c2792aa1aaef492194709eed9","messageTitle":"fixed checkstyle errors","messageBody":"","fileTypesAndContributionMap":{"functional-code":{"insertions":15,"deletions":15}}},{"hash":"c401d88634ba67885d4da371e6f39b37a9fa4fa0","messageTitle":"Checkstyle errors","messageBody":"","fileTypesAndContributionMap":{"functional-code":{"insertions":2,"deletions":3}}},{"hash":"0ab19073ec79988c3b8284a2a9bc12cd13cccb3f","messageTitle":"no message","messageBody":"","fileTypesAndContributionMap":{"functional-code":{"insertions":0,"deletions":2}}},{"hash":"aaf5fc3c293b4ace50e8dcb94b6b3e0640c87b2f","messageTitle":"checkstyle","messageBody":"","fileTypesAndContributionMap":{"functional-code":{"insertions":1,"deletions":0}}},{"hash":"a1fc128a33daa3130c268068281bdcbdb48a1fbf","messageTitle":"checkstyle","messageBody":"","fileTypesAndContributionMap":{"test-code":{"insertions":24,"deletions":24}}},{"hash":"014c8cdc7d825ada30c7339b933d65a598c45eef","messageTitle":"checkstyle","messageBody":"","fileTypesAndContributionMap":{"test-code":{"insertions":33,"deletions":12}}},{"hash":"aaf66b2a5876c7f2b700dd66888b0c28cf156957","messageTitle":"checkstyle","messageBody":"","fileTypesAndContributionMap":{"test-code":{"insertions":1,"deletions":1}}},{"hash":"787068a9494fb5fa412d528699096b1c952290a4","messageTitle":"checkstyle","messageBody":"","fileTypesAndContributionMap":{"test-code":{"insertions":6,"deletions":18}}},{"hash":"05abfd62f743eecbff5700bc0ff2c93504114638","messageTitle":"checkstyle","messageBody":"","fileTypesAndContributionMap":{"test-code":{"insertions":0,"deletions":1}}},{"hash":"be3f1f0c4300c888afc2191993c9fe3f142a4cc9","messageTitle":"test error fix","messageBody":"","fileTypesAndContributionMap":{"test-code":{"insertions":4,"deletions":5}}},{"hash":"47c275ac539c927812dffbac6f4368f94af297f6","messageTitle":"checkstyle","messageBody":"","fileTypesAndContributionMap":{"test-code":{"insertions":5,"deletions":2}}},{"hash":"bf1c621f94b044aecc68df652b78d0fff746ebfb","messageTitle":"checkstyle","messageBody":"","fileTypesAndContributionMap":{"test-code":{"insertions":1,"deletions":0}}}]},{"date":"2021-03-18","commitResults":[{"hash":"0efcb91e63635065bac49520cd1e85121ba51abd","messageTitle":"Added type class, edited regex for dresscode","messageBody":"","fileTypesAndContributionMap":{"functional-code":{"insertions":44,"deletions":3}}},{"hash":"692ee24af9f8c20418effb8b9cbb1a56af2e5529","messageTitle":"added javadoc","messageBody":"","fileTypesAndContributionMap":{"functional-code":{"insertions":15,"deletions":1}}}]},{"date":"2021-03-22","commitResults":[{"hash":"a07ae8edcb5c63fa13aca967d979610fc055bb91","messageTitle":"updated garment","messageBody":"","fileTypesAndContributionMap":{"functional-code":{"insertions":145,"deletions":7}}},{"hash":"f029db3d313f0c6ab205d6d5f06ddf9f20a29853","messageTitle":"double check","messageBody":"","fileTypesAndContributionMap":{"functional-code":{"insertions":3,"deletions":2}}}]},{"date":"2021-03-24","commitResults":[{"hash":"5e2adeeafe5f16fb1428e95315a08eb3f9fd2e02","messageTitle":"Added Select[Proposed] in DG","messageBody":"","fileTypesAndContributionMap":{"docs":{"insertions":65,"deletions":1}}}]},{"date":"2021-03-28","commitResults":[{"hash":"9bd303e7a22b872d074205b075208fd567aaf9a5","messageTitle":"Added Select Command","messageBody":"","fileTypesAndContributionMap":{"functional-code":{"insertions":90,"deletions":10}}}]},{"date":"2021-03-29","commitResults":[{"hash":"d5c41ae184ef986a87221af142dc9b76d915c70c","messageTitle":"no message","messageBody":"","fileTypesAndContributionMap":{"functional-code":{"insertions":6,"deletions":0}}},{"hash":"210ee682602f34f851e3139dbc559fc12afc86c6","messageTitle":"Edited UG","messageBody":"","fileTypesAndContributionMap":{"docs":{"insertions":167,"deletions":61}}},{"hash":"5ca7f1c312e4ed38c5b9dbdc44ad6c0ecf4efc52","messageTitle":"Edited UG","messageBody":"","fileTypesAndContributionMap":{"docs":{"insertions":12,"deletions":11}}},{"hash":"7a50888d7f1008339c8a7f1f2f5c6534e5ec3bef","messageTitle":"Checkstyle edit","messageBody":"","fileTypesAndContributionMap":{"functional-code":{"insertions":3,"deletions":4}}},{"hash":"337df2819370e6ab58e4015475a15ca170123f48","messageTitle":"checkstyle edit","messageBody":"","fileTypesAndContributionMap":{"functional-code":{"insertions":0,"deletions":1}}}]}],"Jonathan-Cao":[{"date":"2021-02-28","commitResults":[{"hash":"edf8944616d2dc4dbe113cf04b56e6921a6ebad5","messageTitle":"update AboutUs","messageBody":"","fileTypesAndContributionMap":{"docs":{"insertions":17,"deletions":30}}},{"hash":"74ca50bf48ba1badbdfda244bfa5b3bb396c2260","messageTitle":"edit names","messageBody":"","fileTypesAndContributionMap":{"docs":{"insertions":1,"deletions":1}}}]},{"date":"2021-03-02","commitResults":[{"hash":"7be5637cc2f035f8ababef5e06fe08287b2df291","messageTitle":"add use cases and edit target user profile","messageBody":"","fileTypesAndContributionMap":{"docs":{"insertions":50,"deletions":10}}},{"hash":"df9fb355e7feb12da071f1439111bc24282500f5","messageTitle":"edit add clothing item use case","messageBody":"","fileTypesAndContributionMap":{"docs":{"insertions":1,"deletions":1}}},{"hash":"8f6f5df22797822770cba487cbf3f5d64525f300","messageTitle":"edit typo","messageBody":"","fileTypesAndContributionMap":{"docs":{"insertions":1,"deletions":1}}}]},{"date":"2021-03-03","commitResults":[{"hash":"7cbea857a5ba4e4df01e0d4e7071edc11b07d660","messageTitle":"adapt website to nufash","messageBody":"","fileTypesAndContributionMap":{"docs":{"insertions":8,"deletions":8}}}]},{"date":"2021-03-05","commitResults":[{"hash":"03da6f4e27e9ebb144cf33fa52967dab887813c9","messageTitle":"add edit feature","messageBody":"","fileTypesAndContributionMap":{"docs":{"insertions":37,"deletions":14}}}]},{"date":"2021-03-09","commitResults":[{"hash":"398857e634cc38307cacbf8e39ba7693f5ec0449","messageTitle":"add description","messageBody":"","fileTypesAndContributionMap":{"functional-code":{"insertions":207,"deletions":199},"test-code":{"insertions":201,"deletions":174}}}]},{"date":"2021-03-10","commitResults":[{"hash":"4aab44387539ea107f13108fa3b6ab42a27d42cb","messageTitle":"add Wardrobe","messageBody":"","fileTypesAndContributionMap":{"functional-code":{"insertions":155,"deletions":155},"other":{"insertions":97,"deletions":97},"test-code":{"insertions":242,"deletions":242}}}]},{"date":"2021-03-14","commitResults":[{"hash":"ce862e99430b16c737a79174c76f04e4b2952d6a","messageTitle":"update Person to Garment","messageBody":"","fileTypesAndContributionMap":{"functional-code":{"insertions":230,"deletions":229},"other":{"insertions":214,"deletions":212},"test-code":{"insertions":481,"deletions":481}}}]},{"date":"2021-03-15","commitResults":[{"hash":"77d7e1d61274bc5fec5bafb8ee93458f99379490","messageTitle":"edit test cases","messageBody":"","fileTypesAndContributionMap":{"test-code":{"insertions":15,"deletions":13}}}]},{"date":"2021-03-17","commitResults":[{"hash":"dedaa0e5e89e10364f5ab93cf6f5af6880f55ce6","messageTitle":"edit description to support multiple words","messageBody":"","fileTypesAndContributionMap":{"functional-code":{"insertions":1,"deletions":58},"test-code":{"insertions":0,"deletions":36}}},{"hash":"273a579443dab67dfe8ff71f01d0730d037f1df5","messageTitle":"fix test cases","messageBody":"","fileTypesAndContributionMap":{"functional-code":{"insertions":1,"deletions":1}}},{"hash":"e9083cf0a4bcedc170246009c3126eaec8d67bc8","messageTitle":"update GUI","messageBody":"","fileTypesAndContributionMap":{"functional-code":{"insertions":4,"deletions":4}}}]},{"date":"2021-03-18","commitResults":[{"hash":"fd79842c25fb9d03324e3481e1d4238643fa7e5f","messageTitle":"fix checkstyle","messageBody":"","fileTypesAndContributionMap":{"functional-code":{"insertions":9,"deletions":7}}}]},{"date":"2021-03-20","commitResults":[{"hash":"547aef2e22a9e26a1444eae9faa879f336df808f","messageTitle":"update Find Command","messageBody":"","fileTypesAndContributionMap":{"functional-code":{"insertions":13,"deletions":11},"test-code":{"insertions":2,"deletions":2}}}]},{"date":"2021-03-22","commitResults":[{"hash":"47268a96465706038eb4b31ed7cd48d187f70067","messageTitle":"update Type attribute","messageBody":"","fileTypesAndContributionMap":{"functional-code":{"insertions":49,"deletions":18}}},{"hash":"60120aae445f820427742e7266cfc357369b3219","messageTitle":"update LastUsed","messageBody":"","fileTypesAndContributionMap":{"functional-code":{"insertions":54,"deletions":28},"test-code":{"insertions":187,"deletions":110}}}]},{"date":"2021-03-23","commitResults":[{"hash":"0a69b9d33916abd162ad488d8b2c86f4dc6a0dc6","messageTitle":"fix test cases","messageBody":"","fileTypesAndContributionMap":{"functional-code":{"insertions":3,"deletions":3},"test-code":{"insertions":4,"deletions":8}}},{"hash":"7e9d63dd82ee71605fcb88606ab5e4ddc9f21dbd","messageTitle":"fix checkstyle","messageBody":"","fileTypesAndContributionMap":{"functional-code":{"insertions":23,"deletions":13},"test-code":{"insertions":42,"deletions":30}}}]},{"date":"2021-03-24","commitResults":[{"hash":"278b80bde0e18bc1ae6b042a3ce2830f6fdfa5bd","messageTitle":"add Find implementation to DG","messageBody":"","fileTypesAndContributionMap":{"docs":{"insertions":44,"deletions":0}}},{"hash":"0dd504b7374af039499c278ae1c63942d8250794","messageTitle":"update Find implementation of DG","messageBody":"","fileTypesAndContributionMap":{"docs":{"insertions":3,"deletions":1}}}]},{"date":"2021-03-25","commitResults":[{"hash":"a23140ec1bdfadf10696cb24f0a17be907cd3a72","messageTitle":"Reformat DG","messageBody":"","fileTypesAndContributionMap":{"docs":{"insertions":41,"deletions":69}}}]},{"date":"2021-03-26","commitResults":[{"hash":"2a46333db79f4d0a93bf28a7b4c3103255c8946a","messageTitle":"edit SampleDataUtil","messageBody":"","fileTypesAndContributionMap":{"functional-code":{"insertions":22,"deletions":22},"other":{"insertions":1,"deletions":1}}},{"hash":"0c417db693bff83fce612aed934b5ad7e568a44c","messageTitle":"remove comment","messageBody":"","fileTypesAndContributionMap":{"functional-code":{"insertions":1,"deletions":1}}}]},{"date":"2021-03-28","commitResults":[{"hash":"772073bb1c5b0adfc24f61fc1279596636ea305b","messageTitle":"add ViewCommand","messageBody":"","fileTypesAndContributionMap":{"functional-code":{"insertions":63,"deletions":1}}},{"hash":"fe1e110eafce5039b5ab172d089c39789f87616e","messageTitle":"add ViewCommandParser","messageBody":"","fileTypesAndContributionMap":{"functional-code":{"insertions":2,"deletions":0}}},{"hash":"5c4236a2af408059a0a2f9c0bcada1a7d08671f3","messageTitle":"add ViewCommandParser","messageBody":"","fileTypesAndContributionMap":{"functional-code":{"insertions":40,"deletions":1}}},{"hash":"5ca27f984c967c10c29293ff9ce5b7fe333ffcf3","messageTitle":"add View feature","messageBody":"","fileTypesAndContributionMap":{"functional-code":{"insertions":7,"deletions":1}}},{"hash":"14e4a1de8cead0712fa1f06ae2524290adb20142","messageTitle":"catch errors","messageBody":"","fileTypesAndContributionMap":{"functional-code":{"insertions":7,"deletions":4}}}]},{"date":"2021-03-29","commitResults":[{"hash":"1422604b534f89d10a5da0fbfbe3bef4d1c4aa63","messageTitle":"Reformat UG and add View feature","messageBody":"","fileTypesAndContributionMap":{"docs":{"insertions":41,"deletions":25}}},{"hash":"6aef27521619f4389178309dc680efbb21736f18","messageTitle":"add ViewCommandTest","messageBody":"","fileTypesAndContributionMap":{"functional-code":{"insertions":2,"deletions":2},"test-code":{"insertions":60,"deletions":0}}},{"hash":"1f8310c9528f9c562cc9792d18402b8bf35eb125","messageTitle":"add more tests to ViewCommandTest","messageBody":"","fileTypesAndContributionMap":{"test-code":{"insertions":15,"deletions":0}}},{"hash":"20ed7f570ef2de1f5e484c1b3c04c29901603a45","messageTitle":"add ViewCommandParserTest","messageBody":"","fileTypesAndContributionMap":{"functional-code":{"insertions":6,"deletions":0},"test-code":{"insertions":35,"deletions":0}}},{"hash":"785387b186e821ced25e878d98cb0a1c6d6c180c","messageTitle":"Fix checkstyle","messageBody":"","fileTypesAndContributionMap":{"functional-code":{"insertions":14,"deletions":14},"test-code":{"insertions":20,"deletions":19}}},{"hash":"fa7b6d7f5e18eb5e88c05d8f001b3db8240f4922","messageTitle":"update Command Summary in UG","messageBody":"","fileTypesAndContributionMap":{"docs":{"insertions":4,"deletions":1}}}]}],"adidoesnt":[{"date":"2021-03-02","commitResults":[{"hash":"4991a938a184c9bf07effa230f50f862e6677f64","messageTitle":"Create Developer Guide","messageBody":"","fileTypesAndContributionMap":{"docs":{"insertions":16,"deletions":338}}}]},{"date":"2021-03-04","commitResults":[{"hash":"c48c262962514daa52002b72629b5280cd39386f","messageTitle":"Add \"add\" and \"remove\" features to user guide","messageBody":"","fileTypesAndContributionMap":{"docs":{"insertions":13,"deletions":1}}},{"hash":"ba41dd66d02e2138bd251eca672df933461fbc09","messageTitle":"Edit user guide features (add and remove)","messageBody":"","fileTypesAndContributionMap":{"docs":{"insertions":2,"deletions":6}}}]},{"date":"2021-03-10","commitResults":[{"hash":"8973266da6c7a7e47bfc5d8344eff34afb82d977","messageTitle":"Change email to colour","messageBody":"","fileTypesAndContributionMap":{"functional-code":{"insertions":122,"deletions":137},"docs":{"insertions":13,"deletions":13},"test-code":{"insertions":171,"deletions":205}}},{"hash":"148e264f099de64a69098e1405e88f12d6fe8c66","messageTitle":"Fix checkstyle errors for colour","messageBody":"","fileTypesAndContributionMap":{"functional-code":{"insertions":6,"deletions":7}}},{"hash":"1971f5826e9103db4f8fa2e6f0ad1f8a488e7fd7","messageTitle":"Fix more checkstyle issues for colour","messageBody":"","fileTypesAndContributionMap":{"test-code":{"insertions":16,"deletions":18}}},{"hash":"366f5abf72c2182814be03b8e2ce3949e16f8a05","messageTitle":"Fix even more checkstyle issues for colour","messageBody":"","fileTypesAndContributionMap":{"test-code":{"insertions":1,"deletions":1}}}]},{"date":"2021-03-17","commitResults":[{"hash":"c523a11f87ada1f45a61cc182d5492041def7f2b","messageTitle":"Add colour hashset and constraints","messageBody":"","fileTypesAndContributionMap":{"functional-code":{"insertions":35,"deletions":15},"docs":{"insertions":1,"deletions":1},"test-code":{"insertions":27,"deletions":27}}},{"hash":"a988ca9c3476ba5de44c9c8a9b7309daa1190e52","messageTitle":"Fix checkstyle issues for colour","messageBody":"","fileTypesAndContributionMap":{"functional-code":{"insertions":13,"deletions":13}}}]},{"date":"2021-03-22","commitResults":[{"hash":"81955cca3fefec343e8a9853d99b4dab05070667","messageTitle":"Add static colour match hashmap","messageBody":"","fileTypesAndContributionMap":{"functional-code":{"insertions":51,"deletions":1}}},{"hash":"b795ac567f39c3a19f5ea4941315665e7851c970","messageTitle":"Add Match Command and Match Command Parser classes","messageBody":"","fileTypesAndContributionMap":{"functional-code":{"insertions":98,"deletions":0}}},{"hash":"0cf2e34aee5c86543860ab5beb1789901a5d89c8","messageTitle":"Add Match Command Test Class","messageBody":"","fileTypesAndContributionMap":{"functional-code":{"insertions":22,"deletions":0},"test-code":{"insertions":39,"deletions":0}}},{"hash":"b33d4b3aabecfb8883ff6552a1f4371eec0ddc95","messageTitle":"Fix checkstyle errors","messageBody":"","fileTypesAndContributionMap":{"functional-code":{"insertions":126,"deletions":15}}}]},{"date":"2021-03-24","commitResults":[{"hash":"549690d032f9110e462169857183ec38f1c179a8","messageTitle":"Add match command documentation","messageBody":"","fileTypesAndContributionMap":{"docs":{"insertions":31,"deletions":1}}}]},{"date":"2021-03-28","commitResults":[{"hash":"b2eba83fe5e2cccb6e5519138dfb886a847f73d9","messageTitle":"Add hashmap for colour samples","messageBody":"","fileTypesAndContributionMap":{"functional-code":{"insertions":73,"deletions":0}}}]},{"date":"2021-03-29","commitResults":[{"hash":"39afcfd6401ee338d561837c9814d94f28a97f89","messageTitle":"no message","messageBody":"","fileTypesAndContributionMap":{"functional-code":{"insertions":2,"deletions":1},"docs":{"insertions":31,"deletions":14}}},{"hash":"d31485dcacbaca3c7afeadb8d08cd6cb1642aad5","messageTitle":"Add match documentation to user guide","messageBody":"","fileTypesAndContributionMap":{"docs":{"insertions":1,"deletions":1}}}]}],"VisnuRavi":[{"date":"2021-02-28","commitResults":[{"hash":"e522082a08a5e302bfa63f0bf7af1e2731c1d7b1","messageTitle":"Edit README","messageBody":"","fileTypesAndContributionMap":{"docs":{"insertions":20,"deletions":10}}},{"hash":"860ae73ade7ef160d01fd515f22638a26a91aa65","messageTitle":"Minor edit to README","messageBody":"","fileTypesAndContributionMap":{"docs":{"insertions":4,"deletions":4}}},{"hash":"bff5dd5d9f8b050cbeafe0bf94904aa8f65d9dcc","messageTitle":"Add newline at EOF","messageBody":"","fileTypesAndContributionMap":{"docs":{"insertions":1,"deletions":1}}},{"hash":"773d674cbbb9dd3d94c6a245135e70763be9a8c1","messageTitle":"Edit name","messageBody":"","fileTypesAndContributionMap":{"docs":{"insertions":1,"deletions":1}}}]},{"date":"2021-03-02","commitResults":[{"hash":"0935dad204afcc312f3207f0516e4258a3060a51","messageTitle":"Basic outline of User Guide","messageBody":"","fileTypesAndContributionMap":{"docs":{"insertions":18,"deletions":186}}},{"hash":"2c201b33027d7b0b2e225e40ca189b4ff087e713","messageTitle":"Edit to the name","messageBody":"","fileTypesAndContributionMap":{"docs":{"insertions":3,"deletions":1}}}]},{"date":"2021-03-03","commitResults":[{"hash":"c4cb31b7aef59492dbd1fe27fbb6198f0b470bf3","messageTitle":"Add NFR and Glossary to DG","messageBody":"","fileTypesAndContributionMap":{"docs":{"insertions":19,"deletions":8}}},{"hash":"6e69b6dc1871bd5de25d01796b791dc678680d7d","messageTitle":"Edit EOF","messageBody":"","fileTypesAndContributionMap":{"docs":{"insertions":0,"deletions":3}}}]},{"date":"2021-03-05","commitResults":[{"hash":"975ae6fb9974a95ccbd2310d17deda689dcce723","messageTitle":"Complete UG-1.1","messageBody":"","fileTypesAndContributionMap":{"docs":{"insertions":51,"deletions":15}}},{"hash":"69bfe818744ee83b5af3b2997bb36ab475d685cb","messageTitle":"Edit bulleting","messageBody":"","fileTypesAndContributionMap":{"docs":{"insertions":5,"deletions":3}}}]},{"date":"2021-03-09","commitResults":[{"hash":"bcb91a4cf425d4edb2bd0156cdd65743ee6362d6","messageTitle":"Make some changes from Phone to Size","messageBody":"","fileTypesAndContributionMap":{"functional-code":{"insertions":119,"deletions":126},"test-code":{"insertions":76,"deletions":89}}},{"hash":"943f78a711151975ffae3e85af920d3389dd653e","messageTitle":"Change more parts of Phone to Size","messageBody":"","fileTypesAndContributionMap":{"functional-code":{"insertions":2,"deletions":2},"test-code":{"insertions":57,"deletions":101}}},{"hash":"15c0200390325e9c9ec311aa1241768bf2a64acc","messageTitle":"Updated more places from Phone to Size","messageBody":"","fileTypesAndContributionMap":{"test-code":{"insertions":61,"deletions":65}}}]},{"date":"2021-03-10","commitResults":[{"hash":"6c82de3986793dc429c23bcb0eb0368925b282b8","messageTitle":"Merge with Description changes","messageBody":"","fileTypesAndContributionMap":{"functional-code":{"insertions":216,"deletions":200},"test-code":{"insertions":256,"deletions":167}}},{"hash":"e53941cd268c329d5509c2d88df295f870279f49","messageTitle":"Made some checkstyle changes","messageBody":"","fileTypesAndContributionMap":{"functional-code":{"insertions":0,"deletions":1},"test-code":{"insertions":2,"deletions":2}}},{"hash":"5e4d04a02a40ab2ac0f4018d14d3a4b865b6482a","messageTitle":"Edit checkstyle issues","messageBody":"","fileTypesAndContributionMap":{"test-code":{"insertions":1,"deletions":3}}}]},{"date":"2021-03-11","commitResults":[{"hash":"ed8bed78e445111c207935b0e163daf20d862987","messageTitle":"Change unimportant Phone to Size","messageBody":"","fileTypesAndContributionMap":{"functional-code":{"insertions":3,"deletions":3},"docs":{"insertions":5,"deletions":5},"test-code":{"insertions":17,"deletions":17}}},{"hash":"c5fae05ed4ff5485e8c4063cb65f23f4ec58c4cc","messageTitle":"Change some from Person to Garment","messageBody":"","fileTypesAndContributionMap":{"functional-code":{"insertions":199,"deletions":198},"other":{"insertions":30,"deletions":30},"test-code":{"insertions":95,"deletions":95}}},{"hash":"ee454c47c5e87c9a5a51c5d8e339550f7d3f595d","messageTitle":"Update Person to Garment in some place","messageBody":"","fileTypesAndContributionMap":{"functional-code":{"insertions":42,"deletions":42},"test-code":{"insertions":15,"deletions":15}}}]},{"date":"2021-03-14","commitResults":[{"hash":"59299d20deb7deaa1afee522d7553887046eb44c","messageTitle":"Resolve conflicts with dresscode and garment","messageBody":"","fileTypesAndContributionMap":{"functional-code":{"insertions":18,"deletions":122},"docs":{"insertions":13,"deletions":22},"test-code":{"insertions":67,"deletions":672}}}]},{"date":"2021-03-15","commitResults":[{"hash":"b693c9b8402961f6ef4e531dc4ea7e9af1f4bacb","messageTitle":"Change some attributes name","messageBody":"","fileTypesAndContributionMap":{"test-code":{"insertions":11,"deletions":11}}}]},{"date":"2021-03-17","commitResults":[{"hash":"132cef027c26f68ed43455db3f2ed8be1334678c","messageTitle":"Made a Parent containskeywordpred","messageBody":"","fileTypesAndContributionMap":{"functional-code":{"insertions":67,"deletions":72},"test-code":{"insertions":0,"deletions":36}}},{"hash":"c31f41371ab98235ba1b9c2c975dfbda15593b4d","messageTitle":"Edit FindCommandParser","messageBody":"","fileTypesAndContributionMap":{"functional-code":{"insertions":43,"deletions":11},"other":{"insertions":1,"deletions":1}}}]},{"date":"2021-03-18","commitResults":[{"hash":"40308fde913bd1143144b2d181aa5dfd92c7e22b","messageTitle":"Use parent class ContainsKeywordsPred as attribute","messageBody":"","fileTypesAndContributionMap":{"functional-code":{"insertions":13,"deletions":11}}},{"hash":"18c6cd005019f572e70b2f873d5918b0fcc4571e","messageTitle":"Able to use Find on every attribute","messageBody":"","fileTypesAndContributionMap":{"functional-code":{"insertions":109,"deletions":19}}},{"hash":"60e0f78fc22f32a5eff203f2c8fa66a568f567f6","messageTitle":"Able to find multiple word arguments","messageBody":"","fileTypesAndContributionMap":{"functional-code":{"insertions":11,"deletions":11}}},{"hash":"b3bb2c9755090c6d04ea031748c4064f629703b7","messageTitle":"Add javadoc comments to the new classes","messageBody":"","fileTypesAndContributionMap":{"functional-code":{"insertions":16,"deletions":19}}}]},{"date":"2021-03-19","commitResults":[{"hash":"e79072e4d8e7f1d79e5aecbe3b91fb809f786e23","messageTitle":"Pass FindCommandParserTest","messageBody":"","fileTypesAndContributionMap":{"functional-code":{"insertions":11,"deletions":20},"test-code":{"insertions":52,"deletions":3}}}]},{"date":"2021-03-20","commitResults":[{"hash":"fb8077a944866f161764ca0daa7c4054c336a6e8","messageTitle":"Add tests for FindCommand and WardrobeParser","messageBody":"","fileTypesAndContributionMap":{"test-code":{"insertions":257,"deletions":8}}},{"hash":"a3b1eeba5f9265fb4021f1cef7a4fc36ae6e9fa1","messageTitle":"Edit checkstyle","messageBody":"","fileTypesAndContributionMap":{"functional-code":{"insertions":11,"deletions":13}}}]},{"date":"2021-03-26","commitResults":[{"hash":"927f0326d7fc966c3316d466a2598f42cf8d85e1","messageTitle":"Update List in DG","messageBody":"","fileTypesAndContributionMap":{"docs":{"insertions":36,"deletions":1}}}]},{"date":"2021-03-29","commitResults":[{"hash":"a38810c24bc1cf61ff88c4d39e2610618eb9d77f","messageTitle":"Update Find and add Clear command in UG","messageBody":"","fileTypesAndContributionMap":{"docs":{"insertions":11,"deletions":6}}}]}]},"authorFileTypeContributionMap":{"arihantjain97":{"docs":128,"functional-code":363,"test-code":96},"Jonathan-Cao":{"docs":125,"functional-code":770,"test-code":1156,"other":1},"adidoesnt":{"docs":55,"functional-code":493,"test-code":135},"VisnuRavi":{"docs":103,"functional-code":605,"test-code":641}},"authorContributionVariance":{"arihantjain97":7753.204,"Jonathan-Cao":119424.32,"adidoesnt":18045.72,"VisnuRavi":62000.027},"authorDisplayNameMap":{"arihantjain97":"CS2103T-T12-1 ARIH..JAIN","Jonathan-Cao":"CS2103T-T12-1 CAO ..THAN","adidoesnt":"CS2103T-T12-1 BANE..ITYA","VisnuRavi":"CS2103T-T12-1 VISN..DRAN"}}
