{"authorDailyContributionsMap":{"arihantjain97":[{"date":"2021-03-02","commitResults":[{"hash":"2452e56323aeb0a4d30fef0724e0ee7f894fce51","messageTitle":"Developer Guide: Added user stories into file","messageBody":"","fileTypesAndContributionMap":{"docs":{"insertions":16,"deletions":1}}}]},{"date":"2021-03-04","commitResults":[{"hash":"b742a60912aa7ebba463ca5f7f3d5bd36c254827","messageTitle":"Added the list and help commands into UG","messageBody":"","fileTypesAndContributionMap":{"docs":{"insertions":9,"deletions":0}}}]},{"date":"2021-03-10","commitResults":[{"hash":"39b235eeb28f3f5a8e9a362c5ace2b56c7c33c91","messageTitle":"Added DressCode (enum) Class","messageBody":"","fileTypesAndContributionMap":{"functional-code":{"insertions":7,"deletions":0}}},{"hash":"9333db23b28e15e86f82ba85870593dad1205887","messageTitle":"added enum class and javadocs","messageBody":"","fileTypesAndContributionMap":{"functional-code":{"insertions":6,"deletions":1}}},{"hash":"01fbaed10c0d880c6cb0dddca69d97ef015cde75","messageTitle":"edited checkstyle","messageBody":"","fileTypesAndContributionMap":{"functional-code":{"insertions":0,"deletions":1}}},{"hash":"7e65fba24dd2b320b2f7a5a9637e555316689142","messageTitle":"changed address to dresscode","messageBody":"","fileTypesAndContributionMap":{"functional-code":{"insertions":111,"deletions":125},"test-code":{"insertions":12,"deletions":12}}}]},{"date":"2021-03-11","commitResults":[{"hash":"52a1c9a51b97b00ba34c07484ca1e23c62c63f82","messageTitle":"editing address to dresscode with changed tests","messageBody":"","fileTypesAndContributionMap":{"functional-code":{"insertions":5,"deletions":6},"test-code":{"insertions":148,"deletions":148}}},{"hash":"a6861fa331aeefa435bb4cc2ea3cfc6358dfa654","messageTitle":"Fixed the tests for changing address to dresscode","messageBody":"","fileTypesAndContributionMap":{"test-code":{"insertions":25,"deletions":25}}}]},{"date":"2021-03-14","commitResults":[{"hash":"1279f08b2dd3f1b544e3edfa232f3be6c27291b8","messageTitle":"fixed up remnants of conflict","messageBody":"","fileTypesAndContributionMap":{"functional-code":{"insertions":1,"deletions":2},"test-code":{"insertions":7,"deletions":30}}},{"hash":"7cc4cfd103cc9f5c2792aa1aaef492194709eed9","messageTitle":"fixed checkstyle errors","messageBody":"","fileTypesAndContributionMap":{"functional-code":{"insertions":15,"deletions":15}}},{"hash":"c401d88634ba67885d4da371e6f39b37a9fa4fa0","messageTitle":"Checkstyle errors","messageBody":"","fileTypesAndContributionMap":{"functional-code":{"insertions":2,"deletions":3}}},{"hash":"0ab19073ec79988c3b8284a2a9bc12cd13cccb3f","messageTitle":"no message","messageBody":"","fileTypesAndContributionMap":{"functional-code":{"insertions":0,"deletions":2}}},{"hash":"aaf5fc3c293b4ace50e8dcb94b6b3e0640c87b2f","messageTitle":"checkstyle","messageBody":"","fileTypesAndContributionMap":{"functional-code":{"insertions":1,"deletions":0}}},{"hash":"a1fc128a33daa3130c268068281bdcbdb48a1fbf","messageTitle":"checkstyle","messageBody":"","fileTypesAndContributionMap":{"test-code":{"insertions":24,"deletions":24}}},{"hash":"014c8cdc7d825ada30c7339b933d65a598c45eef","messageTitle":"checkstyle","messageBody":"","fileTypesAndContributionMap":{"test-code":{"insertions":33,"deletions":12}}},{"hash":"aaf66b2a5876c7f2b700dd66888b0c28cf156957","messageTitle":"checkstyle","messageBody":"","fileTypesAndContributionMap":{"test-code":{"insertions":1,"deletions":1}}},{"hash":"787068a9494fb5fa412d528699096b1c952290a4","messageTitle":"checkstyle","messageBody":"","fileTypesAndContributionMap":{"test-code":{"insertions":6,"deletions":18}}},{"hash":"05abfd62f743eecbff5700bc0ff2c93504114638","messageTitle":"checkstyle","messageBody":"","fileTypesAndContributionMap":{"test-code":{"insertions":0,"deletions":1}}},{"hash":"be3f1f0c4300c888afc2191993c9fe3f142a4cc9","messageTitle":"test error fix","messageBody":"","fileTypesAndContributionMap":{"test-code":{"insertions":4,"deletions":5}}},{"hash":"47c275ac539c927812dffbac6f4368f94af297f6","messageTitle":"checkstyle","messageBody":"","fileTypesAndContributionMap":{"test-code":{"insertions":5,"deletions":2}}},{"hash":"bf1c621f94b044aecc68df652b78d0fff746ebfb","messageTitle":"checkstyle","messageBody":"","fileTypesAndContributionMap":{"test-code":{"insertions":1,"deletions":0}}}]},{"date":"2021-03-18","commitResults":[{"hash":"0efcb91e63635065bac49520cd1e85121ba51abd","messageTitle":"Added type class, edited regex for dresscode","messageBody":"","fileTypesAndContributionMap":{"functional-code":{"insertions":44,"deletions":3}}},{"hash":"692ee24af9f8c20418effb8b9cbb1a56af2e5529","messageTitle":"added javadoc","messageBody":"","fileTypesAndContributionMap":{"functional-code":{"insertions":15,"deletions":1}}}]},{"date":"2021-03-22","commitResults":[{"hash":"a07ae8edcb5c63fa13aca967d979610fc055bb91","messageTitle":"updated garment","messageBody":"","fileTypesAndContributionMap":{"functional-code":{"insertions":145,"deletions":7}}},{"hash":"f029db3d313f0c6ab205d6d5f06ddf9f20a29853","messageTitle":"double check","messageBody":"","fileTypesAndContributionMap":{"functional-code":{"insertions":3,"deletions":2}}}]},{"date":"2021-03-24","commitResults":[{"hash":"5e2adeeafe5f16fb1428e95315a08eb3f9fd2e02","messageTitle":"Added Select[Proposed] in DG","messageBody":"","fileTypesAndContributionMap":{"docs":{"insertions":65,"deletions":1}}}]},{"date":"2021-03-28","commitResults":[{"hash":"9bd303e7a22b872d074205b075208fd567aaf9a5","messageTitle":"Added Select Command","messageBody":"","fileTypesAndContributionMap":{"functional-code":{"insertions":90,"deletions":10}}}]},{"date":"2021-03-29","commitResults":[{"hash":"d5c41ae184ef986a87221af142dc9b76d915c70c","messageTitle":"no message","messageBody":"","fileTypesAndContributionMap":{"functional-code":{"insertions":6,"deletions":0}}},{"hash":"210ee682602f34f851e3139dbc559fc12afc86c6","messageTitle":"Edited UG","messageBody":"","fileTypesAndContributionMap":{"docs":{"insertions":167,"deletions":61}}},{"hash":"5ca7f1c312e4ed38c5b9dbdc44ad6c0ecf4efc52","messageTitle":"Edited UG","messageBody":"","fileTypesAndContributionMap":{"docs":{"insertions":12,"deletions":11}}},{"hash":"7a50888d7f1008339c8a7f1f2f5c6534e5ec3bef","messageTitle":"Checkstyle edit","messageBody":"","fileTypesAndContributionMap":{"functional-code":{"insertions":3,"deletions":4}}},{"hash":"337df2819370e6ab58e4015475a15ca170123f48","messageTitle":"checkstyle edit","messageBody":"","fileTypesAndContributionMap":{"functional-code":{"insertions":0,"deletions":1}}}]},{"date":"2021-03-30","commitResults":[{"hash":"880b9e69354b7eeadf5f99ee18df4bae6b5b5fae","messageTitle":"UG edits","messageBody":"","fileTypesAndContributionMap":{"docs":{"insertions":71,"deletions":33}}},{"hash":"94f61d877a378a92665108580f1f8762fee721ec","messageTitle":"ug edit","messageBody":"","fileTypesAndContributionMap":{"docs":{"insertions":1,"deletions":1}}},{"hash":"92bf71ef10a79966b9ceb5e70a02aa6bd5d78c36","messageTitle":"ug edits","messageBody":"","fileTypesAndContributionMap":{"docs":{"insertions":15,"deletions":12}}}]},{"date":"2021-04-08","commitResults":[{"hash":"f16db595152f7f4af00ac91f1ffcf8d00c0f8a3f","messageTitle":"Added the PPP for arihantjain97","messageBody":"","fileTypesAndContributionMap":{"docs":{"insertions":51,"deletions":0}}}]},{"date":"2021-04-09","commitResults":[{"hash":"cc8ff2c94a8ac6d49b5fbe82015d334af1c13fd7","messageTitle":"Issued Fixed: #138 [PE-D] UG has unsupported garment types #114 [PE-D] Colour error message has a minor typo #111 [PE-D] Find command\u0027s invalid command message\u0027s example is not fitting #110 [PE-D] Find command could be clearer by stating explicitly that it searches whole words and is not case-sensitive","messageBody":"","fileTypesAndContributionMap":{"functional-code":{"insertions":1,"deletions":1},"docs":{"insertions":8,"deletions":1}}}]},{"date":"2021-04-10","commitResults":[{"hash":"8e38dd9036887a356bc27946c8c3f37ce5e409de","messageTitle":"Added new restrictions for List Command (no arguments taken) fixing issue #137","messageBody":"","fileTypesAndContributionMap":{"functional-code":{"insertions":24,"deletions":1},"test-code":{"insertions":1,"deletions":1}}},{"hash":"183da1c548d0d97b8dabca4c3b44b1fadf5a3223","messageTitle":"Fixed Checkstyle","messageBody":"","fileTypesAndContributionMap":{"functional-code":{"insertions":9,"deletions":2}}}]},{"date":"2021-04-11","commitResults":[{"hash":"8aae4a4292b647ecaec92e464f9c19a41afdf930","messageTitle":"Added graphical representation of DressCode","messageBody":"","fileTypesAndContributionMap":{"functional-code":{"insertions":23,"deletions":2}}},{"hash":"2c226162d4254ed254b838120e093f0287a6eb51","messageTitle":"Removed the dresscode attribute in listing (text) as it now in image form","messageBody":"","fileTypesAndContributionMap":{"functional-code":{"insertions":2,"deletions":5}}},{"hash":"3bdb27894c2e4d8f9b55c952aa5b26e08ac912c3","messageTitle":"Added DG edits","messageBody":"","fileTypesAndContributionMap":{"docs":{"insertions":136,"deletions":30}}},{"hash":"1efa1d78a1c12b54553653d1a20b6efecda7ee0c","messageTitle":"updated DG uml diagram","messageBody":"","fileTypesAndContributionMap":{"docs":{"insertions":1,"deletions":8}}},{"hash":"83b678905a341305d2ce3f881dbc7e685627eddc","messageTitle":"updated diagram","messageBody":"","fileTypesAndContributionMap":{"docs":{"insertions":1,"deletions":1}}},{"hash":"d4c1c2cdc45af6b94f00555d38a845fa3fbef601","messageTitle":"updated model","messageBody":"","fileTypesAndContributionMap":{"docs":{"insertions":1,"deletions":1}}},{"hash":"614c4d013b996786898263f3eff63afd49e8820b","messageTitle":"eof checkstyle","messageBody":"","fileTypesAndContributionMap":{"docs":{"insertions":2,"deletions":2}}},{"hash":"f549bce75f2158efde3e29c05707d273e11441f6","messageTitle":"Added DG details","messageBody":"","fileTypesAndContributionMap":{"docs":{"insertions":43,"deletions":18}}}]},{"date":"2021-04-12","commitResults":[{"hash":"420f8d34382a3a06e4aacbfd0f5a46a37f9e3c2a","messageTitle":"Added CRUD Shortcuts: Ctrl+a -\u003e add Ctrl+e -\u003e edit Ctrl+d -\u003e delete","messageBody":"Added command cycling:\nUp/down arrow -\u003e cycle through previous entered commands\n","fileTypesAndContributionMap":{"functional-code":{"insertions":66,"deletions":0}}},{"hash":"bbf3848d685c678564aa1a2b5d4af8bd2487e711","messageTitle":"UG updates","messageBody":"","fileTypesAndContributionMap":{"functional-code":{"insertions":1,"deletions":1},"docs":{"insertions":142,"deletions":42}}},{"hash":"1a710d75fa32fdd1d4858aa96891d54b7cf5db99","messageTitle":"PPP edits","messageBody":"","fileTypesAndContributionMap":{"docs":{"insertions":58,"deletions":17}}},{"hash":"c100f86fc8618de33fef13bf5ad91bfa2cffb955","messageTitle":"PPP checkstyle","messageBody":"","fileTypesAndContributionMap":{"docs":{"insertions":1,"deletions":0}}},{"hash":"4435257d35970f06a26e085e506132da81b5f9d5","messageTitle":"no message","messageBody":"","fileTypesAndContributionMap":{"docs":{"insertions":0,"deletions":1}}},{"hash":"e8d5782ca0531c9ec4ddfeeaf35f36f037d199f9","messageTitle":"Update UserGuide.md","messageBody":"","fileTypesAndContributionMap":{"docs":{"insertions":1,"deletions":1}}},{"hash":"568e9110917850d80f144896e95fb93bf29336a0","messageTitle":"Update UserGuide.md","messageBody":"","fileTypesAndContributionMap":{"docs":{"insertions":2,"deletions":2}}},{"hash":"da84ea5499433fe453c18e3253657b06ecd1f9fc","messageTitle":"Update UserGuide.md","messageBody":"","fileTypesAndContributionMap":{"docs":{"insertions":1,"deletions":1}}},{"hash":"e033b297f5f39600a2d2135205dfaaa512e0e29d","messageTitle":"Update UserGuide.md","messageBody":"","fileTypesAndContributionMap":{"docs":{"insertions":1,"deletions":1}}},{"hash":"741ac22c1199864b07e2f300a2c6bcfd8fb63a6e","messageTitle":"added shortcuts","messageBody":"","fileTypesAndContributionMap":{"docs":{"insertions":9,"deletions":4}}},{"hash":"5321a074d9a3862d3919208545362454f282afc6","messageTitle":"Update DeveloperGuide.md","messageBody":"","fileTypesAndContributionMap":{"docs":{"insertions":1,"deletions":1}}},{"hash":"7600e5023bb84156253e2d1068f43bb1bec0efb1","messageTitle":"Update DeveloperGuide.md","messageBody":"","fileTypesAndContributionMap":{"docs":{"insertions":1,"deletions":1}}},{"hash":"354f1f6f1a77c2cd67e54ee542a6af9d50862c4d","messageTitle":"Update DeveloperGuide.md","messageBody":"","fileTypesAndContributionMap":{"docs":{"insertions":1,"deletions":1}}},{"hash":"a1c6ec42eeadecc4be3e34d6c397cbb295bc84d2","messageTitle":"Update DeveloperGuide.md","messageBody":"","fileTypesAndContributionMap":{"docs":{"insertions":1,"deletions":1}}},{"hash":"dea9f3ee62cef59ac5ff890fddf3c5fc9e45f32b","messageTitle":"Update DeveloperGuide.md","messageBody":"","fileTypesAndContributionMap":{"docs":{"insertions":1,"deletions":1}}},{"hash":"3e76bc16fafca3e68e051cb49edb277707619078","messageTitle":"Update DeveloperGuide.md","messageBody":"","fileTypesAndContributionMap":{"docs":{"insertions":21,"deletions":5}}},{"hash":"f9ed6691ef5b3191473fceb9ecacd8aebeba6b83","messageTitle":"Update DeveloperGuide.md","messageBody":"","fileTypesAndContributionMap":{"docs":{"insertions":21,"deletions":3}}},{"hash":"92264dac851db460d21b3cffabb3e09155b0e1f2","messageTitle":"Update DeveloperGuide.md","messageBody":"","fileTypesAndContributionMap":{"docs":{"insertions":2,"deletions":0}}},{"hash":"1bca75bdd7785b2b88431cfb2e1777b257f97b80","messageTitle":"Update DeveloperGuide.md","messageBody":"","fileTypesAndContributionMap":{"docs":{"insertions":2,"deletions":0}}},{"hash":"f80d9318fd4d4892c23866d27fcc251ee8d6bd74","messageTitle":"Update DeveloperGuide.md","messageBody":"","fileTypesAndContributionMap":{"docs":{"insertions":3,"deletions":2}}},{"hash":"dd842e1aefbfb5222bfe43a57eaa1625c1e02166","messageTitle":"Update DeveloperGuide.md","messageBody":"","fileTypesAndContributionMap":{"docs":{"insertions":2,"deletions":1}}},{"hash":"3e7a99d95184ca4ead5a6e4946f2f54943113030","messageTitle":"Update DeveloperGuide.md","messageBody":"","fileTypesAndContributionMap":{"docs":{"insertions":0,"deletions":2}}},{"hash":"d033c2022d140b041a23ce0e0e07da6374b8fce1","messageTitle":"Update DeveloperGuide.md","messageBody":"","fileTypesAndContributionMap":{"docs":{"insertions":0,"deletions":2}}},{"hash":"b7eff331c44b4e962116b46f8d231b98d0bf2b11","messageTitle":"Update DeveloperGuide.md","messageBody":"","fileTypesAndContributionMap":{"docs":{"insertions":0,"deletions":4}}},{"hash":"215ea548431d92ef115f449e6a0a7133eb72b39e","messageTitle":"Update DeveloperGuide.md","messageBody":"","tags":["v1.4"],"fileTypesAndContributionMap":{"docs":{"insertions":5,"deletions":0}}}]},{"date":"2021-04-30","commitResults":[{"hash":"ef104c4faa83c358861304369f27f486962c8728","messageTitle":"Added Possible Code Reuse Line for Command Box","messageBody":"","fileTypesAndContributionMap":{"functional-code":{"insertions":5,"deletions":1}}}]}],"Jonathan-Cao":[{"date":"2021-02-28","commitResults":[{"hash":"edf8944616d2dc4dbe113cf04b56e6921a6ebad5","messageTitle":"update AboutUs","messageBody":"","fileTypesAndContributionMap":{"docs":{"insertions":17,"deletions":30}}},{"hash":"74ca50bf48ba1badbdfda244bfa5b3bb396c2260","messageTitle":"edit names","messageBody":"","fileTypesAndContributionMap":{"docs":{"insertions":1,"deletions":1}}}]},{"date":"2021-03-02","commitResults":[{"hash":"7be5637cc2f035f8ababef5e06fe08287b2df291","messageTitle":"add use cases and edit target user profile","messageBody":"","fileTypesAndContributionMap":{"docs":{"insertions":50,"deletions":10}}},{"hash":"df9fb355e7feb12da071f1439111bc24282500f5","messageTitle":"edit add clothing item use case","messageBody":"","fileTypesAndContributionMap":{"docs":{"insertions":1,"deletions":1}}},{"hash":"8f6f5df22797822770cba487cbf3f5d64525f300","messageTitle":"edit typo","messageBody":"","fileTypesAndContributionMap":{"docs":{"insertions":1,"deletions":1}}}]},{"date":"2021-03-03","commitResults":[{"hash":"7cbea857a5ba4e4df01e0d4e7071edc11b07d660","messageTitle":"adapt website to nufash","messageBody":"","fileTypesAndContributionMap":{"docs":{"insertions":8,"deletions":8}}}]},{"date":"2021-03-05","commitResults":[{"hash":"03da6f4e27e9ebb144cf33fa52967dab887813c9","messageTitle":"add edit feature","messageBody":"","fileTypesAndContributionMap":{"docs":{"insertions":37,"deletions":14}}}]},{"date":"2021-03-09","commitResults":[{"hash":"398857e634cc38307cacbf8e39ba7693f5ec0449","messageTitle":"add description","messageBody":"","fileTypesAndContributionMap":{"functional-code":{"insertions":208,"deletions":200},"test-code":{"insertions":201,"deletions":174}}}]},{"date":"2021-03-10","commitResults":[{"hash":"4aab44387539ea107f13108fa3b6ab42a27d42cb","messageTitle":"add Wardrobe","messageBody":"","fileTypesAndContributionMap":{"functional-code":{"insertions":155,"deletions":155},"other":{"insertions":97,"deletions":97},"test-code":{"insertions":242,"deletions":242}}}]},{"date":"2021-03-14","commitResults":[{"hash":"ce862e99430b16c737a79174c76f04e4b2952d6a","messageTitle":"update Person to Garment","messageBody":"","fileTypesAndContributionMap":{"functional-code":{"insertions":232,"deletions":231},"other":{"insertions":215,"deletions":213},"test-code":{"insertions":481,"deletions":481}}}]},{"date":"2021-03-15","commitResults":[{"hash":"77d7e1d61274bc5fec5bafb8ee93458f99379490","messageTitle":"edit test cases","messageBody":"","fileTypesAndContributionMap":{"test-code":{"insertions":15,"deletions":13}}}]},{"date":"2021-03-17","commitResults":[{"hash":"dedaa0e5e89e10364f5ab93cf6f5af6880f55ce6","messageTitle":"edit description to support multiple words","messageBody":"","fileTypesAndContributionMap":{"functional-code":{"insertions":1,"deletions":58},"test-code":{"insertions":0,"deletions":36}}},{"hash":"273a579443dab67dfe8ff71f01d0730d037f1df5","messageTitle":"fix test cases","messageBody":"","fileTypesAndContributionMap":{"functional-code":{"insertions":1,"deletions":1}}},{"hash":"e9083cf0a4bcedc170246009c3126eaec8d67bc8","messageTitle":"update GUI","messageBody":"","fileTypesAndContributionMap":{"functional-code":{"insertions":4,"deletions":4}}}]},{"date":"2021-03-18","commitResults":[{"hash":"fd79842c25fb9d03324e3481e1d4238643fa7e5f","messageTitle":"fix checkstyle","messageBody":"","fileTypesAndContributionMap":{"functional-code":{"insertions":9,"deletions":7}}},{"hash":"a014982c73152fee378ae187a682b3a5432af96d","messageTitle":"update GarmentListCard","messageBody":"","fileTypesAndContributionMap":{"functional-code":{"insertions":1,"deletions":1}}}]},{"date":"2021-03-20","commitResults":[{"hash":"547aef2e22a9e26a1444eae9faa879f336df808f","messageTitle":"update Find Command","messageBody":"","fileTypesAndContributionMap":{"functional-code":{"insertions":13,"deletions":11},"test-code":{"insertions":2,"deletions":2}}}]},{"date":"2021-03-22","commitResults":[{"hash":"47268a96465706038eb4b31ed7cd48d187f70067","messageTitle":"update Type attribute","messageBody":"","fileTypesAndContributionMap":{"functional-code":{"insertions":50,"deletions":18}}},{"hash":"60120aae445f820427742e7266cfc357369b3219","messageTitle":"update LastUsed","messageBody":"","fileTypesAndContributionMap":{"functional-code":{"insertions":55,"deletions":28},"test-code":{"insertions":187,"deletions":110}}}]},{"date":"2021-03-23","commitResults":[{"hash":"0a69b9d33916abd162ad488d8b2c86f4dc6a0dc6","messageTitle":"fix test cases","messageBody":"","fileTypesAndContributionMap":{"functional-code":{"insertions":3,"deletions":3},"test-code":{"insertions":4,"deletions":8}}},{"hash":"7e9d63dd82ee71605fcb88606ab5e4ddc9f21dbd","messageTitle":"fix checkstyle","messageBody":"","fileTypesAndContributionMap":{"functional-code":{"insertions":23,"deletions":13},"test-code":{"insertions":42,"deletions":30}}}]},{"date":"2021-03-24","commitResults":[{"hash":"278b80bde0e18bc1ae6b042a3ce2830f6fdfa5bd","messageTitle":"add Find implementation to DG","messageBody":"","fileTypesAndContributionMap":{"docs":{"insertions":44,"deletions":0}}},{"hash":"0dd504b7374af039499c278ae1c63942d8250794","messageTitle":"update Find implementation of DG","messageBody":"","fileTypesAndContributionMap":{"docs":{"insertions":3,"deletions":1}}}]},{"date":"2021-03-25","commitResults":[{"hash":"a23140ec1bdfadf10696cb24f0a17be907cd3a72","messageTitle":"Reformat DG","messageBody":"","fileTypesAndContributionMap":{"docs":{"insertions":41,"deletions":69}}}]},{"date":"2021-03-26","commitResults":[{"hash":"2a46333db79f4d0a93bf28a7b4c3103255c8946a","messageTitle":"edit SampleDataUtil","messageBody":"","fileTypesAndContributionMap":{"functional-code":{"insertions":22,"deletions":22},"other":{"insertions":1,"deletions":1}}},{"hash":"0c417db693bff83fce612aed934b5ad7e568a44c","messageTitle":"remove comment","messageBody":"","fileTypesAndContributionMap":{"functional-code":{"insertions":1,"deletions":1}}}]},{"date":"2021-03-28","commitResults":[{"hash":"772073bb1c5b0adfc24f61fc1279596636ea305b","messageTitle":"add ViewCommand","messageBody":"","fileTypesAndContributionMap":{"functional-code":{"insertions":63,"deletions":1}}},{"hash":"fe1e110eafce5039b5ab172d089c39789f87616e","messageTitle":"add ViewCommandParser","messageBody":"","fileTypesAndContributionMap":{"functional-code":{"insertions":2,"deletions":0}}},{"hash":"5c4236a2af408059a0a2f9c0bcada1a7d08671f3","messageTitle":"add ViewCommandParser","messageBody":"","fileTypesAndContributionMap":{"functional-code":{"insertions":40,"deletions":1}}},{"hash":"5ca27f984c967c10c29293ff9ce5b7fe333ffcf3","messageTitle":"add View feature","messageBody":"","fileTypesAndContributionMap":{"functional-code":{"insertions":7,"deletions":1}}},{"hash":"14e4a1de8cead0712fa1f06ae2524290adb20142","messageTitle":"catch errors","messageBody":"","fileTypesAndContributionMap":{"functional-code":{"insertions":7,"deletions":4}}}]},{"date":"2021-03-29","commitResults":[{"hash":"1422604b534f89d10a5da0fbfbe3bef4d1c4aa63","messageTitle":"Reformat UG and add View feature","messageBody":"","fileTypesAndContributionMap":{"docs":{"insertions":41,"deletions":25}}},{"hash":"6aef27521619f4389178309dc680efbb21736f18","messageTitle":"add ViewCommandTest","messageBody":"","fileTypesAndContributionMap":{"functional-code":{"insertions":2,"deletions":2},"test-code":{"insertions":60,"deletions":0}}},{"hash":"1f8310c9528f9c562cc9792d18402b8bf35eb125","messageTitle":"add more tests to ViewCommandTest","messageBody":"","fileTypesAndContributionMap":{"test-code":{"insertions":15,"deletions":0}}},{"hash":"20ed7f570ef2de1f5e484c1b3c04c29901603a45","messageTitle":"add ViewCommandParserTest","messageBody":"","fileTypesAndContributionMap":{"functional-code":{"insertions":6,"deletions":0},"test-code":{"insertions":35,"deletions":0}}},{"hash":"785387b186e821ced25e878d98cb0a1c6d6c180c","messageTitle":"Fix checkstyle","messageBody":"","fileTypesAndContributionMap":{"functional-code":{"insertions":14,"deletions":14},"test-code":{"insertions":20,"deletions":19}}},{"hash":"fa7b6d7f5e18eb5e88c05d8f001b3db8240f4922","messageTitle":"update Command Summary in UG","messageBody":"","fileTypesAndContributionMap":{"docs":{"insertions":4,"deletions":1}}}]},{"date":"2021-03-31","commitResults":[{"hash":"917d63c09ed5f8d43d0626424f690e16c90a1e1c","messageTitle":"add Colour Sample to GUI","messageBody":"","fileTypesAndContributionMap":{"functional-code":{"insertions":32,"deletions":65}}},{"hash":"f59bb8d037decbfeb319e5d481fccce0c2dd62af","messageTitle":"add Type images","messageBody":"","fileTypesAndContributionMap":{"functional-code":{"insertions":26,"deletions":13}}}]},{"date":"2021-04-01","commitResults":[{"hash":"932e903334a06ff11b9cbf8c87594e1c692deb18","messageTitle":"enable Assertions","messageBody":"","fileTypesAndContributionMap":{"other":{"insertions":4,"deletions":0}}}]},{"date":"2021-04-04","commitResults":[{"hash":"b051fcc300c3b8338f94bf647eb84e0f4db65a11","messageTitle":"add sorting","messageBody":"","fileTypesAndContributionMap":{"functional-code":{"insertions":29,"deletions":3}}}]},{"date":"2021-04-05","commitResults":[{"hash":"d8a28df589ebf8972433263941f2c807fbf425ad","messageTitle":"change default value of LastUsed to \"Never\"","messageBody":"","fileTypesAndContributionMap":{"functional-code":{"insertions":25,"deletions":10}}},{"hash":"b2740eff7e2e2ecd45341d87d21c96f1c07c6308","messageTitle":"update SampleDataUtil","messageBody":"","fileTypesAndContributionMap":{"functional-code":{"insertions":4,"deletions":4}}},{"hash":"e221c0633761e7c5a45c00a86afd990fb7b6803f","messageTitle":"edit SampleDataUtil","messageBody":"","fileTypesAndContributionMap":{"functional-code":{"insertions":9,"deletions":6}}}]},{"date":"2021-04-07","commitResults":[{"hash":"e94927bcbeb6cc6a504760edb93121c7942a1733","messageTitle":"catch sizes that are \u003c\u003d 0","messageBody":"","fileTypesAndContributionMap":{"functional-code":{"insertions":7,"deletions":3}}},{"hash":"e9e7f6e448e4e778966f460add6a7377d3732fb7","messageTitle":"fix editing of colour and type","messageBody":"","fileTypesAndContributionMap":{"functional-code":{"insertions":8,"deletions":16}}},{"hash":"2d9dfa098289eccdbf82d1ae6b000531d7aee8a8","messageTitle":"update size such to be parsed and saved as Integer","messageBody":"","fileTypesAndContributionMap":{"functional-code":{"insertions":1,"deletions":1}}},{"hash":"a3c5b084276e896aa388ab5d76b037897848708e","messageTitle":"fix UG layout for tips section","messageBody":"","fileTypesAndContributionMap":{"docs":{"insertions":2,"deletions":0}}},{"hash":"564441986f1ed1b97898f4ecaf4eebef9f2c446a","messageTitle":"clarify to-be-implemented match command improvement","messageBody":"","fileTypesAndContributionMap":{"docs":{"insertions":1,"deletions":1}}},{"hash":"fdfca28ea6759dcfb487d4ae3e9c25fc708c7bf9","messageTitle":"attempt table of contents fix","messageBody":"","fileTypesAndContributionMap":{"docs":{"insertions":1,"deletions":1}}},{"hash":"b1e1dd45db388edc3b734e2862e0f239868f1c08","messageTitle":"undo attempted fix to UG table of contents","messageBody":"","fileTypesAndContributionMap":{"docs":{"insertions":1,"deletions":1}}},{"hash":"f0743138a764feb42070c6dea7522b3501ff5503","messageTitle":"fix test cases","messageBody":"","fileTypesAndContributionMap":{"test-code":{"insertions":2,"deletions":5}}}]},{"date":"2021-04-08","commitResults":[{"hash":"6e32d341e45a2f3a1410b74fe2076791ab469bb6","messageTitle":"add first draft of PPP","messageBody":"","fileTypesAndContributionMap":{"docs":{"insertions":54,"deletions":0}}}]},{"date":"2021-04-10","commitResults":[{"hash":"6b072d2eee8964cb155b0b8b7e453d96e6c09a84","messageTitle":"Update Size specification in UG","messageBody":"","fileTypesAndContributionMap":{"docs":{"insertions":1,"deletions":1}}},{"hash":"4dd09ae5e5620aa6e987f18efd1405506093f670","messageTitle":"partial TOC fix","messageBody":"","fileTypesAndContributionMap":{"docs":{"insertions":1,"deletions":0}}},{"hash":"9a1c626c472fb625c8f85aeeaba3b32400563fb3","messageTitle":"partial TOC fix","messageBody":"","fileTypesAndContributionMap":{"docs":{"insertions":1,"deletions":2}}},{"hash":"2a67d7f67ef8c1232e4e8c18c981dd07c4d42d71","messageTitle":"TOC fix","messageBody":"","fileTypesAndContributionMap":{"docs":{"insertions":22,"deletions":22}}}]},{"date":"2021-04-11","commitResults":[{"hash":"d7620810530340aba3208410e4613b42a0ccd732","messageTitle":"add DG diagrams","messageBody":"","fileTypesAndContributionMap":{"docs":{"insertions":130,"deletions":0}}},{"hash":"d8b383aa909a3868313c3f913bf9553831141fb4","messageTitle":"update Logic, Model and Storage diagrams","messageBody":"","fileTypesAndContributionMap":{"docs":{"insertions":18,"deletions":18}}},{"hash":"83a56b0601cd03077a9d7a037ba070d5f8101131","messageTitle":"adapt DG to nufash","messageBody":"","fileTypesAndContributionMap":{"docs":{"insertions":5,"deletions":5}}},{"hash":"40a7748b97f4e3d36ad205b73d9f76fb07ff4872","messageTitle":"update ModelClassDiagram","messageBody":"","fileTypesAndContributionMap":{"docs":{"insertions":7,"deletions":9}}},{"hash":"abde20fbfe87606e7e82cb93dfbaf91f1d1e8648","messageTitle":"update links","messageBody":"","fileTypesAndContributionMap":{"docs":{"insertions":5,"deletions":5}}},{"hash":"257f92b7bfb64460feb60ef7d03ddbe2967d3ed4","messageTitle":"Update DeleteSequenceDiagram","messageBody":"","fileTypesAndContributionMap":{"docs":{"insertions":16,"deletions":16}}},{"hash":"c6c06f1d5d0aa1ade93f7dbf9afc57adf3346f0f","messageTitle":"update ArchitectureSequenceDiagram","messageBody":"","fileTypesAndContributionMap":{"docs":{"insertions":2,"deletions":2}}},{"hash":"fbef9098ebcc57b9da1d8ecb9d7abb507dbbabf5","messageTitle":"update Sorting implementation","messageBody":"","fileTypesAndContributionMap":{"docs":{"insertions":48,"deletions":8}}},{"hash":"5230517763eda0f1550583af97f27f6b46bc2bbf","messageTitle":"update UiClassDiagram","messageBody":"","fileTypesAndContributionMap":{"docs":{"insertions":8,"deletions":8}}},{"hash":"3f298631efd440ed3f927cac1f763cc551a811cc","messageTitle":"update Sort implementation","messageBody":"","fileTypesAndContributionMap":{"docs":{"insertions":7,"deletions":7}}},{"hash":"48b07fe13d7355814057f5a825ba653a12960d73","messageTitle":"Update DG","messageBody":"","fileTypesAndContributionMap":{"docs":{"insertions":3,"deletions":3}}},{"hash":"28442987704857e196e408f33700762fa7baf518","messageTitle":"Update DG with View implementation","messageBody":"","fileTypesAndContributionMap":{"docs":{"insertions":131,"deletions":4}}}]},{"date":"2021-04-12","commitResults":[{"hash":"784d21c638efa245bdb3892c8b813c769c0a5609","messageTitle":"update ViewSequenceDiagram","messageBody":"","fileTypesAndContributionMap":{"docs":{"insertions":1,"deletions":1}}},{"hash":"5c95874090629913b7d40ca7f5ab2f443bb2d897","messageTitle":"update docs","messageBody":"","fileTypesAndContributionMap":{"docs":{"insertions":33,"deletions":26}}},{"hash":"2f7e2a992321911d31f6f6a3d96c446072f675b4","messageTitle":"update links","messageBody":"","fileTypesAndContributionMap":{"docs":{"insertions":2,"deletions":2}}},{"hash":"718cc045d997c3c3dc35f5c519b486f26cf93ee7","messageTitle":"update diagrams","messageBody":"","fileTypesAndContributionMap":{"docs":{"insertions":1,"deletions":1}}},{"hash":"9a3af1f7d9bd0caf39ae706a1401c827d0a40795","messageTitle":"update Ui.png and fix SampleDataUtil","messageBody":"","fileTypesAndContributionMap":{"functional-code":{"insertions":1,"deletions":1}}},{"hash":"5b188fad1d4e5c47d825df91183c550ca75fb1be","messageTitle":"adapt DG to website","messageBody":"","fileTypesAndContributionMap":{"docs":{"insertions":5,"deletions":3}}},{"hash":"34a809cc5e1a7b21c0e637c568902d586b64209d","messageTitle":"update README","messageBody":"","fileTypesAndContributionMap":{"docs":{"insertions":1,"deletions":1}}},{"hash":"aa5ced12b62b3a08a29deac2d94434d4701d7ee1","messageTitle":"fix merge conflicts","messageBody":"","fileTypesAndContributionMap":{"docs":{"insertions":0,"deletions":12}}},{"hash":"20e17421cd9f3e1fae265b11d436d708ab465c9b","messageTitle":"update BetterModelClassDiagram","messageBody":"","fileTypesAndContributionMap":{"docs":{"insertions":8,"deletions":6}}},{"hash":"002cadadd5607117f3969466dd8af1f4010c8122","messageTitle":"update BetterModelClassDiagram","messageBody":"","fileTypesAndContributionMap":{"docs":{"insertions":11,"deletions":11}}},{"hash":"dde8fd3b588e82cc9d485e0b472dbda790d2e678","messageTitle":"add View use case","messageBody":"","fileTypesAndContributionMap":{"docs":{"insertions":24,"deletions":3}}},{"hash":"9edcfcf612012378dbb1eccb402e233089acaaa0","messageTitle":"edit formatting in View Use case","messageBody":"","fileTypesAndContributionMap":{"docs":{"insertions":4,"deletions":3}}},{"hash":"8e0871f8cb503dc8b3028df2b45af19f112e10a5","messageTitle":"update DG table","messageBody":"","fileTypesAndContributionMap":{"docs":{"insertions":14,"deletions":14}}},{"hash":"7916017570fc41da592552248e21fabe5e0d706b","messageTitle":"update User Stories table in DG","messageBody":"","fileTypesAndContributionMap":{"docs":{"insertions":12,"deletions":11}}},{"hash":"7f6fbfc591411f5f3d44ed94ccfb58326ed2a82c","messageTitle":"update User stories table in DG","messageBody":"","fileTypesAndContributionMap":{"docs":{"insertions":11,"deletions":11}}},{"hash":"d79dc3892c59a900e27c270d587623dcea900b7c","messageTitle":"update use case","messageBody":"","fileTypesAndContributionMap":{"docs":{"insertions":3,"deletions":3}}},{"hash":"e9cda55d4d24f370f6104b2f6697745be25b0f09","messageTitle":"Fix User stories table","messageBody":"","fileTypesAndContributionMap":{"docs":{"insertions":4,"deletions":4}}},{"hash":"15a8b177a728d166ecc06a173bcfb1132a54b1b0","messageTitle":"remove duplicate header in DG","messageBody":"","fileTypesAndContributionMap":{"docs":{"insertions":1,"deletions":1}}},{"hash":"b57f364f1869e994456060658abe2d0ec1d8c57d","messageTitle":"add logo to DG","messageBody":"","fileTypesAndContributionMap":{"docs":{"insertions":4,"deletions":1}}},{"hash":"cc64080ac0799a7e6b18a69ab19ff61d68c2c40d","messageTitle":"Restore UG DG titles","messageBody":"","fileTypesAndContributionMap":{"docs":{"insertions":2,"deletions":2}}},{"hash":"44238b34e91f2f1e186ff27fcb006cd76302291c","messageTitle":"Test Picture Width","messageBody":"","fileTypesAndContributionMap":{"docs":{"insertions":3,"deletions":1}}},{"hash":"6f85d93a7cea458c02a8eec25994f331178f785d","messageTitle":"Test Picture Width","messageBody":"","fileTypesAndContributionMap":{"docs":{"insertions":1,"deletions":1}}},{"hash":"834f365e7e5e1d9fe17bb320e49d1db5cfb82ac3","messageTitle":"Test Picture Width","messageBody":"","fileTypesAndContributionMap":{"docs":{"insertions":1,"deletions":1}}},{"hash":"1b5e44ba45969026e3afb7da877af2ddd5460b59","messageTitle":"Test Picture Width","messageBody":"","fileTypesAndContributionMap":{"docs":{"insertions":1,"deletions":1}}},{"hash":"ca0b42e68e27cf3339e97d0cfef42ed8fdd2546b","messageTitle":"update Help Image","messageBody":"","fileTypesAndContributionMap":{"functional-code":{"insertions":1,"deletions":1}}},{"hash":"ad0cfd589572a0488090d4464fd6c92a67640cea","messageTitle":"Add page breaks to UG","messageBody":"","fileTypesAndContributionMap":{"docs":{"insertions":11,"deletions":1}}},{"hash":"994adba74543e49315e5bccca8f8c17004c5727e","messageTitle":"add page breaks to UG","messageBody":"","fileTypesAndContributionMap":{"docs":{"insertions":16,"deletions":5}}},{"hash":"529b68ed1056901650ca6c24d0b95df025b7e862","messageTitle":"More page breaks to UG","messageBody":"","fileTypesAndContributionMap":{"docs":{"insertions":6,"deletions":0}}},{"hash":"6e2bc8865bf8050b6f979f6c3cd646e10283452e","messageTitle":"edit link","messageBody":"","fileTypesAndContributionMap":{"docs":{"insertions":1,"deletions":1}}}]},{"date":"2021-04-16","commitResults":[{"hash":"44b5aeee96bde4e895b98866af12f4e9f52f351c","messageTitle":"Update UserGuide.md","messageBody":"","fileTypesAndContributionMap":{"docs":{"insertions":7,"deletions":0}}},{"hash":"f8f4b52becbbafb69991e880a3e7feff001de8f0","messageTitle":"Update UserGuide.md","messageBody":"","fileTypesAndContributionMap":{"docs":{"insertions":4,"deletions":4}}},{"hash":"a4dad6867430d242947685df8a2236bde3ca8c25","messageTitle":"Update UserGuide.md","messageBody":"","fileTypesAndContributionMap":{"docs":{"insertions":4,"deletions":4}}}]}],"adidoesnt":[{"date":"2021-03-02","commitResults":[{"hash":"4991a938a184c9bf07effa230f50f862e6677f64","messageTitle":"Create Developer Guide","messageBody":"","fileTypesAndContributionMap":{"docs":{"insertions":16,"deletions":338}}}]},{"date":"2021-03-04","commitResults":[{"hash":"c48c262962514daa52002b72629b5280cd39386f","messageTitle":"Add \"add\" and \"remove\" features to user guide","messageBody":"","fileTypesAndContributionMap":{"docs":{"insertions":13,"deletions":1}}},{"hash":"ba41dd66d02e2138bd251eca672df933461fbc09","messageTitle":"Edit user guide features (add and remove)","messageBody":"","tags":["edit-user-guide-1"],"fileTypesAndContributionMap":{"docs":{"insertions":2,"deletions":6}}}]},{"date":"2021-03-10","commitResults":[{"hash":"8973266da6c7a7e47bfc5d8344eff34afb82d977","messageTitle":"Change email to colour","messageBody":"","fileTypesAndContributionMap":{"functional-code":{"insertions":123,"deletions":138},"docs":{"insertions":13,"deletions":13},"test-code":{"insertions":171,"deletions":205}}},{"hash":"148e264f099de64a69098e1405e88f12d6fe8c66","messageTitle":"Fix checkstyle errors for colour","messageBody":"","fileTypesAndContributionMap":{"functional-code":{"insertions":6,"deletions":7}}},{"hash":"1971f5826e9103db4f8fa2e6f0ad1f8a488e7fd7","messageTitle":"Fix more checkstyle issues for colour","messageBody":"","fileTypesAndContributionMap":{"test-code":{"insertions":16,"deletions":18}}},{"hash":"366f5abf72c2182814be03b8e2ce3949e16f8a05","messageTitle":"Fix even more checkstyle issues for colour","messageBody":"","fileTypesAndContributionMap":{"test-code":{"insertions":1,"deletions":1}}}]},{"date":"2021-03-17","commitResults":[{"hash":"c523a11f87ada1f45a61cc182d5492041def7f2b","messageTitle":"Add colour hashset and constraints","messageBody":"","fileTypesAndContributionMap":{"functional-code":{"insertions":35,"deletions":15},"docs":{"insertions":1,"deletions":1},"test-code":{"insertions":27,"deletions":27}}},{"hash":"a988ca9c3476ba5de44c9c8a9b7309daa1190e52","messageTitle":"Fix checkstyle issues for colour","messageBody":"","fileTypesAndContributionMap":{"functional-code":{"insertions":13,"deletions":13}}},{"hash":"c08841000f5593668cce0dccbf7ad578f85e6163","messageTitle":"Change colour scheme","messageBody":"","fileTypesAndContributionMap":{"functional-code":{"insertions":28,"deletions":28}}}]},{"date":"2021-03-22","commitResults":[{"hash":"81955cca3fefec343e8a9853d99b4dab05070667","messageTitle":"Add static colour match hashmap","messageBody":"","fileTypesAndContributionMap":{"functional-code":{"insertions":51,"deletions":1}}},{"hash":"b795ac567f39c3a19f5ea4941315665e7851c970","messageTitle":"Add Match Command and Match Command Parser classes","messageBody":"","fileTypesAndContributionMap":{"functional-code":{"insertions":98,"deletions":0}}},{"hash":"0cf2e34aee5c86543860ab5beb1789901a5d89c8","messageTitle":"Add Match Command Test Class","messageBody":"","fileTypesAndContributionMap":{"functional-code":{"insertions":22,"deletions":0},"test-code":{"insertions":39,"deletions":0}}},{"hash":"b33d4b3aabecfb8883ff6552a1f4371eec0ddc95","messageTitle":"Fix checkstyle errors","messageBody":"","fileTypesAndContributionMap":{"functional-code":{"insertions":126,"deletions":15}}}]},{"date":"2021-03-24","commitResults":[{"hash":"549690d032f9110e462169857183ec38f1c179a8","messageTitle":"Add match command documentation","messageBody":"","fileTypesAndContributionMap":{"docs":{"insertions":31,"deletions":1}}}]},{"date":"2021-03-28","commitResults":[{"hash":"b2eba83fe5e2cccb6e5519138dfb886a847f73d9","messageTitle":"Add hashmap for colour samples","messageBody":"","fileTypesAndContributionMap":{"functional-code":{"insertions":73,"deletions":0}}}]},{"date":"2021-03-29","commitResults":[{"hash":"39afcfd6401ee338d561837c9814d94f28a97f89","messageTitle":"no message","messageBody":"","fileTypesAndContributionMap":{"functional-code":{"insertions":2,"deletions":1},"docs":{"insertions":31,"deletions":14}}},{"hash":"d31485dcacbaca3c7afeadb8d08cd6cb1642aad5","messageTitle":"Add match documentation to user guide","messageBody":"","fileTypesAndContributionMap":{"docs":{"insertions":1,"deletions":1}}}]},{"date":"2021-04-01","commitResults":[{"hash":"6cd4cbf0f9934afe7e1ebfe93273d74b92570637","messageTitle":"Change sample images","messageBody":"","fileTypesAndContributionMap":{"functional-code":{"insertions":13,"deletions":26}}},{"hash":"4b134b051ce80e25ce42c2dfc74a5f6820d9d495","messageTitle":"Change and shift initialise samples method","messageBody":"","fileTypesAndContributionMap":{"functional-code":{"insertions":62,"deletions":29}}},{"hash":"51ecb71cbd536751b3900465937b0bd5eba80510","messageTitle":"Remove redundant import","messageBody":"","fileTypesAndContributionMap":{"functional-code":{"insertions":0,"deletions":1}}},{"hash":"fc261fff3976477cd394b0e58824d0ccee9bbccf","messageTitle":"Fix checkstyle errors","messageBody":"","fileTypesAndContributionMap":{"functional-code":{"insertions":7,"deletions":3}}}]},{"date":"2021-04-08","commitResults":[{"hash":"9381bda123238f81064fd37916fa20dacf5feb76","messageTitle":"Add project portfolio page for Aditya Banerjee","messageBody":"","fileTypesAndContributionMap":{"docs":{"insertions":29,"deletions":0}}},{"hash":"7d42a3910c0c5408c2a7194f8e3402c6de603734","messageTitle":"Change document name","messageBody":"","fileTypesAndContributionMap":{"docs":{"insertions":4,"deletions":1}}},{"hash":"69a19285c43b11a10864077fd41a1d9e1e3117f0","messageTitle":"Add new line at EOF","messageBody":"","fileTypesAndContributionMap":{"docs":{"insertions":0,"deletions":2}}},{"hash":"1c11b618265458acace8209ae8662997b5b3b511","messageTitle":"Update adidoesnt.md","messageBody":"","fileTypesAndContributionMap":{"docs":{"insertions":1,"deletions":1}}}]},{"date":"2021-04-11","commitResults":[{"hash":"649e9b42358dbecf27140d1e67224778a175ee33","messageTitle":"Fix Find Command Parser to reject redundant search query parameters for size, dressCode, and type.","messageBody":"","fileTypesAndContributionMap":{"functional-code":{"insertions":60,"deletions":6}}},{"hash":"a8e4594e5446ddd02fdd6c357fd36518446759b3","messageTitle":"Fix checkstyle error","messageBody":"","fileTypesAndContributionMap":{"functional-code":{"insertions":8,"deletions":8}}},{"hash":"93255452d93ef54dc8eb5bdc9b4cb50be4aeb7c3","messageTitle":"Fix bugs pertaining to view and dress code","messageBody":"","fileTypesAndContributionMap":{"functional-code":{"insertions":11,"deletions":4}}},{"hash":"735b5679e107cb65b6f0627201b6c6a58f2fcc30","messageTitle":"Fix checkstyle errors","messageBody":"","fileTypesAndContributionMap":{"functional-code":{"insertions":2,"deletions":4}}},{"hash":"9451870423992a1ce2a973cce34a6738520b05a5","messageTitle":"Add Match sequence and activity diagrams, and edit developer guide","messageBody":"","fileTypesAndContributionMap":{"docs":{"insertions":119,"deletions":7}}},{"hash":"246e45bcdd835a864c75844addb69b0241d5fb30","messageTitle":"Fix checkstyle errors","messageBody":"","fileTypesAndContributionMap":{"docs":{"insertions":2,"deletions":2}}},{"hash":"cb7bf88ab2cb2d22101d6b672fd900a2188e1a0b","messageTitle":"Add activity and sequence diagrams to developer guide","messageBody":"","fileTypesAndContributionMap":{"docs":{"insertions":8,"deletions":1}}},{"hash":"4d0bf57a2d302f74228fc58f6f4239de56d78e21","messageTitle":"Add use case for match","messageBody":"","fileTypesAndContributionMap":{"docs":{"insertions":17,"deletions":0}}}]},{"date":"2021-04-12","commitResults":[{"hash":"0c15ca3a5b6a30844643063585c38d626b9f76e9","messageTitle":"Edit project portfolio page for adidoesnt","messageBody":"","fileTypesAndContributionMap":{"docs":{"insertions":75,"deletions":15}}},{"hash":"e21121018ace6e6ad59caf307cd5526651efc41a","messageTitle":"Add commas between PR links","messageBody":"","fileTypesAndContributionMap":{"docs":{"insertions":3,"deletions":3}}},{"hash":"0ff5bcc9e1767906d3e662d8d19ca9af0ac0640b","messageTitle":"Update table of contents and screenshots for user guide","messageBody":"","fileTypesAndContributionMap":{"docs":{"insertions":40,"deletions":34}}}]}],"VisnuRavi":[{"date":"2021-02-28","commitResults":[{"hash":"e522082a08a5e302bfa63f0bf7af1e2731c1d7b1","messageTitle":"Edit README","messageBody":"","fileTypesAndContributionMap":{"docs":{"insertions":20,"deletions":10}}},{"hash":"860ae73ade7ef160d01fd515f22638a26a91aa65","messageTitle":"Minor edit to README","messageBody":"","fileTypesAndContributionMap":{"docs":{"insertions":4,"deletions":4}}},{"hash":"bff5dd5d9f8b050cbeafe0bf94904aa8f65d9dcc","messageTitle":"Add newline at EOF","messageBody":"","fileTypesAndContributionMap":{"docs":{"insertions":1,"deletions":1}}},{"hash":"773d674cbbb9dd3d94c6a245135e70763be9a8c1","messageTitle":"Edit name","messageBody":"","fileTypesAndContributionMap":{"docs":{"insertions":1,"deletions":1}}}]},{"date":"2021-03-02","commitResults":[{"hash":"0935dad204afcc312f3207f0516e4258a3060a51","messageTitle":"Basic outline of User Guide","messageBody":"","fileTypesAndContributionMap":{"docs":{"insertions":18,"deletions":186}}},{"hash":"2c201b33027d7b0b2e225e40ca189b4ff087e713","messageTitle":"Edit to the name","messageBody":"","fileTypesAndContributionMap":{"docs":{"insertions":3,"deletions":1}}}]},{"date":"2021-03-03","commitResults":[{"hash":"c4cb31b7aef59492dbd1fe27fbb6198f0b470bf3","messageTitle":"Add NFR and Glossary to DG","messageBody":"","fileTypesAndContributionMap":{"docs":{"insertions":19,"deletions":8}}},{"hash":"6e69b6dc1871bd5de25d01796b791dc678680d7d","messageTitle":"Edit EOF","messageBody":"","fileTypesAndContributionMap":{"docs":{"insertions":0,"deletions":3}}}]},{"date":"2021-03-05","commitResults":[{"hash":"975ae6fb9974a95ccbd2310d17deda689dcce723","messageTitle":"Complete UG-1.1","messageBody":"","fileTypesAndContributionMap":{"docs":{"insertions":51,"deletions":15}}},{"hash":"69bfe818744ee83b5af3b2997bb36ab475d685cb","messageTitle":"Edit bulleting","messageBody":"","fileTypesAndContributionMap":{"docs":{"insertions":5,"deletions":3}}}]},{"date":"2021-03-09","commitResults":[{"hash":"bcb91a4cf425d4edb2bd0156cdd65743ee6362d6","messageTitle":"Make some changes from Phone to Size","messageBody":"","fileTypesAndContributionMap":{"functional-code":{"insertions":119,"deletions":126},"test-code":{"insertions":76,"deletions":89}}},{"hash":"943f78a711151975ffae3e85af920d3389dd653e","messageTitle":"Change more parts of Phone to Size","messageBody":"","fileTypesAndContributionMap":{"functional-code":{"insertions":2,"deletions":2},"test-code":{"insertions":57,"deletions":101}}},{"hash":"15c0200390325e9c9ec311aa1241768bf2a64acc","messageTitle":"Updated more places from Phone to Size","messageBody":"","fileTypesAndContributionMap":{"test-code":{"insertions":61,"deletions":65}}}]},{"date":"2021-03-10","commitResults":[{"hash":"fbe3724072ff7e6de68b38c9503ebc5453577ad8","messageTitle":"Change Phone to Size in FXML","messageBody":"","fileTypesAndContributionMap":{"functional-code":{"insertions":1,"deletions":1}}},{"hash":"6c82de3986793dc429c23bcb0eb0368925b282b8","messageTitle":"Merge with Description changes","messageBody":"","fileTypesAndContributionMap":{"functional-code":{"insertions":217,"deletions":201},"test-code":{"insertions":256,"deletions":167}}},{"hash":"e53941cd268c329d5509c2d88df295f870279f49","messageTitle":"Made some checkstyle changes","messageBody":"","fileTypesAndContributionMap":{"functional-code":{"insertions":0,"deletions":1},"test-code":{"insertions":2,"deletions":2}}},{"hash":"5e4d04a02a40ab2ac0f4018d14d3a4b865b6482a","messageTitle":"Edit checkstyle issues","messageBody":"","fileTypesAndContributionMap":{"test-code":{"insertions":1,"deletions":3}}}]},{"date":"2021-03-11","commitResults":[{"hash":"ed8bed78e445111c207935b0e163daf20d862987","messageTitle":"Change unimportant Phone to Size","messageBody":"","fileTypesAndContributionMap":{"functional-code":{"insertions":3,"deletions":3},"docs":{"insertions":5,"deletions":5},"test-code":{"insertions":17,"deletions":17}}},{"hash":"c5fae05ed4ff5485e8c4063cb65f23f4ec58c4cc","messageTitle":"Change some from Person to Garment","messageBody":"","fileTypesAndContributionMap":{"functional-code":{"insertions":199,"deletions":198},"other":{"insertions":30,"deletions":30},"test-code":{"insertions":95,"deletions":95}}},{"hash":"ee454c47c5e87c9a5a51c5d8e339550f7d3f595d","messageTitle":"Update Person to Garment in some place","messageBody":"","fileTypesAndContributionMap":{"functional-code":{"insertions":42,"deletions":42},"test-code":{"insertions":15,"deletions":15}}}]},{"date":"2021-03-14","commitResults":[{"hash":"59299d20deb7deaa1afee522d7553887046eb44c","messageTitle":"Resolve conflicts with dresscode and garment","messageBody":"","fileTypesAndContributionMap":{"functional-code":{"insertions":18,"deletions":122},"docs":{"insertions":13,"deletions":22},"test-code":{"insertions":67,"deletions":672}}}]},{"date":"2021-03-15","commitResults":[{"hash":"b693c9b8402961f6ef4e531dc4ea7e9af1f4bacb","messageTitle":"Change some attributes name","messageBody":"","fileTypesAndContributionMap":{"test-code":{"insertions":11,"deletions":11}}}]},{"date":"2021-03-17","commitResults":[{"hash":"132cef027c26f68ed43455db3f2ed8be1334678c","messageTitle":"Made a Parent containskeywordpred","messageBody":"","fileTypesAndContributionMap":{"functional-code":{"insertions":67,"deletions":72},"test-code":{"insertions":0,"deletions":36}}},{"hash":"c31f41371ab98235ba1b9c2c975dfbda15593b4d","messageTitle":"Edit FindCommandParser","messageBody":"","fileTypesAndContributionMap":{"functional-code":{"insertions":43,"deletions":11},"other":{"insertions":1,"deletions":1}}}]},{"date":"2021-03-18","commitResults":[{"hash":"40308fde913bd1143144b2d181aa5dfd92c7e22b","messageTitle":"Use parent class ContainsKeywordsPred as attribute","messageBody":"","fileTypesAndContributionMap":{"functional-code":{"insertions":13,"deletions":11}}},{"hash":"18c6cd005019f572e70b2f873d5918b0fcc4571e","messageTitle":"Able to use Find on every attribute","messageBody":"","fileTypesAndContributionMap":{"functional-code":{"insertions":109,"deletions":19}}},{"hash":"60e0f78fc22f32a5eff203f2c8fa66a568f567f6","messageTitle":"Able to find multiple word arguments","messageBody":"","fileTypesAndContributionMap":{"functional-code":{"insertions":11,"deletions":11}}},{"hash":"b3bb2c9755090c6d04ea031748c4064f629703b7","messageTitle":"Add javadoc comments to the new classes","messageBody":"","fileTypesAndContributionMap":{"functional-code":{"insertions":16,"deletions":19}}}]},{"date":"2021-03-19","commitResults":[{"hash":"e79072e4d8e7f1d79e5aecbe3b91fb809f786e23","messageTitle":"Pass FindCommandParserTest","messageBody":"","fileTypesAndContributionMap":{"functional-code":{"insertions":11,"deletions":20},"test-code":{"insertions":52,"deletions":3}}}]},{"date":"2021-03-20","commitResults":[{"hash":"fb8077a944866f161764ca0daa7c4054c336a6e8","messageTitle":"Add tests for FindCommand and WardrobeParser","messageBody":"","fileTypesAndContributionMap":{"test-code":{"insertions":257,"deletions":8}}},{"hash":"a3b1eeba5f9265fb4021f1cef7a4fc36ae6e9fa1","messageTitle":"Edit checkstyle","messageBody":"","fileTypesAndContributionMap":{"functional-code":{"insertions":11,"deletions":13}}}]},{"date":"2021-03-26","commitResults":[{"hash":"927f0326d7fc966c3316d466a2598f42cf8d85e1","messageTitle":"Update List in DG","messageBody":"","fileTypesAndContributionMap":{"docs":{"insertions":36,"deletions":1}}},{"hash":"5d356ad923ff7eb3593b94e8858a2c5db1973c48","messageTitle":"Updated Find Command","messageBody":"","fileTypesAndContributionMap":{"functional-code":{"insertions":281,"deletions":26}}}]},{"date":"2021-03-27","commitResults":[{"hash":"7b3631789d66e680df211c97c5a665392e585194","messageTitle":"Update Find to acceept multiple attribute, update Match","messageBody":"","fileTypesAndContributionMap":{"functional-code":{"insertions":139,"deletions":26}}}]},{"date":"2021-03-29","commitResults":[{"hash":"a38810c24bc1cf61ff88c4d39e2610618eb9d77f","messageTitle":"Update Find and add Clear command in UG","messageBody":"","fileTypesAndContributionMap":{"docs":{"insertions":11,"deletions":6}}}]},{"date":"2021-03-31","commitResults":[{"hash":"fd60d77c4ed198f1d0dd7996ad1333e01795928e","messageTitle":"Update Find and Match Command","messageBody":"","fileTypesAndContributionMap":{"functional-code":{"insertions":95,"deletions":127},"test-code":{"insertions":387,"deletions":97}}},{"hash":"a36acd9e8505a3ff26ae4ff0a2f34e6a5fdfec0a","messageTitle":"Update Checkstyle","messageBody":"","fileTypesAndContributionMap":{"functional-code":{"insertions":41,"deletions":47},"other":{"insertions":3,"deletions":5},"test-code":{"insertions":24,"deletions":32}}},{"hash":"9b26e8d8c45a5b7ada7dc62b0f0b3c9b74f113c5","messageTitle":"Add more user friendly messages for match and find","messageBody":"","fileTypesAndContributionMap":{"functional-code":{"insertions":80,"deletions":36}}},{"hash":"72b179ee0af39c06b0724822c6a4d1a24bbaefcd","messageTitle":"Edit Checkstyle","messageBody":"","fileTypesAndContributionMap":{"functional-code":{"insertions":2,"deletions":3}}},{"hash":"2372ffa0e2a5006946196ff8d235d62d80175b5e","messageTitle":"Update FindCommandTest for the new messages","messageBody":"","fileTypesAndContributionMap":{"functional-code":{"insertions":5,"deletions":1},"test-code":{"insertions":8,"deletions":8}}},{"hash":"e4c363195576468c02c1a83780a2982709dbcf9b","messageTitle":"Edit Checkstyle","messageBody":"","fileTypesAndContributionMap":{"functional-code":{"insertions":4,"deletions":0}}}]},{"date":"2021-04-01","commitResults":[{"hash":"1d74d3847cb942b9be755fe970908f70e31e970c","messageTitle":"Edit UG","messageBody":"","fileTypesAndContributionMap":{"docs":{"insertions":35,"deletions":17}}},{"hash":"0f27aecb5b4cf2fc1e13175685e85351a3a1d3c9","messageTitle":"Update UG","messageBody":"","fileTypesAndContributionMap":{"docs":{"insertions":9,"deletions":2}}},{"hash":"c043f0d5056f2caabc674e43e23f1f3ed2c1ebe0","messageTitle":"Update UG","messageBody":"","fileTypesAndContributionMap":{"docs":{"insertions":4,"deletions":4}}}]},{"date":"2021-04-06","commitResults":[{"hash":"350935872a3f88b9934c607a5f00752162055fff","messageTitle":"Edit the UG based on the bugs found","messageBody":"","fileTypesAndContributionMap":{"functional-code":{"insertions":2,"deletions":2},"docs":{"insertions":12,"deletions":8}}},{"hash":"0a61a8351b6fdf72b22eeef5dcba1c240a125a7d","messageTitle":"Add MatchGarment image to UG","messageBody":"","fileTypesAndContributionMap":{"docs":{"insertions":5,"deletions":0}}}]},{"date":"2021-04-08","commitResults":[{"hash":"bcdb5e504a7af964df48e0d266cc77ccb99ed385","messageTitle":"Created my PPP","messageBody":"","fileTypesAndContributionMap":{"docs":{"insertions":38,"deletions":29}}},{"hash":"edf195dc78fd8006ddf67d7062701689c4ca7f72","messageTitle":"Minor edit to PPP","messageBody":"","fileTypesAndContributionMap":{"docs":{"insertions":5,"deletions":4}}},{"hash":"75abbf12e8032124e5b270c237b5414b54d57ade","messageTitle":"Minor edit to PPP","messageBody":"","fileTypesAndContributionMap":{"docs":{"insertions":1,"deletions":1}}},{"hash":"e90d8e2adc9546f8f52f9995f11c6d75ac4a4a91","messageTitle":"Checkstyle PPP","messageBody":"","fileTypesAndContributionMap":{"docs":{"insertions":1,"deletions":1}}},{"hash":"ea68c8a6c5ed1c29a6030359618e70e0a0d7205e","messageTitle":"Edit visnu ppp filename","messageBody":"","fileTypesAndContributionMap":{"docs":{"insertions":0,"deletions":0}}}]},{"date":"2021-04-10","commitResults":[{"hash":"a0aa87b4f7552abbb0a03121c428256f3f8b24ac","messageTitle":"Fix the overflowing desc bug","messageBody":"","fileTypesAndContributionMap":{"functional-code":{"insertions":4,"deletions":2}}}]},{"date":"2021-04-11","commitResults":[{"hash":"4e04fa120ca14c6bd042d27de452b6a48ff1f0fa","messageTitle":"Edit Desc colour","messageBody":"","fileTypesAndContributionMap":{"functional-code":{"insertions":5,"deletions":5}}},{"hash":"fec0bb669491fd2f96a843ba7c4d13beb69fdd6d","messageTitle":"Edit max desc length, shift the picture down to prevent name overflow","messageBody":"","fileTypesAndContributionMap":{"functional-code":{"insertions":3,"deletions":3}}},{"hash":"211eb5b6d55b900bcb92c4dc98aec729636903e1","messageTitle":"Create Find diagrams","messageBody":"","fileTypesAndContributionMap":{"functional-code":{"insertions":0,"deletions":7},"docs":{"insertions":123,"deletions":2}}},{"hash":"456ac61e49df04c55cbc40609a11f8aa35e31a82","messageTitle":"Find updated","messageBody":"","fileTypesAndContributionMap":{"docs":{"insertions":49,"deletions":22}}}]},{"date":"2021-04-12","commitResults":[{"hash":"2c2ec4032c36a0c0206f10239a795e80508b6d06","messageTitle":"Add skeleton of TOC","messageBody":"","fileTypesAndContributionMap":{"docs":{"insertions":23,"deletions":2}}},{"hash":"b533a90f945012a2a7de8a85b0ab282887303f7a","messageTitle":"TOC","messageBody":"","fileTypesAndContributionMap":{"docs":{"insertions":18,"deletions":18}}},{"hash":"bdba35fa3840e8c22af933f5f410e9e0b8fe15c5","messageTitle":"Update TOC","messageBody":"","fileTypesAndContributionMap":{"docs":{"insertions":9,"deletions":9}}},{"hash":"52ce6a55eaae5c739df55888a28e8661c330dd2a","messageTitle":"Update DG","messageBody":"","fileTypesAndContributionMap":{"functional-code":{"insertions":1,"deletions":1},"docs":{"insertions":5,"deletions":4}}},{"hash":"e2bb19829f0bf5e8b9e04d1a0a82741bd486b074","messageTitle":"Update DG","messageBody":"","fileTypesAndContributionMap":{"docs":{"insertions":1,"deletions":1}}},{"hash":"35220eabeb689b7f9ff7dce4455718f0ec3a39c7","messageTitle":"Update DG","messageBody":"","fileTypesAndContributionMap":{"docs":{"insertions":12,"deletions":13}}},{"hash":"dbdba85f9bdffd1536f5768b92408f0fe98dde11","messageTitle":"Find Use Case to DG","messageBody":"","fileTypesAndContributionMap":{"docs":{"insertions":15,"deletions":1}}},{"hash":"c8f797e190689113a70ebebc790ab7db65f9eb86","messageTitle":"Remove tutorial in SettingUp","messageBody":"","fileTypesAndContributionMap":{"docs":{"insertions":0,"deletions":7}}},{"hash":"d5a226b5e6e46404a0a667cb1c47e1ab436ce92a","messageTitle":"Edit PPP","messageBody":"","fileTypesAndContributionMap":{"docs":{"insertions":23,"deletions":2}}},{"hash":"89525ffc69064f928dd75d2438639d0d16d34fbe","messageTitle":"Desc and Name Bug fix","messageBody":"","fileTypesAndContributionMap":{"functional-code":{"insertions":6,"deletions":5},"docs":{"insertions":3,"deletions":3}}},{"hash":"0798328ebdb659b5a501ea40719a68381756ba85","messageTitle":"Desc and Name Bug fix","messageBody":"","fileTypesAndContributionMap":{"functional-code":{"insertions":2,"deletions":1}}},{"hash":"9ce2c6ff342d15338cdb42854986344f5065378e","messageTitle":"Desc and Name Bug fix","messageBody":"","fileTypesAndContributionMap":{"functional-code":{"insertions":2,"deletions":2}}},{"hash":"03f55ebf342a77984ddee9e4dae60073e69a6b2f","messageTitle":"Edit largest size","messageBody":"","fileTypesAndContributionMap":{"functional-code":{"insertions":2,"deletions":2},"docs":{"insertions":1,"deletions":1}}},{"hash":"ae3e6060bc94b465f4173ae77612b2cfa1541bcd","messageTitle":"Edit test","messageBody":"","fileTypesAndContributionMap":{"test-code":{"insertions":2,"deletions":2}}},{"hash":"a5743079ebbf49cb7ebe02443804ebaeffd6aad0","messageTitle":"Edit PPP","messageBody":"","fileTypesAndContributionMap":{"docs":{"insertions":9,"deletions":8}}},{"hash":"c3a284689a81baaf5f3d9291a5826554c7de5429","messageTitle":"edit ppp","messageBody":"","fileTypesAndContributionMap":{"docs":{"insertions":2,"deletions":2}}},{"hash":"3d95f61b80a9718487f0d48ff2e19ac3eaf0c8e5","messageTitle":"Edit PPP","messageBody":"","fileTypesAndContributionMap":{"docs":{"insertions":3,"deletions":2}}},{"hash":"46e02d9383964e35a9c14513231aef15e992ab01","messageTitle":"Edit PPP","messageBody":"","fileTypesAndContributionMap":{"docs":{"insertions":2,"deletions":1}}},{"hash":"25025a2659bc3950798add72b1b7d7f608985f03","messageTitle":"Edit UG","messageBody":"","fileTypesAndContributionMap":{"docs":{"insertions":9,"deletions":12}}},{"hash":"23656a8bb7aec3ddadbbf2417b07bfba1ca72ce4","messageTitle":"Edit UG","messageBody":"","fileTypesAndContributionMap":{"docs":{"insertions":1,"deletions":1}}},{"hash":"4caaacb2618096a7cb5029bd13284c3f57041472","messageTitle":"Fix find for invalid name or desc or colour","messageBody":"","fileTypesAndContributionMap":{"functional-code":{"insertions":72,"deletions":16},"docs":{"insertions":2,"deletions":2}}},{"hash":"cd620c42f0accccc98e84ec3958c55afc5a8346d","messageTitle":"Edit checkstyle","messageBody":"","fileTypesAndContributionMap":{"functional-code":{"insertions":4,"deletions":7}}}]},{"date":"2021-04-16","commitResults":[{"hash":"ea95df5ed381c327e08c1cc9728d856a4ddf598a","messageTitle":"Update UserGuide.md","messageBody":"","fileTypesAndContributionMap":{"docs":{"insertions":2,"deletions":2}}},{"hash":"9d86ee234b47f51b0ec9f63e284ca2e0f2698e34","messageTitle":"Update UserGuide.md","messageBody":"","fileTypesAndContributionMap":{"docs":{"insertions":1,"deletions":1}}},{"hash":"8f6c89d31d1e88972b86441abe3247a14211e312","messageTitle":"Update UserGuide.md","messageBody":"","fileTypesAndContributionMap":{"docs":{"insertions":1,"deletions":1}}},{"hash":"08544dea710cb54ced3f71e00b7b0cf6e3fca18d","messageTitle":"Update UserGuide.md","messageBody":"","fileTypesAndContributionMap":{"docs":{"insertions":1,"deletions":1}}},{"hash":"679c3f9c776af50cc95b38277e2942c7c02089da","messageTitle":"Update UserGuide.md","messageBody":"","fileTypesAndContributionMap":{"docs":{"insertions":1,"deletions":1}}}]}]},"authorFileTypeContributionMap":{"arihantjain97":{"docs":495,"functional-code":413,"test-code":97},"Jonathan-Cao":{"docs":510,"functional-code":827,"test-code":1150,"other":6},"adidoesnt":{"docs":289,"functional-code":514,"test-code":134},"VisnuRavi":{"docs":381,"functional-code":1083,"test-code":935}},"authorContributionVariance":{"arihantjain97":7965.602,"Jonathan-Cao":72410.51,"adidoesnt":11797.62,"VisnuRavi":51303.332},"authorDisplayNameMap":{"arihantjain97":"CS2103T-T12-1 ARIH..JAIN","Jonathan-Cao":"CS2103T-T12-1 CAO ..THAN","adidoesnt":"CS2103T-T12-1 BANE..ITYA","VisnuRavi":"CS2103T-T12-1 VISN..DRAN"}}
