{"authorDailyContributionsMap":{"arihantjain97":[],"Jonathan-Cao":[{"date":"2021-02-28","commitResults":[{"hash":"edf8944616d2dc4dbe113cf04b56e6921a6ebad5","messageTitle":"update AboutUs","messageBody":"","fileTypesAndContributionMap":{"docs":{"insertions":17,"deletions":30}}},{"hash":"74ca50bf48ba1badbdfda244bfa5b3bb396c2260","messageTitle":"edit names","messageBody":"","fileTypesAndContributionMap":{"docs":{"insertions":1,"deletions":1}}}]}],"adidoesnt":[],"VisnuRavi":[{"date":"2021-02-28","commitResults":[{"hash":"e522082a08a5e302bfa63f0bf7af1e2731c1d7b1","messageTitle":"Edit README","messageBody":"","fileTypesAndContributionMap":{"docs":{"insertions":20,"deletions":10}}},{"hash":"860ae73ade7ef160d01fd515f22638a26a91aa65","messageTitle":"Minor edit to README","messageBody":"","fileTypesAndContributionMap":{"docs":{"insertions":4,"deletions":4}}},{"hash":"bff5dd5d9f8b050cbeafe0bf94904aa8f65d9dcc","messageTitle":"Add newline at EOF","messageBody":"","fileTypesAndContributionMap":{"docs":{"insertions":1,"deletions":1}}},{"hash":"773d674cbbb9dd3d94c6a245135e70763be9a8c1","messageTitle":"Edit name","messageBody":"","fileTypesAndContributionMap":{"docs":{"insertions":1,"deletions":1}}}]}]},"authorFileTypeContributionMap":{"arihantjain97":{"docs":0,"functional-code":0,"test-code":0},"Jonathan-Cao":{"docs":17,"functional-code":0,"test-code":0},"adidoesnt":{"docs":0,"functional-code":0,"test-code":0},"VisnuRavi":{"docs":20,"functional-code":0,"test-code":0}},"authorContributionVariance":{"arihantjain97":0.0,"Jonathan-Cao":216.09,"adidoesnt":0.0,"VisnuRavi":158.76},"authorDisplayNameMap":{"arihantjain97":"CS2103T-T12-1 ARIH..JAIN","Jonathan-Cao":"CS2103T-T12-1 CAO ..THAN","adidoesnt":"CS2103T-T12-1 BANE..ITYA","VisnuRavi":"CS2103T-T12-1 VISN..DRAN"}}
