{"authorDailyContributionsMap":{"TeoHoeKeat":[{"date":"2021-02-27","commitResults":[{"hash":"45a912436eca20a9c302f151afae1d449d971ab9","messageTitle":"Update \u0027AboutUs.md\u0027 : add personal details and photo","messageBody":"","fileTypesAndContributionMap":{"docs":{"insertions":5,"deletions":5}}},{"hash":"c3e7ccdaf8f52884f1942655f76e3475dddd2e72","messageTitle":"Update \u0027DeveloperGuide.md\u0027 : add non-functional requirement","messageBody":"","fileTypesAndContributionMap":{"docs":{"insertions":41,"deletions":5}}},{"hash":"90f08cefea44b24194e2e8305962943f460dc54d","messageTitle":"Update README.md","messageBody":"","fileTypesAndContributionMap":{"docs":{"insertions":1,"deletions":1}}}]},{"date":"2021-02-28","commitResults":[{"hash":"38cef9fb96126a580e64aba557cc5e17bf68b5be","messageTitle":"Update \u0027DeveloperGuide.md\u0027 : add user stories template","messageBody":"","fileTypesAndContributionMap":{"docs":{"insertions":40,"deletions":24}}},{"hash":"79101534d3e61474b76b4c62bef6459be2b7743e","messageTitle":"Update \u0027DeveloperGuide.md\u0027 : add user stories for UI command","messageBody":"","fileTypesAndContributionMap":{"docs":{"insertions":20,"deletions":26}}},{"hash":"a40651bb8869f18ccaaa76438dcba270f18d82e8","messageTitle":"Update \u0027DeveloperGuide.md\u0027 : Add UC1 : Close contact panel","messageBody":"","fileTypesAndContributionMap":{"docs":{"insertions":17,"deletions":0}}},{"hash":"99e0b8f2fd546f7d654f4d21240a274f0b74a967","messageTitle":"Update \u0027UserGuide.md\u0027 : add open and close feature","messageBody":"","fileTypesAndContributionMap":{"docs":{"insertions":44,"deletions":0}}},{"hash":"2e0bfb7688ebc53ad4f4df5f40c795165dc19101","messageTitle":"Fix checkstyle : remove trailing whitespace","messageBody":"","fileTypesAndContributionMap":{"docs":{"insertions":9,"deletions":9}}},{"hash":"a730f777926dc8357d294eb9edaf68c917ab1169","messageTitle":"Update MainWindow : change AB3 GUI to Dictionote GUI","messageBody":"","fileTypesAndContributionMap":{"functional-code":{"insertions":18,"deletions":2}}},{"hash":"ce13bc751af5f414769666557ebe227c715024c2","messageTitle":"Fix checkstyle : remove trailing whitespace","messageBody":"","fileTypesAndContributionMap":{"docs":{"insertions":24,"deletions":24}}}]},{"date":"2021-03-03","commitResults":[{"hash":"38f543f41f3bf22e1aa2cc1b66ad1e86a12e9c05","messageTitle":"Modify \"CommandResult\" : use enum for help and exit instead of boolean","messageBody":"","fileTypesAndContributionMap":{"functional-code":{"insertions":44,"deletions":27},"test-code":{"insertions":11,"deletions":7}}},{"hash":"4150175218e0f0fc9991bb6f4a6a78d8e0144f55","messageTitle":"Add CLI syntax and enums required for UI command","messageBody":"","fileTypesAndContributionMap":{"functional-code":{"insertions":88,"deletions":6}}},{"hash":"f4af02ba2fa6d096b62066992b1799bcb68953d4","messageTitle":"Add OpenCommand Class","messageBody":"","fileTypesAndContributionMap":{"functional-code":{"insertions":60,"deletions":0}}},{"hash":"a77bc04fae44f6336bae104ab6fbcf5b84f5feb6","messageTitle":"Add CloseCommand class","messageBody":"","fileTypesAndContributionMap":{"functional-code":{"insertions":52,"deletions":0}}},{"hash":"ffa561e9e7914fa016ab5ad52bc0876588668334","messageTitle":"Add OpenCommand and CloseCommand tests","messageBody":"","fileTypesAndContributionMap":{"functional-code":{"insertions":2,"deletions":2},"test-code":{"insertions":48,"deletions":0}}},{"hash":"14d0a98be6331e5bbb86cc9c09e42e0d19422a6a","messageTitle":"Fix CloseCommand : change UiAction.Open to UiAction.close","messageBody":"","fileTypesAndContributionMap":{"functional-code":{"insertions":3,"deletions":3},"test-code":{"insertions":1,"deletions":1}}},{"hash":"80555f5251f3ebe3ff43c0bfbfd75556a6e48b80","messageTitle":"Add open and close command parser","messageBody":"","fileTypesAndContributionMap":{"functional-code":{"insertions":167,"deletions":11},"test-code":{"insertions":76,"deletions":0}}},{"hash":"2e604f9c18e05c78db70ac1211746f3f736edddb","messageTitle":"Add open and close parser test","messageBody":"","fileTypesAndContributionMap":{"functional-code":{"insertions":17,"deletions":2},"test-code":{"insertions":183,"deletions":72}}},{"hash":"1735989b7a62fb15417f8f7e03c9e6bf0af47775","messageTitle":"Change naming convention : content change to contact","messageBody":"","fileTypesAndContributionMap":{"functional-code":{"insertions":11,"deletions":11},"test-code":{"insertions":3,"deletions":3}}},{"hash":"58bbb0b3a04cbcd80ecb5eab99a05eb21d7b18a1","messageTitle":"Implement Open and Close Command","messageBody":"","fileTypesAndContributionMap":{"functional-code":{"insertions":203,"deletions":13}}},{"hash":"ccae849d914c609231bd90fd73ef9411410dff33","messageTitle":"Remove unused Option class","messageBody":"","fileTypesAndContributionMap":{"functional-code":{"insertions":0,"deletions":39}}},{"hash":"17c65b70f7315e27e482d07a2cd15f3ccf662930","messageTitle":"Add UiActionOption test","messageBody":"","fileTypesAndContributionMap":{"test-code":{"insertions":27,"deletions":0}}},{"hash":"39998677a8f94123414f4164e9113f1b339caaff","messageTitle":"Refactor : change AddressBookParser to DictionoteParser","messageBody":"","fileTypesAndContributionMap":{"functional-code":{"insertions":4,"deletions":4},"other":{"insertions":3,"deletions":3}}}]}],"jessen11":[{"date":"2021-02-26","commitResults":[{"hash":"0e0241f196d351677df1709d3e96f48a18d01a7d","messageTitle":"add about us","messageBody":"","fileTypesAndContributionMap":{"docs":{"insertions":5,"deletions":5}}}]},{"date":"2021-02-27","commitResults":[{"hash":"aa97422eb8c1ba8b64181e90e805fc041c5d27f1","messageTitle":"\tmodified:   README.md Update README.md","messageBody":"","fileTypesAndContributionMap":{"docs":{"insertions":16,"deletions":12}}}]}],"godjuansan":[{"date":"2021-02-26","commitResults":[{"hash":"411759de6b46792de2df423d417bf8b60060d397","messageTitle":"add photo and edit AboutUs.md","messageBody":"","fileTypesAndContributionMap":{"docs":{"insertions":4,"deletions":4}}},{"hash":"fa37da9e3fa7c46c4728f803ae0a0b9f9f547511","messageTitle":"update naming","messageBody":"","fileTypesAndContributionMap":{"docs":{"insertions":2,"deletions":2}}},{"hash":"23296205c0247717c4867199627704de4f963a6a","messageTitle":"Update Role and Responsiilities","messageBody":"","fileTypesAndContributionMap":{"docs":{"insertions":2,"deletions":2}}}]},{"date":"2021-02-27","commitResults":[{"hash":"cff19ab6246e4ac11f0a3758b7ad57b36eec2c3a","messageTitle":"Update Developer Guide Project Scope","messageBody":"","fileTypesAndContributionMap":{"docs":{"insertions":16,"deletions":7}}},{"hash":"262d37bdf73b3a61906ecde8c422f2ec15b4e0a2","messageTitle":"Update naming convention of image","messageBody":"","fileTypesAndContributionMap":{"docs":{"insertions":1,"deletions":1}}}]}],"riyadh-h":[{"date":"2021-02-26","commitResults":[{"hash":"120a6d685c248f17bd59a0e6215aa2bd136dbec1","messageTitle":"Update \u0027About Us\u0027 page","messageBody":"","fileTypesAndContributionMap":{"docs":{"insertions":6,"deletions":6}}},{"hash":"cf07a2d6a505025dfe14da74f709b25aaec7a596","messageTitle":"Update file names","messageBody":"","fileTypesAndContributionMap":{"docs":{"insertions":2,"deletions":2}}}]},{"date":"2021-02-27","commitResults":[{"hash":"7b199d956dac96c94d46da093441695503767ede","messageTitle":"Update profile image file format","messageBody":"","fileTypesAndContributionMap":{"docs":{"insertions":1,"deletions":1}}}]},{"date":"2021-02-28","commitResults":[{"hash":"fa4c80b2f4af65d83bdfb77021037eddab34efec","messageTitle":"Update UserGuide.md","messageBody":"","fileTypesAndContributionMap":{"docs":{"insertions":1,"deletions":1}}},{"hash":"34c96ebc46f6a73e3eedce6471b63d0252cd385b","messageTitle":"Update UserGuide.md","messageBody":"","fileTypesAndContributionMap":{"docs":{"insertions":4,"deletions":15}}}]}],"XindiTian":[{"date":"2021-02-26","commitResults":[{"hash":"8ecd8f790506632c62f1b5ae8faf2939f8091946","messageTitle":"add about us","messageBody":"","fileTypesAndContributionMap":{"docs":{"insertions":5,"deletions":5}}}]},{"date":"2021-02-27","commitResults":[{"hash":"2f863ecdeaecc1c25ff6c8fa6720956f636842ae","messageTitle":"Refactor package names and data files to Dictionote","messageBody":"","fileTypesAndContributionMap":{"other":{"insertions":803,"deletions":803},"docs":{"insertions":14,"deletions":14},"test-code":{"insertions":3,"deletions":3}}},{"hash":"ce35823b94528d66d3711ee2698c217495f6327e","messageTitle":"Updates in checkstyle","messageBody":"","fileTypesAndContributionMap":{"functional-code":{"insertions":4,"deletions":2},"test-code":{"insertions":3,"deletions":1}}},{"hash":"eb850eadcf8c2fc2a7e38dc6aaebe5a983ea1105","messageTitle":"Update about us image naming","messageBody":"","fileTypesAndContributionMap":{"docs":{"insertions":1,"deletions":1}}}]}]},"authorFileTypeContributionMap":{"TeoHoeKeat":{"docs":137,"functional-code":650,"test-code":275},"jessen11":{"docs":20,"functional-code":0,"test-code":0},"godjuansan":{"docs":20,"functional-code":0,"test-code":0},"riyadh-h":{"docs":11,"functional-code":0,"test-code":0},"XindiTian":{"docs":19,"functional-code":360,"test-code":447,"other":1}},"authorContributionVariance":{"TeoHoeKeat":103697.766,"jessen11":59.455624,"godjuansan":57.82247,"riyadh-h":44.923077,"XindiTian":193594.16},"authorDisplayNameMap":{"TeoHoeKeat":"CS2103T-W13-1 TEO ..KEAT","jessen11":"CS2103T-W13-1 DICK..LIAM","godjuansan":"CS2103T-W13-1 OTTO..ANTO","riyadh-h":"CS2103T-W13-1 ALZA..AN S","XindiTian":"CS2103T-W13-1 TIAN..INDI"}}
