{"authorDailyContributionsMap":{"justgnohUG":[{"date":"2021-03-05","commitResults":[{"hash":"c92de4d838e8b941726c2fc588412de063656e5b","messageTitle":"fix: fix incorrect img name","messageBody":"","fileTypesAndContributionMap":{"docs":{"insertions":1,"deletions":1}}},{"hash":"eaf2af216edb41f44e0f801d156d91da010e8920","messageTitle":"docs: update readme","messageBody":"- CI banner directed to group repository\n- Update ReadMe content\n","fileTypesAndContributionMap":{"docs":{"insertions":22,"deletions":12}}},{"hash":"b06deaffce2c432aa78d63ed7c5993f11ff9f826","messageTitle":"fix: update CI github repository link","messageBody":"- Link was previously linked to main CS2103T-S2 main repo instead of\n  team repo\n","fileTypesAndContributionMap":{"docs":{"insertions":1,"deletions":1}}},{"hash":"e68a704aa2cc3deb96cc51d0f3c8d4f12d6ef9d8","messageTitle":"fix: failing CI (white space)","messageBody":"","fileTypesAndContributionMap":{"docs":{"insertions":8,"deletions":12}}}]},{"date":"2021-03-17","commitResults":[{"hash":"bbd2ee930f10fdc9d48deb89bd629bd461eaa780","messageTitle":"feat: Autocomplete with splitpane list feat: Basic callback demo","messageBody":"","fileTypesAndContributionMap":{"functional-code":{"insertions":229,"deletions":2}}},{"hash":"b7e7adc9dfb400c903d916029397dd882ef98895","messageTitle":"feat: Add Up/Down arrow keyevent support to add index for \"delete\" command","messageBody":"","fileTypesAndContributionMap":{"functional-code":{"insertions":44,"deletions":4}}},{"hash":"3bb8d9d6157a4520408d61652d148b1af09dce2c","messageTitle":"fix: Update code to comply with checkstyle","messageBody":"","fileTypesAndContributionMap":{"functional-code":{"insertions":4,"deletions":0}}},{"hash":"1ce6efb4202867b34fbe7d9719bd0b530330c3a0","messageTitle":"docs: Update UserGuide and DevelopersGuide","messageBody":"","fileTypesAndContributionMap":{"docs":{"insertions":33,"deletions":3}}},{"hash":"056057121c0a29dbeb4cdc7e30ab6a898db824c8","messageTitle":"test: Add Test for Logic components","messageBody":"","fileTypesAndContributionMap":{"test-code":{"insertions":25,"deletions":0}}},{"hash":"9b15f22c5bd8b3d37ea5efd60b14d98969b1566f","messageTitle":"fix: Fix checkstyle errors in test code","messageBody":"","fileTypesAndContributionMap":{"test-code":{"insertions":2,"deletions":12}}},{"hash":"ec8284a016c1a6aa921b9bf30aee369b6b0468bf","messageTitle":"docs: Minor Update Command Auto Completion text","messageBody":"","fileTypesAndContributionMap":{"docs":{"insertions":1,"deletions":1}}},{"hash":"1b77f2163bc0f4f5b94133b40f67e54d25b287e3","messageTitle":"refactor: Remove unused variable in CommandBox.java","messageBody":"","fileTypesAndContributionMap":{"functional-code":{"insertions":0,"deletions":1}}}]},{"date":"2021-03-21","commitResults":[{"hash":"a6d1253813443b55f3818b4bb3a73a349e44c358","messageTitle":"refactor: Add Alias command word to AutoCompleteListPanel","messageBody":"","fileTypesAndContributionMap":{"functional-code":{"insertions":4,"deletions":0}}},{"hash":"b9f0da7db6cd43f405be7672f69e580341d4a338","messageTitle":"fix: Fix autocomplete commands not showing on init","messageBody":"- Fixes #94\n","fileTypesAndContributionMap":{"functional-code":{"insertions":3,"deletions":2}}},{"hash":"eb1823bfe7143e1cc1efe76eadf554fb2af9a621","messageTitle":"test: Add test for adding \"alias\" into autocomplete command panel","messageBody":"","fileTypesAndContributionMap":{"test-code":{"insertions":8,"deletions":2}}}]},{"date":"2021-03-23","commitResults":[{"hash":"f1198b89108d09ec91c65b304e963254b3316975","messageTitle":"refactor: Modify autocomplete test case for better test coverage","messageBody":"","fileTypesAndContributionMap":{"test-code":{"insertions":21,"deletions":2}}},{"hash":"9d19fb16a6301f4ccb22030d98c3aebb7a7251d8","messageTitle":"refactor: Modify test cases to be more comprehensive","messageBody":"","fileTypesAndContributionMap":{"test-code":{"insertions":17,"deletions":18}}},{"hash":"6d17dacd77973d5f4eb3ff375e38f2d2768ded23","messageTitle":"fix: Fix checkstyle errors","messageBody":"","fileTypesAndContributionMap":{"test-code":{"insertions":0,"deletions":6}}},{"hash":"65f1b7a4a1be0c4ee602b2f183a18fafa81c8dd7","messageTitle":"docs: Add missing JavaDoc for getAutocompleteCommands()","messageBody":"","fileTypesAndContributionMap":{"functional-code":{"insertions":6,"deletions":0}}},{"hash":"7081728dfa9916b562c30382bbff50b260af61c0","messageTitle":"test: Add whitespace test for getAutoCompleteCommands()","messageBody":"","fileTypesAndContributionMap":{"test-code":{"insertions":8,"deletions":0}}},{"hash":"68a13e20c28654cab01863b0769c7321dc7c2847","messageTitle":"fix: Fix checkstyle errors","messageBody":"","fileTypesAndContributionMap":{"test-code":{"insertions":0,"deletions":1}}},{"hash":"96df6750c6b83c0850bba707a54494a62f59a287","messageTitle":"docs: Move Javadoc from LogicManager to Logic Interface","messageBody":"","fileTypesAndContributionMap":{"functional-code":{"insertions":6,"deletions":6}}}]},{"date":"2021-03-24","commitResults":[{"hash":"0125957eb9afa3cd5b793df44c07fb4f177c0511","messageTitle":"docs: Update Autocomplete in DG","messageBody":"","fileTypesAndContributionMap":{"docs":{"insertions":33,"deletions":6}}},{"hash":"1813c45aa5e425e48e6bb8696544b2327ae3947b","messageTitle":"docs: Fix typos and some words for consistency","messageBody":"","fileTypesAndContributionMap":{"docs":{"insertions":2,"deletions":2}}},{"hash":"8795640b804df4aaae168b8338757245d30f6675","messageTitle":"refactor: Add assert in getAutocompleteCommands()","messageBody":"","fileTypesAndContributionMap":{"functional-code":{"insertions":2,"deletions":0}}}]}],"tanboonji":[{"date":"2021-03-03","commitResults":[{"hash":"48b6f29143d59dc05beddec7d68921e2b663f657","messageTitle":"docs: update user guide","messageBody":"","fileTypesAndContributionMap":{"docs":{"insertions":92,"deletions":13}}}]},{"date":"2021-03-09","commitResults":[{"hash":"c735b052a2aa958eb2c7f2fe98a8888eec4cf2a5","messageTitle":"docs: Update roles and responsibilites in AboutUs","messageBody":"","fileTypesAndContributionMap":{"docs":{"insertions":15,"deletions":15}}}]},{"date":"2021-03-13","commitResults":[{"hash":"77bcbb146d9585b47b909400f67ed469053981bf","messageTitle":"feat: Add add alias and delete alias command","messageBody":"","fileTypesAndContributionMap":{"functional-code":{"insertions":711,"deletions":4},"test-code":{"insertions":50,"deletions":14}}},{"hash":"da06d729700727ae6b738ae5840c7f235f322d7a","messageTitle":"fix: Remove possible class loading deadlock in Alias classes","messageBody":"","fileTypesAndContributionMap":{"functional-code":{"insertions":12,"deletions":14}}}]},{"date":"2021-03-14","commitResults":[{"hash":"314ed68a5d14daae33a115af971689bf18a81104","messageTitle":"refactor: Extract creation of empty aliases in AddressBookParserTest","messageBody":"","fileTypesAndContributionMap":{"test-code":{"insertions":16,"deletions":17}}},{"hash":"9520d12e6fc8cd51e20933a8e326be65e76e70e2","messageTitle":"refactor: Rename getAliasMap() to getAliases() for better code clarity","messageBody":"","fileTypesAndContributionMap":{"functional-code":{"insertions":4,"deletions":4},"test-code":{"insertions":1,"deletions":1}}},{"hash":"d3c102aeecd99edd1595132bc208ae13993c5be0","messageTitle":"refactor: Remove unused EditAliasCommand.java","messageBody":"","fileTypesAndContributionMap":{"functional-code":{"insertions":0,"deletions":4}}}]},{"date":"2021-03-15","commitResults":[{"hash":"416fde4ef729f0ca64aeef9e97c99eab1596fc2d","messageTitle":"feat: Add alias command validation","messageBody":"","fileTypesAndContributionMap":{"functional-code":{"insertions":296,"deletions":27}}},{"hash":"5fa7feef2f1b2be406124f042094bab412cc0c8f","messageTitle":"feat: Add list alias command","messageBody":"","fileTypesAndContributionMap":{"functional-code":{"insertions":190,"deletions":9}}},{"hash":"9fd84136bc2ea161cf65f2d23cd657496941c9af","messageTitle":"fix: Update code to comply with checkstyle","messageBody":"","fileTypesAndContributionMap":{"functional-code":{"insertions":3,"deletions":13}}},{"hash":"6e9f4db5c24e7a2ebc0c1b5fce755066955ba289","messageTitle":"fix: Update all CommandResult in test to use updated constructor","messageBody":"","fileTypesAndContributionMap":{"test-code":{"insertions":7,"deletions":7}}},{"hash":"c4df27f4566447732a4cc01a0c4aac2fae10623c","messageTitle":"refactor: Update UI for AliasWindow","messageBody":"","fileTypesAndContributionMap":{"functional-code":{"insertions":7,"deletions":2}}},{"hash":"93203283c2ccb311b54f8cabdbb819f4882ba49b","messageTitle":"feat: Implement loading and saving of aliases from user local drive","messageBody":"","fileTypesAndContributionMap":{"functional-code":{"insertions":415,"deletions":18},"test-code":{"insertions":24,"deletions":3}}},{"hash":"b2b9c39a1e55f2bb554b63538b857fb95d37f88e","messageTitle":"fix: Fix alias list command to be aliasable","messageBody":"","fileTypesAndContributionMap":{"functional-code":{"insertions":3,"deletions":0}}}]},{"date":"2021-03-17","commitResults":[{"hash":"de91abd95690cc0690c3202b085a8a89f5a5afdc","messageTitle":"style: Standardize aliasMap and aliases variable names","messageBody":"","fileTypesAndContributionMap":{"functional-code":{"insertions":33,"deletions":33}}},{"hash":"582833c4bc4b8ba6be2f88afdd5b1d04b6106a01","messageTitle":"refactor: Update incorrect method names and JavaDocs in UniqueAliasMap","messageBody":"","fileTypesAndContributionMap":{"functional-code":{"insertions":4,"deletions":4}}},{"hash":"2ef4afb9754ca4988b867838a70de6c7f14bd53d","messageTitle":"refactor: Update delete alias command to show alias command details","messageBody":"","fileTypesAndContributionMap":{"functional-code":{"insertions":18,"deletions":4}}},{"hash":"c68316b9bbe27b5f1778453efbef77c6435d914e","messageTitle":"refactor: Change the variable name of alias not found error message","messageBody":"","fileTypesAndContributionMap":{"functional-code":{"insertions":2,"deletions":2}}},{"hash":"f0e7de5787766d5505a1a8759a4ff1a14e45d5bb","messageTitle":"refactor: Update command alias checker for AddCommand and FilterCommand","messageBody":"","fileTypesAndContributionMap":{"functional-code":{"insertions":3,"deletions":9}}},{"hash":"6e0cd8114aeb14ae298409dd6862f2928db613cf","messageTitle":"refactor: Change isValidAliasName() to isValidAlias() for better clarity","messageBody":"","fileTypesAndContributionMap":{"functional-code":{"insertions":5,"deletions":5}}},{"hash":"25bf92884c86f7883f7fb7ea28ab12bf0d8f699f","messageTitle":"fix: Fix UniqueAliasMap throwing person instead of alias exception","messageBody":"","fileTypesAndContributionMap":{"functional-code":{"insertions":1,"deletions":1}}},{"hash":"4f48f9cd8f4b48533826ca97a25792a6972e5b29","messageTitle":"style: Updated showHelp and showAlias boolean for better clarity","messageBody":"","fileTypesAndContributionMap":{"functional-code":{"insertions":10,"deletions":10}}},{"hash":"a0cee67be81cf6e514ea0768c86e2c9b4357b097","messageTitle":"refactor: Update code as suggested by @yaowei-soc in PR #73","messageBody":"","fileTypesAndContributionMap":{"functional-code":{"insertions":22,"deletions":16}}},{"hash":"489b446c892dbf86ef3e2d897730dc29892ed7c7","messageTitle":"refactor: Remove redundant and unreachable matcher.matches() checks","messageBody":"","fileTypesAndContributionMap":{"functional-code":{"insertions":2,"deletions":6}}},{"hash":"ae07e19096126453bf792ed60a36bbd63b49a44c","messageTitle":"refactor: Compress equals() method in CommandAlias","messageBody":"","fileTypesAndContributionMap":{"functional-code":{"insertions":4,"deletions":11}}},{"hash":"a68519cebe4b0e3edfdbf8cbd2f0fdfe02a0c04e","messageTitle":"refactor: Change hasAlias() to hasCommandAlias() for better clarity","messageBody":"","fileTypesAndContributionMap":{"functional-code":{"insertions":5,"deletions":5}}},{"hash":"5eeeaea8226c90d6058e56022a83d3bed89998b6","messageTitle":"fix: Fix getCommand() throwing unexpected NullPointerException","messageBody":"","fileTypesAndContributionMap":{"functional-code":{"insertions":6,"deletions":0}}},{"hash":"6aba1a8d0838c838d9dde08f1c2f0a5c6cc0a585","messageTitle":"fix: Update validation regex in Alias to check for empty alias","messageBody":"","fileTypesAndContributionMap":{"functional-code":{"insertions":1,"deletions":1}}},{"hash":"8286c86342edb0a2b500c7953d6cd2db83efdc6a","messageTitle":"test: Add test cases and increase code coverage except for Storage","messageBody":"","fileTypesAndContributionMap":{"test-code":{"insertions":1687,"deletions":27}}},{"hash":"369058d9eab51689cbe25b98609eef9dc3e668cb","messageTitle":"docs: Update user guide with add, delete and list alias commands","messageBody":"","fileTypesAndContributionMap":{"docs":{"insertions":18,"deletions":26}}},{"hash":"bcf18f7b839429b8f2ebb8705b74945817716c3f","messageTitle":"test: Add test cases and increase code coverage for Storage","messageBody":"","fileTypesAndContributionMap":{"test-code":{"insertions":306,"deletions":0}}}]},{"date":"2021-03-20","commitResults":[{"hash":"f68790de1ece46d7f790a9773d50b42cb7727c4e","messageTitle":"refactor: Refactor duplicate code in add and delete command parsers","messageBody":"","fileTypesAndContributionMap":{"functional-code":{"insertions":54,"deletions":57}}}]},{"date":"2021-03-21","commitResults":[{"hash":"2091ffac4bd30b3f992f1692129a85cee6c74e08","messageTitle":"refactor: Update method names and Javadocs","messageBody":"","fileTypesAndContributionMap":{"functional-code":{"insertions":7,"deletions":7}}}]},{"date":"2021-03-24","commitResults":[{"hash":"1a28438709b70ffa41d4f0f69ddf964cced8c5ac","messageTitle":"docs: Update Storage and Model components in DG","messageBody":"","fileTypesAndContributionMap":{"docs":{"insertions":22,"deletions":0}}}]},{"date":"2021-03-25","commitResults":[{"hash":"3f489b144bbae30cb9c70b016449e1b464fbc577","messageTitle":"refactor: Add assert when checking alias in AddCommandParser","messageBody":"","fileTypesAndContributionMap":{"functional-code":{"insertions":1,"deletions":0}}}]}],"oeiyiping":[{"date":"2021-03-04","commitResults":[{"hash":"05add4e5aff7398423c3baf385afaab3063a8b18","messageTitle":"docs: update AboutUs to include correct team member information","messageBody":"","fileTypesAndContributionMap":{"docs":{"insertions":29,"deletions":28}}},{"hash":"cc991609afe9d58f3709c2e9d5c3b416bae72dfe","messageTitle":"docs: Update AboutUs to include EOL","messageBody":"","fileTypesAndContributionMap":{"docs":{"insertions":1,"deletions":1}}}]},{"date":"2021-03-10","commitResults":[{"hash":"a0847f677ee22c1a58ef4003615fd71b6138466d","messageTitle":"refactor: Change flags to comply with the format of Bash","messageBody":"-Flag refactor eg.: t/ is changed to -t.\n-Update affected headers to reflect the changes made.\n","fileTypesAndContributionMap":{"functional-code":{"insertions":7,"deletions":7}}},{"hash":"19071a15d13eadedd30aafd4ce3505990b9ceb82","messageTitle":"docs: Update UserGuide to reflect changes of key refactor","messageBody":"","fileTypesAndContributionMap":{"docs":{"insertions":22,"deletions":22}}},{"hash":"e5433fb6e4e45e2d6575d328b7d914db9e6a3346","messageTitle":"fix: Update (previously missed) headers to reflect key refactor","messageBody":"","fileTypesAndContributionMap":{"functional-code":{"insertions":6,"deletions":6}}}]},{"date":"2021-03-15","commitResults":[{"hash":"45129142e65e58df0b6998b433258bdc5891dc2f","messageTitle":"fix: Add spacing between prefix and value in help messages","messageBody":"","fileTypesAndContributionMap":{"functional-code":{"insertions":18,"deletions":18}}},{"hash":"49831474446008dad1dac867fa0061cc98eb979c","messageTitle":"feat: Add Remark attribute to Person","messageBody":"Allows users to add remark on a contact.\n","fileTypesAndContributionMap":{"functional-code":{"insertions":117,"deletions":17},"test-code":{"insertions":4,"deletions":0}}},{"hash":"31851e5188e30723f4ad596d7ad0a88b60718bc0","messageTitle":"docs: Update UserGuide to reflect addition of remark feature","messageBody":"","fileTypesAndContributionMap":{"docs":{"insertions":7,"deletions":7}}},{"hash":"bbf0d1715da92bb0e08f33fff5e4a9588daa09f0","messageTitle":"test: Update testcases to account for change","messageBody":"","fileTypesAndContributionMap":{"test-code":{"insertions":77,"deletions":60}}},{"hash":"112640ae5f5d7f415e12001ab07738fd155a365e","messageTitle":"fix: Fix bug where remark is treated as a compulsory input field","messageBody":"","fileTypesAndContributionMap":{"functional-code":{"insertions":1,"deletions":1}}},{"hash":"1ec72ab77baee8492f572b75cbf96702cf8dab4d","messageTitle":"fix: Fix checkstyle errors","messageBody":"","fileTypesAndContributionMap":{"functional-code":{"insertions":6,"deletions":1},"test-code":{"insertions":39,"deletions":4}}},{"hash":"cef7c9feb9803e84785373f8f189fc68ca3d120b","messageTitle":"fix: Add spacing back between prefix and value of help message","messageBody":"","fileTypesAndContributionMap":{"functional-code":{"insertions":19,"deletions":19}}}]},{"date":"2021-03-24","commitResults":[{"hash":"859e9f8825e9702265bd0223726f4c2c4c5b62b9","messageTitle":"feat: Add sample remarks to default contacts","messageBody":"Add default remarks as a form of demonstration of how the remarks\nfield looks like\n","fileTypesAndContributionMap":{"functional-code":{"insertions":6,"deletions":6}}},{"hash":"ebfe8616c30703b4c9236b79f78d8bfa7f1097d6","messageTitle":"docs: Update UG and DG","messageBody":"UG: Add guide on remarks usage\nDG: Add use case for edit remarks\n    Add user stories for Bash-like commands and remarks\n","fileTypesAndContributionMap":{"docs":{"insertions":45,"deletions":17}}},{"hash":"c4cee4cd2437487940b9473a2cb9d28fccb23308","messageTitle":"fix: Fix typo","messageBody":"","fileTypesAndContributionMap":{"functional-code":{"insertions":1,"deletions":1}}},{"hash":"8289e5d27068117cc2868eae35ab8ca78bdb630a","messageTitle":"docs: Add implementation documentation to Remark","messageBody":"","fileTypesAndContributionMap":{"docs":{"insertions":14,"deletions":0}}},{"hash":"0af71c3f79531f5eecf5237b6d69d80876e8c565","messageTitle":"docs: Minor rewording for clarity","messageBody":"","fileTypesAndContributionMap":{"docs":{"insertions":1,"deletions":3}}},{"hash":"7c351547d7aab0dc9b51d7f56a973fee526d0bf1","messageTitle":"refactor: add assertion to remark constructor","messageBody":"","fileTypesAndContributionMap":{"functional-code":{"insertions":1,"deletions":0}}}]},{"date":"2021-03-25","commitResults":[{"hash":"4f035fccda311c6eaebc2f36adc42e2ca0083f0a","messageTitle":"docs: Update puml for Model to include Remark in Person class","messageBody":"","fileTypesAndContributionMap":{"docs":{"insertions":2,"deletions":0}}}]}],"yaowei-soc":[{"date":"2021-03-03","commitResults":[{"hash":"ce88d0f01172233e0097c0b35f3d39f32c7a4180","messageTitle":"docs: update developer guide","messageBody":"- user stories\n- use cases\n","fileTypesAndContributionMap":{"docs":{"insertions":53,"deletions":2}}}]},{"date":"2021-03-04","commitResults":[{"hash":"fddbf4e1e80fe9e94844e187f94647dfa9778079","messageTitle":"docs: update ci and codecov badge","messageBody":"","fileTypesAndContributionMap":{"docs":{"insertions":2,"deletions":2}}}]},{"date":"2021-03-05","commitResults":[{"hash":"d30f128d2d1af10030f8e3b68433145492c3c61a","messageTitle":"docs(readme): fix trailing whitespace","messageBody":"","fileTypesAndContributionMap":{"docs":{"insertions":2,"deletions":2}}}]},{"date":"2021-03-06","commitResults":[{"hash":"7e3b9f74d04907b7f44b81d1fae25cd8fa719b96","messageTitle":"docs: Remove traces of AB3","messageBody":"Change all GitHub repository links from se-edu/addressbook-level3\nto our repository.\n","fileTypesAndContributionMap":{"docs":{"insertions":16,"deletions":16}}},{"hash":"92658f9f55ceaffc9ef646455593d4a26badf8a5","messageTitle":"docs: Update developer guide","messageBody":"Update the following sections:\n- Product scope\n- Use cases\n- Non functional requirements\n","fileTypesAndContributionMap":{"docs":{"insertions":2,"deletions":23}}}]},{"date":"2021-03-10","commitResults":[{"hash":"8363ad4a5b3a61786af501f969cfaabe136de101","messageTitle":"feat: Add filter command to toggle PersonCard visibility","messageBody":"- Save filter options in Model\n- Add new predicate to check for visibility in Logic\n- Add new FilterCommand along with the parser\n- Add method in ArgumentMultimap to retrieve map size\n\nNote: Name field cannot be filtered out.\n","fileTypesAndContributionMap":{"functional-code":{"insertions":160,"deletions":7}}},{"hash":"1604edc4e41a7c7a556f240cc0b1c156650cc331","messageTitle":"refactor: Move predicate into own class","messageBody":"Create DisplayFilterPredicate class instead of using ArgumentMultimap.\nAdded JavaDoc comments.\n","fileTypesAndContributionMap":{"functional-code":{"insertions":117,"deletions":49}}},{"hash":"a9b230df90dc30f0a22fbd062d3b4eb5d84d35c9","messageTitle":"test: Add JUnit test for changes","messageBody":"Added test cases for:\n- FilterCommandTest\n- FilterCommandParserTest\n- DisplayFilterPredicateTest\n\nUpdate AddCommandTest model due to Model interface changes.\n","fileTypesAndContributionMap":{"test-code":{"insertions":307,"deletions":0}}},{"hash":"9d35e3303f6b20f8d162ffcf40b71ef2522501ef","messageTitle":"docs: Update DG with implementation details","messageBody":"","fileTypesAndContributionMap":{"docs":{"insertions":10,"deletions":0}}}]},{"date":"2021-03-11","commitResults":[{"hash":"3b5cc8693e117df8edd3efaa4063c3227c4026af","messageTitle":"test: Improve code coverage","messageBody":"- Remove unnecessary ModelStub in FilterCommandParserTest\n- Add FilterCommand in AddressBookParserTest.\n","fileTypesAndContributionMap":{"test-code":{"insertions":27,"deletions":125}}}]},{"date":"2021-03-12","commitResults":[{"hash":"e9b76505069186f333b50df418b545f94cd213a6","messageTitle":"docs: Update UG to include Filter command","messageBody":"","fileTypesAndContributionMap":{"docs":{"insertions":10,"deletions":14}}}]},{"date":"2021-03-14","commitResults":[{"hash":"21345172113740da89f4cf60f442a5b32c16c564","messageTitle":"docs: Reword Javadoc for Logic interface method","messageBody":"","fileTypesAndContributionMap":{"functional-code":{"insertions":2,"deletions":2}}},{"hash":"1e159f4e080ebf9107aa3e93e24bb7c8b32d70a2","messageTitle":"test: Add more testcases for equality checks","messageBody":"","fileTypesAndContributionMap":{"test-code":{"insertions":76,"deletions":16}}}]},{"date":"2021-03-15","commitResults":[{"hash":"e207005cd5e08dbae09296bfee1919256fbfffcb","messageTitle":"fix: Javadocs for displayfilter predicate","messageBody":"","fileTypesAndContributionMap":{"functional-code":{"insertions":6,"deletions":6}}}]},{"date":"2021-03-16","commitResults":[{"hash":"3b919b9ed85bbb538f2211efb1d97a8ae455ef04","messageTitle":"feat: Add remark to FilterCommand","messageBody":"","fileTypesAndContributionMap":{"functional-code":{"insertions":8,"deletions":1}}},{"hash":"c637ea04907235231f8a919eaf013105b81ecec3","messageTitle":"test: Add remark test for filter command classes","messageBody":"","fileTypesAndContributionMap":{"test-code":{"insertions":31,"deletions":11}}}]},{"date":"2021-03-17","commitResults":[{"hash":"264ef38df91a80f6567da892ea9b0008f33385bb","messageTitle":"fix: Add missing override method for FilterCommand","messageBody":"Quick fix to allow program to run.\n\nNote that at this point, the test suite is incomplete and testcases will\nnot run.\n","fileTypesAndContributionMap":{"functional-code":{"insertions":5,"deletions":0}}}]},{"date":"2021-03-24","commitResults":[{"hash":"1d23dfef5c34871cf13981406e0d4f1b034458cc","messageTitle":"build: Enable run assertions","messageBody":"","fileTypesAndContributionMap":{"other":{"insertions":4,"deletions":0}}},{"hash":"4d2ea27e8e3706326a2b95972cfb76d2635ac0e3","messageTitle":"docs: Update DG","messageBody":"- Add diagrams for FilterCommand\n- Document basic select command implementation\n","fileTypesAndContributionMap":{"docs":{"insertions":73,"deletions":9}}},{"hash":"242340083376312509ed57396ed8d63ec79b5c08","messageTitle":"refactor: Add assert statement","messageBody":"Done so that Week 10 requirements are satisfied\n","fileTypesAndContributionMap":{"functional-code":{"insertions":2,"deletions":0}}}]}],"DarkDestry-t":[{"date":"2021-03-12","commitResults":[{"hash":"91ec1b3ea989ca1810373fafb2133d98fb88b8b0","messageTitle":"Add fuzzywuzzy to gradle dependency","messageBody":"","fileTypesAndContributionMap":{"other":{"insertions":3,"deletions":0}}}]},{"date":"2021-03-13","commitResults":[{"hash":"717a255e87f6cac08532af2c39dfa2e921343fcb","messageTitle":"feat: Replace exact find with fuzzy find","messageBody":"","fileTypesAndContributionMap":{"functional-code":{"insertions":69,"deletions":4},"test-code":{"insertions":12,"deletions":1}}}]},{"date":"2021-03-14","commitResults":[{"hash":"7dbf90f4f57075880f4eadbd6ae73871e33baba0","messageTitle":"test: Add Test for Fuzzy search","messageBody":"feat: Add second order sort using lexicographical order\n","fileTypesAndContributionMap":{"functional-code":{"insertions":3,"deletions":1},"test-code":{"insertions":47,"deletions":31}}}]},{"date":"2021-03-15","commitResults":[{"hash":"7638fea41221b1591af98d702729535524c2a1e0","messageTitle":"docs: Add User Guide entry for fuzzy find","messageBody":"","fileTypesAndContributionMap":{"docs":{"insertions":5,"deletions":7}}},{"hash":"0633191cc99a1bb2c272d44c7d7183c287add8b0","messageTitle":"fix: Fix checkstyle errors","messageBody":"","fileTypesAndContributionMap":{"functional-code":{"insertions":4,"deletions":3},"test-code":{"insertions":10,"deletions":4}}}]},{"date":"2021-03-17","commitResults":[{"hash":"c6feea1138bcaae29f8cbfd1591ee31680590f7a","messageTitle":"fix: Fix review comments","messageBody":"fix: Fix spelling error in UG\nfix: Remove magic number\n","fileTypesAndContributionMap":{"functional-code":{"insertions":3,"deletions":2},"docs":{"insertions":1,"deletions":1}}},{"hash":"a3248000f84f4e15e223aef423f282935e1c5700","messageTitle":"fix: Fix CI errors","messageBody":"","fileTypesAndContributionMap":{"functional-code":{"insertions":1,"deletions":2}}}]},{"date":"2021-03-24","commitResults":[{"hash":"3e67319705729ab083a049fae8f39764bd4deff4","messageTitle":"fix:String changes for help window","messageBody":"fix:Change shadowjar output jar name\n","fileTypesAndContributionMap":{"functional-code":{"insertions":1,"deletions":1},"other":{"insertions":1,"deletions":1}}},{"hash":"727dbd0d9785625b6f9df2eb854bea53240389f8","messageTitle":"feat:Increment semantic version number","messageBody":"","fileTypesAndContributionMap":{"functional-code":{"insertions":1,"deletions":1}}}]},{"date":"2021-03-25","commitResults":[{"hash":"1baf8cfaffb6838e0a09d1cc770b699dd089c953","messageTitle":"feat:Add documentation for fuzzy find feature in developer guide","messageBody":"","fileTypesAndContributionMap":{"docs":{"insertions":41,"deletions":0}}}]}]},"authorFileTypeContributionMap":{"justgnohUG":{"docs":76,"functional-code":335,"test-code":40},"tanboonji":{"docs":89,"functional-code":1613,"test-code":2068},"oeiyiping":{"docs":77,"functional-code":139,"test-code":83},"yaowei-soc":{"docs":134,"functional-code":243,"test-code":286,"other":4},"DarkDestry-t":{"docs":46,"functional-code":78,"test-code":72,"other":4}},"authorContributionVariance":{"justgnohUG":3855.3826,"tanboonji":182552.52,"oeiyiping":5082.7285,"yaowei-soc":12320.291,"DarkDestry-t":431.10532},"authorDisplayNameMap":{"justgnohUG":"CS2103T-T12-3 JUST..PEOW","tanboonji":"CS2103T-T12-3 TAN ..N JI","oeiyiping":"CS2103T-T12-3 OEI ..PING","yaowei-soc":"CS2103T-T12-3 CHON.. WEI","DarkDestry-t":"CS2103T-T12-3 TAN ..IUAN"}}
