{"authorDailyContributionsMap":{"dvdweien":[{"date":"2021-02-25","commitResults":[{"hash":"7b5ca215d3de3c2cb0fcfaaaae096f300cb64762","messageTitle":"Update aboutus with David\u0027s info","messageBody":"Add info for David\nAdd profile for David\nAdd photo for David\n","fileTypesAndContributionMap":{"docs":{"insertions":15,"deletions":4}}},{"hash":"9851841cc0d5caac49b0476dd7284c0342d80d75","messageTitle":"Update developer guide for edit, update","messageBody":"Update user profile\nUpdate value proposition\nAdd Edit user stories\nAdd update user story\nAdd Edit use cases\nAdd update use case\n","fileTypesAndContributionMap":{"docs":{"insertions":62,"deletions":2}}},{"hash":"4d01510a5c5aa832e550e9a81771cd7bd1aef035","messageTitle":"Change david\u0027s portfolio link","messageBody":"forgot to change the portfolio link last time\n","fileTypesAndContributionMap":{"docs":{"insertions":1,"deletions":1}}},{"hash":"3b442ff96091adfa89a9b8117c38a22035e6aa50","messageTitle":"Update userguide for edit, command","messageBody":"Update edit command section of userguide\nAdd update command section in userguide\n\nsomehow managed to forget to include the file last time\n","fileTypesAndContributionMap":{"docs":{"insertions":29,"deletions":9}}}]},{"date":"2021-02-27","commitResults":[{"hash":"6cb926e4bf541091c90290597ad4181b6e34a0cf","messageTitle":"Add edit, update to command summary","messageBody":"Updated edit in command summary\nAdded update in command summary\n","fileTypesAndContributionMap":{"docs":{"insertions":22,"deletions":8}}}]},{"date":"2021-03-11","commitResults":[{"hash":"3cd46fb18100a11507427cf626f260a7aa0de2bf","messageTitle":"Add support for edit property command","messageBody":"Update model to support getproperty, setproperty\nUpdate modelmanager to support getproperty, setproperty\nUpdate propertybook to support getproperty, setproperty\nUpdate addressbookparser to support editpropertycommand\nAdd editpropertycommandparser to parse edit property commands\nAdd editpropertycommand to handle edit property commands\n","fileTypesAndContributionMap":{"functional-code":{"insertions":496,"deletions":0}}},{"hash":"848d87f744fe69b9f8a89d8817fba2f10523af27","messageTitle":"Fix to pass checkstyle #1","messageBody":"","fileTypesAndContributionMap":{"functional-code":{"insertions":37,"deletions":51}}},{"hash":"c01469fffcaccc4f7a41e6a9a22833a28ef4e23f","messageTitle":"Update modelStubs to implement model","messageBody":"","fileTypesAndContributionMap":{"test-code":{"insertions":30,"deletions":0}}}]},{"date":"2021-03-12","commitResults":[{"hash":"823e21a1b1c9a88b5a8b589e29b656095cd4860c","messageTitle":"Improve code quality","messageBody":"","fileTypesAndContributionMap":{"functional-code":{"insertions":17,"deletions":17}}},{"hash":"4f5f91486cc613a43f09bf0da11e16b6de076154","messageTitle":"Shorten editpropertydescriptor","messageBody":"","fileTypesAndContributionMap":{"functional-code":{"insertions":1,"deletions":1}}}]},{"date":"2021-03-13","commitResults":[{"hash":"b300a3deaa04d7c2fd5dff34d44dd2b1c5a8cb01","messageTitle":"Add support for editappointmentcommand","messageBody":"Add invalid property/appointment index to messages\nAdd editappointment support for addressbookparser\nUpdate model to support editappointmentcommand\nUpdate modelmanager to support editappointmentcommand\nUpdate stubs in addappointmentcommandtest and\naddpropertycommandtest\nAdd editappointmentcommand\nAdd editappointmentcommandparser\n","fileTypesAndContributionMap":{"functional-code":{"insertions":272,"deletions":5},"test-code":{"insertions":28,"deletions":9}}},{"hash":"f46bcbbae03084c788c2b5974cd4c64b28adb02a","messageTitle":"Update javadocs","messageBody":"Change property to appointment\n","fileTypesAndContributionMap":{"functional-code":{"insertions":7,"deletions":8}}}]},{"date":"2021-03-15","commitResults":[{"hash":"b34b2d9529a188aacdc7a8ab66952eb6c5d30f47","messageTitle":"Minor bugfixes #1","messageBody":"","fileTypesAndContributionMap":{"functional-code":{"insertions":8,"deletions":8}}},{"hash":"5332fdbba38616fd69a9c05fc0430fb86f6ff9bc","messageTitle":"Minor edit property bugfix #1","messageBody":"","fileTypesAndContributionMap":{"functional-code":{"insertions":6,"deletions":6}}},{"hash":"5f065e63fb7b765371495373c5e8556617f283c6","messageTitle":"Fix editclientdescriptor equals bug","messageBody":"","fileTypesAndContributionMap":{"functional-code":{"insertions":1,"deletions":1}}}]},{"date":"2021-03-17","commitResults":[{"hash":"f0e7824c1da594af137e4126ed4c3d51d79f4f55","messageTitle":"Add tests for editpropertycommand","messageBody":"Fix equals bug in editpropertycommand\nOverload model setProperty method\nUpdate modelmanager to return filteredProperties size and\ngetproperty according to filteredproperties\nUpdate modelstubs\nAdd default propertydescriptors in commandtestutil\nChange default property in propertybuilder to be unique\nAdd editpropertydescriptor to facilitate testing\nAdd tests for editpropertycommand, editpropertycommandparser,\neditpropertydescriptor\n","fileTypesAndContributionMap":{"functional-code":{"insertions":31,"deletions":6},"test-code":{"insertions":565,"deletions":5}}},{"hash":"9aedf6a5e063a456a08bf2cc0736a55c2b1ff6eb","messageTitle":"Fix filteredlist bug in editpropertycommand","messageBody":"","fileTypesAndContributionMap":{"functional-code":{"insertions":3,"deletions":0},"test-code":{"insertions":1,"deletions":1}}},{"hash":"604acd8121dcb40be98c9345a58588ac331d9be8","messageTitle":"Remove unused person import","messageBody":"","fileTypesAndContributionMap":{"functional-code":{"insertions":0,"deletions":1}}},{"hash":"74dfaa1e42cc6d55a9b88fc3780e4e5c8bea908f","messageTitle":"Update editpropertycommandparsertestcomments","messageBody":"","fileTypesAndContributionMap":{"test-code":{"insertions":8,"deletions":8}}},{"hash":"eee98da7c87bd2f32dca18fafd583ac2a3068249","messageTitle":"Update comments in editpropertydescriptortest","messageBody":"","fileTypesAndContributionMap":{"test-code":{"insertions":3,"deletions":3}}},{"hash":"54881c7da48df176cfc43c13ceb027b92e47155d","messageTitle":"Fix checkstyle for editpropertycommandparsertest","messageBody":"","fileTypesAndContributionMap":{"test-code":{"insertions":12,"deletions":6}}},{"hash":"50a01b935ac02348aaba00bf6468ec46709dded7","messageTitle":"Update javadocs from address to property","messageBody":"","fileTypesAndContributionMap":{"test-code":{"insertions":4,"deletions":4}}},{"hash":"6c43424a56bbc0cb7676931d13222619c807209c","messageTitle":"Update tag to Type","messageBody":"","fileTypesAndContributionMap":{"test-code":{"insertions":1,"deletions":2}}}]},{"date":"2021-03-18","commitResults":[{"hash":"fd5627a1666dd9c19b3a96f3e2366e0e0ffe5031","messageTitle":"Fix bug when client is null","messageBody":"","fileTypesAndContributionMap":{"functional-code":{"insertions":11,"deletions":2}}},{"hash":"b991bede7797976af075a6bf60f4d6dad3d9e567","messageTitle":"Change client to be flexible","messageBody":"","fileTypesAndContributionMap":{"functional-code":{"insertions":34,"deletions":6},"test-code":{"insertions":9,"deletions":9}}},{"hash":"36781165d37d2c2fd168c85fa8e85ba4d04edc5e","messageTitle":"Remove magic literals","messageBody":"","fileTypesAndContributionMap":{"functional-code":{"insertions":13,"deletions":8}}},{"hash":"23e27d01c10cc9ad8a66155720f34065f3686b19","messageTitle":"Appease checkstyle","messageBody":"","fileTypesAndContributionMap":{"functional-code":{"insertions":9,"deletions":9}}},{"hash":"da69cde6cd075606a89ef28b5a3f15ff39e67ad0","messageTitle":"Add default client constructor","messageBody":"","fileTypesAndContributionMap":{"functional-code":{"insertions":13,"deletions":1}}}]},{"date":"2021-03-20","commitResults":[{"hash":"df8f718feb661baeaf9045e7a334343a2556f215","messageTitle":"Minor fixes and improvements for edit","messageBody":"Update userguide with tags\nFix userguide edit appointment date format\nImprove editpropertycommand code quality\n","fileTypesAndContributionMap":{"functional-code":{"insertions":6,"deletions":12},"docs":{"insertions":2,"deletions":2}}},{"hash":"bb9bc403667b946c5932afb602d76d3eda60f9c0","messageTitle":"Make edit property fields optional again","messageBody":"","fileTypesAndContributionMap":{"docs":{"insertions":1,"deletions":1}}},{"hash":"f7c4c02494265b83bfb7e3c2599d0a0331b61adc","messageTitle":"oh shit i missed one bracket","messageBody":"","fileTypesAndContributionMap":{"docs":{"insertions":1,"deletions":1}}}]},{"date":"2021-03-21","commitResults":[{"hash":"9839600b201f4e0e1ac4f64127e12f72f685b566","messageTitle":"Everything before risky move","messageBody":"Add space after INDEX in editpropertycommand\nAdd update command to addressbookparser\nAdd update prefixes to clisyntax\nAdd parserutil support for offer\nInclude status in property\nAdd support for status in jsonadaptedproperty\nAdd label for status in propertycard\nAdd updatecommands\nAdd statuses\n","fileTypesAndContributionMap":{"functional-code":{"insertions":526,"deletions":2}}},{"hash":"cbdd673e6ef18c3955d7669c549fea7a89a5a2f4","messageTitle":"Fix coding style violations","messageBody":"","fileTypesAndContributionMap":{"functional-code":{"insertions":64,"deletions":61}}}]},{"date":"2021-03-22","commitResults":[{"hash":"2f73257c7ceaf00c835198273a937c4e5fc1162f","messageTitle":"Improve code quality","messageBody":"","fileTypesAndContributionMap":{"functional-code":{"insertions":28,"deletions":19}}},{"hash":"0a7e2345ffecc08424da3a5a123d171784ff6552","messageTitle":"oops i missed 1 small edit","messageBody":"","fileTypesAndContributionMap":{"functional-code":{"insertions":2,"deletions":2}}},{"hash":"87a6448eb038108563045bb0123abb821ee05c27","messageTitle":"Revamp prefix","messageBody":"","fileTypesAndContributionMap":{"functional-code":{"insertions":19,"deletions":20}}}]}],"Cp-John":[{"date":"2021-02-27","commitResults":[{"hash":"47ff27ca5df927a083b795a3c3a7d4ad3c336e2b","messageTitle":"Add sorting part in user guide","messageBody":"","fileTypesAndContributionMap":{"docs":{"insertions":12,"deletions":0}}},{"hash":"b3fdfef7743bbfa74affb51a889800185feb89d4","messageTitle":"Add removing an entry part in user guide","messageBody":"","fileTypesAndContributionMap":{"docs":{"insertions":21,"deletions":0}}},{"hash":"8faf8dc308682216347eb007f19d77b369cfc378","messageTitle":"Add summary for the two commands, sort and remove an entry","messageBody":"","fileTypesAndContributionMap":{"docs":{"insertions":2,"deletions":0}}},{"hash":"3074931b443e33fb56c5b6540b095f34b04b911d","messageTitle":"Change command format","messageBody":"","fileTypesAndContributionMap":{"docs":{"insertions":1,"deletions":1}}},{"hash":"b4afb244875e22c6e6a8a0a34097bdbe21bca359","messageTitle":"Correct command formats","messageBody":"","fileTypesAndContributionMap":{"docs":{"insertions":3,"deletions":3}}},{"hash":"a1bbe03a46f4a5a0211b76fef3dff830091557e2","messageTitle":"Update AboutUs by Cp-John","messageBody":"","fileTypesAndContributionMap":{"docs":{"insertions":21,"deletions":0}}}]},{"date":"2021-03-14","commitResults":[{"hash":"48ff4df14271fae53729707ded908476b11e16f7","messageTitle":"Add delete appointment command","messageBody":"","fileTypesAndContributionMap":{"functional-code":{"insertions":54,"deletions":1}}},{"hash":"36f77ecb927642f8b060d8e9d16fadde4b9e73bd","messageTitle":"Add delete appointment command parser","messageBody":"","fileTypesAndContributionMap":{"functional-code":{"insertions":32,"deletions":0}}},{"hash":"2f2b830c03e2ddf14802fbdce6e0cc08f3faf82f","messageTitle":"Change javadoc comment in delete appointment command parser","messageBody":"","fileTypesAndContributionMap":{"functional-code":{"insertions":1,"deletions":1}}},{"hash":"85710cbbb0baefdcee877cb627d596971efb04e1","messageTitle":"Add DeleteAppointmentCommand to AddressBookParser.java","messageBody":"","fileTypesAndContributionMap":{"functional-code":{"insertions":4,"deletions":12}}},{"hash":"7715bfce04c74e2a93e4ea2faff2ad8f85fb6b38","messageTitle":"Add delete property command","messageBody":"","fileTypesAndContributionMap":{"functional-code":{"insertions":53,"deletions":0}}},{"hash":"ad9b380650131e571996ded352f793a4acde0405","messageTitle":"Change coding style and delete new lines","messageBody":"","fileTypesAndContributionMap":{"functional-code":{"insertions":13,"deletions":4}}},{"hash":"5175512f1e64e0a2ef1906b0d5687877303e8e23","messageTitle":"Remove * in import statement and remove a new line","messageBody":"","fileTypesAndContributionMap":{"functional-code":{"insertions":13,"deletions":3}}},{"hash":"e481cc9ebb26697cfc2b99635eb74ffd6f9216e2","messageTitle":"Reorder the import statement","messageBody":"","fileTypesAndContributionMap":{"functional-code":{"insertions":3,"deletions":2}}},{"hash":"c88775a3b057eb47f405caf3f120923089e32bd0","messageTitle":"Reorder import statements","messageBody":"","fileTypesAndContributionMap":{"functional-code":{"insertions":3,"deletions":2}}},{"hash":"5058f6d2eb4c0a76b810750281b6ac6fcb681a8a","messageTitle":"Add a new line","messageBody":"","fileTypesAndContributionMap":{"functional-code":{"insertions":1,"deletions":1}}},{"hash":"2349b8054ed9f094889fea9d4b63452df760d7ea","messageTitle":"Change delete command to delete appointment command","messageBody":"","fileTypesAndContributionMap":{"functional-code":{"insertions":1,"deletions":2}}},{"hash":"5e055d5c598257c4158c65a2ee9270c4a5de63be","messageTitle":"Add delete property command parser","messageBody":"","fileTypesAndContributionMap":{"functional-code":{"insertions":35,"deletions":2}}}]},{"date":"2021-03-15","commitResults":[{"hash":"48e1c792d353cb386bc85b4af3329657c965ffdc","messageTitle":"Add clear command for purging sample data","messageBody":"","fileTypesAndContributionMap":{"functional-code":{"insertions":16,"deletions":2}}},{"hash":"42bc58861ea68a47a9d1a05d5bfcad6905c140cc","messageTitle":"Override setPropertyBook in test","messageBody":"","fileTypesAndContributionMap":{"test-code":{"insertions":5,"deletions":0}}},{"hash":"0adc3fcb4058ebbf669ecb4bbfe121b1af6fed04","messageTitle":"Delete method setPropertyBook","messageBody":"","fileTypesAndContributionMap":{"functional-code":{"insertions":2,"deletions":14},"test-code":{"insertions":0,"deletions":5}}},{"hash":"1c64f591487f79a2367de4d4baa91ea463514c71","messageTitle":"Add clear appointment command","messageBody":"","fileTypesAndContributionMap":{"functional-code":{"insertions":3,"deletions":3},"other":{"insertions":4,"deletions":4},"test-code":{"insertions":4,"deletions":4}}},{"hash":"1e60f913280a8f6fe5579f6a7f3f56259d1d7204","messageTitle":"Break the long line","messageBody":"","fileTypesAndContributionMap":{"test-code":{"insertions":4,"deletions":2}}},{"hash":"e240e65785dfad56312d007479d508b385a7ff0b","messageTitle":"Add clear property command","messageBody":"","fileTypesAndContributionMap":{"functional-code":{"insertions":41,"deletions":13},"test-code":{"insertions":38,"deletions":2}}},{"hash":"59b607fd6d95645b4ed8255098d37787d4ed5853","messageTitle":"Add tests and reformat based on java coding styles","messageBody":"","fileTypesAndContributionMap":{"functional-code":{"insertions":46,"deletions":10},"test-code":{"insertions":61,"deletions":6}}},{"hash":"6463fef024930248946caf1b818f8c22f8f7bd51","messageTitle":"Add a new line in ClearPropertyCommandTest.java","messageBody":"","fileTypesAndContributionMap":{"test-code":{"insertions":1,"deletions":1}}},{"hash":"6581fdcf419a6afdb67496b5cf45c39706bd8cd7","messageTitle":"Delete unecessary import","messageBody":"","fileTypesAndContributionMap":{"test-code":{"insertions":0,"deletions":1}}},{"hash":"0cc859df3e83e76324708c387a0b8d52a81d455a","messageTitle":"Reorder import statement","messageBody":"","fileTypesAndContributionMap":{"functional-code":{"insertions":2,"deletions":1}}},{"hash":"4d582cebce36c36ffe12227c411f6166d2f385c0","messageTitle":"Add setPropertyBook method","messageBody":"","fileTypesAndContributionMap":{"test-code":{"insertions":6,"deletions":0}}},{"hash":"7e2e0c41e15468fcb5ed107d154f9a1f00c5a4f9","messageTitle":"Delete unused import","messageBody":"","fileTypesAndContributionMap":{"test-code":{"insertions":0,"deletions":1}}},{"hash":"de48d72b1b0c5046acbbbc38c606cbe936022158","messageTitle":"Separate import statements by a new line","messageBody":"","fileTypesAndContributionMap":{"test-code":{"insertions":1,"deletions":0}}},{"hash":"e7249980d63ca2b5222f084a87e1a04fe30fe22b","messageTitle":"Reorder import statements","messageBody":"","fileTypesAndContributionMap":{"test-code":{"insertions":3,"deletions":3}}},{"hash":"72810ee1137968dfe8bf39c7215ac663c58b50a0","messageTitle":"Change test for clear all command","messageBody":"","fileTypesAndContributionMap":{"test-code":{"insertions":4,"deletions":4}}},{"hash":"1ba3a1abf11759046e7d7889f7d22b03f050c8bf","messageTitle":"Change command word matching to switch case statements","messageBody":"","fileTypesAndContributionMap":{"functional-code":{"insertions":9,"deletions":6},"test-code":{"insertions":134,"deletions":0}}},{"hash":"a29bc3025b992be401d3b12f6693dfd5664589e5","messageTitle":"Reduce line length","messageBody":"","fileTypesAndContributionMap":{"test-code":{"insertions":7,"deletions":4}}},{"hash":"d08e6f2506192ef66b144f80b18fb5c026ddf677","messageTitle":"Fix line breaker","messageBody":"","fileTypesAndContributionMap":{"test-code":{"insertions":4,"deletions":4}}},{"hash":"8d20f103d2803078943d9a5bf91ce70917eb5714","messageTitle":"Update javadoc in clear all command","messageBody":"","fileTypesAndContributionMap":{"functional-code":{"insertions":1,"deletions":1}}},{"hash":"11e774e9ba7881de6e014d0f1fc6f3a2d8a8cbe9","messageTitle":"Delete unused import","messageBody":"","fileTypesAndContributionMap":{"functional-code":{"insertions":0,"deletions":2}}},{"hash":"368d8011fa3f47a82b9ffa553e41af81039a0d5c","messageTitle":"Add constructor for ModelManager that takes in propertyBook","messageBody":"","fileTypesAndContributionMap":{"functional-code":{"insertions":19,"deletions":0}}},{"hash":"181863ac3c65d66a55c46541b2f2cd7f25272b80","messageTitle":"Add getTypicalPropertyBook in clear all command test","messageBody":"","fileTypesAndContributionMap":{"test-code":{"insertions":6,"deletions":5}}},{"hash":"5543d22ed874a8c6693237e525e7450af3e19303","messageTitle":"Fix tests","messageBody":"","fileTypesAndContributionMap":{"test-code":{"insertions":9,"deletions":10}}},{"hash":"5dbd1358c1a319220894914c5e4f8cb1f8dcc51e","messageTitle":"Remove unused import","messageBody":"","fileTypesAndContributionMap":{"test-code":{"insertions":0,"deletions":1}}},{"hash":"7b0f489ea654f91803f3297f539de39ee8e4fbc3","messageTitle":"Fix nonEmptyPropertyBook test","messageBody":"","fileTypesAndContributionMap":{"test-code":{"insertions":0,"deletions":1}}},{"hash":"3d02b3b3ee30f2c37c3400df1db3c06b910cc613","messageTitle":"Fix time string conversion test","messageBody":"","fileTypesAndContributionMap":{"test-code":{"insertions":2,"deletions":2}}},{"hash":"845b0e56f021b56f0b733074409342fd49377e3c","messageTitle":"Remove unused import statement","messageBody":"","fileTypesAndContributionMap":{"test-code":{"insertions":0,"deletions":1}}},{"hash":"fb55089bad7de75e39a8e7539c47fa37ecae085a","messageTitle":"Fix tests","messageBody":"","fileTypesAndContributionMap":{"functional-code":{"insertions":2,"deletions":0},"test-code":{"insertions":10,"deletions":6}}},{"hash":"37cf5b726e8a7c04ca17f7503abd75dcb042ba97","messageTitle":"Restore time string conversion","messageBody":"","fileTypesAndContributionMap":{"test-code":{"insertions":4,"deletions":4}}},{"hash":"4408e690be9fab722d7d4a73ff8fbb2096bab2f9","messageTitle":"Add prefix for sortings","messageBody":"","fileTypesAndContributionMap":{"functional-code":{"insertions":4,"deletions":0}}},{"hash":"c631ac2bf4f12b076c73c9c205ad036a9e3a5365","messageTitle":"Add class AppointmentSortingKey","messageBody":"","fileTypesAndContributionMap":{"functional-code":{"insertions":2,"deletions":0}}},{"hash":"e658d4e3fb6aecfdcaa5647fc5321c2a40e7c800","messageTitle":"Add class SortingOrder","messageBody":"","fileTypesAndContributionMap":{"functional-code":{"insertions":60,"deletions":0}}},{"hash":"6aae05d05c38c1ffb6b7ad0bd8f25566f0a8364b","messageTitle":"Change field name for AppointmentSortingKey","messageBody":"","fileTypesAndContributionMap":{"functional-code":{"insertions":59,"deletions":1}}},{"hash":"30d97d5ab473a19466a8264ba8d152431bd0252a","messageTitle":"Change the field name in SortingOrder","messageBody":"","fileTypesAndContributionMap":{"functional-code":{"insertions":12,"deletions":12}}},{"hash":"788203d1ffbdc0afaebfd5daa4ae7c196c78dbe2","messageTitle":"Add ascending and descending order test method","messageBody":"","fileTypesAndContributionMap":{"functional-code":{"insertions":12,"deletions":2}}},{"hash":"3625ddbf35e5c77cccdd4d9e0c52397771997960","messageTitle":"Add javadoc in class SortingOrder","messageBody":"","fileTypesAndContributionMap":{"functional-code":{"insertions":10,"deletions":0}}},{"hash":"7a89c7eea3e1ee4af494fe0dd71469d50714db30","messageTitle":"Make Name implement Comparable","messageBody":"","fileTypesAndContributionMap":{"functional-code":{"insertions":8,"deletions":1}}},{"hash":"5cb3db688d0f22f7ca01b827a6d3377d89908417","messageTitle":"Make Date class implement comparable","messageBody":"","fileTypesAndContributionMap":{"functional-code":{"insertions":6,"deletions":1}}},{"hash":"b6824cf70e9a7a130d17fcad956e333ca7631dd3","messageTitle":"Make Time class implement Comparable","messageBody":"","fileTypesAndContributionMap":{"functional-code":{"insertions":6,"deletions":1}}},{"hash":"d29cd71226d6d6cc717898034252435a6c6f080f","messageTitle":"Change AppointmentSortingKey field name","messageBody":"","fileTypesAndContributionMap":{"functional-code":{"insertions":22,"deletions":0}}},{"hash":"70a37f7bd6453ccb5e31183cbfb0063455a85d1e","messageTitle":"Rename cliSyntax for sorting command","messageBody":"","fileTypesAndContributionMap":{"functional-code":{"insertions":2,"deletions":2}}},{"hash":"798b2e83e34e42804628fec4fd0731e7379a995d","messageTitle":"Add methods for parsing appointment sorting key and parsing sorting order","messageBody":"","fileTypesAndContributionMap":{"functional-code":{"insertions":26,"deletions":0}}},{"hash":"09f6568a72c55801b71661535815429009c5541a","messageTitle":"Add parser for sort appointment command","messageBody":"","fileTypesAndContributionMap":{"functional-code":{"insertions":45,"deletions":0}}},{"hash":"ab19f7801939e46e3b73255f5bb6e46bb573703e","messageTitle":"Add sort appointment command","messageBody":"","fileTypesAndContributionMap":{"functional-code":{"insertions":159,"deletions":0}}},{"hash":"e0d44fe211a68f3af8d76bbb36c3db2905e0f5fd","messageTitle":"Add sort appointment command to address book parser","messageBody":"","fileTypesAndContributionMap":{"functional-code":{"insertions":4,"deletions":0}}}]},{"date":"2021-03-16","commitResults":[{"hash":"8fc05524fe6770b5074c6cc2569cfe71b3eb02e6","messageTitle":"Implement sort appointment list method","messageBody":"","fileTypesAndContributionMap":{"functional-code":{"insertions":15,"deletions":1}}},{"hash":"6c7b8e75fb65ae6cf2d82ef764413c0fe5f00cd8","messageTitle":"Implement sortAppointments in appointmentbook","messageBody":"","fileTypesAndContributionMap":{"functional-code":{"insertions":8,"deletions":0}}},{"hash":"edc878d782fe67c96597c0ffca75357c86fc0d7a","messageTitle":"Add javadoc in ModelManager","messageBody":"","fileTypesAndContributionMap":{"functional-code":{"insertions":3,"deletions":0}}},{"hash":"6f546c05bfa4a1805e8d2ce4a66776583c75742a","messageTitle":"Implement sortAppointments in UniqueAppointmentList","messageBody":"","fileTypesAndContributionMap":{"functional-code":{"insertions":8,"deletions":0}}},{"hash":"ea3a8e455434672c9af7e9c2ae3f4b7365cac81a","messageTitle":"Add sort appointment list in its command","messageBody":"","fileTypesAndContributionMap":{"functional-code":{"insertions":1,"deletions":4}}},{"hash":"22c1420de4ad83944f60612a274eac6b96b2b771","messageTitle":"Implement sort appointment list method in test","messageBody":"","fileTypesAndContributionMap":{"other":{"insertions":6,"deletions":6},"test-code":{"insertions":12,"deletions":0}}},{"hash":"6cc5e38a8a9c662fc13f99cf9632c4dddccff417","messageTitle":"Fix coding style","messageBody":"","fileTypesAndContributionMap":{"functional-code":{"insertions":13,"deletions":16}}},{"hash":"28f56c53ab7016d3ee1b33d2cb94a689890584a9","messageTitle":"Update javadoc in SortAppointmentCommand","messageBody":"","fileTypesAndContributionMap":{"functional-code":{"insertions":4,"deletions":4}}},{"hash":"ee409eb3d8b0a6cecc2bf536b8b85f3f92de926a","messageTitle":"Change result string for sort appointment command","messageBody":"","fileTypesAndContributionMap":{"functional-code":{"insertions":1,"deletions":1}}},{"hash":"1b8a563c2219154dbb5df41ea210936c76eae151","messageTitle":"Generate appointmentSortingKeyTest","messageBody":"","fileTypesAndContributionMap":{"test-code":{"insertions":35,"deletions":0}}},{"hash":"112e1c8016d68703d0e778292886c8f640925ee2","messageTitle":"Generate test for sortingOrder","messageBody":"","fileTypesAndContributionMap":{"test-code":{"insertions":35,"deletions":0}}},{"hash":"02f319ea23be024ad2267f8a9a2fe335e3bbb74c","messageTitle":"Change command usage message","messageBody":"","fileTypesAndContributionMap":{"functional-code":{"insertions":2,"deletions":2}}},{"hash":"e4352ae72157149d61129400fcd0716c37cba9ce","messageTitle":"Add builder for sortAppointmentDescriptor testing","messageBody":"","fileTypesAndContributionMap":{"test-code":{"insertions":45,"deletions":0}}},{"hash":"aabc1d024a3d85fabc7151f7f5cc5fcea8083121","messageTitle":"Add builder for sort appointment descriptor testing","messageBody":"","fileTypesAndContributionMap":{"test-code":{"insertions":41,"deletions":0}}},{"hash":"0fe55fc52839e5400811497162a5d649bfe1300d","messageTitle":"Add predefined valid sort appointment descriptors","messageBody":"","fileTypesAndContributionMap":{"test-code":{"insertions":14,"deletions":0}}},{"hash":"af415ce22bb9baec77f5c052a025d8d27d503bd2","messageTitle":"Remove a blank line","messageBody":"","fileTypesAndContributionMap":{"test-code":{"insertions":58,"deletions":0}}},{"hash":"4a704ca025a575fb6a26e33400713430d8d4d6ae","messageTitle":"Remove a blank line","messageBody":"","fileTypesAndContributionMap":{"test-code":{"insertions":0,"deletions":1}}},{"hash":"9777ea6e5d5e1521fe3c263d837c5abda1133be4","messageTitle":"Reorder import statements","messageBody":"","fileTypesAndContributionMap":{"test-code":{"insertions":2,"deletions":2}}},{"hash":"aace61e40641411bc07b16bb8e7f72ed4a318d56","messageTitle":"Change des to desc","messageBody":"","fileTypesAndContributionMap":{"functional-code":{"insertions":6,"deletions":6},"test-code":{"insertions":15,"deletions":15}}},{"hash":"37d9ee9ee5fd5cf912828bbeb67eba6bf55bb874","messageTitle":"Fix a minor bug","messageBody":"","fileTypesAndContributionMap":{"functional-code":{"insertions":1,"deletions":1}}},{"hash":"91d35ee16ba95ac4456590bac9092705e8817328","messageTitle":"Update message constraints","messageBody":"","fileTypesAndContributionMap":{"functional-code":{"insertions":1,"deletions":1}}},{"hash":"30e1eb8d4d67b940f1c4bc9912e892119a1b3090","messageTitle":"Make sorting order field optional","messageBody":"","fileTypesAndContributionMap":{"functional-code":{"insertions":9,"deletions":5}}},{"hash":"598f612ebcab4358939d14abb5650a1d59a327c6","messageTitle":"Change SortAppointmentCommand.SortAppointmentDescriptor to SortAppointmentDescriptor","messageBody":"","fileTypesAndContributionMap":{"functional-code":{"insertions":6,"deletions":6}}},{"hash":"3971103f9789d64178c4dee1112dcc229f47c1c4","messageTitle":"Change filterAppointments back to final","messageBody":"","fileTypesAndContributionMap":{"functional-code":{"insertions":1,"deletions":1}}},{"hash":"80d4c26f5c4fcf111f1e730e5b93b8c5160b3737","messageTitle":"Override toString in SortAppointmentDescriptor","messageBody":"","fileTypesAndContributionMap":{"functional-code":{"insertions":7,"deletions":6}}},{"hash":"0936d84de3dba59bb3e222c86a08442a2c772010","messageTitle":"Finish updating SortAppointmentCommandTest","messageBody":"","fileTypesAndContributionMap":{"test-code":{"insertions":121,"deletions":33}}},{"hash":"610c95435b9aad3746eae749bcfac26803f907bb","messageTitle":"Make postalcode implement comparable","messageBody":"","fileTypesAndContributionMap":{"functional-code":{"insertions":6,"deletions":1}}},{"hash":"a7e0beb33207d470e8c5013eb178a8a28500177d","messageTitle":"Make deadline implement comparable","messageBody":"","fileTypesAndContributionMap":{"functional-code":{"insertions":6,"deletions":1}}},{"hash":"7433252e04328837b763ee74db05a2f8f26a9011","messageTitle":"Make askingprice implement comparable","messageBody":"","fileTypesAndContributionMap":{"functional-code":{"insertions":6,"deletions":1}}},{"hash":"73bf1944b65fb270268cade7cf3077a43021728f","messageTitle":"Add askingprice getter in property","messageBody":"","fileTypesAndContributionMap":{"functional-code":{"insertions":5,"deletions":0}}},{"hash":"2402680f4334998abb1eee7e756bf8a55eeb8af6","messageTitle":"Add propertysorting key","messageBody":"","fileTypesAndContributionMap":{"functional-code":{"insertions":104,"deletions":0}}},{"hash":"9a6aac071a377b1fce61cb33ec97a510eb00a6de","messageTitle":"Add sortPropertyList(Comparable\u003cPropert\u003e) to Model","messageBody":"","fileTypesAndContributionMap":{"functional-code":{"insertions":7,"deletions":1}}},{"hash":"5471381b12cb221ca3bac0e690bace3995cec0cf","messageTitle":"Implement sortProperties in UniquePropertyList","messageBody":"","fileTypesAndContributionMap":{"functional-code":{"insertions":9,"deletions":0}}},{"hash":"4321080baf910936b060cad2dfb0083b1bcbb959","messageTitle":"Implement sortProperties in PropertyBook","messageBody":"","fileTypesAndContributionMap":{"functional-code":{"insertions":9,"deletions":0}}},{"hash":"556c1219d448c85b9bf41f65d92e6542db1d9dfc","messageTitle":"Change type parameter for comparator","messageBody":"","fileTypesAndContributionMap":{"functional-code":{"insertions":1,"deletions":1}}},{"hash":"afdf7b3e5322e127397d91bf27100bad64f4a7dd","messageTitle":"Implement sortPropertyList in ModelManager","messageBody":"","fileTypesAndContributionMap":{"functional-code":{"insertions":9,"deletions":0}}},{"hash":"0fc92d0337aeed783a786dc364c43491c370f9bd","messageTitle":"Implement parsePropertySortingKey in parserutil","messageBody":"","fileTypesAndContributionMap":{"functional-code":{"insertions":13,"deletions":0}}},{"hash":"007a14a40b76b05de5e0372363a189f95c01a3a7","messageTitle":"Add SortPropertyCommand to AddressBookParser","messageBody":"","fileTypesAndContributionMap":{"functional-code":{"insertions":4,"deletions":0}}},{"hash":"e09f30225eddc91b65c0cb83431b879108a954db","messageTitle":"Add sort property command parser","messageBody":"","fileTypesAndContributionMap":{"functional-code":{"insertions":46,"deletions":0}}},{"hash":"7da12f59506a36de866f4f32e4bbd6e32da828e9","messageTitle":"Implement sort property command","messageBody":"","fileTypesAndContributionMap":{"functional-code":{"insertions":155,"deletions":0}}},{"hash":"6abbdebdb4ea235fd8ac260c60e291ac883a85a3","messageTitle":"Delete unused imports","messageBody":"","fileTypesAndContributionMap":{"functional-code":{"insertions":0,"deletions":2}}},{"hash":"cc93d97f24ef344af841fddfe31c7f8cf3a4d421","messageTitle":"Add sortPropertyList to model stub","messageBody":"","fileTypesAndContributionMap":{"test-code":{"insertions":10,"deletions":0}}},{"hash":"581f5882bfd839143e94f017c0b9e3ea9b362982","messageTitle":"Add PropertySortingKeyTest","messageBody":"","fileTypesAndContributionMap":{"test-code":{"insertions":37,"deletions":0}}},{"hash":"6080504a792f022df971cbfae46f2c8e26f75dfa","messageTitle":"Add SortPropertyDescriptorBuilder","messageBody":"","fileTypesAndContributionMap":{"test-code":{"insertions":40,"deletions":0}}},{"hash":"150ff285b7e889a5aa7da43a57955b2fe906a37f","messageTitle":"Add test utils for SortPropertyDescriptor","messageBody":"","fileTypesAndContributionMap":{"test-code":{"insertions":15,"deletions":3}}},{"hash":"ccfd04ba565bd014c285422b20a92946d654c746","messageTitle":"Add SortPropertyDescriptorTest","messageBody":"","fileTypesAndContributionMap":{"test-code":{"insertions":45,"deletions":0}}},{"hash":"8e9bf0e7e2b3462abbfd3c962f20e41c7a81a165","messageTitle":"Change DESC_NAME to DESC_APPOINTMENT_NAME","messageBody":"","fileTypesAndContributionMap":{"test-code":{"insertions":13,"deletions":13}}},{"hash":"961d272b4c977d5d592e1a13533aa1d7c17f4526","messageTitle":"Add SortAppointmentCommandParserTest","messageBody":"","fileTypesAndContributionMap":{"test-code":{"insertions":96,"deletions":0}}},{"hash":"1c7220510461ff9134742dda01abb2c209d87af9","messageTitle":"Add command test utils for sort appointment command test","messageBody":"","fileTypesAndContributionMap":{"test-code":{"insertions":10,"deletions":0}}},{"hash":"bf0a661b9e92f7e5bb160f9827c245f6f1bc461a","messageTitle":"Add SortPropertyCommandParserTest","messageBody":"","fileTypesAndContributionMap":{"test-code":{"insertions":96,"deletions":0}}},{"hash":"24be7910f5d8e0bb9fca1e842c29f4aa6595adc5","messageTitle":"Add command test utils for sort property command test","messageBody":"","fileTypesAndContributionMap":{"test-code":{"insertions":4,"deletions":0}}},{"hash":"dc1b1aaca388eca06d46062511db01d9e42f6d4c","messageTitle":"Add SortPropertyCommandTest","messageBody":"","fileTypesAndContributionMap":{"test-code":{"insertions":134,"deletions":0}}},{"hash":"6fc815642f5cbf49cc6f8780e6cd2df0d64e6e5b","messageTitle":"Make address implement Comparable","messageBody":"","fileTypesAndContributionMap":{"functional-code":{"insertions":6,"deletions":1}}},{"hash":"c303f4e20073952195f0bbff3695fcb7f4c44741","messageTitle":"Add address to PropertySortingKey","messageBody":"","fileTypesAndContributionMap":{"functional-code":{"insertions":13,"deletions":2}}},{"hash":"2794658daba311e6f307683cb95abf9bff4126ba","messageTitle":"Add address to SortPropertyCommand","messageBody":"","fileTypesAndContributionMap":{"functional-code":{"insertions":2,"deletions":0}}},{"hash":"ad1239f9dd092f391953f8f2a31ebb03a93e1fa9","messageTitle":"Update comment in CommandTestUtil","messageBody":"","fileTypesAndContributionMap":{"test-code":{"insertions":1,"deletions":1}}}]},{"date":"2021-03-17","commitResults":[{"hash":"bd69dec28a2975274200d4451df10e68e0fef8f0","messageTitle":"Update userguide for sort commands","messageBody":"","fileTypesAndContributionMap":{"docs":{"insertions":5,"deletions":6}}},{"hash":"a3f1e7ef1251f7b32496e2299a40553f63763e2d","messageTitle":"Update userguide for clear command","messageBody":"","fileTypesAndContributionMap":{"docs":{"insertions":3,"deletions":2}}},{"hash":"42493dd6c4d09b5a9289a1075b99d8af01f435b2","messageTitle":"Add prefix in sort command example","messageBody":"","fileTypesAndContributionMap":{"docs":{"insertions":3,"deletions":3}}},{"hash":"3d050dde9eef38753da873b405d8a65235a2fec2","messageTitle":"Change filter to sort","messageBody":"","fileTypesAndContributionMap":{"test-code":{"insertions":8,"deletions":8}}},{"hash":"67fe76cd7e2e8e05b583100287d1842c21fe8f29","messageTitle":"Improve the if else statements in comparator","messageBody":"","fileTypesAndContributionMap":{"functional-code":{"insertions":8,"deletions":12}}},{"hash":"f5c34a2799f245babd77cc7117bbccb7cd15ff96","messageTitle":"Change back javadoc comment for sortings methods in Model.java","messageBody":"","fileTypesAndContributionMap":{"functional-code":{"insertions":2,"deletions":2}}},{"hash":"534ca70d3b6a0feaefbc5fbcecb2159ac8376261","messageTitle":"Implement show property at index method at command test util","messageBody":"","fileTypesAndContributionMap":{"test-code":{"insertions":16,"deletions":0}}},{"hash":"fccccb7db9ccfc368648b292f92b2cb7d3513b3b","messageTitle":"Add tests for delete property command","messageBody":"","fileTypesAndContributionMap":{"test-code":{"insertions":113,"deletions":0}}},{"hash":"0d6fbc6e58a0d2dc7db057d175e38323b74dd540","messageTitle":"Add delete property command parser test","messageBody":"","fileTypesAndContributionMap":{"test-code":{"insertions":32,"deletions":0}}},{"hash":"d7a62989baf8f2731c21b57ab77eb2e75e8c0435","messageTitle":"Fix coding style","messageBody":"","fileTypesAndContributionMap":{"test-code":{"insertions":3,"deletions":2}}},{"hash":"90fca1500c328ddcc967a4397e90e6cf83d7607f","messageTitle":"Add tests for delete appointment command parser","messageBody":"","fileTypesAndContributionMap":{"test-code":{"insertions":33,"deletions":0}}},{"hash":"f45bfa99a28f885f0fbb8115aabcb9b23658e79c","messageTitle":"Fix a bug for sort property command","messageBody":"","fileTypesAndContributionMap":{"functional-code":{"insertions":5,"deletions":0}}}]}],"candyhy":[{"date":"2021-02-26","commitResults":[{"hash":"0dfc7f6dfd98b08b1e036fd6e8d6c20a2870fb38","messageTitle":"Update About Us","messageBody":"","fileTypesAndContributionMap":{"docs":{"insertions":16,"deletions":4}}},{"hash":"30aca47b4eb5b80c722d9ad94e51b3afcd599060","messageTitle":"Add new line to candyhy.md","messageBody":"","fileTypesAndContributionMap":{"docs":{"insertions":1,"deletions":1}}},{"hash":"13ce809457d14b456ec7d0e7477fd1c27cc19dd9","messageTitle":"Update Developer Guide","messageBody":"","fileTypesAndContributionMap":{"docs":{"insertions":24,"deletions":1}}},{"hash":"e1ede75cd1c0d6fa2a26aec3ca82767a98d47e41","messageTitle":"Update list command description in User Guide","messageBody":"","fileTypesAndContributionMap":{"docs":{"insertions":2,"deletions":2}}},{"hash":"5df48194494256707db836850c2456fc3bef18b8","messageTitle":"Fix typo in User stories","messageBody":"","fileTypesAndContributionMap":{"docs":{"insertions":1,"deletions":1}}}]},{"date":"2021-02-27","commitResults":[{"hash":"0398aec191ad9d13b5e439e7c831fa91685adf8d","messageTitle":"Fix typo in User stories","messageBody":"","fileTypesAndContributionMap":{"docs":{"insertions":4,"deletions":5}}},{"hash":"8f967de339192884a49088340b57309552eb241b","messageTitle":"Fix list command description in User Guide","messageBody":"","fileTypesAndContributionMap":{"docs":{"insertions":1,"deletions":1}}}]},{"date":"2021-03-12","commitResults":[{"hash":"5905e8f96f6e5c2dbd6d76d6cb1fc9cd5e159af5","messageTitle":"Support appointment listing and storage in ui","messageBody":"","fileTypesAndContributionMap":{"functional-code":{"insertions":153,"deletions":136}}},{"hash":"31b85dc3fa569f6542d97557f74d111de1334b53","messageTitle":"Add functionality for listing appointments","messageBody":"","fileTypesAndContributionMap":{"functional-code":{"insertions":1390,"deletions":142},"docs":{"insertions":1,"deletions":1},"test-code":{"insertions":147,"deletions":9}}},{"hash":"812b4ff92e467966545e1671ee2bbf45e342acf5","messageTitle":"Fix bug in StorageManagerTest and ModelManagerTest","messageBody":"","fileTypesAndContributionMap":{"functional-code":{"insertions":33,"deletions":0},"test-code":{"insertions":86,"deletions":46}}},{"hash":"9d02b1575d5a9dc0ec8cd5a868539165059f3bca","messageTitle":"Fix file path in ModelManagerTest","messageBody":"","fileTypesAndContributionMap":{"test-code":{"insertions":3,"deletions":3}}},{"hash":"cb14ff2833891dfb563d6c2e626cd3fcf0d0c749","messageTitle":"Fix file path for AddressBookStorage in Storage class","messageBody":"","fileTypesAndContributionMap":{"functional-code":{"insertions":2,"deletions":1},"test-code":{"insertions":3,"deletions":3}}}]},{"date":"2021-03-13","commitResults":[{"hash":"ad69750fffe53445ac116b2e6a48dcb3a4843e6a","messageTitle":"Update StorageManagerTest and ModelManagerTest","messageBody":"","fileTypesAndContributionMap":{"functional-code":{"insertions":7,"deletions":35},"test-code":{"insertions":1,"deletions":4}}},{"hash":"6c7779a6d7741564ef711c8fdd6c87873ac4fc3d","messageTitle":"Fix javadocs in AddressBookParser","messageBody":"","fileTypesAndContributionMap":{"functional-code":{"insertions":1,"deletions":5}}}]},{"date":"2021-03-16","commitResults":[{"hash":"5720c3198db9f3ec6b6f4484230779697a63b8aa","messageTitle":"Add Property storage functionality","messageBody":"","fileTypesAndContributionMap":{"functional-code":{"insertions":437,"deletions":0}}},{"hash":"2fb1e9ba98004fb8efbb9ff3fc9e0ae0f93d9af1","messageTitle":"Update Storage, StorageManager, ModelManager, UserPrefs to support Property Storage","messageBody":"","fileTypesAndContributionMap":{"functional-code":{"insertions":103,"deletions":34}}},{"hash":"10cd2da331e804268627b837df34b6bd2aebeff2","messageTitle":"Fix import statement order in StorageManager, ModelManaget, classes","messageBody":"","fileTypesAndContributionMap":{"functional-code":{"insertions":30,"deletions":9},"test-code":{"insertions":6,"deletions":2}}}]},{"date":"2021-03-17","commitResults":[{"hash":"e1d15eef67632897ba36ad156ab19a7063439c15","messageTitle":"Add property data storage functionality to Json file","messageBody":"","fileTypesAndContributionMap":{"functional-code":{"insertions":156,"deletions":34}}},{"hash":"a7aed2a78c624c9f6ac37ed60c698b38fbfef55e","messageTitle":"Fix bug in parsing client data in AddPropertyCommandParser","messageBody":"","fileTypesAndContributionMap":{"functional-code":{"insertions":13,"deletions":0}}},{"hash":"17cfe10c2a7e8f6a556c50a724b8fbf0b119cf99","messageTitle":"Fix bug in ModelManager\u0027s equals method and Add PropertyBookBuilder class","messageBody":"","fileTypesAndContributionMap":{"functional-code":{"insertions":12,"deletions":17},"test-code":{"insertions":77,"deletions":7}}},{"hash":"6b6032699e50b6b34a273cc4a4cb55d14003739a","messageTitle":"Fix Javadocs in JsonAdaptedProperty and MainApp class","messageBody":"","fileTypesAndContributionMap":{"functional-code":{"insertions":5,"deletions":4}}},{"hash":"d9d9a3826ce14476286c2293599c33cee974c8dc","messageTitle":"Fix Javadocs in JsonSerializablePropertyBook class","messageBody":"","fileTypesAndContributionMap":{"functional-code":{"insertions":1,"deletions":1}}},{"hash":"18eb7f4b346a479ae6c951e4db213286a406ef8e","messageTitle":"Add side by side listing of properties and appointments","messageBody":"","fileTypesAndContributionMap":{"functional-code":{"insertions":34,"deletions":17}}}]},{"date":"2021-03-18","commitResults":[{"hash":"5bb455cdc86e0ab6e6717b974f8d3945b654e1cd","messageTitle":"Fix bug in PropertyCard to show postal code in Ui","messageBody":"","fileTypesAndContributionMap":{"functional-code":{"insertions":1,"deletions":0}}}]}],"w-yuchen":[{"date":"2021-02-25","commitResults":[{"hash":"5bb2ed365ff6f1a28a02af5f2ff267010a5161e0","messageTitle":"Update Java build badge.","messageBody":"","fileTypesAndContributionMap":{"docs":{"insertions":7,"deletions":2}}},{"hash":"b8ac671f0749c47002cd898d9e757919a0c7f9f0","messageTitle":"Add acknowledgements.","messageBody":"","fileTypesAndContributionMap":{"docs":{"insertions":4,"deletions":1}}},{"hash":"42e011ddc2be08bd9b5d1b137c84b5e01bc7e9b1","messageTitle":"Add links to readme.","messageBody":"","fileTypesAndContributionMap":{"docs":{"insertions":5,"deletions":2}}},{"hash":"ddaeaee778cd4d011dab41d62bd9ac8c2a08f5e2","messageTitle":"Update Yuchen\u0027s about pages.","messageBody":"","fileTypesAndContributionMap":{"docs":{"insertions":16,"deletions":6}}}]},{"date":"2021-03-02","commitResults":[{"hash":"6bc3d5f4965d5ab0a75385a91e6b0953c67c5b50","messageTitle":"Add find to user guide.","messageBody":"","fileTypesAndContributionMap":{"docs":{"insertions":30,"deletions":14}}},{"hash":"bb106da2d4e53f91675f3cf7f2f5d73fec5ad7cb","messageTitle":"Update DeveloperGuide.","messageBody":"","fileTypesAndContributionMap":{"docs":{"insertions":155,"deletions":16}}},{"hash":"83eb55a66820a56a9976338e7fe64f1b73c9a3d6","messageTitle":"Fix styling issues.","messageBody":"","fileTypesAndContributionMap":{"other":{"insertions":3,"deletions":2},"docs":{"insertions":15,"deletions":16}}},{"hash":"5f83f58096f04b2c01436fde37287e18721ddf41","messageTitle":"Remove conflict markers and change changed gradle-wrapper.properties.","messageBody":"","fileTypesAndContributionMap":{"other":{"insertions":2,"deletions":3},"docs":{"insertions":0,"deletions":2}}},{"hash":"1415b34a03510711321f5f4eea5b1da3407865b4","messageTitle":"Add EOF newline.","messageBody":"","fileTypesAndContributionMap":{"other":{"insertions":1,"deletions":1}}}]},{"date":"2021-03-14","commitResults":[{"hash":"ccc33d41c87c6126568a900c4df3a7e416122bb5","messageTitle":"Create FindAppointmentCommand and FindPropertyCommand.","messageBody":"","fileTypesAndContributionMap":{"functional-code":{"insertions":84,"deletions":0}}}]},{"date":"2021-03-15","commitResults":[{"hash":"60bd0fce240fdcc1eab7695cd76c8c72468706ff","messageTitle":"Add AppointmentNameContainsKeywordsPredicate.","messageBody":"","fileTypesAndContributionMap":{"functional-code":{"insertions":39,"deletions":8}}},{"hash":"0be57d1736c0bda0d69deb8ebc2fe7af087bdc8f","messageTitle":"Edit Messages to include message for appointments.","messageBody":"","fileTypesAndContributionMap":{"functional-code":{"insertions":5,"deletions":2}}},{"hash":"be0df0039320d0be942695283874edd879b7fe46","messageTitle":"Add support for finding appointments to AddressBookParser, and created FindAppointmentCommandParser.","messageBody":"","fileTypesAndContributionMap":{"functional-code":{"insertions":41,"deletions":15}}},{"hash":"9a5f8ba70aba9a929437f327fadafc1faf90f2d0","messageTitle":"Fix a bug with displayed find message.","messageBody":"","fileTypesAndContributionMap":{"functional-code":{"insertions":5,"deletions":2}}},{"hash":"dfe8f4df062e63e474e83a3ae4012196bb6caa20","messageTitle":"Add additional message for singular case appointment.","messageBody":"","fileTypesAndContributionMap":{"functional-code":{"insertions":5,"deletions":2}}},{"hash":"8a35d61134971e8efa0dd6cf7adfb682ab6fcc2f","messageTitle":"Add property display messages.","messageBody":"","fileTypesAndContributionMap":{"functional-code":{"insertions":2,"deletions":0}}},{"hash":"f9fba8ff2b51ca94807ee6f443bb4a72c91dc202","messageTitle":"Add FindPropertyCommandParser and PropertyNameContainsKeywordsPredicate.","messageBody":"","fileTypesAndContributionMap":{"functional-code":{"insertions":80,"deletions":7}}},{"hash":"3d005a8a99df80007e027cffc81c061da6bd0cc9","messageTitle":"Fix issue with method signature in PropertyNameContainsKeywordsPredicate and FindPropertyCommand.","messageBody":"","fileTypesAndContributionMap":{"functional-code":{"insertions":4,"deletions":4}}},{"hash":"771443de8f0931a408f24b9dffb031a071fc7294","messageTitle":"Rename AppointmentNameContainsKeywordsPredicate and PropertyNameContainsKeywordsPredicate.","messageBody":"AppointmentNameContainsKeywordsPredicate -\u003e AppointmentContainsKeywordsPredicate\nPropertyNameContainsKeywordsPredicate -\u003e PropertyContainsKeywordsPredicate\n","fileTypesAndContributionMap":{"functional-code":{"insertions":10,"deletions":15},"other":{"insertions":8,"deletions":8}}},{"hash":"e42932a1fffd41dbb35fda91b466c65adcf4225e","messageTitle":"Fix styling issues and moved PropertyContainsKeywordsPredicate to Property from Appointment.","messageBody":"","fileTypesAndContributionMap":{"functional-code":{"insertions":28,"deletions":17},"other":{"insertions":3,"deletions":4}}},{"hash":"f226b17ea83ab01fa7b02337ead776de2198354a","messageTitle":"Changed parseCommand_find test to test for appointments.","messageBody":"","fileTypesAndContributionMap":{"test-code":{"insertions":7,"deletions":11}}},{"hash":"10ad53fa92e2a1795c6085832dd1b057dee4e9ac","messageTitle":"Add test for incorrect find property command input.","messageBody":"","fileTypesAndContributionMap":{"test-code":{"insertions":10,"deletions":0}}},{"hash":"ec7919d5725285adfa69377d87c82206433e5f84","messageTitle":"Add missing find property case to AddressBookParser.","messageBody":"","fileTypesAndContributionMap":{"functional-code":{"insertions":4,"deletions":12},"test-code":{"insertions":8,"deletions":2}}},{"hash":"36cecf59155bc24165087a8467b1a29bff36aad4","messageTitle":"Fix styling issue.","messageBody":"","fileTypesAndContributionMap":{"functional-code":{"insertions":13,"deletions":1}}},{"hash":"18875825c59d2ebad75610194feba9a491851443","messageTitle":"Add no appointment found test.","messageBody":"","fileTypesAndContributionMap":{"test-code":{"insertions":73,"deletions":83}}},{"hash":"e0df3850165b5edbdac259769431e8e8772b7546","messageTitle":"Fix styling issue.","messageBody":"","fileTypesAndContributionMap":{"functional-code":{"insertions":1,"deletions":1}}},{"hash":"ae80a3476e761d6334d7b808b55664991d83ca71","messageTitle":"Remove unused imports.","messageBody":"","fileTypesAndContributionMap":{"test-code":{"insertions":0,"deletions":3}}},{"hash":"edbdb19fa919330090cb2f8e0dd08d4c833aa79e","messageTitle":"Update javadocs.","messageBody":"","fileTypesAndContributionMap":{"functional-code":{"insertions":11,"deletions":12}}}]},{"date":"2021-03-18","commitResults":[{"hash":"e563458ee5e320c48305b6095105886f35332bda","messageTitle":"Simplify a boolean logic in MainApp.","messageBody":"","fileTypesAndContributionMap":{"functional-code":{"insertions":1,"deletions":1}}},{"hash":"8e181c1821357bbacdb4964864a39550aeceea7b","messageTitle":"Simplify a boolean logic in MainApp.","messageBody":"","fileTypesAndContributionMap":{"functional-code":{"insertions":1,"deletions":1}}}]},{"date":"2021-03-19","commitResults":[{"hash":"304acec5e42710c6e0ef9bdbbbc9f99fb5c66856","messageTitle":"Add PropertyPricePredicate.","messageBody":"","fileTypesAndContributionMap":{"functional-code":{"insertions":37,"deletions":0}}},{"hash":"41abd5418cc88cd9f7c27be904a380237d37db25","messageTitle":"Add PropertyPredicateList as a way to encapsulate a list equals method for predicates.","messageBody":"","fileTypesAndContributionMap":{"functional-code":{"insertions":32,"deletions":0}}},{"hash":"710ecdb8380429d36494f7be7f3e13457c2b21ca","messageTitle":"Edit FindPropertyCommand to use predicate list.","messageBody":"","fileTypesAndContributionMap":{"functional-code":{"insertions":7,"deletions":5}}},{"hash":"c07d6d29a81837ed63e204bcb2491adabf0826b6","messageTitle":"Add combine method to PropertyPredicateList that flattens all predicates to a single predicate.","messageBody":"","fileTypesAndContributionMap":{"functional-code":{"insertions":5,"deletions":1}}},{"hash":"87a26cfdafe9aeea7eac1a23fa3c684dd2e21ae1","messageTitle":"Add property find prefixes.","messageBody":"","fileTypesAndContributionMap":{"functional-code":{"insertions":33,"deletions":0}}},{"hash":"098a0c2a5650f1cf57d73e7be3e836197ac5edde","messageTitle":"Add searching property by client asking price and edit getAskingPrice method of property. getAskingPrice() now returns `null` when there is no client.","messageBody":"","fileTypesAndContributionMap":{"functional-code":{"insertions":33,"deletions":27}}},{"hash":"545f5c2a2c38b53eb85ed102f1e2f713f72d0c17","messageTitle":"Fix styling issue.","messageBody":"","fileTypesAndContributionMap":{"functional-code":{"insertions":23,"deletions":8}}},{"hash":"d566232679ebfbc614d3d252f78870feab2f0a95","messageTitle":"Fix broken Parser test caused by changed FindPropertyCommand constructor signature","messageBody":"","fileTypesAndContributionMap":{"test-code":{"insertions":7,"deletions":1}}},{"hash":"ed7db011599705d50648ba157d6268464071cd43","messageTitle":"Fix styling issue.","messageBody":"","fileTypesAndContributionMap":{"test-code":{"insertions":1,"deletions":4}}},{"hash":"f09e6078bbb4442634c0feac1005794727b04a92","messageTitle":"Add property getAskingPrice tests.","messageBody":"","fileTypesAndContributionMap":{"test-code":{"insertions":12,"deletions":2}}},{"hash":"86c0bb80a6d72bca5bd84507133968281f700a5e","messageTitle":"Add TypicalClients for testing asking price.","messageBody":"","fileTypesAndContributionMap":{"test-code":{"insertions":30,"deletions":1}}},{"hash":"58968c10e2dc4cd7ddc443a44958423c14e69706","messageTitle":"Add test for property with client.","messageBody":"","fileTypesAndContributionMap":{"test-code":{"insertions":8,"deletions":1}}},{"hash":"80d4699059fd333461d2c6927b87535e596a0c1b","messageTitle":"Fix buggy implementation of equals for PropertyPredicateList.","messageBody":"","fileTypesAndContributionMap":{"functional-code":{"insertions":3,"deletions":16},"test-code":{"insertions":7,"deletions":1}}}]},{"date":"2021-03-20","commitResults":[{"hash":"02b0554bf9d5cf1fcefac50cd9100a0a469c61e6","messageTitle":"Edit usage message for find.","messageBody":"","fileTypesAndContributionMap":{"functional-code":{"insertions":9,"deletions":4}}},{"hash":"303d6a7ab1423fa6367927c23b57770ecb3f2497","messageTitle":"Edit javadoc comments for clarity.","messageBody":"","fileTypesAndContributionMap":{"functional-code":{"insertions":1,"deletions":1},"test-code":{"insertions":3,"deletions":1}}}]},{"date":"2021-03-22","commitResults":[{"hash":"c3ea4862e7f8d4f3cddb0039d091474ff2505913","messageTitle":"Edit usage message, javadoc comment, and tests.","messageBody":"","fileTypesAndContributionMap":{"functional-code":{"insertions":3,"deletions":3},"test-code":{"insertions":1,"deletions":2}}},{"hash":"4f23b55d771907983fdcb8d7b3555b696d170b73","messageTitle":"Edit typo in javadoc.","messageBody":"","fileTypesAndContributionMap":{"functional-code":{"insertions":1,"deletions":1}}}]},{"date":"2021-03-23","commitResults":[{"hash":"cfecdec48fc141d97087e681abdde1e2a7181466","messageTitle":"Edit Type Type now converts all given property type string to title case before saving. For additional safety, equals now use equalsIgnoreCase.","messageBody":"","fileTypesAndContributionMap":{"functional-code":{"insertions":3,"deletions":2}}}]}],"w2vgd":[{"date":"2021-02-24","commitResults":[{"hash":"22261272dc14c1037bd768927d1b2b11f52ac61a","messageTitle":"Update Jun Wei\u0027s section for AboutUs","messageBody":"* Add profile photo\n* Add roles\n","fileTypesAndContributionMap":{"docs":{"insertions":19,"deletions":6}}},{"hash":"3d7a071e7ff1f4d94712a073070e6fed30096a8a","messageTitle":"Update add command section in user guide","messageBody":"","fileTypesAndContributionMap":{"docs":{"insertions":14,"deletions":8}}},{"hash":"ba9d695bdf2b23e426b192646799394cd1d61a3d","messageTitle":"Update command format notes in user guide","messageBody":"","fileTypesAndContributionMap":{"docs":{"insertions":5,"deletions":8}}},{"hash":"2f64e5f7238c21b5c7a5c135ffa015074fe867d7","messageTitle":"Update app description in user guide","messageBody":"","fileTypesAndContributionMap":{"docs":{"insertions":1,"deletions":1}}},{"hash":"d439905d30dae0547305f12955feebc6b2af49af","messageTitle":"Update add command section under command summary in user guide","messageBody":"","fileTypesAndContributionMap":{"docs":{"insertions":2,"deletions":1}}}]},{"date":"2021-02-25","commitResults":[{"hash":"9511cc0dfec0614042da912c9546c78a0ea9636c","messageTitle":"Update user stories related to adding information to the app under DG","messageBody":"","fileTypesAndContributionMap":{"docs":{"insertions":11,"deletions":8}}},{"hash":"fbfcebd962a12a73559f67032603ea8674dbc167","messageTitle":"Update priority level of user story related to categorizing information","messageBody":"","fileTypesAndContributionMap":{"docs":{"insertions":1,"deletions":1}}},{"hash":"b6bc4af40c152426806d954f772f39d039e6675e","messageTitle":"Update use cases related to adding information to the app under DG","messageBody":"","fileTypesAndContributionMap":{"docs":{"insertions":37,"deletions":1}}},{"hash":"393bc9b9228ab22d12f453a519fcd093e5c24f14","messageTitle":"Update Non-Functional Requirements segment under DG","messageBody":"","fileTypesAndContributionMap":{"docs":{"insertions":8,"deletions":3}}}]},{"date":"2021-03-02","commitResults":[{"hash":"393a6e0e6d6a486be630598bcbb5a110e44dce74","messageTitle":"Remove placeholders in AboutUs","messageBody":"","fileTypesAndContributionMap":{"docs":{"insertions":2,"deletions":11}}},{"hash":"d2375ce412c197d11a8860c172385698d46c0193","messageTitle":"Update quick start section of UG","messageBody":"","fileTypesAndContributionMap":{"docs":{"insertions":4,"deletions":6}}},{"hash":"ff3948e205f4614df0d7809f1445d99d81b273a0","messageTitle":"Update UG to make formatting consistent","messageBody":"","fileTypesAndContributionMap":{"docs":{"insertions":26,"deletions":43}}},{"hash":"8a36452c018c0ae114deace8e8ae648ed048b005","messageTitle":"Remove placeholders and update formatting in DG","messageBody":"","fileTypesAndContributionMap":{"docs":{"insertions":16,"deletions":42}}},{"hash":"9277d64634723b9cbc2e43347e5468eeabe43e1b","messageTitle":"Update links in README to direct to actual website","messageBody":"","fileTypesAndContributionMap":{"docs":{"insertions":3,"deletions":3}}}]},{"date":"2021-03-03","commitResults":[{"hash":"9a8ab566be2b9614f6ff0f3b9465e3bbfa84bb36","messageTitle":"Create initial Property class template","messageBody":"","fileTypesAndContributionMap":{"functional-code":{"insertions":71,"deletions":0}}},{"hash":"50d028d00e6f24609e5898b06e833a86acdd2017","messageTitle":"Abstract Name attribute of Property into a class","messageBody":"","fileTypesAndContributionMap":{"functional-code":{"insertions":48,"deletions":3}}},{"hash":"00fc13dc090849f4ee28de2b97557eb093266d2d","messageTitle":"Add javadocs for property Name class","messageBody":"","fileTypesAndContributionMap":{"functional-code":{"insertions":13,"deletions":0}}},{"hash":"b42a2033ab0f6c615c80cc53d812258c4e56ca58","messageTitle":"Abstract Type attribute of Property into a class","messageBody":"","fileTypesAndContributionMap":{"functional-code":{"insertions":49,"deletions":3}}},{"hash":"0235889da7500a04e83ae833b255e67183c8212a","messageTitle":"Add javadocs for property Type class","messageBody":"","fileTypesAndContributionMap":{"functional-code":{"insertions":14,"deletions":2}}},{"hash":"eac72de939cd92c072a46f099841437c9958cbe7","messageTitle":"Abstract Address attribute of Property into a class","messageBody":"","fileTypesAndContributionMap":{"functional-code":{"insertions":47,"deletions":3}}},{"hash":"23c8f6e20ef0cb16dfe646e932c05abddfba02b6","messageTitle":"Add javadocs for property Address class","messageBody":"","fileTypesAndContributionMap":{"functional-code":{"insertions":19,"deletions":0}}},{"hash":"78afed6aa0c0ccff6ca0880df8070e513b9c1302","messageTitle":"Add javadocs for constructors for property Name and Type classes","messageBody":"","fileTypesAndContributionMap":{"functional-code":{"insertions":16,"deletions":4}}},{"hash":"4265621f7f5dd8620e216359444651c73429038f","messageTitle":"Abstract PostalCode attribute of Property into a class","messageBody":"","fileTypesAndContributionMap":{"functional-code":{"insertions":49,"deletions":4}}},{"hash":"ab6055102b2e29fadb4017fcc0a9cbd493a8a437","messageTitle":"Add javadocs for property PostalCode class","messageBody":"","fileTypesAndContributionMap":{"functional-code":{"insertions":15,"deletions":0}}}]},{"date":"2021-03-04","commitResults":[{"hash":"33d01e74ff6e92ab9e22830be9d441f5cc1e6780","messageTitle":"Abstract Deadline attribute of Property into a class","messageBody":"* Add DateFormat class for custom input and output date formats\n","fileTypesAndContributionMap":{"functional-code":{"insertions":64,"deletions":5}}},{"hash":"1b62b9abf73699d2357b64aa63595ef218026b7c","messageTitle":"Add javadocs for property Deadline class","messageBody":"","fileTypesAndContributionMap":{"functional-code":{"insertions":9,"deletions":0}}}]},{"date":"2021-03-05","commitResults":[{"hash":"ebf46862347fa90723a9412eb6d3fa971e2ba568","messageTitle":"Abstract Remark attribute of Property into a class","messageBody":"","fileTypesAndContributionMap":{"functional-code":{"insertions":47,"deletions":3}}},{"hash":"4359b0b9a5560612bb8fda760f111b0b55dad8fe","messageTitle":"Add javadocs for property Remark class","messageBody":"* Fix capitalization issues in javadocs for Name.java\n* Fix capitalization issues in javadocs for Type.java\n","fileTypesAndContributionMap":{"functional-code":{"insertions":19,"deletions":4}}},{"hash":"e8290b86a81025b2a45892094cedf4ef3c74f120","messageTitle":"Add parsing support for property attributes","messageBody":"* Update prefix definitions in CliSyntax\n* Create parser methods for property attributes\n* Update access modifiers of message constraints in property attributes\n","fileTypesAndContributionMap":{"functional-code":{"insertions":102,"deletions":64}}},{"hash":"87708cbcbbf69d2e01f25aa7c366093530b33f77","messageTitle":"Create command to add property","messageBody":"* Add constructor for Property to initialize without client info\n* Create AddPropertyCommand\n* Create AddPropertyCommandParser\n","fileTypesAndContributionMap":{"functional-code":{"insertions":150,"deletions":3}}}]},{"date":"2021-03-06","commitResults":[{"hash":"8ede73a3a6e84f642e1b8761148d39f8ddf88b6e","messageTitle":"Update model to include a PropertyBook to store properties","messageBody":"* Create a minimal PropertyBook class to store properties\n* Update Model interface to include add property methods\n* Update ModelManager class to include add property methods\n* Update AddressBookParser to use AddPropertyCommandParser\n","fileTypesAndContributionMap":{"functional-code":{"insertions":52,"deletions":2}}},{"hash":"38dd0bf6ef28069fab98ca95dfbe77dd612d6e66","messageTitle":"Add placeholders for original Person object to handle errors","messageBody":"* Placeholders in CliSyntax\n* Placeholders in ParserUtil\n","fileTypesAndContributionMap":{"functional-code":{"insertions":103,"deletions":70}}},{"hash":"9a6ddf457290cd49fa7544a0441614bb5adaa5a0","messageTitle":"Add javadocs for ParserUtil, PropertyBook and Property classes","messageBody":"","fileTypesAndContributionMap":{"functional-code":{"insertions":72,"deletions":5}}},{"hash":"5995a66a61a555262d771ee95b52c03937f94432","messageTitle":"Remove all traces of original AddCommand","messageBody":"* Remove AddCommand.java\n* Remove AddCommandParser.java\n* Remove AddCommandIntegrationTest.java\n* Remove AddCommandTest.java\n* Remove AddCommandParserTest.java\n* Remove some tests involving AddCommand in LogicManagerTest\n* Remove some tests involving AddCommand in AddressBookParserTest\n","fileTypesAndContributionMap":{"functional-code":{"insertions":6,"deletions":134},"test-code":{"insertions":0,"deletions":424}}},{"hash":"1e2cedec29bd9d975ca9190bfb7d5d14f6553e22","messageTitle":"Update basic command format for parser","messageBody":"* Fix Remark field of Property not being an optional field\n","fileTypesAndContributionMap":{"functional-code":{"insertions":18,"deletions":15}}},{"hash":"b0d246ed3de51d98b3c3bdc9b0323692d33137a6","messageTitle":"Add tests for property Name","messageBody":"","fileTypesAndContributionMap":{"test-code":{"insertions":40,"deletions":0}}},{"hash":"3210a8b076d114684d976a431facfcff2146247e","messageTitle":"Add tests for property Type","messageBody":"","fileTypesAndContributionMap":{"test-code":{"insertions":45,"deletions":0}}},{"hash":"1e22f291289fda1cc2526998a0d1ea0c0503a770","messageTitle":"Add tests for property Address","messageBody":"","fileTypesAndContributionMap":{"test-code":{"insertions":36,"deletions":0}}},{"hash":"afba36d936569ea0c31b265729f7ba5ac35d1cfe","messageTitle":"Add tests for property PostalCode","messageBody":"","fileTypesAndContributionMap":{"test-code":{"insertions":40,"deletions":0}}},{"hash":"3407a1f5b543ae57ffae66f75f75caf24757d26f","messageTitle":"Add tests for property Deadline","messageBody":"","fileTypesAndContributionMap":{"test-code":{"insertions":24,"deletions":0}}},{"hash":"8d0830b6ce82b948c263f2fc4153e9d1a403462e","messageTitle":"Add tests for property Remark","messageBody":"","fileTypesAndContributionMap":{"test-code":{"insertions":36,"deletions":0}}},{"hash":"bf1378e7f0c76935042324c2a0346d99f8b6e266","messageTitle":"Create helper test util classes to help in testing","messageBody":"* Create addtional constructor for Property with no optional fields\n* Create helper test util PropertyBuilder class\n* Create helper test util TypicalProperties class\n","fileTypesAndContributionMap":{"functional-code":{"insertions":16,"deletions":0},"test-code":{"insertions":136,"deletions":0}}},{"hash":"aa632ff7a94502260020a118b24b180dfc9856b5","messageTitle":"Add comparison and toString methods for Property","messageBody":"* Add isSameProperty method for weaker comparison of two properties\n* Override equals method for stronger comparison of two properties\n* Override hashCode method\n* Override toString method to print property information\n","fileTypesAndContributionMap":{"functional-code":{"insertions":78,"deletions":0}}},{"hash":"8f7cd435d4eb236a1e11bc2ab3c211ae754237d7","messageTitle":"Add tests for Property class","messageBody":"","fileTypesAndContributionMap":{"test-code":{"insertions":81,"deletions":0}}},{"hash":"fdff6b4a207cc8461b9771de4079865c62618189","messageTitle":"Add tests for AddPropertyCommand","messageBody":"","fileTypesAndContributionMap":{"functional-code":{"insertions":1,"deletions":1},"test-code":{"insertions":199,"deletions":0}}},{"hash":"9db42747167878e342771e448e8074b126160dbf","messageTitle":"Add tests for AddPropertyCommandParser","messageBody":"* Add additional helper fields to test properties in CommandTestUtil\n","fileTypesAndContributionMap":{"test-code":{"insertions":145,"deletions":3}}}]},{"date":"2021-03-07","commitResults":[{"hash":"346a6a28588e4c5441bddd06b2609e627571eed0","messageTitle":"Add tests for parsing of property attributes in ParserUtil","messageBody":"","fileTypesAndContributionMap":{"test-code":{"insertions":148,"deletions":12}}},{"hash":"289f91d9019ff373d065627cc5d70b4861b9dde1","messageTitle":"Create initial Appointment class template","messageBody":"","fileTypesAndContributionMap":{"functional-code":{"insertions":107,"deletions":0}}},{"hash":"97f50c7b316f999e1db508f760be3f99d977206a","messageTitle":"Abstract Name attribute of Appointment into a class","messageBody":"","fileTypesAndContributionMap":{"functional-code":{"insertions":68,"deletions":4}}},{"hash":"e88f7fbec0a4a61b6e407191fcd6ac0601bbe025","messageTitle":"Abstract Remark attribute of Appointment into a class","messageBody":"","fileTypesAndContributionMap":{"functional-code":{"insertions":63,"deletions":4}}},{"hash":"a8a23d9018537ea3d32b26c9258c42069a56c449","messageTitle":"Abstract Date attribute of Appointment into a class","messageBody":"* Refactor DateFormat class to seedu.address.model.util package\n","fileTypesAndContributionMap":{"functional-code":{"insertions":52,"deletions":2},"other":{"insertions":1,"deletions":1}}},{"hash":"6faaa5152f0006cbec27ec38dfbb01740990f941","messageTitle":"Abstract Time attribute of Appointment into a class","messageBody":"* Update DateFormat class to DateTimeFormat to handle time as well\n","fileTypesAndContributionMap":{"functional-code":{"insertions":56,"deletions":6},"other":{"insertions":12,"deletions":2}}},{"hash":"257915d237cac1a8220e28df01d27dbebf09d469","messageTitle":"Update Appointment class to use Date and Time classes as attributes","messageBody":"","fileTypesAndContributionMap":{"functional-code":{"insertions":8,"deletions":10}}},{"hash":"a0c46fe5a932fa85902fdcfefed4617d153d69cf","messageTitle":"Refactor Name class into a separate package to avoid code duplication","messageBody":"* Both Property and Appointment classes can use the same Name class\n","fileTypesAndContributionMap":{"functional-code":{"insertions":7,"deletions":67},"other":{"insertions":16,"deletions":16},"test-code":{"insertions":3,"deletions":3}}},{"hash":"6dcb8b26be629b101b3d0bd0ebdb4248717078c2","messageTitle":"Refactor Remark class into a separate package to avoid code duplication","messageBody":"* Both Property and Appointment classes can use the same Remark class\n","fileTypesAndContributionMap":{"functional-code":{"insertions":4,"deletions":61},"other":{"insertions":4,"deletions":4}}},{"hash":"22cef980d8ef6ef3b457efc2f0f7f98d1f46b2ae","messageTitle":"Add parsing support for appointment attributes","messageBody":"* Update prefix definitions in CliSyntax for appointment attributes\n* Create parser methods for appointment attributes\n* Update parseName method to be usable for appointment and property\n* Update parseRemark method to be usable for appointment and property\n* Update whole project for Person objects to use the common Name class\n","fileTypesAndContributionMap":{"functional-code":{"insertions":72,"deletions":94},"test-code":{"insertions":14,"deletions":54}}},{"hash":"936d2b9d053a177d45f7077de0a2743f6acdd39b","messageTitle":"Create command to add appointment","messageBody":"* Create AddAppointmentCommand\n* Create AddAppointmentCommandParser\n","fileTypesAndContributionMap":{"functional-code":{"insertions":124,"deletions":2}}},{"hash":"db04e6ebc9f31ec356a618190b7573ea96d4f37d","messageTitle":"Update model to include an AppointmentBook to store appointments","messageBody":"* Create a minimal AppointmentBook class to store appointments\n* Update Model interface to include add appointment methods\n* Update ModelManager class to include add appointment methods\n* Update AddressBookParser to use AddAppointmentCommandParser\n","fileTypesAndContributionMap":{"functional-code":{"insertions":68,"deletions":2}}},{"hash":"b95cdc4ec7451b78fcb1ae5e9fb325ca25147028","messageTitle":"Add tests for appointment Date and Time","messageBody":"","fileTypesAndContributionMap":{"test-code":{"insertions":48,"deletions":0}}},{"hash":"9106dbe4830677cd7e7f6680b8baab62b72b95cf","messageTitle":"Create helper test util classes to help in testing for appointments","messageBody":"* Create helper test util AppointmentBuilder class\n* Create helper test util TypicalAppointments class\n","fileTypesAndContributionMap":{"test-code":{"insertions":111,"deletions":1}}},{"hash":"8e80dc73e9019752a47f025f897e8a7480902b1c","messageTitle":"Add javadocs for Property, PropertyBook, Appointment, AppointmentBook","messageBody":"","fileTypesAndContributionMap":{"functional-code":{"insertions":16,"deletions":0}}},{"hash":"208814ff953c6a62268606b719ebebe0872c6013","messageTitle":"Add tests for Appointment class","messageBody":"","fileTypesAndContributionMap":{"test-code":{"insertions":72,"deletions":0}}},{"hash":"3348a1306adfff7d83fd406047d53f212eb685d8","messageTitle":"Add additional helper fields to test appointments in CommandTestUtil","messageBody":"* Update PropertyTest to use these helper fields\n* Update AppointmentTest to use these helper fields\n* Fix ModelStub in AddPropertyCommandTest not implementing new methods\n","fileTypesAndContributionMap":{"test-code":{"insertions":64,"deletions":16}}},{"hash":"d082a3892f837edf645dfa6e6a170e3a254b4ba8","messageTitle":"Add tests for AddAppointmentCommand","messageBody":"","fileTypesAndContributionMap":{"test-code":{"insertions":211,"deletions":0}}},{"hash":"80e872937423bb11f6f76beee8f98252c5d1a56c","messageTitle":"Add tests for AddAppointmentCommandParser","messageBody":"","fileTypesAndContributionMap":{"test-code":{"insertions":84,"deletions":2}}}]},{"date":"2021-03-08","commitResults":[{"hash":"f9c1c0ec7f9137fb78b0ad95f41d922598ad8e27","messageTitle":"Add tests for parsing of appointment attributes in ParserUtil","messageBody":"","fileTypesAndContributionMap":{"test-code":{"insertions":103,"deletions":18}}}]},{"date":"2021-03-09","commitResults":[{"hash":"f3fcfa3fa18bfaa6b3a1eb38a0d315dfc9388df0","messageTitle":"Create initial Client class template","messageBody":"","fileTypesAndContributionMap":{"functional-code":{"insertions":100,"deletions":0}}},{"hash":"fa16e25f994eaf3dbb4c39582fa7722e9acd8c2b","messageTitle":"Abstract Contact attribute of Client into a class","messageBody":"","fileTypesAndContributionMap":{"functional-code":{"insertions":67,"deletions":5}}},{"hash":"ade60bf8a50448916812fc9852597cd499055e4d","messageTitle":"Abstract Email attribute of Client into a class","messageBody":"","fileTypesAndContributionMap":{"functional-code":{"insertions":76,"deletions":3}}},{"hash":"2507e7841c0ddc032daf31692a40305738590d6e","messageTitle":"Abstract AskingPrice attribute of Client into a class","messageBody":"","fileTypesAndContributionMap":{"functional-code":{"insertions":74,"deletions":3}}},{"hash":"4c26596da97cef665d29950f5e14da6cf7302685","messageTitle":"Refactor client information in Property class to Client class","messageBody":"","fileTypesAndContributionMap":{"functional-code":{"insertions":46,"deletions":56}}},{"hash":"ba021fc85b73c03709ecb412cd6707880a252b08","messageTitle":"Add parsing support for client attributes","messageBody":"* Update prefix definitions in CliSyntax for client attributes\n* Create parser methods for client attributes\n","fileTypesAndContributionMap":{"functional-code":{"insertions":75,"deletions":6}}},{"hash":"447a14536c2e26edd8eee307c0b43e1c7709511a","messageTitle":"Update AddPropertyCommandParser to parse client attributes","messageBody":"* Update AddPropertyCommand message usage to include client information\n","fileTypesAndContributionMap":{"functional-code":{"insertions":36,"deletions":7},"test-code":{"insertions":2,"deletions":2}}},{"hash":"b23275ab514b85949c7df2db645b6ba6d585db07","messageTitle":"Add tests for client Contact, Email and AskingPrice","messageBody":"","fileTypesAndContributionMap":{"test-code":{"insertions":161,"deletions":0}}}]},{"date":"2021-03-10","commitResults":[{"hash":"05bc6a144454de65ce83244510dd7331ae24da96","messageTitle":"Add tests for Client class","messageBody":"","fileTypesAndContributionMap":{"test-code":{"insertions":64,"deletions":0}}},{"hash":"b43423088e3317f9b1c5ed5a1d869a425fd15135","messageTitle":"Add tests for parsing of client attributes in ParserUtil","messageBody":"","fileTypesAndContributionMap":{"test-code":{"insertions":110,"deletions":15}}},{"hash":"7dd14639f1b5623674656f95d6796c849a39d041","messageTitle":"Fix extraneous space in add property example description in UG","messageBody":"* Update add appointment example remarks field to use title case\n","fileTypesAndContributionMap":{"docs":{"insertions":6,"deletions":6}}}]},{"date":"2021-03-13","commitResults":[{"hash":"6992aabac142f7b498af5429dbb0bbd0267033d8","messageTitle":"Populate app with sample data","messageBody":"* Sample data for properties\n* Sample data for appointments\n","fileTypesAndContributionMap":{"functional-code":{"insertions":120,"deletions":31}}},{"hash":"d218e06ad3520a83c3b17a12acba5529583fb01e","messageTitle":"Remove debug print statements in AppointmentListPanel","messageBody":"","fileTypesAndContributionMap":{"functional-code":{"insertions":0,"deletions":2}}},{"hash":"edc691cc8d44b678a71964ee9daa342cf2ec5217","messageTitle":"Update output date format to include comma","messageBody":"* Fix indentation in SampleDataUtil\n* Update DateTest, DeadlineTest according to updated output date format\n","fileTypesAndContributionMap":{"functional-code":{"insertions":62,"deletions":62},"test-code":{"insertions":4,"deletions":4}}}]},{"date":"2021-03-15","commitResults":[{"hash":"ba294fc8790d5b418eddfa1fb1e7ef5c86772a5c","messageTitle":"Update time attribute in Appointment to be compulsory attribute","messageBody":"* Update constuctor of Appointment to check all parameters are not null\n* Update isSameAppointment method\n* Update equals method\n* Update hashCode method\n* Update toString method\n* Update ParserUtil parseAppointmentTime method\n* Update AddAppointmentCommandParser\n","fileTypesAndContributionMap":{"functional-code":{"insertions":19,"deletions":31}}},{"hash":"2d39459d8a6956bc6637d57c192a368a8be09dc1","messageTitle":"Update storage parsing of Appointment data to handle compulsory time","messageBody":"* Update JsonAdaptedAppointment#toModelType\n* Update JsonAppointmentBookStorage#readAppointmentBook\n","fileTypesAndContributionMap":{"functional-code":{"insertions":14,"deletions":17}}},{"hash":"f58fb2217aacfddc7ffaa01541cb981d302c252e","messageTitle":"Update test util classes to make appointment time attribute compulsory","messageBody":"* Update CommandTestUtil class\n* Update AppointmentBuilder class\n* Update TypicalAppointments class\n","fileTypesAndContributionMap":{"test-code":{"insertions":26,"deletions":4}}},{"hash":"dfaad580f9ab96f084d7e0438297633628469837","messageTitle":"Update tests related to appointment time attribute","messageBody":"* Update AddAppointmentCommandParserTest\n* Update ParserUtilTest\n* Update AppointmentTest\n* Update test utils in CommandTestUtil\n* Update test utils in TypicalAppointments\n","fileTypesAndContributionMap":{"test-code":{"insertions":95,"deletions":41}}},{"hash":"71104d40fd314603237abf674b5662a95d0be8f5","messageTitle":"Update add appointment command to make time a compulsory field in UG","messageBody":"","fileTypesAndContributionMap":{"docs":{"insertions":2,"deletions":3}}}]},{"date":"2021-03-17","commitResults":[{"hash":"16aca8580817d4a26b7d262cf9456cdb0d58725d","messageTitle":"Add tags attribute in Property class","messageBody":"* Update constructors for Property class\n* Update equals method\n* Update hashCode method\n* Update toString method\n","fileTypesAndContributionMap":{"functional-code":{"insertions":40,"deletions":6}}},{"hash":"67a9d4a09010252922636aae01f7f786b09b5359","messageTitle":"Update parsing methods for tags to account for change in format","messageBody":"* Update files that calls constructor of Property to include tags\n","fileTypesAndContributionMap":{"functional-code":{"insertions":118,"deletions":49}}}]},{"date":"2021-03-18","commitResults":[{"hash":"5db1d1458c64dce35b16a4c6fa57e25f3a549d01","messageTitle":"Remove traces of original EditCommand and update related test classes","messageBody":"","fileTypesAndContributionMap":{"functional-code":{"insertions":29,"deletions":339},"test-code":{"insertions":148,"deletions":633}}},{"hash":"fb90efa75b40a3db645e5bb8615cea40f677929e","messageTitle":"Update GUI to show tags for property","messageBody":"* Update ProperyCard class and fxml file to include tags\n","fileTypesAndContributionMap":{"functional-code":{"insertions":8,"deletions":0}}},{"hash":"c8209bc30440dcd62469ccffb2d44a5d93a1c7f1","messageTitle":"Update usage message for add property command to include tags","messageBody":"","fileTypesAndContributionMap":{"functional-code":{"insertions":9,"deletions":6}}},{"hash":"561ad6c3714ee4d1111acc3ada34feb1075ffe0d","messageTitle":"Update add property command format in UG","messageBody":"","fileTypesAndContributionMap":{"docs":{"insertions":10,"deletions":4}}},{"hash":"4ce3e84a46ec6fdeef64d4ce5dbe8a0e6b6c5c1b","messageTitle":"Fix usage message of add property command having wrong tags as example","messageBody":"","fileTypesAndContributionMap":{"functional-code":{"insertions":1,"deletions":1}}},{"hash":"e45621b40af48faa68137646d458089a17ec258c","messageTitle":"Fix bug in AddPropertyCommandParser calling wrong Property constructor","messageBody":"","fileTypesAndContributionMap":{"functional-code":{"insertions":6,"deletions":9},"test-code":{"insertions":2,"deletions":2}}},{"hash":"1b6a2828b6fd6d0ad5ca34ff748968194fd0fede","messageTitle":"Rename jar file to pocketestate","messageBody":"","fileTypesAndContributionMap":{"other":{"insertions":1,"deletions":1}}}]},{"date":"2021-03-19","commitResults":[{"hash":"417c417311f716bedf548d796bc9d8f77372b84d","messageTitle":"Update parsing of client data from storage","messageBody":"* Update access modifier of validation regex in Name class\n* Remove unnecessary pattern in validation regex of Email class\n* Remove unnecessary pattern in validation regex of AskingPrice class\n* Move fromStringToClient method to JsonAdaptedProperty class\n* Remove trailing semicolon in toString method of Client class\n","fileTypesAndContributionMap":{"functional-code":{"insertions":65,"deletions":60},"test-code":{"insertions":9,"deletions":9}}}]},{"date":"2021-03-21","commitResults":[{"hash":"100a963d3fde308160dbc88e85ee899cb684ab6a","messageTitle":"Update build.gradle to enable assertions","messageBody":"","fileTypesAndContributionMap":{"other":{"insertions":4,"deletions":0}}}]},{"date":"2021-03-22","commitResults":[{"hash":"bacb82f78f643e174670d9d3bf22bbb784cc04c2","messageTitle":"Remove traces of AddressBook in packages commons, logic and model","messageBody":"* Update hashCode, equals and toString methods of UserPrefs class\n* Clean up code by removing unnecessary comments\n* Organize interface methods for Logic and Model\n","fileTypesAndContributionMap":{"functional-code":{"insertions":149,"deletions":1239}}},{"hash":"c6acf2f1b0a0660fabbce64e72dffd0dbe3cdede","messageTitle":"Remove traces of AddressBook in packages storage and ui","messageBody":"* Clean up code by removing unnecessary comments\n","fileTypesAndContributionMap":{"functional-code":{"insertions":31,"deletions":515}}},{"hash":"6b7179061ce920136655ffdb78f1b91f6f772a02","messageTitle":"Remove traces of AddressBook in MainApp","messageBody":"* Remove overlooked traces of AddressBook in ClearPropertyCommand\n* Remove overlooked traces of AddressBook in ClearAppointmentCommand\n* Remove overlooked traces of AddressBook in ListCommand\n","fileTypesAndContributionMap":{"functional-code":{"insertions":32,"deletions":46}}},{"hash":"13b5b07c39cddda828d8e3492d645310f0db006e","messageTitle":"Remove traces of AddressBook in test classes","messageBody":"* Fix a bug in FindAppointmentCommandTest using getFilteredPersonList()\n","fileTypesAndContributionMap":{"test-code":{"insertions":95,"deletions":1616}}},{"hash":"1880356102f29d39599a9f3f57214a6bb7655759","messageTitle":"Update test methods in UserPrefsTest and JsonUserPrefsStorageTest","messageBody":"* Remove setAddressBookFilePath method\n* Use setPropertyBookFilePath and setAppointmentBookFilePath instead\n","fileTypesAndContributionMap":{"test-code":{"insertions":14,"deletions":5}}},{"hash":"2c3d78e9b178c574ca89a0384df2a0249999a0de","messageTitle":"Update json files in test data to use propertybook and appointmentbook","messageBody":"","fileTypesAndContributionMap":{"test-code":{"insertions":4,"deletions":2}}},{"hash":"e4710fe4188c27ab5d16beb0b2e70705116926b8","messageTitle":"Rename AddressBookParser to PocketEstateParser","messageBody":"","fileTypesAndContributionMap":{"functional-code":{"insertions":4,"deletions":4},"other":{"insertions":3,"deletions":3}}},{"hash":"a96e26efcd92caa878e2214d392d7962ea6e02f7","messageTitle":"Rename log file to pocketestate.log","messageBody":"","fileTypesAndContributionMap":{"functional-code":{"insertions":1,"deletions":1}}},{"hash":"ead5c95bb4eda198a5c5b5aa036f6876b51ddbbc","messageTitle":"Remove unnecessary comments of original addressbook code","messageBody":"","fileTypesAndContributionMap":{"functional-code":{"insertions":3,"deletions":5},"test-code":{"insertions":3,"deletions":9}}}]}]},"authorFileTypeContributionMap":{"dvdweien":{"docs":51,"functional-code":1344,"test-code":615},"Cp-John":{"docs":48,"functional-code":1045,"test-code":1205},"candyhy":{"docs":19,"functional-code":1741,"test-code":287},"w-yuchen":{"docs":166,"functional-code":333,"test-code":142},"w2vgd":{"docs":74,"functional-code":2046,"test-code":1893,"other":5}},"authorContributionVariance":{"dvdweien":35481.51,"Cp-John":96287.94,"candyhy":147585.7,"w-yuchen":13316.148,"w2vgd":581459.3},"authorDisplayNameMap":{"dvdweien":"CS2103T-T13-4 DAVI..I EN","Cp-John":"CS2103T-T13-4 CAO ..PENG","candyhy":"CS2103T-T13-4 YEOH..DICE","w-yuchen":"CS2103T-T13-4 WANG..CHEN","w2vgd":"CS2103T-T13-4 TAN .. WEI"}}
