{"authorDailyContributionsMap":{"yeoutzer":[{"date":"2021-02-22","commitResults":[{"hash":"c3999a662075bcbdbadc37efecc30a8ecd5bf29f","messageTitle":"Edit AboutUs page and my portfolio page","messageBody":"","fileTypesAndContributionMap":{"docs":{"insertions":14,"deletions":92}}},{"hash":"0ec7bdd40752490c0685a216c327c2816c87b768","messageTitle":"Edit README.md to match our own project","messageBody":"","fileTypesAndContributionMap":{"docs":{"insertions":5,"deletions":10}}},{"hash":"0bf3b053ef53fdc91f25336ffa08a4472ac2f6bc","messageTitle":"Update README.md to acknowledge original source code","messageBody":"","fileTypesAndContributionMap":{"docs":{"insertions":2,"deletions":0}}},{"hash":"0c0d6fda2f4879aa046badba201aeaeb7dc89c39","messageTitle":"Edit UserGuide.md to include list feature of our project","messageBody":"","fileTypesAndContributionMap":{"docs":{"insertions":14,"deletions":165}}}]},{"date":"2021-03-01","commitResults":[{"hash":"98fdf9574dc9f1e8d5622fa39b57a7178cb4d5d4","messageTitle":"Edit DeveloperGuide.md according to our project","messageBody":"Add use cases for our project\n","fileTypesAndContributionMap":{"docs":{"insertions":13,"deletions":335}}}]}],"Marc-97":[{"date":"2021-02-22","commitResults":[{"hash":"df0797d1480889d155c95349520c5743943913f0","messageTitle":"Update documents Add image and portfolio page, update AboutUs page","messageBody":"","fileTypesAndContributionMap":{"docs":{"insertions":14,"deletions":5}}},{"hash":"e8df6b6c4fdc8af26a390301697da77489ac85fe","messageTitle":"Change display picture from jpg to png","messageBody":"","fileTypesAndContributionMap":{"docs":{"insertions":1,"deletions":1}}}]},{"date":"2021-02-25","commitResults":[{"hash":"477b35d7d6d0375803e064307bc2ed6103e48468","messageTitle":"Update delete feature in user guide","messageBody":"","fileTypesAndContributionMap":{"docs":{"insertions":5,"deletions":6}}}]},{"date":"2021-03-01","commitResults":[{"hash":"f682246a2103aa75380624a8695e030f3832ea3a","messageTitle":"Update non functional requirements","messageBody":"","fileTypesAndContributionMap":{"docs":{"insertions":1,"deletions":1}}},{"hash":"d3dca9e9efce6830e4a12cda5f631453f16b6284","messageTitle":"Update glossary","messageBody":"","fileTypesAndContributionMap":{"docs":{"insertions":1,"deletions":1}}}]}],"vuminhhieunus2019":[{"date":"2021-02-22","commitResults":[{"hash":"03737628a58f1b56ed021f360851aecd7384b191","messageTitle":"Update AboutUs","messageBody":"","fileTypesAndContributionMap":{"docs":{"insertions":14,"deletions":6}}}]},{"date":"2021-03-01","commitResults":[{"hash":"d39d18496fde0483dbb2824af6279d11a909fe5f","messageTitle":"Update User Guide","messageBody":"","fileTypesAndContributionMap":{"functional-code":{"insertions":5,"deletions":2},"docs":{"insertions":30,"deletions":44}}},{"hash":"33b1dc9c690b2ed95f36ef5fd4ca55a066314615","messageTitle":"Update user stories in DG","messageBody":"","fileTypesAndContributionMap":{"docs":{"insertions":6,"deletions":10}}},{"hash":"4c9c3cbf8c494cada043290abd33e03aea68b334","messageTitle":"Update user stories in DG","messageBody":"","fileTypesAndContributionMap":{"docs":{"insertions":2,"deletions":1}}}]}],"zenlyj":[{"date":"2021-02-22","commitResults":[{"hash":"dd3884f605de0e54bc3ec87cac278ffd73e51d60","messageTitle":"Update AboutUs","messageBody":"* With Zen\u0027s section\n","fileTypesAndContributionMap":{"docs":{"insertions":33,"deletions":47}}},{"hash":"ff4419b7aea986ca3a193c2fad4c403ee2ac1a3e","messageTitle":"Update README","messageBody":"","fileTypesAndContributionMap":{"docs":{"insertions":6,"deletions":2}}}]},{"date":"2021-02-25","commitResults":[{"hash":"c95cef162b30e0f5f14c2d3868b8720c6a3ce88e","messageTitle":"Include Add Command details in User Guide","messageBody":"Within the Quick Start, Features, Command Summary sections\n","fileTypesAndContributionMap":{"docs":{"insertions":12,"deletions":148}}}]},{"date":"2021-03-01","commitResults":[{"hash":"98baf5e45f253f8a4888d92ce81c3689a3784d88","messageTitle":"Include Remove card and Add card in use cases","messageBody":"","fileTypesAndContributionMap":{"docs":{"insertions":20,"deletions":19}}},{"hash":"9ffa2f060048cb346c02bcfbc9f9078a1a1a9b3e","messageTitle":"[DevGuide] Add header for glossary section","messageBody":"","fileTypesAndContributionMap":{"docs":{"insertions":1,"deletions":1}}}]}],"linhns":[{"date":"2021-02-22","commitResults":[{"hash":"79bf901b451cc7af93bb33851ad91761f8c8579b","messageTitle":"Update CodeCov to team repo","messageBody":"Change original se-edu codecov to our codecov","fileTypesAndContributionMap":{"docs":{"insertions":1,"deletions":1}}},{"hash":"8fefb6fed60a6a45dbeba2558fedfae98bfb423e","messageTitle":"add my details to AboutUs","messageBody":"","fileTypesAndContributionMap":{"docs":{"insertions":5,"deletions":6}}},{"hash":"7d54d5b94d2b9e202042c8a6582b6906d9bd7c0e","messageTitle":"remove some unneccesary content AboutUs.md","messageBody":"","fileTypesAndContributionMap":{"docs":{"insertions":12,"deletions":15}}}]},{"date":"2021-02-24","commitResults":[{"hash":"b43f1b3210a345fccfdb60db0990715427fd056d","messageTitle":"update UserGuide.md to include introduction and view function","messageBody":"","fileTypesAndContributionMap":{"functional-code":{"insertions":0,"deletions":1},"docs":{"insertions":23,"deletions":8}}},{"hash":"08c03d25d4620c9a223565a2679fe33fee7fd7c5","messageTitle":"update md files to pass CI","messageBody":"","fileTypesAndContributionMap":{"docs":{"insertions":30,"deletions":33}}}]},{"date":"2021-02-25","commitResults":[{"hash":"e1c760de53cd518754ee65b3748f20f4d425b1b0","messageTitle":"Update Java CI status badge","messageBody":"","fileTypesAndContributionMap":{"docs":{"insertions":2,"deletions":2}}},{"hash":"934c2632274362fdd51e03e3453d8fd3b6206eaa","messageTitle":"Attempt to pass CI. Change checkstyle.xml to allow wildcard import","messageBody":"","fileTypesAndContributionMap":{"functional-code":{"insertions":30,"deletions":13},"other":{"insertions":0,"deletions":1}}},{"hash":"f6095fe8fb36fd0667d9b4aac3f7ed257ce4ca62","messageTitle":"split long code lines in test files","messageBody":"","fileTypesAndContributionMap":{"test-code":{"insertions":11,"deletions":4}}}]}]},"authorFileTypeContributionMap":{"yeoutzer":{"docs":36,"functional-code":0,"test-code":0},"Marc-97":{"docs":20,"functional-code":0,"test-code":0},"vuminhhieunus2019":{"docs":43,"functional-code":435,"test-code":0},"zenlyj":{"docs":61,"functional-code":0,"test-code":0},"linhns":{"docs":39,"functional-code":30,"test-code":11}},"authorContributionVariance":{"yeoutzer":15808.991,"Marc-97":41.834713,"vuminhhieunus2019":826.4463,"zenlyj":2493.8345,"linhns":1002.7273},"authorDisplayNameMap":{"yeoutzer":"CS2103T-T13-3 LOO ..TZER","Marc-97":"CS2103T-T13-3 LIM ..RCUS","vuminhhieunus2019":"CS2103T-T13-3 VU M..HIEU","zenlyj":"CS2103T-T13-3 ZEN ..IJIE","linhns":"CS2103T-T13-3 NGUY..LINH"}}
