{"authorDailyContributionsMap":{"whatthelump":[{"date":"2021-02-21","commitResults":[{"hash":"a0cbe0a10b3ca196e18def667413c9796c7282a9","messageTitle":"Update UG - Delete command","messageBody":"Fixes #14","fileTypesAndContributionMap":{"docs":{"insertions":6,"deletions":7}}}]},{"date":"2021-02-22","commitResults":[{"hash":"0d80806221a41203ec5bb86d2ef115d0cef8e6a2","messageTitle":"Fixes #9","messageBody":"","fileTypesAndContributionMap":{"docs":{"insertions":5,"deletions":6}}}]}],"awzhenyi":[{"date":"2021-02-24","commitResults":[{"hash":"7da8f7e91ccd89ad52cd96350d9bfbd6249ff93b","messageTitle":"Update AboutUs","messageBody":"","fileTypesAndContributionMap":{"docs":{"insertions":5,"deletions":6}}},{"hash":"3e11f460db98300e4a81aba92db7ef3a81a6d1e9","messageTitle":"Update README.md","messageBody":"","fileTypesAndContributionMap":{"docs":{"insertions":7,"deletions":2}}},{"hash":"c3eff6f68c29f99dcbfd28fcda8f8e7147e057ee","messageTitle":"Update UserGuide.md","messageBody":"","fileTypesAndContributionMap":{"docs":{"insertions":9,"deletions":12}}},{"hash":"f1b18c41b1dc495d799f7006e873ecaecc8ca63b","messageTitle":"Update README.md","messageBody":"Edit typo","fileTypesAndContributionMap":{"docs":{"insertions":1,"deletions":1}}},{"hash":"76bd0da04d19aec8a166162128d176e58eba7c53","messageTitle":"Update UserGuide.md","messageBody":"","fileTypesAndContributionMap":{"docs":{"insertions":1,"deletions":1}}},{"hash":"2de7b62b722a942ccfc3a58ec7fd4d1f645f120b","messageTitle":"Update UserGuide.md","messageBody":"","fileTypesAndContributionMap":{"docs":{"insertions":3,"deletions":3}}}]}],"jaredtengsw":[{"date":"2021-02-21","commitResults":[{"hash":"182b014408006e9b2189f20fd151f3ba6c917676","messageTitle":"Update AboutUs.md","messageBody":"","fileTypesAndContributionMap":{"docs":{"insertions":4,"deletions":4}}}]},{"date":"2021-02-23","commitResults":[{"hash":"161dc7a7329edcad38d00a966877b94e028d5899","messageTitle":"Update README.md","messageBody":"","fileTypesAndContributionMap":{"docs":{"insertions":9,"deletions":10}}}]},{"date":"2021-02-24","commitResults":[{"hash":"82331e514d3bf53804e2906604f248ad4143b993","messageTitle":"Update UG: Help, HelpWindow.java","messageBody":"","fileTypesAndContributionMap":{"functional-code":{"insertions":1,"deletions":1},"docs":{"insertions":12,"deletions":10}}},{"hash":"fc29a98a4dfdcf39a9fb0167d25cffef80e2feba","messageTitle":"Update UG: Help, HelpWindow.java \u0026 README.md","messageBody":"","fileTypesAndContributionMap":{"docs":{"insertions":8,"deletions":6}}},{"hash":"56992ab9a4b890c931f0ef1c4798e77ba3219816","messageTitle":"Update HelpWindow.java to comply with checkStyle","messageBody":"","fileTypesAndContributionMap":{"functional-code":{"insertions":2,"deletions":1}}}]}],"wangtao0717":[{"date":"2021-02-21","commitResults":[{"hash":"597f1a1e7e726481bf2bc8acc6993e4b65b9786d","messageTitle":"update AboutUs--wangtao","messageBody":"","fileTypesAndContributionMap":{"docs":{"insertions":5,"deletions":5}}},{"hash":"ca8431994f39a32eca163053a71743f2ee30af97","messageTitle":"Update UG -Add Command","messageBody":"","fileTypesAndContributionMap":{"docs":{"insertions":5,"deletions":9}}}]},{"date":"2021-02-24","commitResults":[{"hash":"96573c931007d7eb18b383c06f3e9911ad49d3df","messageTitle":"Update UserGuide.md","messageBody":"","fileTypesAndContributionMap":{"docs":{"insertions":1,"deletions":1}}},{"hash":"cbf72430c0bed48383013228b4f91474e5589ea7","messageTitle":"Update AboutUs.md","messageBody":"","fileTypesAndContributionMap":{"docs":{"insertions":1,"deletions":1}}},{"hash":"e37e297f41c2b54e1800bf02a8cfa68429f2b843","messageTitle":"Rename wangtao.md to wangtao0717.md","messageBody":"","fileTypesAndContributionMap":{"docs":{"insertions":1,"deletions":0}}},{"hash":"33ae49e67ec805e504704fdd3e3de6f0385752cb","messageTitle":"Delete wangtao0717.md","messageBody":"","fileTypesAndContributionMap":{"docs":{"insertions":0,"deletions":1}}},{"hash":"bfcf42fc4f468779769e71fc2fff072f9b068dc7","messageTitle":"Update README.md","messageBody":"","fileTypesAndContributionMap":{"docs":{"insertions":9,"deletions":9}}}]},{"date":"2021-02-26","commitResults":[{"hash":"f5854e28260cc02d365a017e91cf7ef2d464356e","messageTitle":"Add photo and md file","messageBody":"","fileTypesAndContributionMap":{"docs":{"insertions":47,"deletions":0}}}]}],"VRSoorya":[{"date":"2021-02-19","commitResults":[{"hash":"3b2e09aa574cbfbb5f404b4522fb5967ea834471","messageTitle":"Update index.md","messageBody":"Fix CI failure since the badge was pointing to upstream seedu AB3 repo","fileTypesAndContributionMap":{"docs":{"insertions":1,"deletions":1}}}]},{"date":"2021-02-23","commitResults":[{"hash":"f074623b5e2de3a23e4986a39f2a7ee018044252","messageTitle":"Update AboutUs - Soorya","messageBody":"","fileTypesAndContributionMap":{"docs":{"insertions":52,"deletions":5}}}]},{"date":"2021-02-24","commitResults":[{"hash":"fc34547b13dd27b76ad87fded37aa19504b8bbf8","messageTitle":"Update UG for find command","messageBody":"","fileTypesAndContributionMap":{"docs":{"insertions":8,"deletions":9}}},{"hash":"e72478f96fc055bedfa0ef921b6ddbfca63746cf","messageTitle":"Edit title of find command in UG","messageBody":"","fileTypesAndContributionMap":{"docs":{"insertions":1,"deletions":1}}},{"hash":"abe514790c63cc20750fabb9d272d821bcf1d52a","messageTitle":"Edit name of image file","messageBody":"","fileTypesAndContributionMap":{"docs":{"insertions":2,"deletions":2}}},{"hash":"651f752d6a0f6bf40e91ac4bcada18e1c28824fe","messageTitle":"Update AboutUs.md","messageBody":"","fileTypesAndContributionMap":{"docs":{"insertions":1,"deletions":1}}}]}]},"authorFileTypeContributionMap":{"whatthelump":{"docs":11,"functional-code":0,"test-code":0},"awzhenyi":{"docs":19,"functional-code":0,"test-code":0},"jaredtengsw":{"docs":16,"functional-code":2,"test-code":0},"wangtao0717":{"docs":63,"functional-code":0,"test-code":0},"VRSoorya":{"docs":63,"functional-code":0,"test-code":0}},"authorContributionVariance":{"whatthelump":27.25,"awzhenyi":284.48438,"jaredtengsw":191.0,"wangtao0717":279.10938,"VRSoorya":374.5},"authorDisplayNameMap":{"whatthelump":"CS2103-T16-3 LIM ..GANG","awzhenyi":"CS2103-T16-3 AW Z..N YI","jaredtengsw":"CS2103-T16-3 TENG..ARED","wangtao0717":"CS2103-T16-3 WANG.. TAO","VRSoorya":"CS2103-T16-3 V R ..ORYA"}}
