{"authorDailyContributionsMap":{"glennljs":[{"date":"2021-02-21","commitResults":[{"hash":"3424ddb9cf225f14a1ca8775b5ed584508222dd7","messageTitle":"Update DG","messageBody":"Add User Stories, part of #24\n","fileTypesAndContributionMap":{"docs":{"insertions":6,"deletions":0}}},{"hash":"8d7db9ca7a002f10ca4489c31e84ccd35d6100af","messageTitle":"Revert \"Update DG\"","messageBody":"This reverts commit 3424ddb9cf225f14a1ca8775b5ed584508222dd7.\n","fileTypesAndContributionMap":{"docs":{"insertions":0,"deletions":6}}},{"hash":"541ae6d323d2314df5ac5d6298937bcf04c76c29","messageTitle":"Update DG","messageBody":"Add User Stories, part of #24\n","fileTypesAndContributionMap":{"docs":{"insertions":6,"deletions":0}}},{"hash":"339831f6e33342cca258feef82e56211cc46afd4","messageTitle":"Update About Us","messageBody":"Add Profile, part of #12\n","fileTypesAndContributionMap":{"docs":{"insertions":3,"deletions":46}}},{"hash":"9019b625a395ff72f7655882f12e47ef94c09ff1","messageTitle":"Revert \"Update About Us\"","messageBody":"This reverts commit 339831f6e33342cca258feef82e56211cc46afd4.\n","fileTypesAndContributionMap":{"docs":{"insertions":46,"deletions":3}}},{"hash":"b129a12bb2ca489e39a7fb954a81057e93db24cb","messageTitle":"Update AboutUs","messageBody":"Add Profile, part of #12\n","fileTypesAndContributionMap":{"docs":{"insertions":3,"deletions":45}}},{"hash":"f7fb8a6480f08f9044fafc060abc31fafd46cfd0","messageTitle":"Update AboutUs","messageBody":"Add Profile, part of #12\n","fileTypesAndContributionMap":{"docs":{"insertions":0,"deletions":1}}},{"hash":"5d85ca215cddaef7511815e63f44b78b575f8544","messageTitle":"Update AboutUs.md","messageBody":"","fileTypesAndContributionMap":{"docs":{"insertions":0,"deletions":1}}}]},{"date":"2021-02-24","commitResults":[{"hash":"ee3677946d4ec275530a39f1dee4ea78964f0cce","messageTitle":"Fix #19","messageBody":"Add Coming Soon Features to User Guide\n","fileTypesAndContributionMap":{"docs":{"insertions":13,"deletions":14}}},{"hash":"c95351d9599e51871f143a3a3356f84e01deb0df","messageTitle":"Fix #19","messageBody":"Change Quick Start to HippoCampus\n","fileTypesAndContributionMap":{"docs":{"insertions":7,"deletions":1}}},{"hash":"6315dfa555a1df6b0b9af04986fa62d3eef547dc","messageTitle":"Fix #19","messageBody":"Change Quick Start to HippoCampus\n","fileTypesAndContributionMap":{"docs":{"insertions":0,"deletions":1}}}]}],"zhengruoxin":[{"date":"2021-02-21","commitResults":[{"hash":"2b830418a876804f23c4e0e6529b92dc3082c55c","messageTitle":"Update about us with zhengruoxin profile","messageBody":"","fileTypesAndContributionMap":{"docs":{"insertions":6,"deletions":0}}}]},{"date":"2021-02-22","commitResults":[{"hash":"a8c29aa520f1c66ec20539f0dd7b8b65ae749ddb","messageTitle":"Update user guide fixes #20","messageBody":"","fileTypesAndContributionMap":{"docs":{"insertions":84,"deletions":95}}},{"hash":"1cb37ee490e8121680572b97c2a826c371bbefa3","messageTitle":"Add user stories to DG, part of #24","messageBody":"","fileTypesAndContributionMap":{"docs":{"insertions":9,"deletions":1}}}]},{"date":"2021-03-03","commitResults":[{"hash":"dce9e2f8e4d2dd42a46aea0b9d82a28584719caf","messageTitle":"Add UC1 and UC2, part of #23","messageBody":"","fileTypesAndContributionMap":{"docs":{"insertions":22,"deletions":0}}}]}],"pyuxiang":[{"date":"2021-02-21","commitResults":[{"hash":"4300d4736795e6bfbb83a9d23a160e42223c0ebf","messageTitle":"Update README with pyuxiang details","messageBody":"","fileTypesAndContributionMap":{"docs":{"insertions":4,"deletions":46}}},{"hash":"d8db23a119494030f7cebcff3a797eca00957da5","messageTitle":"Add newline to readme","messageBody":"","fileTypesAndContributionMap":{"docs":{"insertions":1,"deletions":1}}}]},{"date":"2021-02-24","commitResults":[{"hash":"1f850e1e1efc40affef9563168fb42a1cb86d677","messageTitle":"Add acknowledgement for original sourcecode, i.e. AB3","messageBody":"Closes #25\n","fileTypesAndContributionMap":{"docs":{"insertions":2,"deletions":0}}},{"hash":"065e40e5d4732eef99c2777a90a84e5e698e298e","messageTitle":"Rectify checkstyle warnings and errors","messageBody":"Mainly whitespace issues\n","fileTypesAndContributionMap":{"docs":{"insertions":8,"deletions":8}}},{"hash":"9930bdb7762d6496fc413d6322ec936e59193b6d","messageTitle":"Add user stories","messageBody":"Part of #24\n","fileTypesAndContributionMap":{"docs":{"insertions":6,"deletions":1}}},{"hash":"ed3e431e3e19f69e212b5a4399e1aac959510d2f","messageTitle":"Adjust formatting of priority levels in user stories","messageBody":"","fileTypesAndContributionMap":{"docs":{"insertions":5,"deletions":5}}}]},{"date":"2021-02-28","commitResults":[{"hash":"2cce17985919f2988e4daa3fb1244582745ba7ea","messageTitle":"Add use for help command","messageBody":"","fileTypesAndContributionMap":{"docs":{"insertions":23,"deletions":26}}},{"hash":"76d64fa9590d81a0f60fc941cdf7f5ad574d86f7","messageTitle":"Add newlines between use cases","messageBody":"","fileTypesAndContributionMap":{"docs":{"insertions":4,"deletions":0}}}]},{"date":"2021-03-01","commitResults":[{"hash":"97ad84736ae2fcccea49d40bd53a3045b614d088","messageTitle":"Apply suggestions from code review","messageBody":"","fileTypesAndContributionMap":{"docs":{"insertions":2,"deletions":1}}}]}],"nickyfoo":[{"date":"2021-02-21","commitResults":[{"hash":"da77bda0309f9137a8cf8e6f5bb7a15bc9fe73e9","messageTitle":"Update AboutUs with personal image","messageBody":"","fileTypesAndContributionMap":{"docs":{"insertions":3,"deletions":4}}},{"hash":"f99a464100db77ed500260d8641ed9c0a9d8e8ce","messageTitle":"Update README contents to match HippoCampus","messageBody":"","fileTypesAndContributionMap":{"docs":{"insertions":9,"deletions":10}}},{"hash":"6e32a630eb6b47172b9ac21b2f05abd4625dc46a","messageTitle":"Update README fixes #16","messageBody":"","fileTypesAndContributionMap":{"docs":{"insertions":1,"deletions":1}}},{"hash":"632d97b5830e698148102887ba2776e2f190393f","messageTitle":"Update README with GitHub Actions build status badge","messageBody":"Fixes #18\n","fileTypesAndContributionMap":{"docs":{"insertions":1,"deletions":2}}},{"hash":"d1d75012594bfe9996bbc94c6743c52bc0d66b58","messageTitle":"Update DeveloperGuide with some user stories","messageBody":"","fileTypesAndContributionMap":{"docs":{"insertions":13,"deletions":6}}}]},{"date":"2021-02-28","commitResults":[{"hash":"9c169c2cc4bfb36fbc3cbb33cd8063f6d90f1a43","messageTitle":"Fix some typos in UserGuide","messageBody":"Updated the description of list under feature\nFixes #56\n","fileTypesAndContributionMap":{"docs":{"insertions":6,"deletions":6}}},{"hash":"5d959d3002f5a215f424006a7fd038e60fa0e888","messageTitle":"Add UC7 - Find Tags","messageBody":"","fileTypesAndContributionMap":{"docs":{"insertions":19,"deletions":4}}}]}],"garyljj":[{"date":"2021-02-21","commitResults":[{"hash":"c2b50232d5440f0c01497dad52b773339e21b945","messageTitle":"Update README with garyljj details","messageBody":"","fileTypesAndContributionMap":{"docs":{"insertions":6,"deletions":0}}},{"hash":"525eba79c66ca006e76a16c4212bac77fe5cc466","messageTitle":"Add user stories to DeveloperGuide, part of #24","messageBody":"","fileTypesAndContributionMap":{"docs":{"insertions":8,"deletions":0}}}]},{"date":"2021-03-01","commitResults":[{"hash":"33f22477fb3c250cfa1ebe66fc517f71676f1392","messageTitle":"Add UC3","messageBody":"","fileTypesAndContributionMap":{"docs":{"insertions":16,"deletions":0}}}]}],"Ellevy":[{"date":"2021-02-21","commitResults":[{"hash":"efe26a93cd3c846a845ba0abb1f56e54eefcc4d6","messageTitle":"Update about us (Yvelle).","messageBody":"","fileTypesAndContributionMap":{"docs":{"insertions":3,"deletions":47}}},{"hash":"9d0e8700bfb4895eaf60fb9b6920cf6a0093ff47","messageTitle":"Update aboutUs with Yvelle\u0027s details.","messageBody":"","fileTypesAndContributionMap":{"docs":{"insertions":1,"deletions":0}}},{"hash":"48d495409bd5a269a32ff83b9e6a2ccef23346f1","messageTitle":"Add line at EOF.","messageBody":"","fileTypesAndContributionMap":{"docs":{"insertions":1,"deletions":1}}},{"hash":"c337a2769e9affa578843a6c8890df4b017ad0b6","messageTitle":"Add user stories assigned to Yvelle.","messageBody":"","fileTypesAndContributionMap":{"docs":{"insertions":7,"deletions":0}}},{"hash":"449ab40cc6982da43e784e22094b23f2c0a59410","messageTitle":"Update Developer Guide with user stories assigned to Yvelle.","messageBody":"Add user stories, part of #24\n","fileTypesAndContributionMap":{"docs":{"insertions":1,"deletions":2}}},{"hash":"ff956675030793463fe27f149047160b8707f4e1","messageTitle":"Update Developer Guide to include more NFRs.","messageBody":"fix #22\n","fileTypesAndContributionMap":{"docs":{"insertions":13,"deletions":5}}}]},{"date":"2021-02-28","commitResults":[{"hash":"ff4c86fb2a0ea4a94b775c44e01a33dd21bcc67c","messageTitle":"Add use cases UC4 and UC9.","messageBody":"Part of #24.\n","fileTypesAndContributionMap":{"docs":{"insertions":22,"deletions":0}}},{"hash":"7a58dc0e83f7a6d00a914d34148894c7e117806f","messageTitle":"Standardize Use Case format.","messageBody":"Part of #23.\n","fileTypesAndContributionMap":{"docs":{"insertions":0,"deletions":2}}}]}]},"authorFileTypeContributionMap":{"glennljs":{"docs":19,"functional-code":0,"test-code":0},"zhengruoxin":{"docs":98,"functional-code":0,"test-code":0},"pyuxiang":{"docs":31,"functional-code":0,"test-code":0},"nickyfoo":{"docs":47,"functional-code":0,"test-code":0},"garyljj":{"docs":22,"functional-code":0,"test-code":0},"Ellevy":{"docs":42,"functional-code":0,"test-code":0}},"authorContributionVariance":{"glennljs":1977.9403,"zhengruoxin":2509.136,"pyuxiang":398.0,"nickyfoo":243.78697,"garyljj":29.443785,"Ellevy":483.76346},"authorDisplayNameMap":{"glennljs":"CS2103-W16-3 GLEN..SONG","zhengruoxin":"CS2103-W16-3 ZHEN..OXIN","pyuxiang":"CS2103-W16-3 PEH ..IANG","nickyfoo":"CS2103-W16-3 FOO ..OLAS","garyljj":"CS2103-W16-3 GARY.. JIN","Ellevy":"CS2103-W16-3 LEE ..ELLE"}}
