{"authorDailyContributionsMap":{"wongkokian":[{"date":"2021-03-14","commitResults":[{"hash":"973f489c06506cecc7e0caf3b532c06bdcba7f8c","messageTitle":"Add PhoneContainsKeywordsPredicate class","messageBody":"","fileTypesAndContributionMap":{"functional-code":{"insertions":29,"deletions":0}}},{"hash":"c5f5aad23879f7950103a2937010d72062eb0157","messageTitle":"Modify FindCommandParser to handle flags to allow search by field","messageBody":"","fileTypesAndContributionMap":{"functional-code":{"insertions":16,"deletions":2}}},{"hash":"b81fc62b3d69a5079f9a683827347f02d60de0ce","messageTitle":"Modify FindCommand to take in a generalised Predicate\u003cPerson\u003e","messageBody":"","fileTypesAndContributionMap":{"functional-code":{"insertions":5,"deletions":3}}},{"hash":"a47273e6af3391c49ec1e6b7f973134031728b56","messageTitle":"Add EmailContainsKeywordsPredicate class","messageBody":"","fileTypesAndContributionMap":{"functional-code":{"insertions":31,"deletions":0}}},{"hash":"a5917a550e7fc0444231a84f9d8c8fe8f5c235d3","messageTitle":"Modify FindCommandParser to handle \"-e\" flag and search by email","messageBody":"","fileTypesAndContributionMap":{"functional-code":{"insertions":3,"deletions":0}}},{"hash":"2a66be2c3b7ba70485c39bbc3aa583ca525cc2fb","messageTitle":"Add AddressContainsKeywordsPredicate class","messageBody":"","fileTypesAndContributionMap":{"functional-code":{"insertions":31,"deletions":0}}},{"hash":"e19827fbcc4cd099b00127eddd30a10d9f796e54","messageTitle":"Modify FindCommandParser to handle \"-a\" flag and search by address","messageBody":"","fileTypesAndContributionMap":{"functional-code":{"insertions":3,"deletions":0}}},{"hash":"102703e9129a8465c8e5905e3bb024b804f7706c","messageTitle":"Add TagContainsKeywordsPredicate class","messageBody":"","fileTypesAndContributionMap":{"functional-code":{"insertions":44,"deletions":0}}},{"hash":"39a93332c48b5b5450cf3a6503d5545c3aa8966f","messageTitle":"Modify FindCommandParser to handle \"-t\" flag and search by tags","messageBody":"","fileTypesAndContributionMap":{"functional-code":{"insertions":3,"deletions":0}}},{"hash":"68abe33b53f48a3666eb1916c2fe216c81607bb9","messageTitle":"Add InsurancePolicyContainsKeywordsPredicate class","messageBody":"","fileTypesAndContributionMap":{"functional-code":{"insertions":43,"deletions":0}}},{"hash":"b7e1cdd3b7d7a7b07d80aab41987c88c2722ba6b","messageTitle":"Modify FindCommandParser to handle \"-i\" flag and search by insurance policies","messageBody":"","fileTypesAndContributionMap":{"functional-code":{"insertions":3,"deletions":0}}},{"hash":"9a314889187a1bd9b597436ed6f32ab493032d3b","messageTitle":"Modify FindCommandParser and Predicates to handle multiple queries in one command using \"\u0026\" as splitter","messageBody":"","fileTypesAndContributionMap":{"functional-code":{"insertions":26,"deletions":21}}},{"hash":"81fb977aebb8bc0c857e619798330f0cb84e5821","messageTitle":"Edit FindCommand usage message and remove multiple words test in StringUtilTest","messageBody":"","fileTypesAndContributionMap":{"functional-code":{"insertions":4,"deletions":2},"test-code":{"insertions":0,"deletions":6}}},{"hash":"758f84830111d6048430a85e3e43b5f7de430a2b","messageTitle":"Fix Predicate classes to comply with CI checks","messageBody":"","fileTypesAndContributionMap":{"functional-code":{"insertions":6,"deletions":2},"other":{"insertions":12,"deletions":18}}}]},{"date":"2021-03-15","commitResults":[{"hash":"b609884a8d86b9c8ca923642c2832eba970374c9","messageTitle":"Add and modify tests for FindCommand","messageBody":"","fileTypesAndContributionMap":{"functional-code":{"insertions":1,"deletions":3},"test-code":{"insertions":397,"deletions":11}}},{"hash":"d3989d3de99560c9e5a0804e22b4aaa89fb231df","messageTitle":"Update UG for modified FindCommand and fix some typos","messageBody":"","fileTypesAndContributionMap":{"docs":{"insertions":13,"deletions":10}}}]},{"date":"2021-03-16","commitResults":[{"hash":"47defcaebc7b916032bab174037362baec056a29","messageTitle":"Tweak FindCommand, change flag style and enforce search by name to require \"n/\" flag.","messageBody":"","fileTypesAndContributionMap":{"functional-code":{"insertions":19,"deletions":24},"test-code":{"insertions":4,"deletions":4}}},{"hash":"cd9eb864675c12d3d4670a9968876199e218e834","messageTitle":"Tweak UG for updated FindCommand and improve clarity of FindCommand format details","messageBody":"","fileTypesAndContributionMap":{"docs":{"insertions":11,"deletions":10}}},{"hash":"85768160e875a87d8e29776d7e2605392add5d35","messageTitle":"Add tests for 100% coverage across FindCommand classes","messageBody":"","fileTypesAndContributionMap":{"test-code":{"insertions":34,"deletions":5}}},{"hash":"1efd5b9171546ddd6438dd6a2f7d9f8c08bbc14b","messageTitle":"Add images for FindCommand in UG","messageBody":"","fileTypesAndContributionMap":{"docs":{"insertions":4,"deletions":1}}},{"hash":"004402a11bd22bf5a113943f6c0623486bc508a0","messageTitle":"Fix checkstyle","messageBody":"","fileTypesAndContributionMap":{"test-code":{"insertions":4,"deletions":2}}},{"hash":"b8301186dd1979a0856893f9819c4b5a0bce57c2","messageTitle":"Add test for FindCommand to cover empty keywords cases","messageBody":"","fileTypesAndContributionMap":{"functional-code":{"insertions":22,"deletions":13},"test-code":{"insertions":7,"deletions":0}}},{"hash":"17b620fbc78beb645f0c1b315b1076c158b5e5f2","messageTitle":"Fix FindCommand issue where multiple and no flag allowed","messageBody":"","fileTypesAndContributionMap":{"functional-code":{"insertions":43,"deletions":1},"test-code":{"insertions":12,"deletions":0}}},{"hash":"36dfeb5de0ab24ed921baf6262e24ea6886386d8","messageTitle":"Add comments and change variable names of countMatches method","messageBody":"","fileTypesAndContributionMap":{"functional-code":{"insertions":8,"deletions":7}}}]},{"date":"2021-03-21","commitResults":[{"hash":"7834121052ca278822f868d4a58cecb5a927cb35","messageTitle":"Add author tags","messageBody":"","fileTypesAndContributionMap":{"functional-code":{"insertions":10,"deletions":0},"test-code":{"insertions":31,"deletions":0}}}]},{"date":"2021-03-24","commitResults":[{"hash":"3d4041b11b34e77e8718a8a8de4406ba9e394b32","messageTitle":"Enable assertions in Gradle run task","messageBody":"","fileTypesAndContributionMap":{"other":{"insertions":4,"deletions":0}}}]}],"NBH99":[{"date":"2021-02-25","commitResults":[{"hash":"72e041a11eb685f959c87acc0e18c8a9754f0edc","messageTitle":"Update DG 1.1","messageBody":"","fileTypesAndContributionMap":{"docs":{"insertions":116,"deletions":15}}},{"hash":"ad3a44544046ca5b71948cb7e638ab75486e0247","messageTitle":"Fix error in DG 1.1","messageBody":"","fileTypesAndContributionMap":{"docs":{"insertions":10,"deletions":10}}}]},{"date":"2021-03-03","commitResults":[{"hash":"e34bfd3d1683b8798e02e69963be35e1997442ab","messageTitle":"Update links in DG","messageBody":"","fileTypesAndContributionMap":{"docs":{"insertions":6,"deletions":6}}}]},{"date":"2021-03-09","commitResults":[{"hash":"86fe9e5c6a049dea6a8cdfa0664c65c73e86b7a3","messageTitle":"Add SortCommand","messageBody":"","fileTypesAndContributionMap":{"functional-code":{"insertions":104,"deletions":0}}},{"hash":"9bdf9d9aaca1eccc1d30d4857c9e55da08b3a458","messageTitle":"Update SortCommand","messageBody":"","fileTypesAndContributionMap":{"functional-code":{"insertions":30,"deletions":5}}}]},{"date":"2021-03-10","commitResults":[{"hash":"6d66b0860f440f7101782fcfbed93f7e978f8c89","messageTitle":"Add ModifiableAddressBook","messageBody":"","fileTypesAndContributionMap":{"functional-code":{"insertions":25,"deletions":14}}}]},{"date":"2021-03-11","commitResults":[{"hash":"f8580ec7a1e32270abc12ffb06055a8bd5fcf323","messageTitle":"Add Test update UG DG","messageBody":"","fileTypesAndContributionMap":{"functional-code":{"insertions":12,"deletions":6},"docs":{"insertions":31,"deletions":1},"test-code":{"insertions":79,"deletions":0}}},{"hash":"a769c6ba26ab413a6c9338504a3f677d8e653c38","messageTitle":"Update Test","messageBody":"","fileTypesAndContributionMap":{"test-code":{"insertions":1,"deletions":1}}},{"hash":"9c7d10df73054a3f6030d703fb62cf6e74d119e7","messageTitle":"Update User Story in DG","messageBody":"","fileTypesAndContributionMap":{"docs":{"insertions":1,"deletions":1}}}]},{"date":"2021-03-13","commitResults":[{"hash":"388c0a69aac704aca14ecaf831e03f4a1f6dbb41","messageTitle":"Update Sort","messageBody":"","fileTypesAndContributionMap":{"functional-code":{"insertions":10,"deletions":5},"docs":{"insertions":4,"deletions":4},"test-code":{"insertions":6,"deletions":6}}}]},{"date":"2021-03-16","commitResults":[{"hash":"b3fe1b6a63bbc1a18e5891918373058d38ff17c8","messageTitle":"Add sorting for policy","messageBody":"","fileTypesAndContributionMap":{"functional-code":{"insertions":64,"deletions":10},"docs":{"insertions":11,"deletions":10},"test-code":{"insertions":60,"deletions":7}}}]},{"date":"2021-03-18","commitResults":[{"hash":"04eca385115a0386fdfbc6ac36859571715bb515","messageTitle":"Update Sort property to attribute","messageBody":"","fileTypesAndContributionMap":{"functional-code":{"insertions":14,"deletions":13},"docs":{"insertions":8,"deletions":9},"test-code":{"insertions":8,"deletions":8}}}]},{"date":"2021-03-22","commitResults":[{"hash":"d0632d6b9e09ad1036b0831c2a94381030508e0c","messageTitle":"Add Sort UML diagram","messageBody":"","fileTypesAndContributionMap":{"docs":{"insertions":100,"deletions":0}}}]},{"date":"2021-03-23","commitResults":[{"hash":"c16feaa41d2575b18cf32d3390b7520237dc95c8","messageTitle":"Update Sort to follow insurance policy","messageBody":"","fileTypesAndContributionMap":{"functional-code":{"insertions":24,"deletions":12},"docs":{"insertions":4,"deletions":4},"test-code":{"insertions":20,"deletions":16}}},{"hash":"7bfabcbc40eb6ad9c3b1832d4e30c14ad6202b7f","messageTitle":"Solve failure in checks","messageBody":"","fileTypesAndContributionMap":{"functional-code":{"insertions":4,"deletions":4},"docs":{"insertions":4,"deletions":4},"test-code":{"insertions":4,"deletions":4}}}]},{"date":"2021-03-24","commitResults":[{"hash":"310b8be6c1774b099c87012c51a28cd2e78c6fcc","messageTitle":"Update ModelClassDiagram","messageBody":"","fileTypesAndContributionMap":{"functional-code":{"insertions":3,"deletions":0},"docs":{"insertions":3,"deletions":0}}}]}],"swayongshen":[{"date":"2021-02-25","commitResults":[{"hash":"744b847f550107a897205942049e46dde871bd82","messageTitle":"Create seedu.address.model.policy package and Policy class within the package.","messageBody":"","fileTypesAndContributionMap":{"functional-code":{"insertions":47,"deletions":0}}},{"hash":"b4f76b0cbfc9cf38ac3a755766fd4361ca7a7dcf","messageTitle":"Add policies field to Person model","messageBody":"","fileTypesAndContributionMap":{"functional-code":{"insertions":33,"deletions":3}}},{"hash":"808ca8a84872a62a7ad8e140edade93c7d76041a","messageTitle":"Rename Policy to InsurancePolicy","messageBody":"","fileTypesAndContributionMap":{"functional-code":{"insertions":5,"deletions":5},"other":{"insertions":7,"deletions":7}}},{"hash":"89e40f5a29f18626f17473003b0c4003b80e3c51","messageTitle":"Add InsurancePolicy to AddCommand.java","messageBody":"","fileTypesAndContributionMap":{"functional-code":{"insertions":4,"deletions":0}}},{"hash":"1ff93ca78707b3d2bb0a2fe70a666ca6d4d49556","messageTitle":"Add InsurancePolicy to PersonCard and PersonCard fxml","messageBody":"","fileTypesAndContributionMap":{"functional-code":{"insertions":6,"deletions":0}}},{"hash":"c970bba0fdef5fb3eaafdc44c5d8d9c49e4d4a75","messageTitle":"Change Edit command to include InsurancePolicy.","messageBody":"","fileTypesAndContributionMap":{"functional-code":{"insertions":22,"deletions":4}}}]},{"date":"2021-02-26","commitResults":[{"hash":"a9b3e7bdc9cc59964637441dc898f3214a7b0eb6","messageTitle":"Change AddCommandParser to include InsurancePolicy","messageBody":"","fileTypesAndContributionMap":{"functional-code":{"insertions":26,"deletions":2}}},{"hash":"052b68e2b8e2101a83662cf08e8ca338887b2760","messageTitle":"Change storage to include InsurancePolicy","messageBody":"","fileTypesAndContributionMap":{"functional-code":{"insertions":62,"deletions":2}}},{"hash":"d370cdd597ceead7e0b6c9ffef35a255f9d542ce","messageTitle":"Change EditCommandParser to include InsurancePolicy","messageBody":"","fileTypesAndContributionMap":{"functional-code":{"insertions":23,"deletions":0}}},{"hash":"a3bff41d9057a579b9b64cdbb1e42769053f2363","messageTitle":"Add missing InsurancePolicy code in EditCommand, EditCommandParser","messageBody":"","fileTypesAndContributionMap":{"functional-code":{"insertions":3,"deletions":2}}},{"hash":"91b9b68985058a50f351f9744590810409689033","messageTitle":"Change PersonBuilder to include InsurancePolicy","messageBody":"","fileTypesAndContributionMap":{"functional-code":{"insertions":16,"deletions":5},"test-code":{"insertions":15,"deletions":1}}},{"hash":"5447e3fd9e86473396dd1b8456918cb3aa7a76f6","messageTitle":"Change Tests to accomodate InsurancePolicy","messageBody":"","fileTypesAndContributionMap":{"functional-code":{"insertions":31,"deletions":2},"test-code":{"insertions":74,"deletions":19}}},{"hash":"d823e11f4251b5a5a1859e4b5ac9061a15917907","messageTitle":"Change Policy Id in Usage message to POLICY_ID","messageBody":"","fileTypesAndContributionMap":{"functional-code":{"insertions":2,"deletions":2}}},{"hash":"049d1a68c4da55d2bc1dd8ced452e4b9b5ee3fd0","messageTitle":"Fix typo in Javadoc","messageBody":"","fileTypesAndContributionMap":{"functional-code":{"insertions":1,"deletions":1}}}]},{"date":"2021-03-01","commitResults":[{"hash":"266c7b122aa5f842faeb84c2008ad31d5a26ebb0","messageTitle":"Update ModelClassDiagram.pml to show InsurancePolicy","messageBody":"","fileTypesAndContributionMap":{"docs":{"insertions":5,"deletions":0}}}]},{"date":"2021-03-11","commitResults":[{"hash":"00493b087297cb627f1c903d11802ae5aee5d386","messageTitle":"Add Authentication Class to handle locking/unlocking of data zip file","messageBody":"","fileTypesAndContributionMap":{"functional-code":{"insertions":91,"deletions":0},"other":{"insertions":3,"deletions":0}}},{"hash":"4158606c76e2c7fda136c7730c17478c946e8bd2","messageTitle":"Add lock function to Authentication","messageBody":"","fileTypesAndContributionMap":{"functional-code":{"insertions":52,"deletions":8}}},{"hash":"64ba2d149e3db1f7d45ba6eb80533b5c1ac5be3e","messageTitle":"Add zip unlock portion in MainApp.init() before json address book is read","messageBody":"","fileTypesAndContributionMap":{"functional-code":{"insertions":37,"deletions":13}}},{"hash":"2a110917bc86a170bfbed25bbce7886a0ac7da0e","messageTitle":"Add shutdownhook to lock serialized addressbook when applicatione exits","messageBody":"","fileTypesAndContributionMap":{"functional-code":{"insertions":25,"deletions":0}}},{"hash":"d27eb9db9ae35cad08866fc6ca5b3c16da9af7bc","messageTitle":"Add LockCommand","messageBody":"","fileTypesAndContributionMap":{"functional-code":{"insertions":143,"deletions":10},"test-code":{"insertions":5,"deletions":3}}},{"hash":"11b145cc02af176c73fad7e74324eefb72cc59c6","messageTitle":"Cleanup Lock Command","messageBody":"","fileTypesAndContributionMap":{"functional-code":{"insertions":12,"deletions":0},"test-code":{"insertions":6,"deletions":0}}},{"hash":"6755782b8c64b49d74438348a0f784d4ce898236","messageTitle":"Add UnlockCommand","messageBody":"","fileTypesAndContributionMap":{"functional-code":{"insertions":53,"deletions":0}}},{"hash":"bd846dd910e7349fff4bd9a07a4854a8893decc1","messageTitle":"Add UnlockCommandParser and fix locking bugs","messageBody":"","fileTypesAndContributionMap":{"functional-code":{"insertions":34,"deletions":7}}},{"hash":"d2517faadf465e0167c9c89d219cb438e3dca82e","messageTitle":"Fix bug in Authentication.lock() causing Unlock command to fail","messageBody":"","fileTypesAndContributionMap":{"functional-code":{"insertions":22,"deletions":15}}},{"hash":"27e70f3e2e1a636ebd04f1e59ee7cfb3b2bc61b5","messageTitle":"Add delay to make password prompt last to show in termianl when app runs","messageBody":"","fileTypesAndContributionMap":{"functional-code":{"insertions":3,"deletions":0}}},{"hash":"4d266c7b591d3c78c3aa571d82a8e70627d08b6d","messageTitle":"Remove trailing spaces from documentation that caused fail build","messageBody":"","fileTypesAndContributionMap":{"docs":{"insertions":7,"deletions":8}}},{"hash":"a1c374ce256a505ee0c87fe62554d1e818b265d5","messageTitle":"Remove trailing whitespace in build.gradle","messageBody":"","fileTypesAndContributionMap":{"other":{"insertions":0,"deletions":1}}},{"hash":"861835b1fec056ced060cc958fad64c322e47cab","messageTitle":"Update documentation to reflect Lock/Unlock","messageBody":"","fileTypesAndContributionMap":{"docs":{"insertions":24,"deletions":0}}}]},{"date":"2021-03-13","commitResults":[{"hash":"0fa64b4001002cb15ef85c940cac0b82a5237e90","messageTitle":"Change CURRENT_PASSWORD field to be compulsory for unlock in UG","messageBody":"","fileTypesAndContributionMap":{"docs":{"insertions":1,"deletions":1}}},{"hash":"614ffbac1641c2541476fd7849e6a0b932b8eeaa","messageTitle":"Remove redundant whitespace.","messageBody":"","fileTypesAndContributionMap":{"functional-code":{"insertions":0,"deletions":4}}},{"hash":"aaf84a88d22a788007fc28535a29bcb52cc0bea3","messageTitle":"Fix LockCommandParser bug where empty string was detected as valid argument","messageBody":"","fileTypesAndContributionMap":{"functional-code":{"insertions":1,"deletions":1}}},{"hash":"4e0aec52291fb552e9239556b278896f5c4f9808","messageTitle":"Fix UnlockCommandParser bug where empty string was detected as valid argument","messageBody":"","fileTypesAndContributionMap":{"functional-code":{"insertions":1,"deletions":1}}}]},{"date":"2021-03-14","commitResults":[{"hash":"338487fc076c8259bab077b36be20430a60d53bc","messageTitle":"Update user stories and use cases in DG","messageBody":"","fileTypesAndContributionMap":{"docs":{"insertions":32,"deletions":3}}},{"hash":"769a18c67538e00ad6b81595f1c10213e0ff4dda","messageTitle":"Add password save feature","messageBody":"","fileTypesAndContributionMap":{"functional-code":{"insertions":121,"deletions":9},"docs":{"insertions":8,"deletions":0}}},{"hash":"3dc52cdd5311efb50885ab5ce4a5349189a2d1f8","messageTitle":"Update UG to reflect password save feature","messageBody":"","fileTypesAndContributionMap":{"docs":{"insertions":3,"deletions":2}}},{"hash":"d56777dd67f8b53f391521452ba5a59fac9df17b","messageTitle":"Add simple LockCommand tests","messageBody":"","fileTypesAndContributionMap":{"functional-code":{"insertions":2,"deletions":1},"test-code":{"insertions":75,"deletions":0}}},{"hash":"2f538254f23fbaf533b9c185bbc451b9f6a90bdf","messageTitle":"Add simple UnlockCommand tests","messageBody":"","fileTypesAndContributionMap":{"test-code":{"insertions":55,"deletions":9}}},{"hash":"885b906149893df6817ced6ab3d2d5d9335dcf17","messageTitle":"Fix checkstyle errors in tests","messageBody":"","fileTypesAndContributionMap":{"test-code":{"insertions":9,"deletions":13}}},{"hash":"efbe4f3bb398b04ca7848165dbc94eaaef6ca201","messageTitle":"Remove trailing whitespace in docs","messageBody":"","fileTypesAndContributionMap":{"docs":{"insertions":1,"deletions":2}}},{"hash":"5d0fe429eb1c357e7ea6a362db89e170bbfbe429","messageTitle":"Change eof newline checker script to ignore keystore files","messageBody":"","fileTypesAndContributionMap":{"other":{"insertions":5,"deletions":0}}},{"hash":"76f33f2ab02d3e3a7358e5d5683a40d697c9f2ee","messageTitle":"Change trailing whitespace checker in /.github","messageBody":"","fileTypesAndContributionMap":{"other":{"insertions":5,"deletions":0},"docs":{"insertions":2,"deletions":2}}},{"hash":"2402c2eedaa5c0fd7f0203c7c7bce093301e3c60","messageTitle":"Change the method name of attemptUnzip() to attemptUnzipUnprotected for clarity","messageBody":"","fileTypesAndContributionMap":{"functional-code":{"insertions":7,"deletions":2}}}]},{"date":"2021-03-15","commitResults":[{"hash":"33815f62d2178b7df7ec1f24ffbbcb70261f0ed4","messageTitle":"Fix bug: unable to create password file when /data/ is missing","messageBody":"","fileTypesAndContributionMap":{"functional-code":{"insertions":2,"deletions":0}}},{"hash":"0616f9f8ca3b9238da91c2bebd021bdcc08340b3","messageTitle":"Improve LockCommand messages, fix UnlockCommand format message","messageBody":"","fileTypesAndContributionMap":{"functional-code":{"insertions":12,"deletions":8}}},{"hash":"5583f6220cb378b7e081c21be1a117c7803d1941","messageTitle":"Improve SLAP in LockCommand","messageBody":"","fileTypesAndContributionMap":{"functional-code":{"insertions":24,"deletions":7}}},{"hash":"d97f36243672571309676a9822bbe5d2c3988fe7","messageTitle":"Change success message when password is updated by LockCommand","messageBody":"","fileTypesAndContributionMap":{"functional-code":{"insertions":9,"deletions":3}}},{"hash":"aa1cbae6ac8642c5b46e00288072a64b814a1cf2","messageTitle":"Upate UG to improve clarity of reuse password feature","messageBody":"","fileTypesAndContributionMap":{"docs":{"insertions":1,"deletions":1}}},{"hash":"1b4bafaf8fc9cf4f36b92506bec23143740d5e3b","messageTitle":"Add password verified confirmation when launching clientbook","messageBody":"","fileTypesAndContributionMap":{"functional-code":{"insertions":1,"deletions":0}}},{"hash":"2caf6a1c433fa51c72f23e1335c87a4fe24a500c","messageTitle":"Fix typo error in previous commit","messageBody":"","fileTypesAndContributionMap":{"functional-code":{"insertions":1,"deletions":1}}},{"hash":"f23b34e368cb997bb6213f3e701f0deca9dc748f","messageTitle":"Fix checkstyle import sequence error","messageBody":"","fileTypesAndContributionMap":{"functional-code":{"insertions":1,"deletions":1}}}]},{"date":"2021-03-18","commitResults":[{"hash":"f75722287a0cbc51b3277a94bceaaf2d9d3b7db0","messageTitle":"Add Authenticator Test","messageBody":"","fileTypesAndContributionMap":{"functional-code":{"insertions":2,"deletions":2},"test-code":{"insertions":108,"deletions":0}}},{"hash":"7578f4e421bd68321e385fd2d183ed717c6842ec","messageTitle":"Add cleanup to AuthenticationTest","messageBody":"","fileTypesAndContributionMap":{"test-code":{"insertions":6,"deletions":0}}},{"hash":"e849bad74e942177352aa96ab681c4bff5551848","messageTitle":"Add LockCommand tests","messageBody":"","fileTypesAndContributionMap":{"test-code":{"insertions":35,"deletions":4}}},{"hash":"7c5dbff7beff00f71d56daf087c4ef6789625d5c","messageTitle":"Add UnlockCommand Tests, change UnlockCommand","messageBody":"Add tests for UnlockCommand\u0027s equals() and case for zip already unlocked\nfor execute().\n\nChange execute to throw CommandException instead of return CommandResult\nwhen unlock command is run when the zip file is already unlocked.\n","fileTypesAndContributionMap":{"functional-code":{"insertions":1,"deletions":1},"test-code":{"insertions":15,"deletions":1}}},{"hash":"815942fdd7767b9dfd1b18dce19dda0695c883ea","messageTitle":"Add InsurancePolicy tests","messageBody":"","fileTypesAndContributionMap":{"test-code":{"insertions":39,"deletions":0}}},{"hash":"76d290bdc656f8edda3609829c562a637a805b5a","messageTitle":"Remove rendundant whitespace from LockCommandTest","messageBody":"","fileTypesAndContributionMap":{"test-code":{"insertions":1,"deletions":15}}},{"hash":"6f8979bf4f585370cdf24bfb36fb42b48cc6da52","messageTitle":"Remove redundant whitespace from AuthenticationTest","messageBody":"","fileTypesAndContributionMap":{"test-code":{"insertions":0,"deletions":3}}},{"hash":"37ba2847933859efc987a8c5c00ad8cbc19d28e4","messageTitle":"Add newline to EOF at LockCommandTest","messageBody":"","fileTypesAndContributionMap":{"test-code":{"insertions":1,"deletions":1}}},{"hash":"79eb506ed9d56c12cec598a3ccaef403d9a6f991","messageTitle":"Change constant name to be more accurate","messageBody":"","fileTypesAndContributionMap":{"test-code":{"insertions":2,"deletions":2}}},{"hash":"0a593293de237dd83d6beda58579807e4e93b1ca","messageTitle":"Change jar name to clientbook.jar","messageBody":"","fileTypesAndContributionMap":{"other":{"insertions":1,"deletions":1}}}]},{"date":"2021-03-24","commitResults":[{"hash":"5d4e8b859c7cecb1fa9b893acd7e82074c65bc09","messageTitle":"Add list of definitions","messageBody":"","fileTypesAndContributionMap":{"docs":{"insertions":26,"deletions":0}}},{"hash":"6d28cf01377944080c2e757e98ea5707bef500fa","messageTitle":"Add more whitespace","messageBody":"","fileTypesAndContributionMap":{"docs":{"insertions":25,"deletions":10}}},{"hash":"aec689d848778c4db99883c2ef60227330528d61","messageTitle":"Change newline to \u003cbr\u003e","messageBody":"","fileTypesAndContributionMap":{"docs":{"insertions":39,"deletions":28}}},{"hash":"c684ef633b2fdcb423e5d1e70d1e4ff999cd5f5e","messageTitle":"Resize images, add more whitespace","messageBody":"","fileTypesAndContributionMap":{"docs":{"insertions":6,"deletions":8}}},{"hash":"f15e0292af02c6c98a1207a823935602058ab92d","messageTitle":"Resize images, add more whitespace","messageBody":"","fileTypesAndContributionMap":{"docs":{"insertions":5,"deletions":3}}},{"hash":"abf63df83f5c62aff740b8773e579e2432a7add8","messageTitle":"Put tip in a block","messageBody":"","fileTypesAndContributionMap":{"docs":{"insertions":6,"deletions":6}}},{"hash":"7cc555f6f7883b97db9383c1b40f8d407fd529c1","messageTitle":"Revert \"Put tip in a block\"","messageBody":"This reverts commit abf63df83f5c62aff740b8773e579e2432a7add8.\n","fileTypesAndContributionMap":{"docs":{"insertions":6,"deletions":6}}},{"hash":"c87e8e3ee44fc09ab75f01673ee16ba86d4ca6f8","messageTitle":"Center images","messageBody":"","fileTypesAndContributionMap":{"docs":{"insertions":10,"deletions":10}}},{"hash":"f600a9b5562b1784a6298393533632a2741827f3","messageTitle":"Center images and adjust whitespace","messageBody":"","fileTypesAndContributionMap":{"docs":{"insertions":17,"deletions":19}}},{"hash":"d2c86aa0841ff2f9889b7f87f383eeb35c21f6d5","messageTitle":"Add missing \u003c/p\u003e tag","messageBody":"","fileTypesAndContributionMap":{"docs":{"insertions":1,"deletions":1}}},{"hash":"fde9baf3e3314b2dfecce233bd95f63c9fe6206d","messageTitle":"Remove buggy diagram","messageBody":"","fileTypesAndContributionMap":{"docs":{"insertions":6,"deletions":6}}},{"hash":"d57dcb2eb8f8a209f1ec4e27ae0a034139d3e1af","messageTitle":"Re-add buggy diagram","messageBody":"","fileTypesAndContributionMap":{"docs":{"insertions":1,"deletions":1}}},{"hash":"eb24b2526d313a3c3409dc9088db5b279e295583","messageTitle":"Add more definitions, add numbering to use cases","messageBody":"","fileTypesAndContributionMap":{"docs":{"insertions":38,"deletions":15}}},{"hash":"a49f632989c03ce6dfb11d1405cb73618ceaa83b","messageTitle":"Update user stories\u0027 language, remove redundant user stories","messageBody":"","fileTypesAndContributionMap":{"docs":{"insertions":7,"deletions":11}}},{"hash":"17c912fcf7b3c97fe53df91c7b25c76fcc002f2e","messageTitle":"Restore images\u0027 sizes.","messageBody":"Github Pages renders them differently and smaller than expected.\n","fileTypesAndContributionMap":{"docs":{"insertions":6,"deletions":6}}},{"hash":"991d9e9fb49f837ec120f65d2b1024965438017f","messageTitle":"Change storage file names to clientbook.json/zip","messageBody":"","fileTypesAndContributionMap":{"functional-code":{"insertions":7,"deletions":7},"test-code":{"insertions":3,"deletions":3}}}]},{"date":"2021-03-25","commitResults":[{"hash":"62898d1ae0dda3e2b5208fd70e1fb96ba60c7da2","messageTitle":"Add new line to fix error","messageBody":"Add new line","fileTypesAndContributionMap":{"docs":{"insertions":1,"deletions":1}}}]}],"jay9645":[{"date":"2021-02-24","commitResults":[{"hash":"2dbaf30522d6f8f222559222778d1dd18aea2a38","messageTitle":"Update AboutUs with photos and GitHub links","messageBody":"","fileTypesAndContributionMap":{"docs":{"insertions":17,"deletions":24}}},{"hash":"f5f1ec27d4b833cda68120632aa6d2889eefff97","messageTitle":"Update AboutUs with photos and links","messageBody":"","fileTypesAndContributionMap":{"docs":{"insertions":17,"deletions":24}}},{"hash":"c599ad29a3bb1e4f7da5b06562460c84466a3748","messageTitle":"Revert \"Update AboutUs with photos and links\"","messageBody":"This reverts commit f5f1ec27d4b833cda68120632aa6d2889eefff97.\n","fileTypesAndContributionMap":{"docs":{"insertions":24,"deletions":17}}}]},{"date":"2021-02-26","commitResults":[{"hash":"a01a90668dd83c11ff0837408b082c8e73595e27","messageTitle":"Revert \"Update AboutUs with photos and GitHub links\"","messageBody":"This reverts commit 2dbaf30522d6f8f222559222778d1dd18aea2a38.\n","fileTypesAndContributionMap":{"docs":{"insertions":24,"deletions":17}}},{"hash":"2d6282b2ff661114d5ac86b536523b1215ef4664","messageTitle":"Revert \"Revert \"Update AboutUs with photos and GitHub links\"\"","messageBody":"This reverts commit a01a90668dd83c11ff0837408b082c8e73595e27.\n","fileTypesAndContributionMap":{"docs":{"insertions":17,"deletions":24}}},{"hash":"34645acae0bdf31bee452850bbaf7242e33a90d6","messageTitle":"Update AboutUs","messageBody":"","fileTypesAndContributionMap":{"docs":{"insertions":3,"deletions":3}}}]},{"date":"2021-03-02","commitResults":[{"hash":"c371aadbd6b2c8c57a691406891e8ef9926c6769","messageTitle":"Update UserGuide.md","messageBody":"","fileTypesAndContributionMap":{"docs":{"insertions":52,"deletions":69}}},{"hash":"9570a29b7e3f64e07bd726d6a9f3639051da5ca9","messageTitle":"Update UserGuide.md","messageBody":"","fileTypesAndContributionMap":{"docs":{"insertions":1,"deletions":2}}},{"hash":"1c4352b05394c5b46cf05a98964ab64bf3997d43","messageTitle":"Update UserGuide.md","messageBody":"","fileTypesAndContributionMap":{"docs":{"insertions":1,"deletions":1}}},{"hash":"95b4c967be0a27d93f5f05243cce5b82bb860e65","messageTitle":"Update UserGuide.md","messageBody":"","fileTypesAndContributionMap":{"docs":{"insertions":1,"deletions":1}}},{"hash":"876d11c0753b103ee220f24b4d04718b3f7f136c","messageTitle":"Add quick start guide and add tags","messageBody":"","fileTypesAndContributionMap":{"docs":{"insertions":30,"deletions":12}}},{"hash":"0be9819773240055bbfc681bd2145567f03bf5d6","messageTitle":"Update UserGuide.md","messageBody":"","fileTypesAndContributionMap":{"docs":{"insertions":2,"deletions":2}}},{"hash":"c0bddb202b7a45b96b577b90db2740afa5e85492","messageTitle":"Differentiate commands in command format section","messageBody":"","fileTypesAndContributionMap":{"docs":{"insertions":6,"deletions":6}}},{"hash":"db495cff412b51fbe6aa347f86ebf3964407172b","messageTitle":"Differentiat commands in features overview","messageBody":"","fileTypesAndContributionMap":{"docs":{"insertions":6,"deletions":6}}},{"hash":"16a7d6867abf2c0517b4c6ff32f0249e19b0db36","messageTitle":"Differentiate more keywords","messageBody":"","fileTypesAndContributionMap":{"docs":{"insertions":1,"deletions":1}}},{"hash":"c748dfd4880ddc150124ca669fa55a6a6892172c","messageTitle":"Add delimiter \u0026 for find command","messageBody":"","fileTypesAndContributionMap":{"docs":{"insertions":4,"deletions":4}}},{"hash":"6cbe499fea424a2015339a7a6af32f3788a673a9","messageTitle":"Update UserGuide.md","messageBody":"","fileTypesAndContributionMap":{"docs":{"insertions":2,"deletions":2}}},{"hash":"ba011eb625106e57771f3499da2a680ca74dbe15","messageTitle":"Update UserGuide.md","messageBody":"","fileTypesAndContributionMap":{"docs":{"insertions":3,"deletions":3}}},{"hash":"009d161cba1bf994406a91a724fabd697324bb49","messageTitle":"Update UserGuide.md","messageBody":"","fileTypesAndContributionMap":{"docs":{"insertions":1,"deletions":1}}},{"hash":"f0bea1036b8e8b57d8a7433fb33232762df8fce3","messageTitle":"Update UserGuide.md","messageBody":"","fileTypesAndContributionMap":{"docs":{"insertions":1,"deletions":2}}},{"hash":"68d1107e30de4e4eca5fba1e7ab9f314f8c3f8d5","messageTitle":"Standardised input formats","messageBody":"","fileTypesAndContributionMap":{"docs":{"insertions":4,"deletions":4}}}]},{"date":"2021-03-14","commitResults":[{"hash":"e4e736a36435420dab9fea08c71760870e3b3d5e","messageTitle":"Create Parser to parse list commands with more parameters","messageBody":"","fileTypesAndContributionMap":{"functional-code":{"insertions":88,"deletions":1}}}]},{"date":"2021-03-15","commitResults":[{"hash":"287a886a64d822a663689390ca2ed95ee8118da3","messageTitle":"Add parsing for additional type of list command","messageBody":"","fileTypesAndContributionMap":{"functional-code":{"insertions":29,"deletions":6}}},{"hash":"d6566d03cb210e90de1cf46deba4601d8b55d4f7","messageTitle":"Make person object fields optional","messageBody":"","fileTypesAndContributionMap":{"functional-code":{"insertions":53,"deletions":35}}},{"hash":"d9d88c4f45c343c50ca0a87efb9651c7f61b2c71","messageTitle":"Create modifiable addressbook","messageBody":"","fileTypesAndContributionMap":{"functional-code":{"insertions":79,"deletions":10}}},{"hash":"7b5a4472ca18cf3e3338d9f244c0e2183c5ba884","messageTitle":"Restore list after modification","messageBody":"","fileTypesAndContributionMap":{"functional-code":{"insertions":13,"deletions":1}}},{"hash":"ffd5489693ea32f5e3f45a10f5eb47901768ac48","messageTitle":"Handle UI display","messageBody":"","fileTypesAndContributionMap":{"functional-code":{"insertions":39,"deletions":10}}},{"hash":"29e3a892970a00e921432159fd1625fd9a870167","messageTitle":"Add User Guide","messageBody":"","fileTypesAndContributionMap":{"docs":{"insertions":10,"deletions":5}}},{"hash":"5c3161a6c2c4a419396d295cdeaeef4c9c8629f4","messageTitle":"Handle optional fields","messageBody":"","fileTypesAndContributionMap":{"test-code":{"insertions":6,"deletions":6}}},{"hash":"7350abb12ef8901edeb2eace05acaab1080745b7","messageTitle":"Add Javadoc comments","messageBody":"","fileTypesAndContributionMap":{"functional-code":{"insertions":16,"deletions":10}}},{"hash":"d3009c4121590dd31712e7ed01afd00517c01885","messageTitle":"Fix CheckStyle errors","messageBody":"","fileTypesAndContributionMap":{"functional-code":{"insertions":19,"deletions":14}}},{"hash":"9c4d32fc7a9cabc9b802b6dcbb1170dde84520a0","messageTitle":"Add tests","messageBody":"","fileTypesAndContributionMap":{"test-code":{"insertions":21,"deletions":7}}},{"hash":"4aee853cbb998a8fd86bdf88b2839e4348e9a4ee","messageTitle":"Update UserGuide.md","messageBody":"","fileTypesAndContributionMap":{"docs":{"insertions":3,"deletions":3}}}]},{"date":"2021-03-17","commitResults":[{"hash":"266c8cb6bb97999bef680dee9e4447c21f2a4909","messageTitle":"Revert \"Merge branch \u0027master\u0027 into branch-filteredListByAttribute\"","messageBody":"This reverts commit be85254f6d737f017159e5df4cb16fd3a411598f, reversing\nchanges made to 4aee853cbb998a8fd86bdf88b2839e4348e9a4ee.\n","fileTypesAndContributionMap":{"functional-code":{"insertions":48,"deletions":1424},"other":{"insertions":0,"deletions":12},"docs":{"insertions":21,"deletions":146},"test-code":{"insertions":65,"deletions":753}}},{"hash":"4defcf4cebc307c98b635d48497bd02f172858cf","messageTitle":"Specify feedback message for each filtered attribute","messageBody":"","fileTypesAndContributionMap":{"functional-code":{"insertions":22,"deletions":5}}},{"hash":"87080c18acf4f2a2ae1e7b31b160e60fe34b9113","messageTitle":"Change if else to switch statements","messageBody":"","fileTypesAndContributionMap":{"functional-code":{"insertions":13,"deletions":4}}},{"hash":"3318d24e086b0d114f2f275d3365519ed023ee6b","messageTitle":"Revert \"Change if else to switch statements\"","messageBody":"This reverts commit 87080c18acf4f2a2ae1e7b31b160e60fe34b9113.\n","fileTypesAndContributionMap":{"functional-code":{"insertions":4,"deletions":13}}},{"hash":"8cfa078440ec467e2d6dcfe5d1350880113de0a1","messageTitle":"Revert \"Revert \"Change if else to switch statements\"\"","messageBody":"This reverts commit 3318d24e086b0d114f2f275d3365519ed023ee6b.\n","fileTypesAndContributionMap":{"functional-code":{"insertions":13,"deletions":4}}},{"hash":"42f2a4ee3ca73574a36919c816f43819df8414de","messageTitle":"Fix checkstyle error","messageBody":"","fileTypesAndContributionMap":{"functional-code":{"insertions":2,"deletions":1}}},{"hash":"365c39b429a1bc65a8a1ea693048eee1e9fc3a71","messageTitle":"Change if else to switch statement","messageBody":"","fileTypesAndContributionMap":{"functional-code":{"insertions":6,"deletions":5}}},{"hash":"b7ea9b5cfe468078b9377cdcce860bf194fb3a13","messageTitle":"Revert \"Revert \"Merge branch \u0027master\u0027 into branch-filteredListByAttribute\"\"","messageBody":"This reverts commit 266c8cb6bb97999bef680dee9e4447c21f2a4909.\n","fileTypesAndContributionMap":{"functional-code":{"insertions":1424,"deletions":48},"other":{"insertions":12,"deletions":0},"docs":{"insertions":146,"deletions":21},"test-code":{"insertions":753,"deletions":65}}},{"hash":"8b04d37c45b5bc61750bc5b54e69f23c9a5a00e6","messageTitle":"Revert \"Filter attributes for listed users\"","messageBody":"","fileTypesAndContributionMap":{"functional-code":{"insertions":1460,"deletions":333},"other":{"insertions":12,"deletions":0},"docs":{"insertions":153,"deletions":34},"test-code":{"insertions":758,"deletions":84}}},{"hash":"4eded3a6c58e7ac2201209a58b47572ba154544b","messageTitle":"Fixed bugs","messageBody":"","fileTypesAndContributionMap":{"functional-code":{"insertions":11,"deletions":12}}},{"hash":"9eddee518cc5016c6a6d73e2b7409fcdd374ce2d","messageTitle":"Update UserGuide.md","messageBody":"","fileTypesAndContributionMap":{"docs":{"insertions":0,"deletions":1}}},{"hash":"9afae957e89f0640dcd789dc8f435b464c946159","messageTitle":"Update PersonCard.java","messageBody":"","fileTypesAndContributionMap":{"functional-code":{"insertions":2,"deletions":0}}},{"hash":"ba3abd454ed02659cdc6f9cc611910b8929ed1a4","messageTitle":"Update PersonCard.java","messageBody":"","fileTypesAndContributionMap":{"functional-code":{"insertions":2,"deletions":1}}},{"hash":"47f02ed16bbb0ddcd99df9bee185a010e5c66eae","messageTitle":"Revert \"Merge branch \u0027master\u0027 into branch-filteredListByAttribute\"","messageBody":"This reverts commit 99e33b0d5bc177b86fdd1786d4f12acd5f1591c5, reversing\nchanges made to 9eddee518cc5016c6a6d73e2b7409fcdd374ce2d.\n","fileTypesAndContributionMap":{"functional-code":{"insertions":229,"deletions":40},"docs":{"insertions":11,"deletions":6},"test-code":{"insertions":18,"deletions":19}}},{"hash":"ef1fc064a34fdb0c04c70709ca4999d30d56bdae","messageTitle":"Put feedback string into static variable","messageBody":"","fileTypesAndContributionMap":{"functional-code":{"insertions":3,"deletions":1}}}]},{"date":"2021-03-19","commitResults":[{"hash":"7947e1f5738d5982fb03044d2b186c8db8ab850b","messageTitle":"Add attributes to the parsing of find commands","messageBody":"","fileTypesAndContributionMap":{"functional-code":{"insertions":47,"deletions":9}}},{"hash":"223782a21ad562607163bb948ae87dc43961474d","messageTitle":"Make list and find commands take in a list of attributes","messageBody":"","fileTypesAndContributionMap":{"functional-code":{"insertions":28,"deletions":18}}},{"hash":"c8a144034a27303144208f6826cf6621f1451bdc","messageTitle":"Add new constructor in Person class","messageBody":"Add constructor persons to create person object based on attributes present in attribute list\n","fileTypesAndContributionMap":{"functional-code":{"insertions":13,"deletions":22}}},{"hash":"58faf4c28a24710fc7a7a668ab9f1858ad0c15f4","messageTitle":"Update method to update person list by attribute","messageBody":"Change updatePersonListByAttribute method to take in an Attribute list instead of one Attribute\n","fileTypesAndContributionMap":{"functional-code":{"insertions":4,"deletions":3}}},{"hash":"5878a5de1fe341a376096440eb4494468a860280","messageTitle":"Abstract code into new method","messageBody":"","fileTypesAndContributionMap":{"functional-code":{"insertions":10,"deletions":1}}},{"hash":"82aaf4839488cebdffbc5f49627342cfaa5194f3","messageTitle":"Update list command to support multiple attributes","messageBody":"","fileTypesAndContributionMap":{"functional-code":{"insertions":46,"deletions":28}}},{"hash":"9efd0aeaba5b891ec295f74c5548b2a5c52d1cfa","messageTitle":"Update list command to support attributes","messageBody":"","fileTypesAndContributionMap":{"functional-code":{"insertions":66,"deletions":5}}},{"hash":"799dd14bcc9f87790bc60c50c290a307c93e8a21","messageTitle":"Make small changes so test classes are consistent","messageBody":"","fileTypesAndContributionMap":{"test-code":{"insertions":3,"deletions":2}}},{"hash":"72035d6e28729e3cb71edeaf518224185c56273b","messageTitle":"Revert \"Make small changes so test classes are consistent\"","messageBody":"This reverts commit 799dd14bcc9f87790bc60c50c290a307c93e8a21.\n","fileTypesAndContributionMap":{"test-code":{"insertions":2,"deletions":3}}},{"hash":"9ba06169ac3e7f0ff5031bcc01418a54f67605a9","messageTitle":"Revert \"Update list command to support attributes\"","messageBody":"This reverts commit 9efd0aeaba5b891ec295f74c5548b2a5c52d1cfa.\n","fileTypesAndContributionMap":{"functional-code":{"insertions":5,"deletions":66}}},{"hash":"cb07198873e86263eb125585ffd7c3aba2818207","messageTitle":"Revert \"Add attributes to the parsing of find commands\"","messageBody":"This reverts commit 7947e1f5738d5982fb03044d2b186c8db8ab850b.\n","fileTypesAndContributionMap":{"functional-code":{"insertions":9,"deletions":47}}},{"hash":"6bbd9b4141f3ec8a3f29c03edeeca725e4a63a4e","messageTitle":"Revert \"Make list and find commands take in a list of attributes\"","messageBody":"This reverts commit 223782a21ad562607163bb948ae87dc43961474d.\n","fileTypesAndContributionMap":{"functional-code":{"insertions":18,"deletions":28}}},{"hash":"8abaad336d07c080ce04640a89b2e12ff693e196","messageTitle":"Revert \"Add new constructor in Person class\"","messageBody":"This reverts commit c8a144034a27303144208f6826cf6621f1451bdc.\n","fileTypesAndContributionMap":{"functional-code":{"insertions":22,"deletions":13}}},{"hash":"2a8616f227ead2d8b6a569fa34180c9f7e030b45","messageTitle":"Revert \"Update method to update person list by attribute\"","messageBody":"This reverts commit 58faf4c28a24710fc7a7a668ab9f1858ad0c15f4.\n","fileTypesAndContributionMap":{"functional-code":{"insertions":3,"deletions":4}}},{"hash":"1ab43289a24806edfc796580ecb1b54b6f8ef859","messageTitle":"Revert \"Abstract code into new method\"","messageBody":"This reverts commit 5878a5de1fe341a376096440eb4494468a860280.\n","fileTypesAndContributionMap":{"functional-code":{"insertions":1,"deletions":10}}},{"hash":"4aeee480ca1ebea585b50297eb09c031c388e09c","messageTitle":"Revert \"Update list command to support multiple attributes\"","messageBody":"This reverts commit 82aaf4839488cebdffbc5f49627342cfaa5194f3.\n","fileTypesAndContributionMap":{"functional-code":{"insertions":28,"deletions":46}}},{"hash":"c4bf0dab7e4f47dec24171d7322dd41a3b5e3182","messageTitle":"Update parsing of find command to support attributes","messageBody":"","fileTypesAndContributionMap":{"functional-code":{"insertions":47,"deletions":9}}},{"hash":"97501a520cc3c2ba1bea22f9c9c36c50513c03a8","messageTitle":"Update method to parse multiple attributes","messageBody":"","fileTypesAndContributionMap":{"functional-code":{"insertions":22,"deletions":15}}},{"hash":"7faed063fc32b0ec8261184017c71208d2f35f7a","messageTitle":"Update list command parser to support multiple attributes","messageBody":"","fileTypesAndContributionMap":{"functional-code":{"insertions":6,"deletions":3}}},{"hash":"a8f618aa97d7cf4285eb99d99198aa48f989eafc","messageTitle":"Update list command to support multiple attributes","messageBody":"","fileTypesAndContributionMap":{"functional-code":{"insertions":46,"deletions":28}}},{"hash":"6d888dfa64b0e3918f279ac32380ec51ab655ddc","messageTitle":"Update method to filter list by multiple attributes","messageBody":"","fileTypesAndContributionMap":{"functional-code":{"insertions":4,"deletions":3}}},{"hash":"dbcbb32d1433c05cf8f36fcb3c52b624efd7ffce","messageTitle":"Update find command to support filtering attributes","messageBody":"","fileTypesAndContributionMap":{"functional-code":{"insertions":66,"deletions":5}}},{"hash":"aa152aa26bf44e7256abe55227b06203938d0022","messageTitle":"Add new constructor in Person class","messageBody":"Add new constructor in person class to create person object based on the input list of attributes\n","fileTypesAndContributionMap":{"functional-code":{"insertions":13,"deletions":22}}},{"hash":"430e10f3460241735b9d3b19960a52d93d3af652","messageTitle":"Modularise code into new method","messageBody":"","fileTypesAndContributionMap":{"functional-code":{"insertions":10,"deletions":1}}},{"hash":"aa5a0144a23361d9ac0146918a18b91994ab5e84","messageTitle":"Update UserGuide.md","messageBody":"","fileTypesAndContributionMap":{"docs":{"insertions":16,"deletions":8}}},{"hash":"d38474b9098fe1572f33a46af1ddd619d519a844","messageTitle":"Fixed parsing bug","messageBody":"","fileTypesAndContributionMap":{"functional-code":{"insertions":18,"deletions":13}}},{"hash":"e728b44b6b0f944f602b1bd1a4c4ec0049413d8e","messageTitle":"Fix checkstyle errors","messageBody":"","fileTypesAndContributionMap":{"functional-code":{"insertions":12,"deletions":4},"test-code":{"insertions":3,"deletions":2}}},{"hash":"54371c924f6f3b938237ed33c6f5f151cf61fe41","messageTitle":"Update message_usage of findcommand","messageBody":"","fileTypesAndContributionMap":{"functional-code":{"insertions":5,"deletions":4}}}]},{"date":"2021-03-23","commitResults":[{"hash":"9f865e7a493cdc0c95e1799efe36fe2dff21d68c","messageTitle":"Change boolean variable name to make it clearer","messageBody":"","fileTypesAndContributionMap":{"functional-code":{"insertions":6,"deletions":6}}}]}],"jlxw48":[{"date":"2021-02-25","commitResults":[{"hash":"203f932935daf901e629fa68c4396707e376f573","messageTitle":"Update README * Awaiting URLs for User Guide and Developer Guide","messageBody":"","fileTypesAndContributionMap":{"docs":{"insertions":13,"deletions":8}}},{"hash":"f6c51fa2f51f7a5730a2f4a1e750d735d417e8fa","messageTitle":"Fix coding style errors","messageBody":"","fileTypesAndContributionMap":{"docs":{"insertions":1,"deletions":5}}}]},{"date":"2021-03-01","commitResults":[{"hash":"f84b28cbc7af11fdbaad154905b8f4f89c029a2c","messageTitle":"Update links to UG and DG","messageBody":"","fileTypesAndContributionMap":{"docs":{"insertions":8,"deletions":8}}}]},{"date":"2021-03-02","commitResults":[{"hash":"0d564f2c85873943e344dab878411aa916925f88","messageTitle":"Update URL to User Guide","messageBody":"","fileTypesAndContributionMap":{"docs":{"insertions":2,"deletions":2}}},{"hash":"8a85a9c2483aaae71ff643adbb996a7c0d6ed8fd","messageTitle":"Update phrasing in index.md","messageBody":"","fileTypesAndContributionMap":{"docs":{"insertions":1,"deletions":1}}}]},{"date":"2021-03-09","commitResults":[{"hash":"68283c88bf1e371f6691895114038c493291bd93","messageTitle":"Add policyUrl field to Insurance Policy class","messageBody":"","fileTypesAndContributionMap":{"functional-code":{"insertions":49,"deletions":6}}},{"hash":"4c05677fba7dff69fa5a68b461359d57b77236bf","messageTitle":"Add functionality to add URL with policy","messageBody":"","fileTypesAndContributionMap":{"functional-code":{"insertions":50,"deletions":18},"test-code":{"insertions":4,"deletions":0}}}]},{"date":"2021-03-10","commitResults":[{"hash":"3d170ba76644b9d5415a3bf3e5090c31241e5559","messageTitle":"Update User Guide to explain policy URL delimiter","messageBody":"","fileTypesAndContributionMap":{"docs":{"insertions":8,"deletions":4}}},{"hash":"cf5270552c3a2eae6588b9765dbf6b6cbc608917","messageTitle":"Edit UI display for PersonCard with many policies","messageBody":"","fileTypesAndContributionMap":{"functional-code":{"insertions":4,"deletions":4}}}]},{"date":"2021-03-11","commitResults":[{"hash":"b018a48f60b3749d3537cbccf22dab1f9699de4f","messageTitle":"Add popup window to display policies","messageBody":"","fileTypesAndContributionMap":{"functional-code":{"insertions":281,"deletions":4}}},{"hash":"8b0c9d0099f080fe0325e653314817e58a25217c","messageTitle":"Add basic JavaDocs and tidy up code style","messageBody":"","fileTypesAndContributionMap":{"functional-code":{"insertions":37,"deletions":24},"test-code":{"insertions":7,"deletions":7}}}]},{"date":"2021-03-13","commitResults":[{"hash":"78379032f6cb5b245b8036c014aed9c0e2b06e24","messageTitle":"Update docs and tests to include policy URLs","messageBody":"","fileTypesAndContributionMap":{"functional-code":{"insertions":52,"deletions":10},"docs":{"insertions":1,"deletions":0},"test-code":{"insertions":82,"deletions":34}}},{"hash":"9e207cf8d9acc91bd23deb3ce48f6faab7d54f19","messageTitle":"Improve UI and code quality","messageBody":"","fileTypesAndContributionMap":{"functional-code":{"insertions":51,"deletions":34},"test-code":{"insertions":7,"deletions":6}}},{"hash":"99d6d775f10d6beea25a89142e5fc948ea28462e","messageTitle":"Fix coding style error","messageBody":"","fileTypesAndContributionMap":{"functional-code":{"insertions":5,"deletions":0}}}]},{"date":"2021-03-14","commitResults":[{"hash":"ba9ec33e8f655ddf023ba053e0a0b1cd07b6c164","messageTitle":"Fix issues mentioned by NBH99, update User Guide","messageBody":"","fileTypesAndContributionMap":{"functional-code":{"insertions":5,"deletions":8},"docs":{"insertions":17,"deletions":0},"test-code":{"insertions":7,"deletions":6}}},{"hash":"056140cbe457673273827bb8dd5e026bed8efac3","messageTitle":"Update according to PR comments from swayongshen","messageBody":"","fileTypesAndContributionMap":{"functional-code":{"insertions":41,"deletions":33},"docs":{"insertions":10,"deletions":8},"test-code":{"insertions":6,"deletions":6}}}]},{"date":"2021-03-15","commitResults":[{"hash":"5bd7282b923ff041765b91aec972780661de7186","messageTitle":"Fix coding style error due to merge conflict","messageBody":"","fileTypesAndContributionMap":{"functional-code":{"insertions":1,"deletions":1}}}]},{"date":"2021-03-16","commitResults":[{"hash":"1415b51e08ca4825f6615c5223fdf2507a70bb6e","messageTitle":"Fix issues with incorrect name being displayed","messageBody":"","fileTypesAndContributionMap":{"functional-code":{"insertions":11,"deletions":5}}},{"hash":"f986687504c95bd4c1d5e001dbaafc7bb26920a9","messageTitle":"Add tests for policy command","messageBody":"","fileTypesAndContributionMap":{"functional-code":{"insertions":3,"deletions":7},"test-code":{"insertions":124,"deletions":0}}},{"hash":"897180e57fb8bd142d28fd993f48233f923aa968","messageTitle":"Fix code styling errors","messageBody":"","fileTypesAndContributionMap":{"test-code":{"insertions":9,"deletions":8}}},{"hash":"098c1dca8bb04cac6e013fbba2606d249039dd3d","messageTitle":"Add tests for PolicyCommandParser","messageBody":"","fileTypesAndContributionMap":{"test-code":{"insertions":2,"deletions":0}}},{"hash":"1f9f4bbd2bfe3eea2ac27ab3894603003b3faf99","messageTitle":"Update tests for PolicyCommandParser","messageBody":"","fileTypesAndContributionMap":{"test-code":{"insertions":31,"deletions":1}}},{"hash":"fd6e3593f734dbfe569704f1f05733bd76495d0e","messageTitle":"Tidy up code style","messageBody":"","fileTypesAndContributionMap":{"functional-code":{"insertions":42,"deletions":20}}}]},{"date":"2021-03-18","commitResults":[{"hash":"42f138a669d7ef1af1211d95cf1a1937f0d32fb6","messageTitle":"Tidy up code according to PR comments","messageBody":"","fileTypesAndContributionMap":{"functional-code":{"insertions":5,"deletions":5},"test-code":{"insertions":2,"deletions":2}}}]},{"date":"2021-03-23","commitResults":[{"hash":"898edfe1457f6d2db328c5f501afcecc206aa3d2","messageTitle":"Change URL to our UG instead of AB3\u0027s UG","messageBody":"","fileTypesAndContributionMap":{"functional-code":{"insertions":1,"deletions":1}}},{"hash":"bcdd110ffd4b01dec6ae98c9dcb698480aa54983","messageTitle":"Edit UG","messageBody":"","fileTypesAndContributionMap":{"docs":{"insertions":197,"deletions":110}}},{"hash":"6af83132ea9cfda7158ff2b494ed4a75a24d9290","messageTitle":"Edit some formatting","messageBody":"","fileTypesAndContributionMap":{"docs":{"insertions":8,"deletions":7}}},{"hash":"ccafe8bfba24a6209f8f3b9f328eb6acd353d4a3","messageTitle":"Edit UG formatting","messageBody":"","fileTypesAndContributionMap":{"docs":{"insertions":34,"deletions":20}}},{"hash":"89baedcbf6ea7c76d532f700965382cd318cf53c","messageTitle":"Edit UG formatting","messageBody":"","fileTypesAndContributionMap":{"docs":{"insertions":11,"deletions":8}}},{"hash":"72b83c472a914ec9466f2eaefe48d524f7d8346d","messageTitle":"Edit UG formatting","messageBody":"","fileTypesAndContributionMap":{"docs":{"insertions":5,"deletions":4}}},{"hash":"3b6255d9908a6d6376f126ec2a27249440ae2f62","messageTitle":"Edit UG formatting","messageBody":"","fileTypesAndContributionMap":{"docs":{"insertions":6,"deletions":6}}},{"hash":"46b1b237bb2592f790772a01d6786c4e318df852","messageTitle":"Edit UG formatting","messageBody":"","fileTypesAndContributionMap":{"docs":{"insertions":25,"deletions":3}}},{"hash":"53cdb5e104e7c47c809467235e6cb8814a6fc6ab","messageTitle":"Update UG with table of contents","messageBody":"","fileTypesAndContributionMap":{"docs":{"insertions":43,"deletions":7}}},{"hash":"1004792d59d9b5236e0f4198c4fdbadd1600d756","messageTitle":"Update UG","messageBody":"","fileTypesAndContributionMap":{"docs":{"insertions":9,"deletions":5}}}]},{"date":"2021-03-24","commitResults":[{"hash":"4ae5a5a25bd34fd9e691b402fbdba6d9552f7c87","messageTitle":"Update DG","messageBody":"","fileTypesAndContributionMap":{"docs":{"insertions":35,"deletions":20}}},{"hash":"37a2dd3b28519ae69bfba4c0c19871c7ca2450a2","messageTitle":"Update UG according to PR comments","messageBody":"","fileTypesAndContributionMap":{"docs":{"insertions":34,"deletions":38}}},{"hash":"248a52ccd53dc04e10b7c61ecd1a964a8bcce26c","messageTitle":"Update table of contents","messageBody":"","fileTypesAndContributionMap":{"docs":{"insertions":42,"deletions":3}}},{"hash":"a692d0a91fd7846f07d86f9c4b8115e41c029aae","messageTitle":"Update Ug","messageBody":"","fileTypesAndContributionMap":{"docs":{"insertions":19,"deletions":19}}},{"hash":"58bfc4a1a4c5930eabec007dc58b48872e163999","messageTitle":"Update UG","messageBody":"","fileTypesAndContributionMap":{"docs":{"insertions":13,"deletions":13}}},{"hash":"a9ba250327c041d1f73399628ca3a133870842c0","messageTitle":"Update UG","messageBody":"","fileTypesAndContributionMap":{"docs":{"insertions":11,"deletions":11}}},{"hash":"10561d1437245ced7b58f87422b6e5574561ed47","messageTitle":"Update DG","messageBody":"","fileTypesAndContributionMap":{"docs":{"insertions":8,"deletions":7}}},{"hash":"fd827343a3379b63e76bd565f447fb34d884aecb","messageTitle":"Update UG based on PR comments","messageBody":"","fileTypesAndContributionMap":{"docs":{"insertions":88,"deletions":62}}},{"hash":"0a9b2c72de7f803f1a0ff99ed2dcaeaa101558a7","messageTitle":"Update UG formatting","messageBody":"","fileTypesAndContributionMap":{"docs":{"insertions":10,"deletions":9}}},{"hash":"01fc19712303be82d469014d07ec79daefbe978b","messageTitle":"Update UG formatting","messageBody":"","fileTypesAndContributionMap":{"docs":{"insertions":7,"deletions":4}}},{"hash":"aa3d9eacb511beb8b0c5cce247492de8889fa451","messageTitle":"Update UG formatting","messageBody":"","fileTypesAndContributionMap":{"docs":{"insertions":5,"deletions":7}}},{"hash":"b4e991df8fc6e5329434151a8b75c93d3798f074","messageTitle":"Update UG formatting","messageBody":"","fileTypesAndContributionMap":{"docs":{"insertions":11,"deletions":5}}},{"hash":"65b493c60c3b7948749dc28f0f4ed5d051563084","messageTitle":"Update UG formatting","messageBody":"","fileTypesAndContributionMap":{"docs":{"insertions":5,"deletions":3}}},{"hash":"d972dbb06252e90b586ae6ef76aabdff95c219ad","messageTitle":"Update UG formatting","messageBody":"","fileTypesAndContributionMap":{"docs":{"insertions":6,"deletions":6}}},{"hash":"8bba5c473f7f37a6639dc59bf3f190ca48d04881","messageTitle":"Update UG formatting to test table","messageBody":"","fileTypesAndContributionMap":{"docs":{"insertions":10,"deletions":2}}},{"hash":"4530986327d766ffd81ff93adfacaab340fc871c","messageTitle":"Update UG formatting","messageBody":"","fileTypesAndContributionMap":{"docs":{"insertions":30,"deletions":4}}},{"hash":"bfbc57b3b9dc6dcf4f54747a02c0672ecf0b0cd5","messageTitle":"Update UG formatting","messageBody":"","fileTypesAndContributionMap":{"docs":{"insertions":20,"deletions":13}}},{"hash":"1b81132817e8e5c88764e6a5eb9c1043bdedcddb","messageTitle":"Update UG formatting","messageBody":"","fileTypesAndContributionMap":{"docs":{"insertions":16,"deletions":10}}},{"hash":"4d0f0d352953f477472a0619d9c5374e3785e972","messageTitle":"Update UG formatting","messageBody":"","fileTypesAndContributionMap":{"docs":{"insertions":3,"deletions":2}}},{"hash":"16df119e1b405b937671525a407173f617aec745","messageTitle":"Update UG formatting","messageBody":"","fileTypesAndContributionMap":{"docs":{"insertions":15,"deletions":20}}},{"hash":"47b3e5eb2d1cb8771a377aac4f4c293b929439cc","messageTitle":"Update DG formatting","messageBody":"","fileTypesAndContributionMap":{"functional-code":{"insertions":2,"deletions":0},"docs":{"insertions":7,"deletions":16}}},{"hash":"9b7f563534bdb082a39d23eebdb83e26935be911","messageTitle":"Update DG formatting","messageBody":"","fileTypesAndContributionMap":{"docs":{"insertions":8,"deletions":6}}},{"hash":"38d3e5aef39760465e4a35c65a24770ad517c9b2","messageTitle":"Update DG formatting","messageBody":"","fileTypesAndContributionMap":{"docs":{"insertions":21,"deletions":5}}},{"hash":"611f4c9416ad814b6f81c598eeac1ab369718ffa","messageTitle":"Update DG formatting","messageBody":"","fileTypesAndContributionMap":{"docs":{"insertions":12,"deletions":12}}},{"hash":"131b0029bc3c885503e371daaffef5fa7d589aed","messageTitle":"Update DG formatting","messageBody":"","fileTypesAndContributionMap":{"docs":{"insertions":1,"deletions":0}}},{"hash":"956de428fe4838f766558edb17638c9c5715627b","messageTitle":"Update DG formatting","messageBody":"","fileTypesAndContributionMap":{"docs":{"insertions":1,"deletions":2}}},{"hash":"796732d40336420648ff990459e78cb6566274e6","messageTitle":"Update DG formatting","messageBody":"","fileTypesAndContributionMap":{"docs":{"insertions":1,"deletions":1}}},{"hash":"337b50c5a34f2e2d3f6a6a6e67d543e2d48ad9f2","messageTitle":"Update DG formatting","messageBody":"","fileTypesAndContributionMap":{"docs":{"insertions":8,"deletions":3}}},{"hash":"3cb38cb5cb5b28fae59094b833fcb01baf42120f","messageTitle":"Update DG formatting","messageBody":"","fileTypesAndContributionMap":{"docs":{"insertions":3,"deletions":10}}},{"hash":"abadf4d0e785b14a5c2a2d87b76ac6911d91d9c1","messageTitle":"Update DG formatting","messageBody":"","fileTypesAndContributionMap":{"docs":{"insertions":6,"deletions":2}}},{"hash":"df8c6393e32166fdd680d3a316985580048384e1","messageTitle":"Update DG formatting","messageBody":"","fileTypesAndContributionMap":{"docs":{"insertions":22,"deletions":7}}},{"hash":"1502640754962f717de37f7f2deba155151b1cc2","messageTitle":"Update DG formatting","messageBody":"","fileTypesAndContributionMap":{"docs":{"insertions":39,"deletions":14}}},{"hash":"09dd8b2318a558e7aae2017caa7c988ff4021be0","messageTitle":"Update DG formatting","messageBody":"","fileTypesAndContributionMap":{"docs":{"insertions":16,"deletions":10}}},{"hash":"e5cee095ffd89da2dd49a3c46a008079f97d171e","messageTitle":"Update DG format","messageBody":"","fileTypesAndContributionMap":{"docs":{"insertions":11,"deletions":11}}}]},{"date":"2021-03-25","commitResults":[{"hash":"317163cfa1308eda68b26b0c97f5413c4a214de8","messageTitle":"Update DG formatting","messageBody":"","fileTypesAndContributionMap":{"functional-code":{"insertions":0,"deletions":1},"docs":{"insertions":1,"deletions":1}}},{"hash":"63a572cfb4a4dbb5dac9a2fccf670ec26a70a9e0","messageTitle":"Update UG formatting","messageBody":"","fileTypesAndContributionMap":{"docs":{"insertions":4,"deletions":1}}},{"hash":"b9f16828e7d57deb7d18132801104330a35c5606","messageTitle":"Update UG formatting","messageBody":"","fileTypesAndContributionMap":{"docs":{"insertions":1,"deletions":1}}},{"hash":"84df53a043c9a648f2ab5f92157494264399328a","messageTitle":"Update DG formatting","messageBody":"","fileTypesAndContributionMap":{"docs":{"insertions":2,"deletions":2}}},{"hash":"993df60359b1e8553cbafc31db9ecc80efabd196","messageTitle":"Update DG formatting","messageBody":"","fileTypesAndContributionMap":{"docs":{"insertions":1,"deletions":1}}},{"hash":"2a8f8cd1598497a740a0a8b643f6a4d7cbaf812f","messageTitle":"Update DG formatting","messageBody":"","fileTypesAndContributionMap":{"docs":{"insertions":1,"deletions":0}}},{"hash":"d6f5313209c81b40100888bcb84b7293bc7ac18c","messageTitle":"Update version number","messageBody":"","fileTypesAndContributionMap":{"functional-code":{"insertions":1,"deletions":1}}},{"hash":"6ca8363b865173de2a300764c7d2889d204e8a3f","messageTitle":"Update DG with PolicyCommand Implementation","messageBody":"","fileTypesAndContributionMap":{"docs":{"insertions":123,"deletions":0}}},{"hash":"bcba8388fa4c8ddb10ba774f4b56ffcdcf80632a","messageTitle":"Update DG with implementation writeup","messageBody":"","fileTypesAndContributionMap":{"docs":{"insertions":26,"deletions":2}}},{"hash":"b49c3e74c69d7d439d6a525a1f45e9ed7bc1944d","messageTitle":"Update DG formatting","messageBody":"","fileTypesAndContributionMap":{"docs":{"insertions":2,"deletions":0}}}]}]},"authorFileTypeContributionMap":{"wongkokian":{"docs":1,"functional-code":283,"test-code":472,"other":2},"NBH99":{"docs":206,"functional-code":194,"test-code":130},"swayongshen":{"docs":159,"functional-code":234,"test-code":275,"other":1},"jay9645":{"docs":32,"functional-code":1213,"test-code":266,"other":12},"jlxw48":{"docs":736,"functional-code":309,"test-code":157}},"authorContributionVariance":{"wongkokian":8969.206,"NBH99":2517.0728,"swayongshen":18341.414,"jay9645":1881528.5,"jlxw48":34023.895},"authorDisplayNameMap":{"wongkokian":"CS2103T-W15-2 WONG.. IAN","NBH99":"CS2103T-W15-2 NG B..HONG","swayongshen":"CS2103T-W15-2 SWA ..SHEN","jay9645":"CS2103T-W15-2 JASO.. TAY","jlxw48":"CS2103T-W15-2 LEE ..REMY"}}
