{"authorDailyContributionsMap":{"jared98lyj":[{"date":"2021-03-01","commitResults":[{"hash":"feed92160363fac07fb4854079350a1ba21da394","messageTitle":"Updated user guide to include view_tutor command","messageBody":"","fileTypesAndContributionMap":{"docs":{"insertions":1,"deletions":0}}},{"hash":"5764aa4e058e03245afdbc8e032b58838428f6e9","messageTitle":"Updated developer guide to include NFRs.","messageBody":"","fileTypesAndContributionMap":{"docs":{"insertions":22,"deletions":4}}},{"hash":"ae097b3e1b97b76857cc67e3e3cbb4baeb033055","messageTitle":"Updated johndoe.md to my jared98lyj.md","messageBody":"","fileTypesAndContributionMap":{"docs":{"insertions":37,"deletions":50}}}]},{"date":"2021-03-02","commitResults":[{"hash":"3cbb5e2c3856008012e93e3845cc36da6731cd85","messageTitle":"Shifted view_tutor explanation to under Features. Summarized it under command summary","messageBody":"","fileTypesAndContributionMap":{"docs":{"insertions":10,"deletions":2}}}]},{"date":"2021-03-11","commitResults":[{"hash":"6599f66675836d219700b67099ed4266913388c8","messageTitle":"Cleaned up appointment class.","messageBody":"","fileTypesAndContributionMap":{"functional-code":{"insertions":85,"deletions":0}}}]},{"date":"2021-03-14","commitResults":[{"hash":"2c57492ad57a35568a0cbbb89b16a08233efc3aa","messageTitle":"Added Delete Appointment Command","messageBody":"","fileTypesAndContributionMap":{"functional-code":{"insertions":38,"deletions":2}}},{"hash":"12c05750ce3852dbf992c68fc197ae9c4fbaf7af","messageTitle":"Added add-appointment command. Fixed import line syntax errors","messageBody":"","fileTypesAndContributionMap":{"functional-code":{"insertions":30,"deletions":2}}},{"hash":"002bc0f8ceb79d08730e7e33b8b4ef56eb958d1f","messageTitle":"Added RemoveByIndex utility in AppointmentList. Updated Model and Model Manager with add and remove commands to link with UI.","messageBody":"","fileTypesAndContributionMap":{"functional-code":{"insertions":77,"deletions":1}}},{"hash":"c23d2e061741818dc16185c495e6a3ce87ac5209","messageTitle":"Fixed integration errors","messageBody":"","fileTypesAndContributionMap":{"functional-code":{"insertions":0,"deletions":1}}}]},{"date":"2021-03-16","commitResults":[{"hash":"7796a8a8f78eea6aec36b85991564de1779ae2c8","messageTitle":"1. Cleaned up Syntax Errors 2. Created storage methods across StorageMangager 3. Implemented Storage Helper classes (similar to address) for Appointment 4. Added a try-catch block in MainApp to handle load data if present else return from sampleDataUtil 5. Changed some of the test classes to accomodate the new StorageManager params for AppointmentBook","messageBody":"","fileTypesAndContributionMap":{"functional-code":{"insertions":437,"deletions":13},"test-code":{"insertions":44,"deletions":9}}}]}],"yutingzou":[{"date":"2021-02-23","commitResults":[{"hash":"a491e6e7f6be31d0e65e40cb62217fdf690ad97a","messageTitle":"UG: Add \u0027adding appointment\u0027 for features","messageBody":"","fileTypesAndContributionMap":{"docs":{"insertions":21,"deletions":124}}}]},{"date":"2021-02-25","commitResults":[{"hash":"27ee9b415d9a35a32caa7ca71035a9c315dc01ff","messageTitle":"DeveloperGuide: update use cases","messageBody":"","fileTypesAndContributionMap":{"docs":{"insertions":12,"deletions":12}}}]},{"date":"2021-02-26","commitResults":[{"hash":"4b1dc1fe5e3420a9503c64feb8d9f0596fbecd6e","messageTitle":"DeveloperGuide: update glossary","messageBody":"","fileTypesAndContributionMap":{"docs":{"insertions":6,"deletions":3}}},{"hash":"d810dbdc584ce623f2045fdceada801f6eb70621","messageTitle":"Add TutorList.java","messageBody":"","fileTypesAndContributionMap":{"functional-code":{"insertions":101,"deletions":0}}},{"hash":"1cab3b3f6199529ee1d5ead9d97304c3a48dbad2","messageTitle":"Add TagList.java","messageBody":"","fileTypesAndContributionMap":{"functional-code":{"insertions":161,"deletions":4}}},{"hash":"fdc0ea7310f67d0bacb9ce11bddb058b75513e53","messageTitle":"Add AppointmentList.java","messageBody":"","fileTypesAndContributionMap":{"functional-code":{"insertions":166,"deletions":29}}},{"hash":"9b3fed1b07032827c426138763f3a8743f4cb6fc","messageTitle":"Update user stories","messageBody":"","fileTypesAndContributionMap":{"docs":{"insertions":1,"deletions":6}}}]},{"date":"2021-02-28","commitResults":[{"hash":"20a84265534875e56698df079a960d866e484680","messageTitle":"Add yutingzou.md","messageBody":"","fileTypesAndContributionMap":{"docs":{"insertions":0,"deletions":0}}},{"hash":"c8bd39f6cf414f83a7338aa0feb81596d7d6b686","messageTitle":"Add yutingzou.md","messageBody":"","fileTypesAndContributionMap":{"docs":{"insertions":1,"deletions":0}}}]},{"date":"2021-03-10","commitResults":[{"hash":"6b7c8b7c5f74ec6d499c01618f6fb62d80c0d0ad","messageTitle":"Add TagNotFoundException.java","messageBody":"","fileTypesAndContributionMap":{"functional-code":{"insertions":7,"deletions":0}}},{"hash":"36159bc692db34e70cfdce927cb330b60de84f4f","messageTitle":"Add DuplicateTagException.java","messageBody":"","fileTypesAndContributionMap":{"functional-code":{"insertions":7,"deletions":0}}},{"hash":"5418babca0aa9ab12d0ad55ac86f6343ea0648c3","messageTitle":"Modify TagList.java","messageBody":"","fileTypesAndContributionMap":{"functional-code":{"insertions":0,"deletions":4}}},{"hash":"ab21fe16ff488694a27fbed4a2372bf42c136e44","messageTitle":"Modify TutorList.java","messageBody":"","fileTypesAndContributionMap":{"functional-code":{"insertions":20,"deletions":22}}},{"hash":"d2c58bcd252854b93826956848770849afc29afc","messageTitle":"Add TagListTest.java","messageBody":"","fileTypesAndContributionMap":{"test-code":{"insertions":20,"deletions":0}}},{"hash":"2c1be28499d9c3f75401fe60ea069b516b43f18d","messageTitle":"Add TagList.java and add method: isSameTag()","messageBody":"","fileTypesAndContributionMap":{"functional-code":{"insertions":149,"deletions":0}}},{"hash":"2b3fb40b0d62ba6c74e2eec4157a30eb38f2eec3","messageTitle":"Delete TagList.java","messageBody":"","fileTypesAndContributionMap":{"functional-code":{"insertions":0,"deletions":134},"test-code":{"insertions":0,"deletions":20}}},{"hash":"1dd743dcaa55b7efdec0fedf73ba873b28d92eca","messageTitle":"Remove unused import statements","messageBody":"","fileTypesAndContributionMap":{"functional-code":{"insertions":0,"deletions":8}}}]},{"date":"2021-03-11","commitResults":[{"hash":"38c7ea146c52cac4698c210e25ca8f9871fb6f20","messageTitle":"Add SubjectList.java and exceptions; remove TagList.java","messageBody":"","fileTypesAndContributionMap":{"functional-code":{"insertions":140,"deletions":129}}},{"hash":"6c48c1f3091a0f667c59bdfc2a2fcd397f9d41da","messageTitle":"Fix checkstyle errors","messageBody":"","fileTypesAndContributionMap":{"functional-code":{"insertions":1,"deletions":1}}},{"hash":"5d801e04db8dbb8a905030b187df5a7953e4d006","messageTitle":"Fix checkstyle error","messageBody":"","fileTypesAndContributionMap":{"functional-code":{"insertions":6,"deletions":6}}}]},{"date":"2021-03-13","commitResults":[{"hash":"7631cc2c5441ae3539b5243e2c63bafe2284324d","messageTitle":"Create appointment package and refactor Appointment.java and AppointmentList.java to appointment package","messageBody":"","fileTypesAndContributionMap":{"functional-code":{"insertions":125,"deletions":0},"other":{"insertions":1,"deletions":3}}},{"hash":"f96005cf3033df7d51ebf7a9f7f7d59bea66e453","messageTitle":"Add appointment exceptions","messageBody":"","fileTypesAndContributionMap":{"functional-code":{"insertions":14,"deletions":0}}},{"hash":"440064de084d961049e55f0ebbd82c859ffdedb0","messageTitle":"Fix checkstyle error","messageBody":"","fileTypesAndContributionMap":{"functional-code":{"insertions":15,"deletions":18}}},{"hash":"9cce365f6f85ed70a68c903cff6e4ff581e3a5ca","messageTitle":"Delete TutorList class","messageBody":"","fileTypesAndContributionMap":{"functional-code":{"insertions":0,"deletions":124}}}]},{"date":"2021-03-14","commitResults":[{"hash":"91bbd3388bc3ddaef3a09583f3066a764827584d","messageTitle":"Update success message","messageBody":"","fileTypesAndContributionMap":{"functional-code":{"insertions":1,"deletions":1}}},{"hash":"6fa5920e99f10ce9c097d723691bc3f2601676a0","messageTitle":"Add ViewCommand","messageBody":"","fileTypesAndContributionMap":{"functional-code":{"insertions":48,"deletions":0}}},{"hash":"84d88c97ebf210cdc96c2a3aa9d13bf33c167385","messageTitle":"Add ViewCommandParser","messageBody":"","fileTypesAndContributionMap":{"functional-code":{"insertions":21,"deletions":0}}},{"hash":"ce55652ab75bbf88b7c9b4427524683519351737","messageTitle":"Update TutorTrackerParser","messageBody":"","fileTypesAndContributionMap":{"functional-code":{"insertions":4,"deletions":9}}},{"hash":"a81528e0eb64387b041ce7e23d61ad882a105d0e","messageTitle":"Update ViewCommand to feedback tutor details","messageBody":"","fileTypesAndContributionMap":{"functional-code":{"insertions":6,"deletions":1}}},{"hash":"f39fc8245401203b6d74b0a6aa714fc47eb702f0","messageTitle":"Update CommandResult and MainWindow to show the details of tutor requested to view in GUI","messageBody":"","fileTypesAndContributionMap":{"functional-code":{"insertions":24,"deletions":5}}},{"hash":"e81073a064eb0a425255e4bc83c0f2a76cc5e29c","messageTitle":"Update ListCommand","messageBody":"","fileTypesAndContributionMap":{"functional-code":{"insertions":5,"deletions":1}}},{"hash":"bd8e28bbd9aa7942803491d4b56cdb12b7a54e09","messageTitle":"Update MainWindow to show all tutors","messageBody":"","fileTypesAndContributionMap":{"functional-code":{"insertions":23,"deletions":4}}},{"hash":"8c03b617d7790ba60acd11f6fc905750af2e3be2","messageTitle":"Fix checkstyle error","messageBody":"","fileTypesAndContributionMap":{"functional-code":{"insertions":3,"deletions":4}}},{"hash":"6b1aaea764bb29379b894eabbd590123cfb004eb","messageTitle":"Update CommandResult","messageBody":"","fileTypesAndContributionMap":{"functional-code":{"insertions":6,"deletions":2}}},{"hash":"f31472762029eb96701ef129d52de11c758b0422","messageTitle":"Fix checkstyle error","messageBody":"","fileTypesAndContributionMap":{"functional-code":{"insertions":1,"deletions":1}}},{"hash":"fb5afd465856a8d6690c74a5a720db320483a8ef","messageTitle":"Add use case: view tutor","messageBody":"","fileTypesAndContributionMap":{"docs":{"insertions":28,"deletions":5}}},{"hash":"3fdc1dd33a975bbce5ec4d33300ab36c5f2fe4b7","messageTitle":"Update use case: view tuition appointment","messageBody":"","fileTypesAndContributionMap":{"docs":{"insertions":10,"deletions":2}}},{"hash":"783bb8c3b1dd24846ac3780bda693e5b13c6d16c","messageTitle":"Update CommandResult","messageBody":"","fileTypesAndContributionMap":{"functional-code":{"insertions":6,"deletions":2}}},{"hash":"e5059b8c6052add1d47c91a1dcfb31ed1b68dfad","messageTitle":"Fix checkstyle error","messageBody":"","fileTypesAndContributionMap":{"functional-code":{"insertions":34,"deletions":13}}},{"hash":"ef4fa6269b5f8086483d596ffbc210a4708e727c","messageTitle":"Add ViewCommandTest","messageBody":"","fileTypesAndContributionMap":{"test-code":{"insertions":88,"deletions":0}}},{"hash":"b38a612aa0be4ab0a8a4b7aa286e0ea5be3a6d39","messageTitle":"Add ViewCommandParserTest","messageBody":"","fileTypesAndContributionMap":{"test-code":{"insertions":24,"deletions":0}}}]},{"date":"2021-03-15","commitResults":[{"hash":"b491754260d2a60fa4e187a5091373e4bc720e7d","messageTitle":"UserGuide: Update \u0027Viewing a tutor\u0027","messageBody":"","fileTypesAndContributionMap":{"docs":{"insertions":10,"deletions":5}}},{"hash":"0c5a19504bd06db0f905982de8b2672402d699b7","messageTitle":"Update TutorCard and TutorListCard to display list of subjects of each tutor","messageBody":"","fileTypesAndContributionMap":{"functional-code":{"insertions":18,"deletions":0}}}]},{"date":"2021-03-16","commitResults":[{"hash":"7c97c22fb6d19418dce8fb517f71923dc2cf44a2","messageTitle":"Update TutorCard","messageBody":"","fileTypesAndContributionMap":{"functional-code":{"insertions":1,"deletions":1}}},{"hash":"bf0380e3607bc0f2accb41d198503fc33aae5836","messageTitle":"Update user guide to remove all to/TIME_TO and make l/LOCATION compulsory for all appointment-related command","messageBody":"","fileTypesAndContributionMap":{"docs":{"insertions":11,"deletions":11}}}]}],"kingsleykuan":[{"date":"2021-02-27","commitResults":[{"hash":"63daa75c96e0bf23aa702e5297307b5cb0ae0a12","messageTitle":"Update README and product UI mockup","messageBody":"","fileTypesAndContributionMap":{"docs":{"insertions":7,"deletions":11}}},{"hash":"0b75075a71fd12cd1b461f9e5f2f036892605dc5","messageTitle":"Update product website","messageBody":"","fileTypesAndContributionMap":{"docs":{"insertions":7,"deletions":6}}},{"hash":"d294dc091d4647334e3a717e0661f99704bccf80","messageTitle":"Update About Us with basic team details and photos","messageBody":"","fileTypesAndContributionMap":{"docs":{"insertions":19,"deletions":23}}},{"hash":"4abce1aca3f4f283a2bae928267549aad216e9bf","messageTitle":"Update User Guide with add_tutor and list_tutors commands","messageBody":"","fileTypesAndContributionMap":{"docs":{"insertions":25,"deletions":143}}},{"hash":"6c2dd9613744c9d629edba4c91f9a8c8b59a271a","messageTitle":"Update target user profile and value proposition","messageBody":"","fileTypesAndContributionMap":{"docs":{"insertions":3,"deletions":6}}}]},{"date":"2021-02-28","commitResults":[{"hash":"28482b1e0e3fe033301e801f3bac78ec66e01b0c","messageTitle":"Add use cases for adding tutors and listing tutors","messageBody":"","fileTypesAndContributionMap":{"docs":{"insertions":14,"deletions":12}}},{"hash":"9091818dd5c02d17ce297cffcdcb9e2fe9546649","messageTitle":"Add user stories for v1.2","messageBody":"","fileTypesAndContributionMap":{"docs":{"insertions":14,"deletions":6}}},{"hash":"e5c7482c237cfad473f69f58d0bc7e2c86d4b284","messageTitle":"Update About Us with emails, roles, and portfolio links","messageBody":"","fileTypesAndContributionMap":{"docs":{"insertions":18,"deletions":11}}}]},{"date":"2021-03-01","commitResults":[{"hash":"044ea5d794d12d01b983469b66505bfcf11c412c","messageTitle":"Update add_tutor in User Guide to match new requirements","messageBody":"","fileTypesAndContributionMap":{"docs":{"insertions":11,"deletions":8}}},{"hash":"e0021417127df03eb3cb4fea686645498d30465c","messageTitle":"Update User Guide command summary","messageBody":"","fileTypesAndContributionMap":{"docs":{"insertions":1,"deletions":1}}},{"hash":"881c4c29ba4b149511b7e5c0e2b5883eb66c9849","messageTitle":"Add personal portfolio for Kingsley Kuan","messageBody":"","fileTypesAndContributionMap":{"docs":{"insertions":12,"deletions":0}}}]},{"date":"2021-03-02","commitResults":[{"hash":"426d4b329cc964a98b9b6942354ca6ed7c8b072c","messageTitle":"Update Vinleon\u0027s profile image name","messageBody":"","fileTypesAndContributionMap":{"docs":{"insertions":1,"deletions":1}}},{"hash":"83099ec9f5c757490dab51af9f5c558f21a6ea05","messageTitle":"Update UserGuide.md","messageBody":"","fileTypesAndContributionMap":{"docs":{"insertions":1,"deletions":1}}},{"hash":"2e32788b2846a66557e71c7dfe7b881bca0c4aa8","messageTitle":"Update UserGuide.md","messageBody":"","fileTypesAndContributionMap":{"docs":{"insertions":2,"deletions":0}}}]},{"date":"2021-03-03","commitResults":[{"hash":"410515e59c8b24b12a7ba25e994913d097012208","messageTitle":"Fix User Guide by moving features to bottom of feature section","messageBody":"","fileTypesAndContributionMap":{"docs":{"insertions":26,"deletions":26}}},{"hash":"3df88db6ff2f4df828734c65c1343d9a323d8e2f","messageTitle":"Fix User Guide by removing triangle brackets","messageBody":"","fileTypesAndContributionMap":{"docs":{"insertions":3,"deletions":1}}},{"hash":"4ad2d64ed9f49d5d61f5670f499429c1d3946744","messageTitle":"Fix User Guide by changing singleline comment to multiline comment","messageBody":"","fileTypesAndContributionMap":{"docs":{"insertions":2,"deletions":1}}}]},{"date":"2021-03-10","commitResults":[{"hash":"dec15420dd0f1fc2b36a3bf1547668378d21d20b","messageTitle":"Add subject classes","messageBody":"","fileTypesAndContributionMap":{"functional-code":{"insertions":361,"deletions":0}}},{"hash":"d8a1cd9727dd512027e5189d7d9650219d4b9b9c","messageTitle":"Add list of subjects to tutor","messageBody":"TODO:\n- Parsing of subjects\n- Editing of subjects\n- Sample data with subjects\n- Storage for subjects\n- Adapt PersonBuilder with subjects\n","fileTypesAndContributionMap":{"functional-code":{"insertions":57,"deletions":5},"test-code":{"insertions":16,"deletions":1}}},{"hash":"36170d5373baf6efb347efbc734a791652674eaa","messageTitle":"Implement Filterable interface for subject classes","messageBody":"","fileTypesAndContributionMap":{"functional-code":{"insertions":54,"deletions":6}}}]},{"date":"2021-03-11","commitResults":[{"hash":"8d88481403db31d9a1d87bbd89d9cb39aaa543d2","messageTitle":"Add Gender attribute to Person","messageBody":"TODO:\n- Add Command\n- Edit Command\n- Storage\n- Tests\n","fileTypesAndContributionMap":{"functional-code":{"insertions":39,"deletions":14},"test-code":{"insertions":14,"deletions":1}}}]},{"date":"2021-03-16","commitResults":[{"hash":"ebff27d5079f8e2a61330f0a3e9d157f12de07e2","messageTitle":"Add EditAppointmentDescriptor to Edit Appointment command","messageBody":"","fileTypesAndContributionMap":{"functional-code":{"insertions":91,"deletions":2}}},{"hash":"aade795dd4db377de2c262f63ea35e5f233ac6ab","messageTitle":"Add parsing of add_appointment command","messageBody":"TODO:\nMerge in new AppointmentDateTime class\nHandle toTime\n","fileTypesAndContributionMap":{"functional-code":{"insertions":70,"deletions":6}}},{"hash":"0285af20695845fc9b744e5dcd6667adee029060","messageTitle":"Fix checkstyle errors for appointment commands","messageBody":"","fileTypesAndContributionMap":{"functional-code":{"insertions":11,"deletions":3}}},{"hash":"6d10849dcfa0fb0caf21dcd11b5e6047c003af36","messageTitle":"Add appointment list accessors to model and add getters to Appointment","messageBody":"","fileTypesAndContributionMap":{"functional-code":{"insertions":63,"deletions":4}}},{"hash":"e52b127b709ec0f9dd0fa95d084a2a19140f3d47","messageTitle":"Add appointment parser stubs","messageBody":"","fileTypesAndContributionMap":{"functional-code":{"insertions":46,"deletions":0}}},{"hash":"675e1eaf9145bf6f5cc6261fa9b6b60245e04781","messageTitle":"Implement Edit Appointment parser and command","messageBody":"","fileTypesAndContributionMap":{"functional-code":{"insertions":65,"deletions":5}}},{"hash":"17cf3b32b23d69d30c28cc05bf34295201838ac7","messageTitle":"Update EditPersonDescriptor to include new attributes","messageBody":"","fileTypesAndContributionMap":{"functional-code":{"insertions":25,"deletions":2}}},{"hash":"4b6ec443b4c945f23d52bb4f523c3d9460fb150d","messageTitle":"Change List\u003cTutorSubject\u003e to SubjectList and modify Edit Person command","messageBody":"","fileTypesAndContributionMap":{"functional-code":{"insertions":32,"deletions":43},"test-code":{"insertions":6,"deletions":8}}},{"hash":"68d02c19e73fb736b792391c8e317158dc4487be","messageTitle":"Add parser utils for TutorSubject and SubjectList","messageBody":"","fileTypesAndContributionMap":{"functional-code":{"insertions":151,"deletions":0}}},{"hash":"7b48777ffb501efa9592bf74f59823e0a6d1b538","messageTitle":"Update Edit command parser to accept Gender and SubjectList","messageBody":"","fileTypesAndContributionMap":{"functional-code":{"insertions":30,"deletions":0}}},{"hash":"e6f752ca2f989eaf0e7e755d987be949ac0a5ff5","messageTitle":"Fix json storage for person after merge","messageBody":"","fileTypesAndContributionMap":{"functional-code":{"insertions":5,"deletions":4}}},{"hash":"15226ef190c51e0bf0eeeb6638563ea4cadfb480","messageTitle":"Fix checkstyle errors after merge","messageBody":"","fileTypesAndContributionMap":{"functional-code":{"insertions":14,"deletions":6}}},{"hash":"23bd1b13b63beb1faf3a6960307785fcac4d8ade","messageTitle":"Fix edit parser and command to use prefixes","messageBody":"","fileTypesAndContributionMap":{"functional-code":{"insertions":23,"deletions":4}}},{"hash":"87250da86d83ea50f948f65883ba8820fd7e756e","messageTitle":"Fix add appointment parser to use new AppointmentDateTime class","messageBody":"","fileTypesAndContributionMap":{"functional-code":{"insertions":3,"deletions":3}}},{"hash":"3e27ae2a392f2986806932164287c4a27c0e700c","messageTitle":"Fix Appointment in using AppointmentDateTime and fix LocalDateTime formatting","messageBody":"","fileTypesAndContributionMap":{"functional-code":{"insertions":11,"deletions":42}}}]},{"date":"2021-03-17","commitResults":[{"hash":"414b10fa26da9ecaf2c3eb1f98a7eef20a44b458","messageTitle":"Fix edit_appointment command after merge with master","messageBody":"","fileTypesAndContributionMap":{"functional-code":{"insertions":29,"deletions":11}}},{"hash":"9ae12538218b449dea56e873f1ebba55f45bff2e","messageTitle":"Fix checkstyle errors after merging master into edit appointment command","messageBody":"","fileTypesAndContributionMap":{"functional-code":{"insertions":10,"deletions":9}}},{"hash":"73cf6f759d2a6a1dff03a4011ec68884748905ab","messageTitle":"Fix date time formatting as well as date time format in sample data","messageBody":"","fileTypesAndContributionMap":{"functional-code":{"insertions":7,"deletions":7}}}]}],"glatiuden":[{"date":"2021-02-25","commitResults":[{"hash":"f1e1e2e906ee537d6efdadfaa0d1d2eb15cc035c","messageTitle":"Update user guide on list appointments section","messageBody":"","fileTypesAndContributionMap":{"functional-code":{"insertions":1,"deletions":1},"docs":{"insertions":17,"deletions":12}}},{"hash":"7a1d7cb5122c9b8369b7d2bb32111ed68409cfdd","messageTitle":"Fixed introduction formatting","messageBody":"","fileTypesAndContributionMap":{"docs":{"insertions":1,"deletions":1}}},{"hash":"f6906541c28afd4bbe8641777eebc35fe11ac52c","messageTitle":"Fix HelpWindow URL","messageBody":"","fileTypesAndContributionMap":{"functional-code":{"insertions":1,"deletions":1}}},{"hash":"f9e141b65caad016f965261dcd22f55e1e85ffb4","messageTitle":"Edit DG introduction, architecture and logic section","messageBody":"","fileTypesAndContributionMap":{"docs":{"insertions":56,"deletions":43}}},{"hash":"b5998b918cef9db4f54ca8d9aa0c27b0c70f1239","messageTitle":"Fix formatting, update user stories and use case for list","messageBody":"","fileTypesAndContributionMap":{"docs":{"insertions":58,"deletions":36}}},{"hash":"e9698faa8ede853b8e7ca2d326d1aef36cdf3b38","messageTitle":"Fix typo","messageBody":"","fileTypesAndContributionMap":{"docs":{"insertions":5,"deletions":5}}}]},{"date":"2021-02-28","commitResults":[{"hash":"caf1d70251fa8a886b3de9ec409d0a22645b24d5","messageTitle":"Update yutingzou.md","messageBody":"Add new line in the file for the CI check","fileTypesAndContributionMap":{"docs":{"insertions":1,"deletions":1}}}]},{"date":"2021-03-01","commitResults":[{"hash":"bfc60ff9404b527db5bffe226cf57563fff22313","messageTitle":"Update DeveloperGuide.md","messageBody":"Remove preconditions from Use Case","fileTypesAndContributionMap":{"docs":{"insertions":0,"deletions":1}}},{"hash":"3c0e0c9ddc47c1edcf04f50ec447638585b72d14","messageTitle":"Add About Me: Koh Vinleon (glatiuden)","messageBody":"","fileTypesAndContributionMap":{"docs":{"insertions":7,"deletions":29}}},{"hash":"a7628a8046c624c2a268bd99b2a2967e4ee90e2b","messageTitle":"Rename file name to glatiuden.md","messageBody":"","fileTypesAndContributionMap":{"docs":{"insertions":53,"deletions":7}}}]},{"date":"2021-03-02","commitResults":[{"hash":"ad47f643bbe0932c13b7d8460ded852cd03ecbd8","messageTitle":"Resolve merge conflict, formatting of about me and fix Ui.png","messageBody":"","fileTypesAndContributionMap":{"docs":{"insertions":2,"deletions":1}}},{"hash":"846ed366f7823143e9dbc44f677b724b5a36aae1","messageTitle":"Resolve merge conflicts on DG","messageBody":"","fileTypesAndContributionMap":{"docs":{"insertions":6,"deletions":4}}},{"hash":"41a6a9b68a6a750865a6558d0816e11e1d128d03","messageTitle":"Update docs/UserGuide.md","messageBody":"","fileTypesAndContributionMap":{"docs":{"insertions":1,"deletions":1}}}]},{"date":"2021-03-03","commitResults":[{"hash":"e92a4d8574de311a0efddce10b254fc529c869fe","messageTitle":"Remove trailing space for Java CI checks","messageBody":"","fileTypesAndContributionMap":{"docs":{"insertions":16,"deletions":15}}},{"hash":"ca04066a190809d895280978c908ce2aa857f957","messageTitle":"Fix DG and UG formatting","messageBody":"","fileTypesAndContributionMap":{"docs":{"insertions":122,"deletions":162}}},{"hash":"e6fb98be4c215378633aaf43207477a5d156bef7","messageTitle":"Fix Winnie and Yuting\u0027s About Me Pages","messageBody":"","fileTypesAndContributionMap":{"docs":{"insertions":42,"deletions":0}}},{"hash":"73c3fa9cee30f6ffd92c88af31bda7d295fff277","messageTitle":"Fix DG user stories formatting","messageBody":"","fileTypesAndContributionMap":{"docs":{"insertions":34,"deletions":31}}}]},{"date":"2021-03-10","commitResults":[{"hash":"503ba2d7436087f6b995bbf1512988f9b685a96f","messageTitle":"Update and redesign Ui","messageBody":"","fileTypesAndContributionMap":{"functional-code":{"insertions":636,"deletions":18},"other":{"insertions":14,"deletions":15},"docs":{"insertions":1,"deletions":1}}},{"hash":"12ea1a94fdef7762cdfae38540babb5de398ea23","messageTitle":"Add Appointment Commands and Parser classes","messageBody":"","fileTypesAndContributionMap":{"functional-code":{"insertions":459,"deletions":4},"other":{"insertions":28,"deletions":3}}},{"hash":"f0a1cf79ecd24237be808276dcbcde55331f1fa4","messageTitle":"Edit imports to fix styling issues","messageBody":"","fileTypesAndContributionMap":{"functional-code":{"insertions":57,"deletions":99}}},{"hash":"5c4e46c975d870b09deccd884aaf52a7242d5aa9","messageTitle":"Fix command word attributes","messageBody":"","fileTypesAndContributionMap":{"functional-code":{"insertions":6,"deletions":6}}},{"hash":"4cd8e048faad5e958d8d6f3bb4da11b11de5e002","messageTitle":"Fix the test case command","messageBody":"","fileTypesAndContributionMap":{"test-code":{"insertions":1,"deletions":1}}}]},{"date":"2021-03-16","commitResults":[{"hash":"95ffa239a976a3a7b0b410047743a456ee1f8c18","messageTitle":"Add Appointment related List, Book and exceptions classes","messageBody":"","fileTypesAndContributionMap":{"functional-code":{"insertions":260,"deletions":0}}},{"hash":"2c0286aee6bd8d61440f89077d69f54a5b5aa03b","messageTitle":"Add Appointment sample data","messageBody":"","fileTypesAndContributionMap":{"functional-code":{"insertions":43,"deletions":2}}},{"hash":"d9f5582001c1ead36bd762b68a9418dd4e25ec64","messageTitle":"Modify the Appointment Model related files to fit to requirements","messageBody":"","fileTypesAndContributionMap":{"functional-code":{"insertions":158,"deletions":8}}},{"hash":"74ce3eab2f18584ff745499f3799bfea1a043df0","messageTitle":"Modify Logic to fit Find Appointment Command","messageBody":"","fileTypesAndContributionMap":{"functional-code":{"insertions":15,"deletions":5}}},{"hash":"6967c6350c2614a80f66cd272bec743555cc4332","messageTitle":"Modify Ui to support Find Appointment Command","messageBody":"","fileTypesAndContributionMap":{"functional-code":{"insertions":17,"deletions":37}}},{"hash":"90aeaa6b0459adbceea2a395a43882bbaad5bfd3","messageTitle":"Add AppointmentDateTime","messageBody":"","fileTypesAndContributionMap":{"functional-code":{"insertions":109,"deletions":17}}},{"hash":"538738d3762dff54c848909020a547bca3e96c73","messageTitle":"Add ViewAppointmentCommand and ViewAppointmentCommandParser","messageBody":"","fileTypesAndContributionMap":{"functional-code":{"insertions":102,"deletions":32}}},{"hash":"705e2b5f879d7d5768d8e663debcc197c5528573","messageTitle":"Implement ListAppointmentCommand","messageBody":"","fileTypesAndContributionMap":{"functional-code":{"insertions":19,"deletions":5}}},{"hash":"9e811cf7e243aca5fe0bae1db04070e43598591e","messageTitle":"Refractor predicate to a separate class","messageBody":"","fileTypesAndContributionMap":{"functional-code":{"insertions":40,"deletions":21}}},{"hash":"8ac8dc4ec9b289a2f9bd80043f50ff3d3ccb52ff","messageTitle":"Change ViewAppointment from index to date","messageBody":"","fileTypesAndContributionMap":{"functional-code":{"insertions":87,"deletions":60}}},{"hash":"046aafc12a581844a741d0f847be75b5a9f2cb96","messageTitle":"Fix merge conflict","messageBody":"","fileTypesAndContributionMap":{"functional-code":{"insertions":152,"deletions":187}}},{"hash":"6b768a42ffcbfbad46823d933cd3d8be721d94fb","messageTitle":"Fix styling issues","messageBody":"","fileTypesAndContributionMap":{"functional-code":{"insertions":38,"deletions":58}}},{"hash":"298ec4a0645e2ceabf6b43895980079187f57b15","messageTitle":"Fix import issue","messageBody":"","fileTypesAndContributionMap":{"functional-code":{"insertions":7,"deletions":1}}},{"hash":"e0ded33b2f9267f880bea509c1043973b78a6fe2","messageTitle":"Re-instantiate AppointmentList temporarily","messageBody":"","fileTypesAndContributionMap":{"functional-code":{"insertions":6,"deletions":0}}}]}],"Winniehyx":[{"date":"2021-02-28","commitResults":[{"hash":"6eda3a0af419a6d2ae0d994a6419ce089d41be66","messageTitle":"Update UserGuide: view appointment, delete appointment","messageBody":"","fileTypesAndContributionMap":{"docs":{"insertions":25,"deletions":174}}},{"hash":"4d1db6666f79038cd16c9f269e7dbda5a76e7035","messageTitle":"DeveloperGuide: update use cases","messageBody":"","fileTypesAndContributionMap":{"docs":{"insertions":3,"deletions":7}}},{"hash":"8010d2093edb6b0c96e8a2f26ca3572816b3bdf9","messageTitle":"DeveloperGuide: update use cases","messageBody":"","fileTypesAndContributionMap":{"docs":{"insertions":24,"deletions":7}}},{"hash":"20b1ac9502fc2b6c3ca204ae50691758c663986e","messageTitle":"Update design details - Model \u0026 Storage Update user stories Add use case for view applications \u0026 delete information","messageBody":"","fileTypesAndContributionMap":{"docs":{"insertions":5,"deletions":5}}},{"hash":"60794c2802051487f87ac8f2e200c1419106df12","messageTitle":"Add Name.java, Gender.java , Address.java, Email.java, Phone.java, Location.java under Tag and Gender.java under Person","messageBody":"","fileTypesAndContributionMap":{"functional-code":{"insertions":240,"deletions":0},"test-code":{"insertions":0,"deletions":6}}}]},{"date":"2021-03-01","commitResults":[{"hash":"ef6ad13143cf2e971ff707435dbeae7e93b257ba","messageTitle":"Info about me: Winniehyx.md","messageBody":"","fileTypesAndContributionMap":{"docs":{"insertions":1,"deletions":0}}},{"hash":"b4d3a837b6d3d9cc6dd412eac6cc5bc2e61594e6","messageTitle":"Fixed typos in DeveloperGuide.md","messageBody":"","fileTypesAndContributionMap":{"docs":{"insertions":4,"deletions":4}}}]},{"date":"2021-03-09","commitResults":[{"hash":"80d72707e311905747b5d354495abb7cd4305a86","messageTitle":"Implemented taggable abstract class","messageBody":"","fileTypesAndContributionMap":{"functional-code":{"insertions":47,"deletions":187}}}]},{"date":"2021-03-10","commitResults":[{"hash":"7a97343eba0edf3cd36d38eebcc4ebea248a36c5","messageTitle":"Changed abstract Taggable class to Filterable interface","messageBody":"","fileTypesAndContributionMap":{"functional-code":{"insertions":18,"deletions":18},"test-code":{"insertions":2,"deletions":0}}},{"hash":"8399639f5e71d118bd02d2361fb253dc03234a8e","messageTitle":"Fixed Checkstyle issues","messageBody":"","fileTypesAndContributionMap":{"functional-code":{"insertions":12,"deletions":16}}},{"hash":"6dfb91cc91d5ed9cce02fb05ef3e9e31b4f1a2b6","messageTitle":"Added import name into the files","messageBody":"","fileTypesAndContributionMap":{"test-code":{"insertions":4,"deletions":0}}},{"hash":"3b8ce80a0c5fc6c39395ad8c70004b376c025ff1","messageTitle":"Fixed Checkstyle issues","messageBody":"","fileTypesAndContributionMap":{"test-code":{"insertions":2,"deletions":2}}}]},{"date":"2021-03-15","commitResults":[{"hash":"55edce45058a349c1bda7efb8890f07f23a42ba8","messageTitle":"Add add_tutor, delete_tutor and storage for tutor","messageBody":"","fileTypesAndContributionMap":{"functional-code":{"insertions":236,"deletions":21}}},{"hash":"66e15f0955f09d68b663421f441dfa01d5f9aae5","messageTitle":"Fixed import statements for ParserUtil","messageBody":"","fileTypesAndContributionMap":{"functional-code":{"insertions":16,"deletions":3}}},{"hash":"6b157c6afff80ed127d6e0e544356b97fe13ee7b","messageTitle":"Updated test cases","messageBody":"","fileTypesAndContributionMap":{"test-code":{"insertions":86,"deletions":57}}},{"hash":"f51863b2194ea1ec695e458e48edbbcd651e822d","messageTitle":"Fixed Test cases","messageBody":"","fileTypesAndContributionMap":{"test-code":{"insertions":48,"deletions":9}}}]},{"date":"2021-03-16","commitResults":[{"hash":"b3e0030dcd92876cfed38a40112ae81c764f56a9","messageTitle":"Amended tutorSubject to subjectList","messageBody":"","fileTypesAndContributionMap":{"functional-code":{"insertions":3,"deletions":3}}}]}]},"authorFileTypeContributionMap":{"jared98lyj":{"docs":53,"functional-code":555,"test-code":44},"yutingzou":{"docs":66,"functional-code":468,"test-code":112},"kingsleykuan":{"docs":115,"functional-code":957,"test-code":27},"glatiuden":{"docs":213,"functional-code":1626,"test-code":3},"Winniehyx":{"docs":10,"functional-code":231,"test-code":117}},"authorContributionVariance":{"jared98lyj":9943.071,"yutingzou":20834.059,"kingsleykuan":30085.285,"glatiuden":140368.89,"Winniehyx":17438.11},"authorDisplayNameMap":{"jared98lyj":"CS2103-T14-3 LIM ..ARED","yutingzou":"CS2103-T14-3 ZOU ..TING","kingsleykuan":"CS2103-T14-3 KING.. HAO","glatiuden":"CS2103-T14-3 KOH ..LEON","Winniehyx":"CS2103-T14-3 WINN..XUAN"}}
