{"authorDailyContributionsMap":{"lrj689":[{"date":"2021-03-01","commitResults":[{"hash":"9ce7480a1adb483fe017081d0fbf900fc12ea517","messageTitle":"Add lrj689.png","messageBody":"Update AboutUs.md\n","fileTypesAndContributionMap":{"docs":{"insertions":6,"deletions":6}}}]},{"date":"2021-03-04","commitResults":[{"hash":"22cba3d8e626f96468ab9845e23d357d5802fbb8","messageTitle":"Update UserGuide task section","messageBody":"","fileTypesAndContributionMap":{"docs":{"insertions":26,"deletions":165}}},{"hash":"a263323ff2c4e800bd5134279a1da870cdf3f471","messageTitle":"Fix double hash","messageBody":"","fileTypesAndContributionMap":{"docs":{"insertions":4,"deletions":4}}},{"hash":"558117ccdbf1cca588f7417d4cf22f67198cd739","messageTitle":"Update DG","messageBody":"","fileTypesAndContributionMap":{"docs":{"insertions":58,"deletions":330}}},{"hash":"b593f0cecc5339e40efe7dcefff405bce9477085","messageTitle":"Fix markdown issues","messageBody":"","fileTypesAndContributionMap":{"docs":{"insertions":19,"deletions":30}}},{"hash":"322786d0195cb1edb9ba553a2fd0bd331724a81b","messageTitle":"Update spacing","messageBody":"","fileTypesAndContributionMap":{"docs":{"insertions":9,"deletions":2}}},{"hash":"83dca298f6d1075f598539b6131b527a8dfaeaf2","messageTitle":"Update DeveloperGuide.md","messageBody":"","fileTypesAndContributionMap":{"docs":{"insertions":1,"deletions":1}}}]},{"date":"2021-03-14","commitResults":[{"hash":"17ce8d581ec17be541c251c3f8f0b8c64db0d5e4","messageTitle":"Model: Add task package","messageBody":"","fileTypesAndContributionMap":{"functional-code":{"insertions":276,"deletions":0}}},{"hash":"c11e29ba388bd216a98e3955d22a12ab80b6d361","messageTitle":"Fix line eof","messageBody":"","fileTypesAndContributionMap":{"functional-code":{"insertions":1,"deletions":1},"docs":{"insertions":1,"deletions":2}}},{"hash":"72cf560d7f3414d2bb812a5db256bf219e7bb729","messageTitle":"Update code cleanliness","messageBody":"","fileTypesAndContributionMap":{"functional-code":{"insertions":26,"deletions":4}}}]},{"date":"2021-03-15","commitResults":[{"hash":"96e89953b6e85eeecf0175c7c2b4b7ee2b535b05","messageTitle":"Add task adding functionality, Fixed typos","messageBody":"","fileTypesAndContributionMap":{"functional-code":{"insertions":174,"deletions":25}}},{"hash":"71a505828f2551a21d384e2c0a437d610a043a49","messageTitle":"Update format","messageBody":"","fileTypesAndContributionMap":{"functional-code":{"insertions":5,"deletions":4}}},{"hash":"d2ac199d33356ae3080a8feb4f17fc05b7379579","messageTitle":"Update coding style.","messageBody":"","fileTypesAndContributionMap":{"functional-code":{"insertions":46,"deletions":11},"test-code":{"insertions":11,"deletions":0}}}]},{"date":"2021-03-16","commitResults":[{"hash":"cad4ca718e5aca64d28ea571e06ca789cee2fee5","messageTitle":"Add DeleteTaskCommand","messageBody":"","fileTypesAndContributionMap":{"functional-code":{"insertions":121,"deletions":4},"test-code":{"insertions":5,"deletions":0}}},{"hash":"621718b4df78e4702e8291b57d7900fa40e5cd0b","messageTitle":"Update delete task command message","messageBody":"","fileTypesAndContributionMap":{"functional-code":{"insertions":1,"deletions":1}}},{"hash":"be7085acd6ca6bebb604fdb70c88b13d459a8aa9","messageTitle":"Add task storage functionality (incomplete)","messageBody":"","fileTypesAndContributionMap":{"functional-code":{"insertions":90,"deletions":2}}},{"hash":"64c913d9222836604b57980611951dcabbac0a53","messageTitle":"Add storage functionality for task and schedule list.","messageBody":"","fileTypesAndContributionMap":{"functional-code":{"insertions":191,"deletions":23},"test-code":{"insertions":7,"deletions":0}}},{"hash":"6422e4d0205538e7e50fb7dc3d64c39c595f35ca","messageTitle":"Update schedules to LocalDateTime, update storage functionality","messageBody":"","fileTypesAndContributionMap":{"functional-code":{"insertions":147,"deletions":25}}},{"hash":"cdc4376c7bba1ef9b254935726104952dde5bb73","messageTitle":"Fix import statement ordering","messageBody":"","fileTypesAndContributionMap":{"functional-code":{"insertions":1,"deletions":1}}},{"hash":"b7e4d6ea9c7694a072ed7a8c6f6ead2ad4cfd52d","messageTitle":"Remove duplicates","messageBody":"","fileTypesAndContributionMap":{"functional-code":{"insertions":1,"deletions":10}}},{"hash":"479c4dda378d58302503a77fb41b08bcd77d05ed","messageTitle":"Update Storage test cases.","messageBody":"","fileTypesAndContributionMap":{"test-code":{"insertions":15,"deletions":5}}}]},{"date":"2021-03-23","commitResults":[{"hash":"89862956a24fff826b83ee60f2b5284386c1ca8d","messageTitle":"Update default window sizes","messageBody":"","fileTypesAndContributionMap":{"functional-code":{"insertions":2,"deletions":2}}}]}],"tsh22":[{"date":"2021-03-01","commitResults":[{"hash":"d34cc1d07b0aefcb424fad939b0aa068a2862cff","messageTitle":"Update AboutUs.md with personal image and github link","messageBody":"","fileTypesAndContributionMap":{"docs":{"insertions":3,"deletions":4}}}]},{"date":"2021-03-02","commitResults":[{"hash":"e03a85bc091a4e163232fa024c2022d68cc3f1db","messageTitle":"Update website contents to match project","messageBody":"","fileTypesAndContributionMap":{"docs":{"insertions":12,"deletions":9}}},{"hash":"cb797aa5a012faea655aedc1a8a62b3af9451a1c","messageTitle":"Update index.md","messageBody":"","fileTypesAndContributionMap":{"docs":{"insertions":3,"deletions":3}}}]},{"date":"2021-03-04","commitResults":[{"hash":"0efddbe6bfdf31875ef488609b5d8251cbf7a378","messageTitle":"Add Command Summary to User Guide.md","messageBody":"","fileTypesAndContributionMap":{"docs":{"insertions":28,"deletions":182}}},{"hash":"64dc3d93ca05ddadbedd20845e7b6332d88c91c6","messageTitle":"Add user stories to Developer Guide","messageBody":"","fileTypesAndContributionMap":{"docs":{"insertions":17,"deletions":347}}},{"hash":"cea5cab09a563a64f5f129c215c177371cbe45fc","messageTitle":"Add new line to EOF","messageBody":"","fileTypesAndContributionMap":{"docs":{"insertions":1,"deletions":1}}},{"hash":"1c4b605d179a36ce3ce935d3f221cea9b2655d2f","messageTitle":"Update wording of user stories","messageBody":"","fileTypesAndContributionMap":{"docs":{"insertions":3,"deletions":3}}}]},{"date":"2021-03-15","commitResults":[{"hash":"06fb06f4272bd967818d993a910bfef31fd9109e","messageTitle":"Add FindTaskCommand","messageBody":"","fileTypesAndContributionMap":{"functional-code":{"insertions":115,"deletions":1}}},{"hash":"3983aa47ee193ec993303e88c51e54f7d14c02bd","messageTitle":"Modify indentation","messageBody":"","fileTypesAndContributionMap":{"functional-code":{"insertions":1,"deletions":1}}},{"hash":"3869e2bea57d21c7b26ec2ced0b7694de8b140c7","messageTitle":"Modify tests to include new find task command","messageBody":"","fileTypesAndContributionMap":{"test-code":{"insertions":11,"deletions":0}}},{"hash":"0b2cb9ed08f979b104de98324901accfa3c41481","messageTitle":"Update tests","messageBody":"","fileTypesAndContributionMap":{"test-code":{"insertions":7,"deletions":0}}}]},{"date":"2021-03-16","commitResults":[{"hash":"e0e6750cb4a3ccade722d34b7c86fe577bb81934","messageTitle":"Update comments","messageBody":"","fileTypesAndContributionMap":{"functional-code":{"insertions":2,"deletions":2}}},{"hash":"151a4336ec1bc637f30c49744accc7de3410bc09","messageTitle":"Update comments","messageBody":"","fileTypesAndContributionMap":{"functional-code":{"insertions":2,"deletions":2}}},{"hash":"1f2ead12e532a824254b22c33b12523f7ad8c9e3","messageTitle":"Remove duplicated code","messageBody":"","fileTypesAndContributionMap":{"functional-code":{"insertions":0,"deletions":3}}},{"hash":"4bcd7188b49749e9824d0ab4702fb7bea957ffb6","messageTitle":"Add ui components for task list","messageBody":"","fileTypesAndContributionMap":{"functional-code":{"insertions":108,"deletions":0}}},{"hash":"e02be2832204c57260d2d0ceb76903374dab7a9c","messageTitle":"Add ui components for schedule list","messageBody":"","fileTypesAndContributionMap":{"functional-code":{"insertions":114,"deletions":0}}},{"hash":"a7b30f41da4996708b42596703a745d62450ce44","messageTitle":"Add ui of task and schedule list to main window","messageBody":"","fileTypesAndContributionMap":{"functional-code":{"insertions":14,"deletions":0}}},{"hash":"bb43a99a6822db3b00f9555a311aa74f52adad86","messageTitle":"Remove unused import statement","messageBody":"","fileTypesAndContributionMap":{"functional-code":{"insertions":0,"deletions":1}}},{"hash":"6fccea284f2d19f214e25695ffa71ed13def70cf","messageTitle":"Update schedule list ui and javadoc","messageBody":"","fileTypesAndContributionMap":{"functional-code":{"insertions":1,"deletions":1}}},{"hash":"02cca4b996803d802a922415e98a7452f6186610","messageTitle":"Add time to show at ui of schedule list","messageBody":"","fileTypesAndContributionMap":{"functional-code":{"insertions":6,"deletions":2}}},{"hash":"3352b0d5bc30401cb008f22184301e00e1f69661","messageTitle":"Change time from 24h format to 12h format","messageBody":"","fileTypesAndContributionMap":{"functional-code":{"insertions":2,"deletions":2}}},{"hash":"79b319fe8dbdd9118145115914cd9f4d5a72cd54","messageTitle":"Modify code to adhere to checkstyle","messageBody":"","fileTypesAndContributionMap":{"functional-code":{"insertions":4,"deletions":2}}},{"hash":"512f1c16447038ae4904d118fd4fd871cbfc4468","messageTitle":"Modify code to adhere to checkstyle","messageBody":"","fileTypesAndContributionMap":{"functional-code":{"insertions":4,"deletions":4}}},{"hash":"cf058446e5718dcf686960d36d19894267f38246","messageTitle":"Remove whitespace","messageBody":"","fileTypesAndContributionMap":{"functional-code":{"insertions":2,"deletions":2}}}]}],"nicholastanvis":[{"date":"2021-03-01","commitResults":[{"hash":"1309e443e5925473b4404c1439157868b5fd2a7a","messageTitle":"Update AboutUs.md with info","messageBody":"","fileTypesAndContributionMap":{"docs":{"insertions":3,"deletions":3}}}]},{"date":"2021-03-02","commitResults":[{"hash":"0f4264670004ac0ea8fa51fc5a351d8639ab8d39","messageTitle":"Update member responsibilities","messageBody":"","fileTypesAndContributionMap":{"docs":{"insertions":10,"deletions":14}}},{"hash":"5d3e614e013247d2310be2a23ce835124933ed12","messageTitle":"Update readme with project details","messageBody":"","fileTypesAndContributionMap":{"docs":{"insertions":15,"deletions":12}}}]},{"date":"2021-03-04","commitResults":[{"hash":"495de41ee76ba8c430cb4cee4c7647753508e346","messageTitle":"Include contacts in user guide","messageBody":"","fileTypesAndContributionMap":{"docs":{"insertions":26,"deletions":163}}},{"hash":"62dbb1bea24f068e01b2242a10e35c0c70b378a5","messageTitle":"Include contacts and schedules in DG","messageBody":"","fileTypesAndContributionMap":{"docs":{"insertions":27,"deletions":348}}},{"hash":"32f06c8a5559d3a059a4983eb606ff06bae2454e","messageTitle":"Add triple dash to UG","messageBody":"","fileTypesAndContributionMap":{"docs":{"insertions":1,"deletions":1}}}]},{"date":"2021-03-15","commitResults":[{"hash":"fb70a1b6dea509996c4aa74b7eb2aba63828225f","messageTitle":"Add schedule package and related classes","messageBody":"","fileTypesAndContributionMap":{"functional-code":{"insertions":304,"deletions":0}}},{"hash":"680c07054961a0191966d407f3e33c5c0d0c85f0","messageTitle":"Add finding schedule feature","messageBody":"","fileTypesAndContributionMap":{"functional-code":{"insertions":158,"deletions":0}}},{"hash":"0194fa0c7bd8dfa52efd423168e8dfb4ef7b3413","messageTitle":"Fix styling","messageBody":"","fileTypesAndContributionMap":{"functional-code":{"insertions":11,"deletions":2}}},{"hash":"cc95b04866e2e82b9a778da20a4164bc80dd858e","messageTitle":"Fix tests","messageBody":"","fileTypesAndContributionMap":{"test-code":{"insertions":16,"deletions":0}}},{"hash":"07a4631cb52590afcc9a976d0182d57036f59373","messageTitle":"Remove superfluous fields","messageBody":"","fileTypesAndContributionMap":{"functional-code":{"insertions":0,"deletions":3}}}]},{"date":"2021-03-16","commitResults":[{"hash":"c5116e58477ece4e9692f95a85b1e73677d25ca9","messageTitle":"Add a closing brace","messageBody":"","fileTypesAndContributionMap":{"functional-code":{"insertions":1,"deletions":0}}},{"hash":"ccf7acfddc8970cbcc55802a946b656a17476e37","messageTitle":"Fix schedule not showing in app","messageBody":"","fileTypesAndContributionMap":{"functional-code":{"insertions":2,"deletions":1}}},{"hash":"e9d3eba6d0bfe6d9ed8b18b8d9153875c6866b74","messageTitle":"Fix schedules not adding","messageBody":"","fileTypesAndContributionMap":{"functional-code":{"insertions":42,"deletions":20}}},{"hash":"8551961fc461e203edb3b85d55b16a2d0deb66a4","messageTitle":"Fix wildcard imports","messageBody":"","fileTypesAndContributionMap":{"functional-code":{"insertions":4,"deletions":1}}},{"hash":"34af96c679e19185fed16a2a8e7c64f09f5b85d4","messageTitle":"Add deleting schedule feature","messageBody":"","fileTypesAndContributionMap":{"functional-code":{"insertions":129,"deletions":7},"test-code":{"insertions":8,"deletions":2}}}]}],"goatygoatygoat":[{"date":"2021-03-01","commitResults":[{"hash":"f6ce4ee3d91cb3781d3a7e079ac6004b2169ba14","messageTitle":"Update AboutUs.md","messageBody":"","fileTypesAndContributionMap":{"docs":{"insertions":2,"deletions":3}}},{"hash":"55a9014fd429b864eedf1a98ac2324ecb443bec9","messageTitle":"Update AboutUs.md","messageBody":"","fileTypesAndContributionMap":{"docs":{"insertions":1,"deletions":1}}}]},{"date":"2021-03-04","commitResults":[{"hash":"dd29a7e125e207fb07d57cc2b334612571a5b8f7","messageTitle":"Update User Guide","messageBody":"","fileTypesAndContributionMap":{"docs":{"insertions":8,"deletions":177}}},{"hash":"806f0e826da81a83cda33c0c0ded2e30ce3dd27b","messageTitle":"Update User Guide","messageBody":"","fileTypesAndContributionMap":{"docs":{"insertions":1,"deletions":2}}},{"hash":"60bd409ff949ead10b3766011a448de6513dea1d","messageTitle":"Update Developer Guide with Product Scope and Glossary","messageBody":"","fileTypesAndContributionMap":{"docs":{"insertions":15,"deletions":337}}},{"hash":"f0a1140446ae1cb772fbb80611a530661291c523","messageTitle":"Update Developer Guide with Product Scope and Glossary","messageBody":"","fileTypesAndContributionMap":{"docs":{"insertions":6,"deletions":6}}},{"hash":"9ed3e3e644aa918f0c921f3b9931653b4b78a942","messageTitle":"Update Developer Guide with Product Scope and Glossary to pass checks","messageBody":"","fileTypesAndContributionMap":{"docs":{"insertions":3,"deletions":3}}}]},{"date":"2021-03-15","commitResults":[{"hash":"054c17a89958b757059467737485f519e94f9a96","messageTitle":"Implement list tasks by day/week feature","messageBody":"","fileTypesAndContributionMap":{"functional-code":{"insertions":151,"deletions":0},"docs":{"insertions":2,"deletions":1}}},{"hash":"395ff3a0217b488dd63fb7df5980a106393c1b15","messageTitle":"Pass checkstyleTest","messageBody":"","fileTypesAndContributionMap":{"test-code":{"insertions":18,"deletions":0}}}]},{"date":"2021-03-16","commitResults":[{"hash":"5bbf47601280a61967b37f0b4baf706a84455f12","messageTitle":"Fix according to reviewer\u0027s comments","messageBody":"","fileTypesAndContributionMap":{"functional-code":{"insertions":1,"deletions":1}}},{"hash":"eb89f835d9b01e0df4e4e6dc3741afcb254b2eb5","messageTitle":"Fix issues","messageBody":"","fileTypesAndContributionMap":{"functional-code":{"insertions":0,"deletions":13}}},{"hash":"928002a08fd4e9e47977ed186805f3797d32717a","messageTitle":"Implement list schedule Fix bugs in add schedule","messageBody":"","fileTypesAndContributionMap":{"functional-code":{"insertions":141,"deletions":14}}},{"hash":"242ef0bec4b99ed81ea610566d48b56b65ba3e3c","messageTitle":"Fix issues for task features","messageBody":"","fileTypesAndContributionMap":{"functional-code":{"insertions":61,"deletions":7}}},{"hash":"be3e87fcf1986cf3494ffea1fad5f1926207de58","messageTitle":"Fix issues for schedule features","messageBody":"","fileTypesAndContributionMap":{"functional-code":{"insertions":66,"deletions":12}}},{"hash":"5be42be5517648a9c7b3d39841f9c56945541bea","messageTitle":"Fix issues for schedule and task features","messageBody":"","fileTypesAndContributionMap":{"functional-code":{"insertions":43,"deletions":15}}},{"hash":"f3ce7b212c8182d4ef5cb1ff82cc12f9d2958b3b","messageTitle":"Fix method name in DateTime class","messageBody":"","fileTypesAndContributionMap":{"functional-code":{"insertions":3,"deletions":3}}},{"hash":"ca6de3d2a61c4370b8ffe053a50ce81456a11bc3","messageTitle":"Fix storage","messageBody":"","fileTypesAndContributionMap":{"functional-code":{"insertions":8,"deletions":8}}}]},{"date":"2021-03-17","commitResults":[{"hash":"92318b89e13ef584601d1d6992815c918a1709b8","messageTitle":"Minor fixes to listing schedule and listing tasks","messageBody":"","fileTypesAndContributionMap":{"functional-code":{"insertions":27,"deletions":15}}},{"hash":"099e960049798bbfeea3fe163f9f6e9c8ce931d6","messageTitle":"Improve code quality","messageBody":"","fileTypesAndContributionMap":{"functional-code":{"insertions":2,"deletions":6}}},{"hash":"e4d500c78b348da9d575e2e1f033616d2b7780c9","messageTitle":"Fix message usage","messageBody":"","fileTypesAndContributionMap":{"functional-code":{"insertions":1,"deletions":2}}}]}],"KevinLohJunYong":[{"date":"2021-03-01","commitResults":[{"hash":"cb33effa8f8c2053a8cfd1547681f06c9a0ff8c6","messageTitle":"add photo","messageBody":"","fileTypesAndContributionMap":{"docs":{"insertions":5,"deletions":5}}}]},{"date":"2021-03-04","commitResults":[{"hash":"a0c36945fa54b5bf245e689e32b8b1d5a66bfd8d","messageTitle":"done the schedule","messageBody":"","fileTypesAndContributionMap":{"docs":{"insertions":44,"deletions":0}}},{"hash":"2aa89d9eec0619fdd5ec2f40b2c40d1eda2ff6b8","messageTitle":"resolved changes","messageBody":"","fileTypesAndContributionMap":{"docs":{"insertions":5,"deletions":5}}},{"hash":"9eb8bcf5d9fed2c705b944f0d760c1d1f85aede6","messageTitle":"resolved changes","messageBody":"","fileTypesAndContributionMap":{"docs":{"insertions":1,"deletions":1}}}]},{"date":"2021-03-15","commitResults":[{"hash":"77b238f230f74db8ebb667a3ce74a6d85f573bcb","messageTitle":"add schedule","messageBody":"","fileTypesAndContributionMap":{"functional-code":{"insertions":171,"deletions":11}}}]},{"date":"2021-03-16","commitResults":[{"hash":"b34ce1aa97a43331c43cdbd1d7d52c187ca65ab5","messageTitle":"editted","messageBody":"","fileTypesAndContributionMap":{"functional-code":{"insertions":18,"deletions":21},"test-code":{"insertions":11,"deletions":0}}},{"hash":"06051b8636bbdaa6f2527c1e651be166b518fa06","messageTitle":"done","messageBody":"","fileTypesAndContributionMap":{"functional-code":{"insertions":9,"deletions":8}}},{"hash":"6e9979b04107bb541298eec9544d68c9c9b96315","messageTitle":"done","messageBody":"","fileTypesAndContributionMap":{"functional-code":{"insertions":2,"deletions":2}}},{"hash":"fe4abdf220652478e7bcbc37aae392836b87cf99","messageTitle":"delete","messageBody":"","fileTypesAndContributionMap":{"functional-code":{"insertions":1,"deletions":6}}},{"hash":"655aa67a3352157e55c0cf545f49fe01675aa0b6","messageTitle":"done","messageBody":"","fileTypesAndContributionMap":{"functional-code":{"insertions":1,"deletions":1}}},{"hash":"203c066e0f07a7a504fa31ab45ea4e440ea2b29c","messageTitle":"done","messageBody":"","fileTypesAndContributionMap":{"test-code":{"insertions":0,"deletions":5}}}]}]},"authorFileTypeContributionMap":{"lrj689":{"docs":69,"functional-code":818,"test-code":37},"tsh22":{"docs":66,"functional-code":424,"test-code":0},"nicholastanvis":{"docs":87,"functional-code":590,"test-code":19},"goatygoatygoat":{"docs":15,"functional-code":434,"test-code":17},"KevinLohJunYong":{"docs":28,"functional-code":120,"test-code":9}},"authorContributionVariance":{"lrj689":27488.893,"tsh22":12246.191,"nicholastanvis":16975.52,"goatygoatygoat":13878.717,"KevinLohJunYong":1218.9315},"authorDisplayNameMap":{"lrj689":"CS2103T-W13-4 LEE ..JIEH","tsh22":"CS2103T-W13-4 TOH ..IHUI","nicholastanvis":"CS2103T-W13-4 NICH..NVIS","goatygoatygoat":"CS2103T-W13-4 SHEN..YANG","KevinLohJunYong":"CS2103T-W13-4 LOH ..EVIN"}}
