{"authorDailyContributionsMap":{"lirc572":[{"date":"2021-02-23","commitResults":[{"hash":"957c8ee79422b7dbcf9ac6920a92bcd9eca47af7","messageTitle":"Update NFR in developer guide","messageBody":"","fileTypesAndContributionMap":{"docs":{"insertions":16,"deletions":5}}}]},{"date":"2021-02-24","commitResults":[{"hash":"2f6168d3fc6e0c29128ea4bda8a6a5cb5235a690","messageTitle":"Fix minor problems","messageBody":"","fileTypesAndContributionMap":{"docs":{"insertions":3,"deletions":3}}}]},{"date":"2021-03-02","commitResults":[{"hash":"72cffac52eaa28d1c1583c74773eec7477f9b870","messageTitle":"Fix developer guide toc","messageBody":"","fileTypesAndContributionMap":{"docs":{"insertions":1,"deletions":1}}}]}],"vevek":[{"date":"2021-02-23","commitResults":[{"hash":"219d904f0c80fd45615d87f328d9ff6f7b2d27e0","messageTitle":"Update README","messageBody":"","fileTypesAndContributionMap":{"docs":{"insertions":32,"deletions":17}}},{"hash":"78275b6e07cdb6150682a9e53537f29b97563ccf","messageTitle":"Update UG text and formatting","messageBody":"","fileTypesAndContributionMap":{"docs":{"insertions":18,"deletions":11}}},{"hash":"9d748686cd61014133aaba015b5d28b7bc554484","messageTitle":"Add and remove trailing spaces accordingly","messageBody":"","fileTypesAndContributionMap":{"docs":{"insertions":1,"deletions":2}}}]},{"date":"2021-02-24","commitResults":[{"hash":"ee18425f757881180469847321ba12d2b5f8dcd7","messageTitle":"Update README.md","messageBody":"","fileTypesAndContributionMap":{"docs":{"insertions":19,"deletions":10}}},{"hash":"08b33413081fd89846c86ee9e7ca28a87b60db95","messageTitle":"Add new line","messageBody":"","fileTypesAndContributionMap":{"docs":{"insertions":2,"deletions":1}}},{"hash":"cddf5c8a61e4e8330265bd2d9df1bd91613c144a","messageTitle":"Update format","messageBody":"","fileTypesAndContributionMap":{"docs":{"insertions":0,"deletions":1}}},{"hash":"5f326c056dbcbaeec024833cbf7cf1f5f2203a72","messageTitle":"Update phrasing to Sam\u0027s recommendation","messageBody":"","fileTypesAndContributionMap":{"docs":{"insertions":1,"deletions":1}}},{"hash":"e48a791dc0f3fbe922757681e484beebc7d7442b","messageTitle":"Update product summary phrasing in UG","messageBody":"","fileTypesAndContributionMap":{"docs":{"insertions":1,"deletions":1}}},{"hash":"22f5fdcf9a4146ef9f59e5c21b0fdd6afb69b9d0","messageTitle":"Add coming soon to edit a person","messageBody":"","fileTypesAndContributionMap":{"docs":{"insertions":2,"deletions":2}}},{"hash":"05b0096822c7835758d26fbb2cb9c14fe90ac9ab","messageTitle":"Fix whitespace","messageBody":"","fileTypesAndContributionMap":{"docs":{"insertions":1,"deletions":1}}}]},{"date":"2021-02-26","commitResults":[{"hash":"4056f92bfd8a885146054221935de2fa3f18ee2a","messageTitle":"Fix trailing spaces in DG","messageBody":"","fileTypesAndContributionMap":{"docs":{"insertions":46,"deletions":46}}}]},{"date":"2021-03-09","commitResults":[{"hash":"a08832fb97e6be1dafda69c140f15c6ca952ba1b","messageTitle":"Add Task, Completable, Deadline, Event \u0026 DateUtil, DateConversionException","messageBody":"","fileTypesAndContributionMap":{"functional-code":{"insertions":281,"deletions":0}}},{"hash":"98beabf3ac55b3e2886317e04d848c67c1270f56","messageTitle":"Add hashcode methods","messageBody":"","fileTypesAndContributionMap":{"functional-code":{"insertions":27,"deletions":0}}},{"hash":"dcac51b525e1e520d440614d4df7744e8e95d376","messageTitle":"Add equal methods to Tasks","messageBody":"","fileTypesAndContributionMap":{"functional-code":{"insertions":54,"deletions":0}}},{"hash":"9fbbe6813171839019a3dfd73051e71eb036de75","messageTitle":"Add newline at eof","messageBody":"","fileTypesAndContributionMap":{"functional-code":{"insertions":3,"deletions":3}}},{"hash":"07965288d4f77b6025e0e3dc0809590044ac566d","messageTitle":"Fix Checkstyle errors","messageBody":"","fileTypesAndContributionMap":{"functional-code":{"insertions":7,"deletions":11}}}]},{"date":"2021-03-10","commitResults":[{"hash":"5ba7c78cc4256d5860ff43c3ca65e579cef7cb0c","messageTitle":"Edit Tasks","messageBody":"","fileTypesAndContributionMap":{"functional-code":{"insertions":87,"deletions":68}}},{"hash":"aae8f2628f722bb1a4e1e076d6fdb4c8bae978f9","messageTitle":"Fix checkstyle","messageBody":"","fileTypesAndContributionMap":{"functional-code":{"insertions":1,"deletions":1}}},{"hash":"02ad438b3e2e58b95e1006f0f8a062d9f7a6e108","messageTitle":"Add Recurrable interface and Recurrance enum","messageBody":"","fileTypesAndContributionMap":{"functional-code":{"insertions":50,"deletions":2}}},{"hash":"5fc461989cf36bfc5f30bbd2e68ddec373c2f194","messageTitle":"Change model of Repeatable and Completable","messageBody":"","fileTypesAndContributionMap":{"functional-code":{"insertions":285,"deletions":220},"other":{"insertions":24,"deletions":28}}},{"hash":"3e7ca7f95c8a3eb4e06acc65c8fff61316b99a58","messageTitle":"Fix Event \u0026 Repeatable","messageBody":"","fileTypesAndContributionMap":{"functional-code":{"insertions":14,"deletions":16}}},{"hash":"a48e1b91500c5e75a675055abac12a808dd87216","messageTitle":"Add checks and tests for Todo","messageBody":"","fileTypesAndContributionMap":{"functional-code":{"insertions":49,"deletions":0},"test-code":{"insertions":54,"deletions":0}}},{"hash":"e7d0055c1d5f4fce315ed305bdd330522c6a982b","messageTitle":"Add tests for Deadline","messageBody":"","fileTypesAndContributionMap":{"functional-code":{"insertions":7,"deletions":6},"test-code":{"insertions":92,"deletions":3}}},{"hash":"66adf1fdf01d31be76943e86ec36720069ae3827","messageTitle":"Update Deadline tests","messageBody":"","fileTypesAndContributionMap":{"test-code":{"insertions":6,"deletions":2}}},{"hash":"f6e4217cca34e1d3efe9489a94d38413cc603847","messageTitle":"Update Deadline tests","messageBody":"","fileTypesAndContributionMap":{"test-code":{"insertions":17,"deletions":16}}},{"hash":"03bdff6e4323735ffaa22a19fac24f5f268e71ee","messageTitle":"Update Deadline tests","messageBody":"","fileTypesAndContributionMap":{"test-code":{"insertions":3,"deletions":4}}},{"hash":"51ee1416e282aa1a23c2547c6c89a99a4281fab2","messageTitle":"Add Event tests","messageBody":"","fileTypesAndContributionMap":{"test-code":{"insertions":7,"deletions":4}}},{"hash":"33a6e2f418c5daec0a01b1d239c418d19a32718d","messageTitle":"Fix checkstyle for main and tests","messageBody":"","fileTypesAndContributionMap":{"functional-code":{"insertions":17,"deletions":11},"test-code":{"insertions":61,"deletions":22}}},{"hash":"c107b33f5d6c063e59b8bef22ea648b1f7ffb024","messageTitle":"Add AddTtoCommand \u0026 AddTtoCommandParser. Methods still need to be worked on.","messageBody":"","fileTypesAndContributionMap":{"functional-code":{"insertions":113,"deletions":1}}}]},{"date":"2021-03-13","commitResults":[{"hash":"180f1945f50a07ab63edcc588b6cd4ac4b4451c3","messageTitle":"Remove unused assertion","messageBody":"","fileTypesAndContributionMap":{"functional-code":{"insertions":0,"deletions":2}}},{"hash":"2e153385f9796aa81e83317440ae795a8f9f0d8e","messageTitle":"Remove extra line","messageBody":"","fileTypesAndContributionMap":{"functional-code":{"insertions":0,"deletions":1}}},{"hash":"02773eec87f408a361b184afc4c9303d4e8608cd","messageTitle":"Update Task model and referencing classes","messageBody":"","fileTypesAndContributionMap":{"functional-code":{"insertions":145,"deletions":27},"other":{"insertions":54,"deletions":52},"test-code":{"insertions":7,"deletions":7}}},{"hash":"297e45950b010ac5a2f725356957d3e3f5674657","messageTitle":"Update CompletableTodo abstract class","messageBody":"","fileTypesAndContributionMap":{"functional-code":{"insertions":29,"deletions":24}}},{"hash":"2e0476c09d1d607ae487f2fc97cacf6d7f437079","messageTitle":"Update CompletableDeadline abstract class","messageBody":"","fileTypesAndContributionMap":{"functional-code":{"insertions":28,"deletions":27}}},{"hash":"8e50c8dccf31c5ee966b5a40b49deff0a00be4e6","messageTitle":"Update Deadline class","messageBody":"","fileTypesAndContributionMap":{"functional-code":{"insertions":19,"deletions":20}}},{"hash":"4f0fedaf4b471fe2ee5d6f98b92cfa57259ce159","messageTitle":"Update Todo class","messageBody":"","fileTypesAndContributionMap":{"functional-code":{"insertions":2,"deletions":2}}},{"hash":"476dc92f4bcf55da96c7eb555a04afb079e05ed5","messageTitle":"Update EventList, TodoList and DeadlineList","messageBody":"","fileTypesAndContributionMap":{"functional-code":{"insertions":123,"deletions":60},"test-code":{"insertions":10,"deletions":10}}},{"hash":"0d893613c4e4bebd4bd3b797c5d8f043b170a19c","messageTitle":"Update Project model","messageBody":"","fileTypesAndContributionMap":{"functional-code":{"insertions":33,"deletions":14}}},{"hash":"69dacdcf705548dcb50eecdaa79955aa65a0e559","messageTitle":"Update DeadlineList \u0026 TaskList model","messageBody":"","fileTypesAndContributionMap":{"functional-code":{"insertions":2,"deletions":2}}},{"hash":"fc2c53faa1f0d9cce84a689b2fbf9cc0b5a1fb19","messageTitle":"Update JsonAdaptedTodo","messageBody":"","fileTypesAndContributionMap":{"functional-code":{"insertions":47,"deletions":4},"other":{"insertions":5,"deletions":5}}},{"hash":"14aa9f8f64dcffe6188e713b9cc9b34923515032","messageTitle":"Update JsonAdaptedDeadline","messageBody":"","fileTypesAndContributionMap":{"functional-code":{"insertions":11,"deletions":16}}},{"hash":"0c1e6ae0e698b6cc9c7ed6a6d03fb48777808153","messageTitle":"Update JsonAdaptedProject","messageBody":"","fileTypesAndContributionMap":{"functional-code":{"insertions":25,"deletions":10}}},{"hash":"02d5af6457907ac6559ee61b2982032fc0a61174","messageTitle":"Update ProjectTest \u0026 DeadlineTest","messageBody":"","fileTypesAndContributionMap":{"other":{"insertions":6,"deletions":8},"test-code":{"insertions":13,"deletions":5}}},{"hash":"96c98117a2623d1fb6d3d65eaa7ae2a8a1d0fb35","messageTitle":"Update TodoListTest \u0026 DeadlineListTest","messageBody":"","fileTypesAndContributionMap":{"test-code":{"insertions":92,"deletions":44}}},{"hash":"d8e4a326023c8b936c0a35052b2ce58bf8d0536b","messageTitle":"Remove unused imports in TodoListTest","messageBody":"","fileTypesAndContributionMap":{"test-code":{"insertions":5,"deletions":7}}},{"hash":"4cb71461697d9b5118aae4f21b261bf11f587bc6","messageTitle":"Fix Checkstyle issues","messageBody":"","fileTypesAndContributionMap":{"functional-code":{"insertions":5,"deletions":9},"test-code":{"insertions":4,"deletions":2}}}]},{"date":"2021-03-14","commitResults":[{"hash":"b5c0d4edf8619998b6a49d9b6ba0275af01ec190","messageTitle":"Update AddEventCommand","messageBody":"","fileTypesAndContributionMap":{"functional-code":{"insertions":93,"deletions":61}}},{"hash":"46bcba54a95d7dc76bc4ddc41f0db184fd890115","messageTitle":"Update AddTodoCommand","messageBody":"","fileTypesAndContributionMap":{"functional-code":{"insertions":1,"deletions":1}}},{"hash":"53f3c54fd2ad90f05407c0eade737cc7ef042c29","messageTitle":"Update AddTodoCommand","messageBody":"","fileTypesAndContributionMap":{"functional-code":{"insertions":9,"deletions":4}}},{"hash":"e0f471b6e22c5c86dacefdf33eefd2ae177f0c23","messageTitle":"Update AddEventCommand","messageBody":"","fileTypesAndContributionMap":{"functional-code":{"insertions":7,"deletions":3}}},{"hash":"af79e9713bb238f590a11dee53789a05295df58e","messageTitle":"Update AddTodoCommand","messageBody":"","fileTypesAndContributionMap":{"functional-code":{"insertions":13,"deletions":5}}},{"hash":"1a8de166d08f1f53ffb75008d07d8f0e7fdd4edf","messageTitle":"Update AddEventCommand","messageBody":"","fileTypesAndContributionMap":{"functional-code":{"insertions":9,"deletions":0}}},{"hash":"b230b9abb3fa88542d3ef60bda12f70093ded551","messageTitle":"Abstract messages from AddTodo and AddEvent commands","messageBody":"","fileTypesAndContributionMap":{"functional-code":{"insertions":5,"deletions":7}}},{"hash":"eeec5ff6dff0c5a167d95455e0cff0ea675cda4c","messageTitle":"Update AddEventCommand \u0026 AddTodoCommand","messageBody":"","fileTypesAndContributionMap":{"functional-code":{"insertions":6,"deletions":4}}},{"hash":"7c5849181498ddba7cd8042ae6d1e5d25e338778","messageTitle":"Update AddTodo \u0026 AddEvent: Command \u0026 Parser","messageBody":"","fileTypesAndContributionMap":{"functional-code":{"insertions":65,"deletions":6}}},{"hash":"2f4ef2425bfb04e69e7b2bbea1cad84a4dd32436","messageTitle":"Update AddTodoCommandParser","messageBody":"","fileTypesAndContributionMap":{"functional-code":{"insertions":3,"deletions":4}}},{"hash":"2c5f9d277a08f56a4e2a8ce0778101b2ddea6183","messageTitle":"Remove unused imports from AddEventCommand","messageBody":"","fileTypesAndContributionMap":{"functional-code":{"insertions":1,"deletions":1}}},{"hash":"e94b1db2d7539aa6c95e26853afa17bd669550d2","messageTitle":"Update comments for Event \u0026 Todo commands","messageBody":"","fileTypesAndContributionMap":{"functional-code":{"insertions":9,"deletions":4}}},{"hash":"3e106034a39636deb4b307c96ef185c31e0c31b3","messageTitle":"Update regex in ParserUtil, abstract constraint messages to Common.Core.Messages","messageBody":"","fileTypesAndContributionMap":{"functional-code":{"insertions":12,"deletions":13}}},{"hash":"bee69b413cb6a55d597bcd8fa886abb49aef7e01","messageTitle":"Update AddTodoCommand","messageBody":"","fileTypesAndContributionMap":{"functional-code":{"insertions":4,"deletions":60}}},{"hash":"4a2e7f77e3c7d084d5873428cea1301536b9608b","messageTitle":"Fix checkstyle issues","messageBody":"","fileTypesAndContributionMap":{"functional-code":{"insertions":10,"deletions":6}}},{"hash":"6be9b8e442dcfb2d05b9c6f71d6800d4e6345264","messageTitle":"Add AddDeadlineCommand class","messageBody":"","fileTypesAndContributionMap":{"functional-code":{"insertions":78,"deletions":0}}},{"hash":"d8d744df5b804e7ee54315ec94bb66ce0eaedcf6","messageTitle":"Remove unnecessary check","messageBody":"","fileTypesAndContributionMap":{"functional-code":{"insertions":0,"deletions":8}}},{"hash":"5cd63f6ede3ee0f691cda2f49164a83de718dcd0","messageTitle":"Add project index to TodoCommand usage message","messageBody":"","fileTypesAndContributionMap":{"functional-code":{"insertions":1,"deletions":1}}},{"hash":"387a92fda2790414ed10897bef4d8a366351cd78","messageTitle":"Add command, messages","messageBody":"","fileTypesAndContributionMap":{"functional-code":{"insertions":54,"deletions":27}}},{"hash":"616ea2dacea478dda14e032c41dbb2b4bf05ea20","messageTitle":"Add parser","messageBody":"","fileTypesAndContributionMap":{"functional-code":{"insertions":61,"deletions":0}}},{"hash":"8073b7687b75a38a02d899279b04da9f4d7523d3","messageTitle":"Add AddDeadlineCommandParser","messageBody":"","fileTypesAndContributionMap":{"functional-code":{"insertions":21,"deletions":22}}},{"hash":"def7cfa3ee22930ca3e29051d4dcb69afa6e46fe","messageTitle":"Update AddressBookParser","messageBody":"","fileTypesAndContributionMap":{"functional-code":{"insertions":4,"deletions":0}}},{"hash":"43bce8ad377db0478badf3862a449a1982032dee","messageTitle":"Fix checkstyle","messageBody":"","fileTypesAndContributionMap":{"functional-code":{"insertions":5,"deletions":5}}},{"hash":"bd4d8616a99fc64cdff998083ce04b929f25ca5c","messageTitle":"Fix javadocs","messageBody":"","fileTypesAndContributionMap":{"functional-code":{"insertions":2,"deletions":0}}}]}],"Eriksen2411":[{"date":"2021-02-24","commitResults":[{"hash":"b421612da8c5eedb78d31432d9b463f2661cd82d","messageTitle":"Update acknowledgments in README","messageBody":"","fileTypesAndContributionMap":{"docs":{"insertions":1,"deletions":1}}},{"hash":"3129a8943f7c4d5abb9ba31091dbce48005b94dd","messageTitle":"Update About Us page with members\u0027 information and image","messageBody":"","fileTypesAndContributionMap":{"docs":{"insertions":163,"deletions":33}}},{"hash":"ca24afd8ee1ff4d2332f5a2bd38fc5de284c29d7","messageTitle":"Change About Us page as requested","messageBody":"","fileTypesAndContributionMap":{"docs":{"insertions":7,"deletions":7}}},{"hash":"bf54b12b5ef44e563f02ad026ff42a23b2415ddf","messageTitle":"Change the format as requested.","messageBody":"","fileTypesAndContributionMap":{"docs":{"insertions":4,"deletions":4}}}]},{"date":"2021-02-25","commitResults":[{"hash":"b408bfd467c10e5e028f0e9dda3529d1e48d0e2c","messageTitle":"Fixed typo in About Us page.","messageBody":"","fileTypesAndContributionMap":{"docs":{"insertions":1,"deletions":1}}}]},{"date":"2021-03-11","commitResults":[{"hash":"1073805a6e963cde089070c964d4a3a5cff4de72","messageTitle":"Update portfolio page","messageBody":"","fileTypesAndContributionMap":{"docs":{"insertions":5,"deletions":4}}},{"hash":"0d5b43f6620d52b8a6b746d2c14aa6ba062553b8","messageTitle":"Revert \"Update portfolio page\"","messageBody":"This reverts commit 1073805a6e963cde089070c964d4a3a5cff4de72.\n","fileTypesAndContributionMap":{"docs":{"insertions":4,"deletions":5}}},{"hash":"564c13c419cb2c4e8f26b2462f007d2dec402fd9","messageTitle":"Update portfolio page","messageBody":"","fileTypesAndContributionMap":{"docs":{"insertions":5,"deletions":3}}}]},{"date":"2021-03-13","commitResults":[{"hash":"2bc9275d508b71cea827cc6097fd8de4a02373e8","messageTitle":"Implemented addEto command, wihout method documentation and test.","messageBody":"","fileTypesAndContributionMap":{"functional-code":{"insertions":212,"deletions":1}}},{"hash":"e98175bd7b0394d78dd80b9652390ce1b5b78049","messageTitle":"fix checkstyle fault and missing javadoc","messageBody":"","fileTypesAndContributionMap":{"functional-code":{"insertions":30,"deletions":5}}},{"hash":"2070d325001bafa238617ba43c20c012187985ed","messageTitle":"resolve all problems raised, add proper javadoc to all functions","messageBody":"","fileTypesAndContributionMap":{"functional-code":{"insertions":53,"deletions":63}}},{"hash":"6fdd924fc51a3a8ede5005bf7bafb37242a719c4","messageTitle":"change DateUtilTest to fit with current localDate format","messageBody":"","fileTypesAndContributionMap":{"test-code":{"insertions":1,"deletions":1}}}]},{"date":"2021-03-14","commitResults":[{"hash":"0f563939fba1fd98813ecca0e628e8b3928fce39","messageTitle":"Add deleteProjectCommand class","messageBody":"","fileTypesAndContributionMap":{"functional-code":{"insertions":4,"deletions":0}}},{"hash":"09db58cb9ee6c56dda5e4347f5eaac3a5648de22","messageTitle":"finished implementing deleteP command","messageBody":"","fileTypesAndContributionMap":{"functional-code":{"insertions":76,"deletions":1}}},{"hash":"4789bb56a4edcc2ae0b593214533eb7fdba506d7","messageTitle":"add Javadoc for deleteProjectCommand class","messageBody":"","fileTypesAndContributionMap":{"functional-code":{"insertions":3,"deletions":0}}}]}],"samuelfangjw":[{"date":"2021-02-21","commitResults":[{"hash":"e4929a5a8e9e08734e6b891d58fecc5628080fa1","messageTitle":"Update Java CI status badge","messageBody":"","fileTypesAndContributionMap":{"docs":{"insertions":1,"deletions":1}}}]},{"date":"2021-02-23","commitResults":[{"hash":"2f438252cb175aedc14b670a07b37b136fdce9f6","messageTitle":"Update user guide with details of view command","messageBody":"","fileTypesAndContributionMap":{"docs":{"insertions":19,"deletions":3}}},{"hash":"e1442e27904d7c97f6a5eae803a1de4fa14cc128","messageTitle":"Update user product scope section of DeveloperGuide.md","messageBody":"","fileTypesAndContributionMap":{"docs":{"insertions":6,"deletions":1}}},{"hash":"2e31fa4efab09e21bd98438f991ce49e8183b396","messageTitle":"Update user stories section of DeveloperGuide.md","messageBody":"","fileTypesAndContributionMap":{"docs":{"insertions":9,"deletions":4}}},{"hash":"164cf2bc90655925db79c4673cdfa69a1ed9dc60","messageTitle":"Developer Guide: Update Glossary  OS-X -\u003e macOS","messageBody":"","fileTypesAndContributionMap":{"docs":{"insertions":2,"deletions":2}}},{"hash":"0723d9b016e96204ded88b7124547000f06a8d13","messageTitle":"Update use cases section of DeveloperGuide.md","messageBody":"","fileTypesAndContributionMap":{"docs":{"insertions":106,"deletions":8}}}]},{"date":"2021-02-24","commitResults":[{"hash":"2b6400b64c5db9146d741443f7ed8ba17436a88a","messageTitle":"Update table of contents with missing links","messageBody":"","fileTypesAndContributionMap":{"docs":{"insertions":3,"deletions":1}}},{"hash":"e1b7cd116558ce8f967d8611f832e5d7e38ff1a5","messageTitle":"Update index.md to reflect changes in README.md","messageBody":"","fileTypesAndContributionMap":{"docs":{"insertions":18,"deletions":8}}},{"hash":"a3422b4e915ca4e43b54729909433262a10b6736","messageTitle":"User Guide: Update title and autogenerate table of contents","messageBody":"","fileTypesAndContributionMap":{"docs":{"insertions":3,"deletions":23}}},{"hash":"618b6e280af4e71de3b309ec0de00d50a4b9bfb5","messageTitle":"Fix typo in user guide: e.g -\u003e e.g. and i.e -\u003e i.e.","messageBody":"","fileTypesAndContributionMap":{"docs":{"insertions":3,"deletions":3}}},{"hash":"6492da01f385d2d831206d9ebcb49bfd599bc0f8","messageTitle":"Remove trialing whitespace in User Guide","messageBody":"","fileTypesAndContributionMap":{"docs":{"insertions":2,"deletions":2}}},{"hash":"a0c409d829829134d6b181d612cded9f4e42bb35","messageTitle":"User Guide: Bold headings to be consistent with Developer Guide","messageBody":"","fileTypesAndContributionMap":{"docs":{"insertions":5,"deletions":5}}},{"hash":"fc448454fb9b530091cd7c85f16e1889456f327c","messageTitle":"User Guide: Change Acknowledgements heading","messageBody":"Acknowledgements heading not consistent with other headings on same page.\n","fileTypesAndContributionMap":{"docs":{"insertions":1,"deletions":1}}},{"hash":"5ddb58e1d6f58533b2eee583cb695b9406155de1","messageTitle":"Site Index Page: Fix broken links","messageBody":"","fileTypesAndContributionMap":{"docs":{"insertions":3,"deletions":3}}},{"hash":"9b7bde145489e634569da9081c7bde29d11ebb12","messageTitle":"Fix capitalisation of word US -\u003e Us","messageBody":"","fileTypesAndContributionMap":{"docs":{"insertions":2,"deletions":2}}}]},{"date":"2021-02-25","commitResults":[{"hash":"527e44779e26d35e222c30a9cae9fccca05d1c97","messageTitle":"Add CoLAB logo to README.md and index.md","messageBody":"","fileTypesAndContributionMap":{"docs":{"insertions":7,"deletions":2}}},{"hash":"9f78de154fb4b4bb4d7c189e391586cebb32e1d3","messageTitle":"Remove extra CoLAB heading in index.md","messageBody":"","fileTypesAndContributionMap":{"docs":{"insertions":0,"deletions":2}}},{"hash":"9d3d84e888d4bb9adf3a068e77a03513132e13a7","messageTitle":"Center logo in README.md and index.md","messageBody":"","fileTypesAndContributionMap":{"docs":{"insertions":6,"deletions":3}}},{"hash":"6d78fd56a305646478aa20a4901d5f7f5bb83c83","messageTitle":"Update site links in sitemap of README.md","messageBody":"","fileTypesAndContributionMap":{"docs":{"insertions":3,"deletions":3}}}]},{"date":"2021-02-26","commitResults":[{"hash":"308e94ff1f2abf58daf94e1136557f48a10716f5","messageTitle":"UI: Change layout","messageBody":"","fileTypesAndContributionMap":{"functional-code":{"insertions":3,"deletions":1}}},{"hash":"d95b6f4de56ba0e33cf43c7286fba3bb47b89e6e","messageTitle":"UI: Change icon","messageBody":"","fileTypesAndContributionMap":{"functional-code":{"insertions":3,"deletions":3}}},{"hash":"cf2ab601ad1ce6751596d0da894a4806b391b524","messageTitle":"UI: Set taskbar icon for macOS","messageBody":"","fileTypesAndContributionMap":{"functional-code":{"insertions":14,"deletions":0}}},{"hash":"351e92700a70d40bfe0784e63d3a123328663167","messageTitle":"Update jar file name","messageBody":"","fileTypesAndContributionMap":{"other":{"insertions":1,"deletions":1}}},{"hash":"50c55b09a0c0b436aaa48b96cc4b1b0f39fb4dd5","messageTitle":"UI: Handle case where taskbar not supported","messageBody":"","fileTypesAndContributionMap":{"functional-code":{"insertions":18,"deletions":9}}}]},{"date":"2021-03-04","commitResults":[{"hash":"a8023d94b941eda6e5eab78d8692d5fc3da819ea","messageTitle":"Set default screen size to 1920x1080 px","messageBody":"","fileTypesAndContributionMap":{"functional-code":{"insertions":2,"deletions":4}}}]},{"date":"2021-03-06","commitResults":[{"hash":"9df0f658cc68e49f86b70a4c1d3f68b952a9269b","messageTitle":"Rename icons","messageBody":"","fileTypesAndContributionMap":{"functional-code":{"insertions":1,"deletions":1}}},{"hash":"266a7e33234a8664639b8494280728874596a009","messageTitle":"Set default screen dimensions to 1440x900","messageBody":"","fileTypesAndContributionMap":{"functional-code":{"insertions":2,"deletions":2}}}]},{"date":"2021-03-08","commitResults":[{"hash":"20c5f9ee7714caabd940a939526de8626b83f2f7","messageTitle":"Add draft projects model","messageBody":"","fileTypesAndContributionMap":{"functional-code":{"insertions":451,"deletions":0}}}]},{"date":"2021-03-09","commitResults":[{"hash":"3466ec0214c5750c80ced7a6a0bbf0cb1ff04bcc","messageTitle":"Update default screen resolution to 1280x720","messageBody":"","fileTypesAndContributionMap":{"functional-code":{"insertions":2,"deletions":2}}},{"hash":"8a49ba76467e8b5a463218042d32ba15b1f00c1f","messageTitle":"Fix method indentation in CompletableTaskList.java","messageBody":"","fileTypesAndContributionMap":{"functional-code":{"insertions":1,"deletions":1}}},{"hash":"1af5b9f6359d989eff38702ae6afe432bfe03af4","messageTitle":"Remove extra new keyword in CompletableTaskList.java","messageBody":"","fileTypesAndContributionMap":{"functional-code":{"insertions":1,"deletions":1}}}]},{"date":"2021-03-10","commitResults":[{"hash":"758e2890f88a176cdc7f4bebcd32c272572cc343","messageTitle":"Update user guide link in help window","messageBody":"","fileTypesAndContributionMap":{"functional-code":{"insertions":1,"deletions":1}}},{"hash":"8c490dadb24ce9ad63b5bb2982f7107ce9876aa2","messageTitle":"Add empty constructors","messageBody":"","fileTypesAndContributionMap":{"functional-code":{"insertions":28,"deletions":0}}},{"hash":"ab3bf4a6e0aa06274ab3265db3ecfdfa49922ec0","messageTitle":"Add simple tests for project model","messageBody":"","fileTypesAndContributionMap":{"functional-code":{"insertions":3,"deletions":3},"test-code":{"insertions":316,"deletions":0}}},{"hash":"0e4a49b7a8d7f9754cd8e243359902ac1c54c1e9","messageTitle":"Update placeholder references in Project class","messageBody":"","fileTypesAndContributionMap":{"functional-code":{"insertions":18,"deletions":7},"test-code":{"insertions":0,"deletions":13}}},{"hash":"46ae53714a21b96f2c007c56699c1630dde2da2d","messageTitle":"Update tests","messageBody":"","fileTypesAndContributionMap":{"test-code":{"insertions":78,"deletions":0}}},{"hash":"bb8168118939fad9d76c3688dc7f0dc61413a624","messageTitle":"Remove trailing whitespace","messageBody":"","fileTypesAndContributionMap":{"test-code":{"insertions":1,"deletions":1}}},{"hash":"033a45a190c50394e1f6a21072961ef3ec8bf027","messageTitle":"Add tests","messageBody":"","fileTypesAndContributionMap":{"test-code":{"insertions":31,"deletions":2}}},{"hash":"4e4b62e63d190ae084976855081cf142a0e26934","messageTitle":"Change requireAllNotNull to requireNotNull","messageBody":"","fileTypesAndContributionMap":{"functional-code":{"insertions":7,"deletions":7}}}]},{"date":"2021-03-11","commitResults":[{"hash":"723ebac1378d5ffc1b5298dfd6c5493191f0d965","messageTitle":"Add support for projects","messageBody":"","fileTypesAndContributionMap":{"functional-code":{"insertions":1043,"deletions":31}}},{"hash":"562dc357218421d219d933114c7f1fd7669a8b6d","messageTitle":"Fix broken tests","messageBody":"","fileTypesAndContributionMap":{"functional-code":{"insertions":0,"deletions":3},"test-code":{"insertions":95,"deletions":25}}},{"hash":"04f98502a9c16a16563c719a5f99270352304ac0","messageTitle":"Add simple UI to list out projects","messageBody":"","fileTypesAndContributionMap":{"functional-code":{"insertions":119,"deletions":3}}},{"hash":"ce9348dd72517a787af73ada589225d4ebcb5f54","messageTitle":"Fix null being represented as \"null\" instead of null","messageBody":"","fileTypesAndContributionMap":{"functional-code":{"insertions":3,"deletions":3}}}]},{"date":"2021-03-12","commitResults":[{"hash":"a7c6b0dc7a7d4c9c13a4b513b353144a57f3c531","messageTitle":"Add by as attribute to completable to avoid having to return null in overridden method","messageBody":"","fileTypesAndContributionMap":{"functional-code":{"insertions":29,"deletions":30}}},{"hash":"c56b982fc4bb86ccdcec9a2ed11b90251b18a739","messageTitle":"Fix broken tests","messageBody":"","fileTypesAndContributionMap":{"functional-code":{"insertions":4,"deletions":2}}},{"hash":"46e9b3042c5b07e16e8cbb88b80c8b4879356af0","messageTitle":"Fix checkstyle violations","messageBody":"","fileTypesAndContributionMap":{"functional-code":{"insertions":0,"deletions":1}}}]},{"date":"2021-03-13","commitResults":[{"hash":"4df2c7233770c9d72ccf447fdf52bf7cf41915a1","messageTitle":"Abstract out UI commands","messageBody":"","fileTypesAndContributionMap":{"functional-code":{"insertions":46,"deletions":24},"test-code":{"insertions":14,"deletions":7}}},{"hash":"f873af4104386fe3ed61d1869cae87b9a4c6d9be","messageTitle":"Add unit tests","messageBody":"","fileTypesAndContributionMap":{"functional-code":{"insertions":4,"deletions":3},"test-code":{"insertions":24,"deletions":0}}},{"hash":"ef5f3ee9409f79155c1abe619f1cafa922bc4eb8","messageTitle":"Add methods to switch tabs","messageBody":"","fileTypesAndContributionMap":{"functional-code":{"insertions":18,"deletions":0}}},{"hash":"04f3cfe834cc10e8682974d47e84403b941b4960","messageTitle":"Add listP and listC commands","messageBody":"","fileTypesAndContributionMap":{"functional-code":{"insertions":43,"deletions":6},"other":{"insertions":11,"deletions":7},"test-code":{"insertions":17,"deletions":6}}},{"hash":"bb6d463d176aff092f01d07ee68cb82961081f14","messageTitle":"Add tests","messageBody":"","fileTypesAndContributionMap":{"functional-code":{"insertions":31,"deletions":0},"test-code":{"insertions":114,"deletions":1}}},{"hash":"a57f520cd5fc00dab9f1abdb4e77275431ecd491","messageTitle":"Fix typo: person -\u003e projects","messageBody":"","fileTypesAndContributionMap":{"functional-code":{"insertions":2,"deletions":2}}}]}]},"authorFileTypeContributionMap":{"lirc572":{"docs":16,"functional-code":0,"test-code":0},"vevek":{"docs":31,"functional-code":1265,"test-code":297},"Eriksen2411":{"docs":32,"functional-code":269,"test-code":1},"samuelfangjw":{"docs":161,"functional-code":1929,"test-code":628,"other":1}},"authorContributionVariance":{"lirc572":18.581606,"vevek":118373.53,"Eriksen2411":7074.6597,"samuelfangjw":83946.56},"authorDisplayNameMap":{"lirc572":"CS2103T-T11-2 LI R..CHEN","vevek":"CS2103T-T11-2 VEVE..LVAM","Eriksen2411":"CS2103T-T11-2 NGUY..DANH","samuelfangjw":"CS2103T-T11-2 FANG..MUEL"}}
