{"repoSenseVersion":"451f11b74c","reportGeneratedTime":"Sun Mar 28 00:27:45 2021 UTC+08:00","reportGenerationTime":" 3 minute(s) 10.54 second(s)","zoneId":"UTC+08:00","reportTitle":"RepoSense Report","repos":[{"location":{"location":"https://github.com/AY2021S2-CS2103-T16-2/tp.git","repoName":"tp","organization":"AY2021S2-CS2103-T16-2"},"branch":"master","displayName":"AY2021S2-CS2103-T16-2/tp[master]","outputFolderName":"AY2021S2-CS2103-T16-2_tp_master"},{"location":{"location":"https://github.com/AY2021S2-CS2103-W16-2/tp.git","repoName":"tp","organization":"AY2021S2-CS2103-W16-2"},"branch":"master","displayName":"AY2021S2-CS2103-W16-2/tp[master]","outputFolderName":"AY2021S2-CS2103-W16-2_tp_master"},{"location":{"location":"https://github.com/AY2021S2-CS2103-T14-4/tp.git","repoName":"tp","organization":"AY2021S2-CS2103-T14-4"},"branch":"master","displayName":"AY2021S2-CS2103-T14-4/tp[master]","outputFolderName":"AY2021S2-CS2103-T14-4_tp_master"},{"location":{"location":"https://github.com/AY2021S2-CS2103-W16-3/tp.git","repoName":"tp","organization":"AY2021S2-CS2103-W16-3"},"branch":"master","displayName":"AY2021S2-CS2103-W16-3/tp[master]","outputFolderName":"AY2021S2-CS2103-W16-3_tp_master"},{"location":{"location":"https://github.com/AY2021S2-CS2103-T16-3/tp.git","repoName":"tp","organization":"AY2021S2-CS2103-T16-3"},"branch":"master","displayName":"AY2021S2-CS2103-T16-3/tp[master]","outputFolderName":"AY2021S2-CS2103-T16-3_tp_master"},{"location":{"location":"https://github.com/AY2021S2-CS2103-T14-3/tp.git","repoName":"tp","organization":"AY2021S2-CS2103-T14-3"},"branch":"master","displayName":"AY2021S2-CS2103-T14-3/tp[master]","outputFolderName":"AY2021S2-CS2103-T14-3_tp_master"},{"location":{"location":"https://github.com/AY2021S2-CS2103-W16-1/tp.git","repoName":"tp","organization":"AY2021S2-CS2103-W16-1"},"branch":"master","displayName":"AY2021S2-CS2103-W16-1/tp[master]","outputFolderName":"AY2021S2-CS2103-W16-1_tp_master"},{"location":{"location":"https://github.com/AY2021S2-CS2103-T14-1/tp.git","repoName":"tp","organization":"AY2021S2-CS2103-T14-1"},"branch":"master","displayName":"AY2021S2-CS2103-T14-1/tp[master]","outputFolderName":"AY2021S2-CS2103-T14-1_tp_master"},{"location":{"location":"https://github.com/AY2021S2-CS2103-W17-2/tp.git","repoName":"tp","organization":"AY2021S2-CS2103-W17-2"},"branch":"master","displayName":"AY2021S2-CS2103-W17-2/tp[master]","outputFolderName":"AY2021S2-CS2103-W17-2_tp_master"},{"location":{"location":"https://github.com/AY2021S2-CS2103-T14-2/tp.git","repoName":"tp","organization":"AY2021S2-CS2103-T14-2"},"branch":"master","displayName":"AY2021S2-CS2103-T14-2/tp[master]","outputFolderName":"AY2021S2-CS2103-T14-2_tp_master"},{"location":{"location":"https://github.com/AY2021S2-CS2103-W17-1/tp.git","repoName":"tp","organization":"AY2021S2-CS2103-W17-1"},"branch":"master","displayName":"AY2021S2-CS2103-W17-1/tp[master]","outputFolderName":"AY2021S2-CS2103-W17-1_tp_master"},{"location":{"location":"https://github.com/AY2021S2-CS2103-W16-4/tp.git","repoName":"tp","organization":"AY2021S2-CS2103-W16-4"},"branch":"master","displayName":"AY2021S2-CS2103-W16-4/tp[master]","outputFolderName":"AY2021S2-CS2103-W16-4_tp_master"},{"location":{"location":"https://github.com/AY2021S2-CS2103-T16-1/tp.git","repoName":"tp","organization":"AY2021S2-CS2103-T16-1"},"branch":"master","displayName":"AY2021S2-CS2103-T16-1/tp[master]","outputFolderName":"AY2021S2-CS2103-T16-1_tp_master"},{"location":{"location":"https://github.com/AY2021S2-CS2103-W17-4/tp.git","repoName":"tp","organization":"AY2021S2-CS2103-W17-4"},"branch":"master","displayName":"AY2021S2-CS2103-W17-4/tp[master]","outputFolderName":"AY2021S2-CS2103-W17-4_tp_master"},{"location":{"location":"https://github.com/AY2021S2-CS2103-W17-3/tp.git","repoName":"tp","organization":"AY2021S2-CS2103-W17-3"},"branch":"master","displayName":"AY2021S2-CS2103-W17-3/tp[master]","outputFolderName":"AY2021S2-CS2103-W17-3_tp_master"},{"location":{"location":"https://github.com/AY2021S2-CS2103T-T11-3/tp.git","repoName":"tp","organization":"AY2021S2-CS2103T-T11-3"},"branch":"master","displayName":"AY2021S2-CS2103T-T11-3/tp[master]","outputFolderName":"AY2021S2-CS2103T-T11-3_tp_master"},{"location":{"location":"https://github.com/AY2021S2-CS2103T-W12-2/tp.git","repoName":"tp","organization":"AY2021S2-CS2103T-W12-2"},"branch":"master","displayName":"AY2021S2-CS2103T-W12-2/tp[master]","outputFolderName":"AY2021S2-CS2103T-W12-2_tp_master"},{"location":{"location":"https://github.com/AY2021S2-CS2103T-W13-1/tp.git","repoName":"tp","organization":"AY2021S2-CS2103T-W13-1"},"branch":"master","displayName":"AY2021S2-CS2103T-W13-1/tp[master]","outputFolderName":"AY2021S2-CS2103T-W13-1_tp_master"},{"location":{"location":"https://github.com/AY2021S2-CS2103T-W10-3/tp.git","repoName":"tp","organization":"AY2021S2-CS2103T-W10-3"},"branch":"master","displayName":"AY2021S2-CS2103T-W10-3/tp[master]","outputFolderName":"AY2021S2-CS2103T-W10-3_tp_master"},{"location":{"location":"https://github.com/AY2021S2-CS2103T-W15-3/tp.git","repoName":"tp","organization":"AY2021S2-CS2103T-W15-3"},"branch":"master","displayName":"AY2021S2-CS2103T-W15-3/tp[master]","outputFolderName":"AY2021S2-CS2103T-W15-3_tp_master"},{"location":{"location":"https://github.com/AY2021S2-CS2103T-T13-4/tp.git","repoName":"tp","organization":"AY2021S2-CS2103T-T13-4"},"branch":"master","displayName":"AY2021S2-CS2103T-T13-4/tp[master]","outputFolderName":"AY2021S2-CS2103T-T13-4_tp_master"},{"location":{"location":"https://github.com/AY2021S2-CS2103T-W14-1/tp.git","repoName":"tp","organization":"AY2021S2-CS2103T-W14-1"},"branch":"master","displayName":"AY2021S2-CS2103T-W14-1/tp[master]","outputFolderName":"AY2021S2-CS2103T-W14-1_tp_master"},{"location":{"location":"https://github.com/AY2021S2-CS2103T-T11-2/tp.git","repoName":"tp","organization":"AY2021S2-CS2103T-T11-2"},"branch":"master","displayName":"AY2021S2-CS2103T-T11-2/tp[master]","outputFolderName":"AY2021S2-CS2103T-T11-2_tp_master"},{"location":{"location":"https://github.com/AY2021S2-CS2103T-W15-1/tp.git","repoName":"tp","organization":"AY2021S2-CS2103T-W15-1"},"branch":"master","displayName":"AY2021S2-CS2103T-W15-1/tp[master]","outputFolderName":"AY2021S2-CS2103T-W15-1_tp_master"},{"location":{"location":"https://github.com/AY2021S2-CS2103T-W13-3/tp.git","repoName":"tp","organization":"AY2021S2-CS2103T-W13-3"},"branch":"master","displayName":"AY2021S2-CS2103T-W13-3/tp[master]","outputFolderName":"AY2021S2-CS2103T-W13-3_tp_master"},{"location":{"location":"https://github.com/AY2021S2-CS2103T-W10-4/tp.git","repoName":"tp","organization":"AY2021S2-CS2103T-W10-4"},"branch":"master","displayName":"AY2021S2-CS2103T-W10-4/tp[master]","outputFolderName":"AY2021S2-CS2103T-W10-4_tp_master"},{"location":{"location":"https://github.com/AY2021S2-CS2103T-T12-1/tp.git","repoName":"tp","organization":"AY2021S2-CS2103T-T12-1"},"branch":"master","displayName":"AY2021S2-CS2103T-T12-1/tp[master]","outputFolderName":"AY2021S2-CS2103T-T12-1_tp_master"},{"location":{"location":"https://github.com/AY2021S2-CS2103T-W10-2/tp.git","repoName":"tp","organization":"AY2021S2-CS2103T-W10-2"},"branch":"master","displayName":"AY2021S2-CS2103T-W10-2/tp[master]","outputFolderName":"AY2021S2-CS2103T-W10-2_tp_master"},{"location":{"location":"https://github.com/AY2021S2-CS2103T-T12-4/tp.git","repoName":"tp","organization":"AY2021S2-CS2103T-T12-4"},"branch":"master","displayName":"AY2021S2-CS2103T-T12-4/tp[master]","outputFolderName":"AY2021S2-CS2103T-T12-4_tp_master"},{"location":{"location":"https://github.com/AY2021S2-CS2103T-W12-1/tp.git","repoName":"tp","organization":"AY2021S2-CS2103T-W12-1"},"branch":"master","displayName":"AY2021S2-CS2103T-W12-1/tp[master]","outputFolderName":"AY2021S2-CS2103T-W12-1_tp_master"},{"location":{"location":"https://github.com/AY2021S2-CS2103T-W13-4/tp.git","repoName":"tp","organization":"AY2021S2-CS2103T-W13-4"},"branch":"master","displayName":"AY2021S2-CS2103T-W13-4/tp[master]","outputFolderName":"AY2021S2-CS2103T-W13-4_tp_master"},{"location":{"location":"https://github.com/AY2021S2-CS2103T-T11-4/tp.git","repoName":"tp","organization":"AY2021S2-CS2103T-T11-4"},"branch":"master","displayName":"AY2021S2-CS2103T-T11-4/tp[master]","outputFolderName":"AY2021S2-CS2103T-T11-4_tp_master"},{"location":{"location":"https://github.com/AY2021S2-CS2103T-T10-2/tp.git","repoName":"tp","organization":"AY2021S2-CS2103T-T10-2"},"branch":"master","displayName":"AY2021S2-CS2103T-T10-2/tp[master]","outputFolderName":"AY2021S2-CS2103T-T10-2_tp_master"},{"location":{"location":"https://github.com/AY2021S2-CS2103T-W15-2/tp.git","repoName":"tp","organization":"AY2021S2-CS2103T-W15-2"},"branch":"master","displayName":"AY2021S2-CS2103T-W15-2/tp[master]","outputFolderName":"AY2021S2-CS2103T-W15-2_tp_master"},{"location":{"location":"https://github.com/AY2021S2-CS2103T-W15-4/tp.git","repoName":"tp","organization":"AY2021S2-CS2103T-W15-4"},"branch":"master","displayName":"AY2021S2-CS2103T-W15-4/tp[master]","outputFolderName":"AY2021S2-CS2103T-W15-4_tp_master"},{"location":{"location":"https://github.com/AY2021S2-CS2103T-W12-3/tp.git","repoName":"tp","organization":"AY2021S2-CS2103T-W12-3"},"branch":"master","displayName":"AY2021S2-CS2103T-W12-3/tp[master]","outputFolderName":"AY2021S2-CS2103T-W12-3_tp_master"},{"location":{"location":"https://github.com/AY2021S2-CS2103T-T11-1/tp.git","repoName":"tp","organization":"AY2021S2-CS2103T-T11-1"},"branch":"master","displayName":"AY2021S2-CS2103T-T11-1/tp[master]","outputFolderName":"AY2021S2-CS2103T-T11-1_tp_master"},{"location":{"location":"https://github.com/AY2021S2-CS2103T-T12-2/tp.git","repoName":"tp","organization":"AY2021S2-CS2103T-T12-2"},"branch":"master","displayName":"AY2021S2-CS2103T-T12-2/tp[master]","outputFolderName":"AY2021S2-CS2103T-T12-2_tp_master"},{"location":{"location":"https://github.com/AY2021S2-CS2103T-T13-3/tp.git","repoName":"tp","organization":"AY2021S2-CS2103T-T13-3"},"branch":"master","displayName":"AY2021S2-CS2103T-T13-3/tp[master]","outputFolderName":"AY2021S2-CS2103T-T13-3_tp_master"},{"location":{"location":"https://github.com/AY2021S2-CS2103T-W10-1/tp.git","repoName":"tp","organization":"AY2021S2-CS2103T-W10-1"},"branch":"master","displayName":"AY2021S2-CS2103T-W10-1/tp[master]","outputFolderName":"AY2021S2-CS2103T-W10-1_tp_master"},{"location":{"location":"https://github.com/AY2021S2-CS2103T-T12-3/tp.git","repoName":"tp","organization":"AY2021S2-CS2103T-T12-3"},"branch":"master","displayName":"AY2021S2-CS2103T-T12-3/tp[master]","outputFolderName":"AY2021S2-CS2103T-T12-3_tp_master"},{"location":{"location":"https://github.com/AY2021S2-CS2103T-W14-2/tp.git","repoName":"tp","organization":"AY2021S2-CS2103T-W14-2"},"branch":"master","displayName":"AY2021S2-CS2103T-W14-2/tp[master]","outputFolderName":"AY2021S2-CS2103T-W14-2_tp_master"},{"location":{"location":"https://github.com/AY2021S2-CS2103T-W13-2/tp.git","repoName":"tp","organization":"AY2021S2-CS2103T-W13-2"},"branch":"master","displayName":"AY2021S2-CS2103T-W13-2/tp[master]","outputFolderName":"AY2021S2-CS2103T-W13-2_tp_master"},{"location":{"location":"https://github.com/AY2021S2-CS2103T-W14-4/tp.git","repoName":"tp","organization":"AY2021S2-CS2103T-W14-4"},"branch":"master","displayName":"AY2021S2-CS2103T-W14-4/tp[master]","outputFolderName":"AY2021S2-CS2103T-W14-4_tp_master"},{"location":{"location":"https://github.com/AY2021S2-CS2103T-T13-2/tp.git","repoName":"tp","organization":"AY2021S2-CS2103T-T13-2"},"branch":"master","displayName":"AY2021S2-CS2103T-T13-2/tp[master]","outputFolderName":"AY2021S2-CS2103T-T13-2_tp_master"},{"location":{"location":"https://github.com/AY2021S2-CS2103T-T13-1/tp.git","repoName":"tp","organization":"AY2021S2-CS2103T-T13-1"},"branch":"master","displayName":"AY2021S2-CS2103T-T13-1/tp[master]","outputFolderName":"AY2021S2-CS2103T-T13-1_tp_master"},{"location":{"location":"https://github.com/AY2021S2-CS2103T-T10-1/tp.git","repoName":"tp","organization":"AY2021S2-CS2103T-T10-1"},"branch":"master","displayName":"AY2021S2-CS2103T-T10-1/tp[master]","outputFolderName":"AY2021S2-CS2103T-T10-1_tp_master"},{"location":{"location":"https://github.com/AY2021S2-CS2103T-W14-3/tp.git","repoName":"tp","organization":"AY2021S2-CS2103T-W14-3"},"branch":"master","displayName":"AY2021S2-CS2103T-W14-3/tp[master]","outputFolderName":"AY2021S2-CS2103T-W14-3_tp_master"}],"errorList":[],"sinceDate":"2021-02-19","untilDate":"2021-03-27","isSinceDateProvided":true,"isUntilDateProvided":false}
