{"authorDailyContributionsMap":{"JQchong":[{"date":"2021-02-27","commitResults":[{"hash":"57ef765a2f70f75ef2776ef061a20a0757f637a1","messageTitle":"Update README.md","messageBody":"","fileTypesAndContributionMap":{"docs":{"insertions":11,"deletions":11}}}]},{"date":"2021-03-02","commitResults":[{"hash":"146e0ebf3fc58130952eeaa0cfe233a64b628dbb","messageTitle":"Implement filter by tag","messageBody":"The address book does not allow users to filter the list of contacts by\ntags.\n\nThis is inconvenient if users wish to see all the contacts with the same\ntag, e.g. all of user\u0027s friends.\n\nSuch a feature allows users to filter their contacts more easily as users\ncan isolate the contacts within the same category, instead of just\nsimilar sounding names.\n\nLet\u0027s enhance the find command by supporting different types of\nattributes.\n","fileTypesAndContributionMap":{"functional-code":{"insertions":109,"deletions":13},"test-code":{"insertions":116,"deletions":13}}},{"hash":"eaafb48f384ad9878a45c1b13e4b3861af8f4db1","messageTitle":"Update UserGuide.md","messageBody":"","fileTypesAndContributionMap":{"docs":{"insertions":7,"deletions":6}}},{"hash":"a90a6c966372049be0b8ff1740c4ad0bad0f64db","messageTitle":"Update UserGuide.md","messageBody":"","fileTypesAndContributionMap":{"docs":{"insertions":4,"deletions":3}}},{"hash":"336d591011c6087eb559e7cb3dd649ef7f599ee0","messageTitle":"Update DeveloperGuide.md","messageBody":"","fileTypesAndContributionMap":{"docs":{"insertions":41,"deletions":2}}},{"hash":"7de988274a5b20bb45ae8eba6e0c18bfffc9ff2a","messageTitle":"Fix empty keywords bug","messageBody":"","fileTypesAndContributionMap":{"functional-code":{"insertions":5,"deletions":1}}}]},{"date":"2021-03-03","commitResults":[{"hash":"1d02fd5f110e511d194c356f7c66d12cc895dfef","messageTitle":"Update DeveloperGuide.md","messageBody":"","fileTypesAndContributionMap":{"docs":{"insertions":59,"deletions":20}}},{"hash":"871ee4a00ccea2763503b8e3df6daea6b489c13c","messageTitle":"Revert \"Update DeveloperGuide.md\"","messageBody":"This reverts commit 336d591011c6087eb559e7cb3dd649ef7f599ee0.\n","fileTypesAndContributionMap":{"docs":{"insertions":2,"deletions":41}}}]},{"date":"2021-03-10","commitResults":[{"hash":"5758e8e2610e2a376075744a77152597d11051b0","messageTitle":"Update repo and app name","messageBody":"","fileTypesAndContributionMap":{"docs":{"insertions":3,"deletions":3}}}]},{"date":"2021-03-21","commitResults":[{"hash":"ae827e55ebde7cc23d99ff93c51a793939dae472","messageTitle":"Implement undo feature","messageBody":"","fileTypesAndContributionMap":{"functional-code":{"insertions":119,"deletions":3},"test-code":{"insertions":178,"deletions":6}}}]},{"date":"2021-03-24","commitResults":[{"hash":"a4833443a966ff2fc342ea2204c018fdcd12746f","messageTitle":"Change command text checking logic","messageBody":"","fileTypesAndContributionMap":{"functional-code":{"insertions":1,"deletions":1}}},{"hash":"e9fb9a2a340d8c75513c4fbf07e834468e08bd24","messageTitle":"Update test cases to accommodate new sort","messageBody":"","fileTypesAndContributionMap":{"test-code":{"insertions":1,"deletions":1}}},{"hash":"e92d928a9b1040fae576b1e450595c745763b226","messageTitle":"Draw sequence diagram for find command","messageBody":"","fileTypesAndContributionMap":{"docs":{"insertions":67,"deletions":0}}},{"hash":"a7996a8c5568ff69cba39078fdb027c832277015","messageTitle":"Update dev guide for find command","messageBody":"","fileTypesAndContributionMap":{"docs":{"insertions":38,"deletions":0}}},{"hash":"dc8f3235b74273cbaea2609475f2fd9b9679b6b0","messageTitle":"Include EOF","messageBody":"","fileTypesAndContributionMap":{"docs":{"insertions":2,"deletions":2}}},{"hash":"192c32b65814012cad7e293cc528d1d3a8f4cb6f","messageTitle":"Implement traversing command feature","messageBody":"","fileTypesAndContributionMap":{"functional-code":{"insertions":120,"deletions":0},"test-code":{"insertions":65,"deletions":0}}},{"hash":"8a5cef2e6a60738a262b3ea0387303a1aeac9724","messageTitle":"Improve code quality","messageBody":"","fileTypesAndContributionMap":{"functional-code":{"insertions":1,"deletions":1},"test-code":{"insertions":1,"deletions":1}}},{"hash":"ec0e44e6fc5ac5974d775b19abac6aafe1148616","messageTitle":"Update UserGuide.md","messageBody":"","fileTypesAndContributionMap":{"docs":{"insertions":4,"deletions":0}}},{"hash":"06dd9f2c1f2bf0b650206f8eb3a5eeb46d0877b1","messageTitle":"Change how traversing works","messageBody":"","fileTypesAndContributionMap":{"functional-code":{"insertions":12,"deletions":7},"test-code":{"insertions":2,"deletions":2}}}]},{"date":"2021-03-26","commitResults":[{"hash":"185bcfa753fcb44711c825a98a1e19a6a8893009","messageTitle":"Update UI","messageBody":"... to make it more palatable...\n","fileTypesAndContributionMap":{"functional-code":{"insertions":33,"deletions":5}}},{"hash":"a66954bcd9bed31f74f37f2d417f69dfe8331a59","messageTitle":"Improve code quality","messageBody":"","fileTypesAndContributionMap":{"functional-code":{"insertions":2,"deletions":1}}},{"hash":"ac34c0ed2b68df126d997bf206194b5909ed4e23","messageTitle":"Change blacklist name colour","messageBody":"","fileTypesAndContributionMap":{"functional-code":{"insertions":1,"deletions":1}}}]},{"date":"2021-03-27","commitResults":[{"hash":"e3e0593768119d54b79e3e6b7b9534f3460856fa","messageTitle":"Fix system messages","messageBody":"","fileTypesAndContributionMap":{"functional-code":{"insertions":2,"deletions":2}}},{"hash":"556d42be69508b9c913c439b9725a1a4d899ac13","messageTitle":"Remove message usage field","messageBody":"","fileTypesAndContributionMap":{"functional-code":{"insertions":0,"deletions":2}}}]},{"date":"2021-03-28","commitResults":[{"hash":"3c0661e1cc8ad5118d41942cc356c020767ac91e","messageTitle":"Implement find people by address","messageBody":"","fileTypesAndContributionMap":{"functional-code":{"insertions":56,"deletions":8},"test-code":{"insertions":48,"deletions":22}}}]},{"date":"2021-03-30","commitResults":[{"hash":"71f542601031b5ace2049c5265c4f021b2e2411a","messageTitle":"AddressBookParserTest.java: Remove unused import","messageBody":"","fileTypesAndContributionMap":{"test-code":{"insertions":0,"deletions":1}}}]},{"date":"2021-03-31","commitResults":[{"hash":"0adc702a4650f6f7885c715cd03b6a11f3d9e97b","messageTitle":"Fix command list reset bug","messageBody":"Apparently, the command list is reset every time user changes to from dark mode to light mode and vice versa...\n","fileTypesAndContributionMap":{"functional-code":{"insertions":21,"deletions":1},"test-code":{"insertions":1,"deletions":1}}},{"hash":"645903a8755ea8df6573c9e63f151a0e64572801","messageTitle":"Update documentation","messageBody":"","fileTypesAndContributionMap":{"docs":{"insertions":40,"deletions":72}}},{"hash":"5b6208a602492c2532f9081c17aea32d55521214","messageTitle":"Update documentation bug and codecov badge","messageBody":"","fileTypesAndContributionMap":{"functional-code":{"insertions":10,"deletions":10},"docs":{"insertions":1,"deletions":0}}},{"hash":"8958554c0398124a98544818d410fa4d8c711fbe","messageTitle":"Change CI status","messageBody":"","fileTypesAndContributionMap":{"docs":{"insertions":1,"deletions":1}}}]}],"ampan98":[{"date":"2021-02-27","commitResults":[{"hash":"a41c013239fa3a5fcb4a5d3118c475857ee08373","messageTitle":"Update DeveloperGuide.md","messageBody":"","fileTypesAndContributionMap":{"docs":{"insertions":51,"deletions":9}}}]},{"date":"2021-03-10","commitResults":[{"hash":"3bac5c6b704e2f2d2395ef01c1ad62e15e9db0bc","messageTitle":"Add blacklist feature and tests","messageBody":"","fileTypesAndContributionMap":{"functional-code":{"insertions":206,"deletions":14},"test-code":{"insertions":240,"deletions":41}}},{"hash":"bf79c1da9ddb2b23028ea66322208016e40ea322","messageTitle":"Fix checkstyle errors","messageBody":"","fileTypesAndContributionMap":{"functional-code":{"insertions":15,"deletions":7}}},{"hash":"c380458e5dbbf84d7c3ce79ab0e267eebcfeaeab","messageTitle":"Fix indentation error","messageBody":"","fileTypesAndContributionMap":{"test-code":{"insertions":1,"deletions":1}}},{"hash":"490ccc5f87cc9e8b4953cefb9176945e1073d16f","messageTitle":"Update guides","messageBody":"","fileTypesAndContributionMap":{"docs":{"insertions":11,"deletions":9}}},{"hash":"98b498a6a6146abe483b7e21a53a4a3eb1738b29","messageTitle":"Update guides to be more consistent","messageBody":"","fileTypesAndContributionMap":{"docs":{"insertions":62,"deletions":61}}}]},{"date":"2021-03-23","commitResults":[{"hash":"aba8df6a4cc60d6e80bd81fe51d7299173969f6b","messageTitle":"Update code and documentation for blacklist feature","messageBody":"","fileTypesAndContributionMap":{"functional-code":{"insertions":3,"deletions":1},"docs":{"insertions":137,"deletions":0}}},{"hash":"9d0ced48e3b10f536c5a1d0a70ff4c4a32df76d2","messageTitle":"Fix checkstyle error","messageBody":"","fileTypesAndContributionMap":{"docs":{"insertions":1,"deletions":1}}}]},{"date":"2021-03-24","commitResults":[{"hash":"da0da105c83e24aef8edad5b12d9a76b656457eb","messageTitle":"Add logging for BlacklistCommand","messageBody":"","fileTypesAndContributionMap":{"functional-code":{"insertions":25,"deletions":6}}},{"hash":"a58a20ea71ae13399b5aa23efce4cbdf610a045d","messageTitle":"Update build.gradle","messageBody":"","fileTypesAndContributionMap":{"other":{"insertions":5,"deletions":1}}}]},{"date":"2021-03-28","commitResults":[{"hash":"cdc9d6f1047595f3643c5e95616b2af84b9086e7","messageTitle":"Move method implementation from BlacklistCommand to Model","messageBody":"","fileTypesAndContributionMap":{"functional-code":{"insertions":64,"deletions":38},"docs":{"insertions":1,"deletions":1},"test-code":{"insertions":5,"deletions":0}}},{"hash":"b8b8d5480cf8b69b799c637673ebcef7cd58775f","messageTitle":"Fix checkstyle errors","messageBody":"","fileTypesAndContributionMap":{"functional-code":{"insertions":7,"deletions":2}}}]},{"date":"2021-03-30","commitResults":[{"hash":"26d98a566d238404b83cea9d4a1ec44b91384135","messageTitle":"Add collect feature and tests","messageBody":"","fileTypesAndContributionMap":{"functional-code":{"insertions":212,"deletions":0},"docs":{"insertions":30,"deletions":7},"test-code":{"insertions":156,"deletions":2}}},{"hash":"9906cb59997a8572d42dd582223db1a9cfaa2507","messageTitle":"Fix checkstyle issues","messageBody":"","fileTypesAndContributionMap":{"functional-code":{"insertions":7,"deletions":8}}},{"hash":"ff485e0aeca0739b6f55b82b321bf3dfc8397885","messageTitle":"Fix checkstyle issues","messageBody":"","fileTypesAndContributionMap":{"test-code":{"insertions":2,"deletions":4}}}]},{"date":"2021-03-31","commitResults":[{"hash":"f6bff8fb65bc15c036c4dacca39d2eb2d20443a7","messageTitle":"Update UI screenshot for index.md","messageBody":"","fileTypesAndContributionMap":{"docs":{"insertions":2,"deletions":2}}},{"hash":"e31b2a5d74fd676bfafc5319bf800f877c622afd","messageTitle":"Update code status links","messageBody":"","fileTypesAndContributionMap":{"docs":{"insertions":2,"deletions":2}}}]}],"rjeez":[{"date":"2021-02-27","commitResults":[{"hash":"cb254dbbd6189957dfaecc7f8c5d782289dca09e","messageTitle":"Update UserGuide.md","messageBody":"","fileTypesAndContributionMap":{"docs":{"insertions":39,"deletions":1}}}]},{"date":"2021-03-03","commitResults":[{"hash":"9ee82f62fe6d9771483e6c097d41e7b5ba42618c","messageTitle":"Update developer guide","messageBody":"","fileTypesAndContributionMap":{"other":{"insertions":63,"deletions":0},"docs":{"insertions":15,"deletions":0}}},{"hash":"569af34595f96f92a179babbad7e997ddf7883d2","messageTitle":"Delete workspace.xml","messageBody":"","fileTypesAndContributionMap":{"other":{"insertions":0,"deletions":63}}}]},{"date":"2021-03-05","commitResults":[{"hash":"8c1bfccfbef17ff41aed1d6aa5d838de72ee02a0","messageTitle":"Add mode of contact as an attribute for each contact","messageBody":"","fileTypesAndContributionMap":{"functional-code":{"insertions":119,"deletions":28},"test-code":{"insertions":151,"deletions":139}}},{"hash":"69708a8a5498be242b850639258416b73f4945cd","messageTitle":"Fix Checkstyle","messageBody":"","fileTypesAndContributionMap":{"functional-code":{"insertions":51,"deletions":20}}},{"hash":"6b5d061bfe26f89fa110beee2f2d2daa5400db3a","messageTitle":"Fix checkstyle errors","messageBody":"","fileTypesAndContributionMap":{"functional-code":{"insertions":7,"deletions":5}}},{"hash":"2670513159754b573887020555bc7fc075868fbb","messageTitle":"Fix checkstyle error","messageBody":"","fileTypesAndContributionMap":{"functional-code":{"insertions":1,"deletions":2}}}]},{"date":"2021-03-06","commitResults":[{"hash":"19676314613d943f4eedd75c8cfa16b928a1f8a3","messageTitle":"fix checkstyle errors","messageBody":"","fileTypesAndContributionMap":{"test-code":{"insertions":128,"deletions":22}}},{"hash":"5231694009cd419a985bf75793ec87f813ab74a9","messageTitle":"fix checkstyle errors","messageBody":"","fileTypesAndContributionMap":{"test-code":{"insertions":0,"deletions":1}}},{"hash":"101c06038502226b4a6926cf0cf8f3b9615edbd1","messageTitle":"Fix test error","messageBody":"","fileTypesAndContributionMap":{"test-code":{"insertions":13,"deletions":11}}}]},{"date":"2021-03-20","commitResults":[{"hash":"89a970f349a94e7dda292c929ecd187671b2cf8e","messageTitle":"Remove print statements","messageBody":"","fileTypesAndContributionMap":{"functional-code":{"insertions":0,"deletions":1},"test-code":{"insertions":0,"deletions":2}}}]},{"date":"2021-03-25","commitResults":[{"hash":"ed264bd44f8b68eeb350523d41a2913282cf6b94","messageTitle":"Update developer guide for mode of contact","messageBody":"","fileTypesAndContributionMap":{"functional-code":{"insertions":1,"deletions":0},"docs":{"insertions":57,"deletions":0}}},{"hash":"a6dcc899f0e117f4c998a9d2f680e3025e9dabff","messageTitle":"Add new line at EOF","messageBody":"","fileTypesAndContributionMap":{"docs":{"insertions":1,"deletions":1}}}]},{"date":"2021-03-29","commitResults":[{"hash":"dfd257be0fd6051156155880fd91f9998ae40081","messageTitle":"Add ability to switch between light and dark mode","messageBody":"","fileTypesAndContributionMap":{"functional-code":{"insertions":94,"deletions":9}}},{"hash":"bd314be81312b01f23e56da14721040c7df4ab46","messageTitle":"Fix CheckStyles","messageBody":"","fileTypesAndContributionMap":{"functional-code":{"insertions":2,"deletions":1}}},{"hash":"d66855e9be79cc2ea478a0022cb5e0ca992adf4e","messageTitle":"Fix Checkstyles","messageBody":"","fileTypesAndContributionMap":{"functional-code":{"insertions":14,"deletions":9}}},{"hash":"967721fb3909e8c243ebd6f6e6a308a1882a4873","messageTitle":"Fix Checkstyles","messageBody":"","fileTypesAndContributionMap":{"test-code":{"insertions":14,"deletions":7}}},{"hash":"f6798ccd3940ddd4e57dfdf230551e83c4e0af3f","messageTitle":"Add JUnit tests","messageBody":"","fileTypesAndContributionMap":{"test-code":{"insertions":42,"deletions":0}}},{"hash":"e34cba8be2caefcd2a04939688d21a554ed863f7","messageTitle":"Fix CheckStyles","messageBody":"","fileTypesAndContributionMap":{"test-code":{"insertions":2,"deletions":2}}}]}],"IceBear789":[{"date":"2021-02-27","commitResults":[{"hash":"fdc567fc68b65b39b3a208b66e5d9d791a1d99e2","messageTitle":"Update AboutUs.md","messageBody":"","fileTypesAndContributionMap":{"docs":{"insertions":19,"deletions":29}}},{"hash":"a808fd728ede9e2205877c445968f11c27aa28d0","messageTitle":"Fix typos in AboutUs.md","messageBody":"","fileTypesAndContributionMap":{"docs":{"insertions":193,"deletions":8}}}]},{"date":"2021-02-28","commitResults":[{"hash":"102e002450f42051d326d7ba93e4f2a82cf30cc2","messageTitle":"Add ability to sort list by name","messageBody":"The address book does not have the ability to sort the list by name\nalphabetically.\n\nWhen there are a large number of contacts, the address book may look\ndisorganised and messy.\n\nImplement sort method to sort the list by name in ascending alphabetical\norder.\n\nUsers can thus easily find specific contacts, even if there are a large\nnumber of contacts.\n","fileTypesAndContributionMap":{"functional-code":{"insertions":74,"deletions":1},"docs":{"insertions":6,"deletions":0},"test-code":{"insertions":88,"deletions":0}}}]},{"date":"2021-03-03","commitResults":[{"hash":"5de38c698f101c49b13ae9195ccf297299434fab","messageTitle":"Add ability to add an optional remark for each contact","messageBody":"The address book does not have the ability to store an optional remark\nfor each contact.\n\nWhen there are a large number of contacts, it may be difficult to\nremember some of the contacts.\n\nImplement new method to add an optional remark to each contact.\n\nUsers can thus add an optional remark to certain contacts to make it\neasier to remember.\n","fileTypesAndContributionMap":{"functional-code":{"insertions":254,"deletions":14},"docs":{"insertions":19,"deletions":0},"test-code":{"insertions":115,"deletions":100}}},{"hash":"112601442578972a0034c1c52ab3fc2aea164979","messageTitle":"Fix erros in JUnit tests","messageBody":"","fileTypesAndContributionMap":{"functional-code":{"insertions":4,"deletions":9},"test-code":{"insertions":4,"deletions":12}}},{"hash":"02e88bb10fb5592b1c1af205c4011519fba8749f","messageTitle":"Update developer guide","messageBody":"","fileTypesAndContributionMap":{"docs":{"insertions":46,"deletions":13}}},{"hash":"ead18ce74bed4b9c9b7b5484463feafa26c52d12","messageTitle":"Add JUnit tests for remark command.","messageBody":"","fileTypesAndContributionMap":{"test-code":{"insertions":131,"deletions":53}}},{"hash":"aa72df38c2f7acc373e1e81fdde0d3889b0db47a","messageTitle":"Fix checkstyle errors","messageBody":"","fileTypesAndContributionMap":{"functional-code":{"insertions":32,"deletions":16},"test-code":{"insertions":68,"deletions":12}}}]},{"date":"2021-03-19","commitResults":[{"hash":"59f490b85bf21df2e59a83bbc6968d5554fc10ae","messageTitle":"Fix minor bugs","messageBody":"","fileTypesAndContributionMap":{"test-code":{"insertions":0,"deletions":1}}}]},{"date":"2021-03-24","commitResults":[{"hash":"f29d7ccf152dfca3f4853ffc4838ada8f877a8ec","messageTitle":"Add ability to sort list in descending order","messageBody":"The address book can only sort the list by name in ascending\nalphabetical order, not descending order.\n\nThe user may find it more convient to work with a descending list in\ncertain situations compared to an ascending list.\n\nEnhance sort method to sort the list by name in descending alphabetical\norder.\n\nUsers can thus easily find specific contacts, even if there are a large\nnumber of contacts.\n","fileTypesAndContributionMap":{"functional-code":{"insertions":137,"deletions":22},"docs":{"insertions":8,"deletions":9},"test-code":{"insertions":10,"deletions":9}}},{"hash":"56c6c208388846fe13ccc5185b962276b8f5ce8d","messageTitle":"Add massdelete command","messageBody":"The address book does not have the ability to delete multiple contacts\nat once.\n\nIt may be very time consuming to clear out large numbers of inactive\ncontacts.\n\nImplement new method to delete multiple contacts at once.\n\nThis allows the user to delete groups of contacts simultaneously,\nthus saving time\n","fileTypesAndContributionMap":{"functional-code":{"insertions":122,"deletions":2},"docs":{"insertions":12,"deletions":0}}},{"hash":"c26c1bc8fd0c9ba05edd0f07f294a3e8c24403f4","messageTitle":"Update developer guide for sort command","messageBody":"","fileTypesAndContributionMap":{"functional-code":{"insertions":4,"deletions":3},"docs":{"insertions":85,"deletions":0}}},{"hash":"3652114bf6231a465f203b06a2b4ca69307cad44","messageTitle":"Fix checkstyle errors","messageBody":"","fileTypesAndContributionMap":{"docs":{"insertions":3,"deletions":5}}}]},{"date":"2021-03-29","commitResults":[{"hash":"867d0a1fd0fe8b960073a153adbe68d26c7696ea","messageTitle":"Add mass blacklist feature","messageBody":"SpamEz is currently unable to blacklist multiple contacts at once.\n\nIt can be very tedious and time consuming to blacklist a large number\nof contacts.\n\nImplement the ability to mass blacklist/mass unblacklist multiple\ncontacts simultaneously.\n\nEnable users to blacklist a large number of contacts more efficiently.\n","fileTypesAndContributionMap":{"functional-code":{"insertions":224,"deletions":82},"docs":{"insertions":24,"deletions":10},"test-code":{"insertions":13,"deletions":3}}},{"hash":"401a575ff12f376facb0385a569db646bc9bbd29","messageTitle":"Fix checkstyle errors","messageBody":"","fileTypesAndContributionMap":{"functional-code":{"insertions":1,"deletions":1}}},{"hash":"90470850267549777460a9143a14706122caed1a","messageTitle":"Fix checkstyle","messageBody":"","fileTypesAndContributionMap":{"functional-code":{"insertions":2,"deletions":3}}}]},{"date":"2021-03-31","commitResults":[{"hash":"1cf05dc156b15bd6435841641882dcc04593af09","messageTitle":"Fix user guide link","messageBody":"","fileTypesAndContributionMap":{"functional-code":{"insertions":1,"deletions":1}}}]}]},"authorFileTypeContributionMap":{"JQchong":{"docs":207,"functional-code":482,"test-code":384},"ampan98":{"docs":258,"functional-code":475,"test-code":396,"other":5},"rjeez":{"docs":80,"functional-code":640,"test-code":192},"IceBear789":{"docs":367,"functional-code":717,"test-code":237}},"authorContributionVariance":{"JQchong":7650.363,"ampan98":15041.008,"rjeez":8196.918,"IceBear789":27131.488},"authorDisplayNameMap":{"JQchong":"CS2103-T16-1 CHON..QUAN","ampan98":"CS2103-T16-1 PAN ..NEST","rjeez":"CS2103-T16-1 RYAN.. JEE","IceBear789":"CS2103-T16-1 PAN ..GBIN"}}
