{"authorDailyContributionsMap":{"JQchong":[{"date":"2021-02-27","commitResults":[{"hash":"57ef765a2f70f75ef2776ef061a20a0757f637a1","messageTitle":"Update README.md","messageBody":"","fileTypesAndContributionMap":{"docs":{"insertions":11,"deletions":11}}}]},{"date":"2021-03-02","commitResults":[{"hash":"146e0ebf3fc58130952eeaa0cfe233a64b628dbb","messageTitle":"Implement filter by tag","messageBody":"The address book does not allow users to filter the list of contacts by\ntags.\n\nThis is inconvenient if users wish to see all the contacts with the same\ntag, e.g. all of user\u0027s friends.\n\nSuch a feature allows users to filter their contacts more easily as users\ncan isolate the contacts within the same category, instead of just\nsimilar sounding names.\n\nLet\u0027s enhance the find command by supporting different types of\nattributes.\n","fileTypesAndContributionMap":{"functional-code":{"insertions":109,"deletions":13},"test-code":{"insertions":116,"deletions":13}}},{"hash":"eaafb48f384ad9878a45c1b13e4b3861af8f4db1","messageTitle":"Update UserGuide.md","messageBody":"","fileTypesAndContributionMap":{"docs":{"insertions":7,"deletions":6}}},{"hash":"a90a6c966372049be0b8ff1740c4ad0bad0f64db","messageTitle":"Update UserGuide.md","messageBody":"","fileTypesAndContributionMap":{"docs":{"insertions":4,"deletions":3}}},{"hash":"336d591011c6087eb559e7cb3dd649ef7f599ee0","messageTitle":"Update DeveloperGuide.md","messageBody":"","fileTypesAndContributionMap":{"docs":{"insertions":41,"deletions":2}}},{"hash":"7de988274a5b20bb45ae8eba6e0c18bfffc9ff2a","messageTitle":"Fix empty keywords bug","messageBody":"","fileTypesAndContributionMap":{"functional-code":{"insertions":5,"deletions":1}}}]},{"date":"2021-03-03","commitResults":[{"hash":"1d02fd5f110e511d194c356f7c66d12cc895dfef","messageTitle":"Update DeveloperGuide.md","messageBody":"","fileTypesAndContributionMap":{"docs":{"insertions":59,"deletions":20}}},{"hash":"871ee4a00ccea2763503b8e3df6daea6b489c13c","messageTitle":"Revert \"Update DeveloperGuide.md\"","messageBody":"This reverts commit 336d591011c6087eb559e7cb3dd649ef7f599ee0.\n","fileTypesAndContributionMap":{"docs":{"insertions":2,"deletions":41}}}]},{"date":"2021-03-10","commitResults":[{"hash":"5758e8e2610e2a376075744a77152597d11051b0","messageTitle":"Update repo and app name","messageBody":"","fileTypesAndContributionMap":{"docs":{"insertions":3,"deletions":3}}}]},{"date":"2021-03-21","commitResults":[{"hash":"ae827e55ebde7cc23d99ff93c51a793939dae472","messageTitle":"Implement undo feature","messageBody":"","fileTypesAndContributionMap":{"functional-code":{"insertions":119,"deletions":3},"test-code":{"insertions":178,"deletions":6}}}]},{"date":"2021-03-24","commitResults":[{"hash":"a4833443a966ff2fc342ea2204c018fdcd12746f","messageTitle":"Change command text checking logic","messageBody":"","fileTypesAndContributionMap":{"functional-code":{"insertions":1,"deletions":1}}},{"hash":"e9fb9a2a340d8c75513c4fbf07e834468e08bd24","messageTitle":"Update test cases to accommodate new sort","messageBody":"","fileTypesAndContributionMap":{"test-code":{"insertions":1,"deletions":1}}},{"hash":"e92d928a9b1040fae576b1e450595c745763b226","messageTitle":"Draw sequence diagram for find command","messageBody":"","fileTypesAndContributionMap":{"docs":{"insertions":67,"deletions":0}}},{"hash":"a7996a8c5568ff69cba39078fdb027c832277015","messageTitle":"Update dev guide for find command","messageBody":"","fileTypesAndContributionMap":{"docs":{"insertions":38,"deletions":0}}},{"hash":"dc8f3235b74273cbaea2609475f2fd9b9679b6b0","messageTitle":"Include EOF","messageBody":"","fileTypesAndContributionMap":{"docs":{"insertions":2,"deletions":2}}},{"hash":"192c32b65814012cad7e293cc528d1d3a8f4cb6f","messageTitle":"Implement traversing command feature","messageBody":"","fileTypesAndContributionMap":{"functional-code":{"insertions":122,"deletions":3},"test-code":{"insertions":65,"deletions":0}}},{"hash":"8a5cef2e6a60738a262b3ea0387303a1aeac9724","messageTitle":"Improve code quality","messageBody":"","fileTypesAndContributionMap":{"functional-code":{"insertions":1,"deletions":1},"test-code":{"insertions":1,"deletions":1}}},{"hash":"ec0e44e6fc5ac5974d775b19abac6aafe1148616","messageTitle":"Update UserGuide.md","messageBody":"","fileTypesAndContributionMap":{"docs":{"insertions":4,"deletions":0}}},{"hash":"06dd9f2c1f2bf0b650206f8eb3a5eeb46d0877b1","messageTitle":"Change how traversing works","messageBody":"","fileTypesAndContributionMap":{"functional-code":{"insertions":12,"deletions":7},"test-code":{"insertions":2,"deletions":2}}}]},{"date":"2021-03-26","commitResults":[{"hash":"185bcfa753fcb44711c825a98a1e19a6a8893009","messageTitle":"Update UI","messageBody":"... to make it more palatable...\n","fileTypesAndContributionMap":{"functional-code":{"insertions":61,"deletions":15}}},{"hash":"a66954bcd9bed31f74f37f2d417f69dfe8331a59","messageTitle":"Improve code quality","messageBody":"","fileTypesAndContributionMap":{"functional-code":{"insertions":2,"deletions":1}}},{"hash":"ac34c0ed2b68df126d997bf206194b5909ed4e23","messageTitle":"Change blacklist name colour","messageBody":"","fileTypesAndContributionMap":{"functional-code":{"insertions":1,"deletions":1}}}]},{"date":"2021-03-27","commitResults":[{"hash":"e3e0593768119d54b79e3e6b7b9534f3460856fa","messageTitle":"Fix system messages","messageBody":"","fileTypesAndContributionMap":{"functional-code":{"insertions":2,"deletions":2}}},{"hash":"556d42be69508b9c913c439b9725a1a4d899ac13","messageTitle":"Remove message usage field","messageBody":"","fileTypesAndContributionMap":{"functional-code":{"insertions":0,"deletions":2}}}]},{"date":"2021-03-28","commitResults":[{"hash":"3c0661e1cc8ad5118d41942cc356c020767ac91e","messageTitle":"Implement find people by address","messageBody":"","fileTypesAndContributionMap":{"functional-code":{"insertions":56,"deletions":8},"test-code":{"insertions":48,"deletions":22}}}]},{"date":"2021-03-30","commitResults":[{"hash":"71f542601031b5ace2049c5265c4f021b2e2411a","messageTitle":"AddressBookParserTest.java: Remove unused import","messageBody":"","fileTypesAndContributionMap":{"test-code":{"insertions":0,"deletions":1}}}]},{"date":"2021-03-31","commitResults":[{"hash":"0adc702a4650f6f7885c715cd03b6a11f3d9e97b","messageTitle":"Fix command list reset bug","messageBody":"Apparently, the command list is reset every time user changes to from dark mode to light mode and vice versa...\n","fileTypesAndContributionMap":{"functional-code":{"insertions":21,"deletions":1},"test-code":{"insertions":1,"deletions":1}}},{"hash":"645903a8755ea8df6573c9e63f151a0e64572801","messageTitle":"Update documentation","messageBody":"","fileTypesAndContributionMap":{"docs":{"insertions":40,"deletions":72}}},{"hash":"5b6208a602492c2532f9081c17aea32d55521214","messageTitle":"Update documentation bug and codecov badge","messageBody":"","fileTypesAndContributionMap":{"functional-code":{"insertions":10,"deletions":10},"docs":{"insertions":1,"deletions":0}}},{"hash":"8958554c0398124a98544818d410fa4d8c711fbe","messageTitle":"Change CI status","messageBody":"","fileTypesAndContributionMap":{"docs":{"insertions":1,"deletions":1}}}]},{"date":"2021-04-03","commitResults":[{"hash":"89cf37df0bd6e675bbc439195397b419371ae9b9","messageTitle":"Add support to find by other fields","messageBody":"Test cases will be updated later.\n","fileTypesAndContributionMap":{"functional-code":{"insertions":228,"deletions":14},"test-code":{"insertions":35,"deletions":17}}},{"hash":"197fb16a953a72e1d1e7bce41b7e499cd492d4a1","messageTitle":"Remove black bar due to list updating","messageBody":"","fileTypesAndContributionMap":{"functional-code":{"insertions":1,"deletions":0}}},{"hash":"d6ce17ee8753df077cfe6af00afed96c0e2b2764","messageTitle":"Include isSubstring method","messageBody":"Long story short, I accidentally discarded the wrong change\nas I was fixing issue #76 too.\n","fileTypesAndContributionMap":{"functional-code":{"insertions":11,"deletions":0}}},{"hash":"96ed694e7787b499f1c01d38dca9f80a56882858","messageTitle":"Update javadocs","messageBody":"","fileTypesAndContributionMap":{"functional-code":{"insertions":18,"deletions":0}}},{"hash":"816ecd01dcf0575a463bd56313ed49fa20419b58","messageTitle":"Move predicate classes into one package","messageBody":"","fileTypesAndContributionMap":{"functional-code":{"insertions":12,"deletions":12},"other":{"insertions":20,"deletions":8},"test-code":{"insertions":76,"deletions":29}}},{"hash":"1034e731080def6481af46ec21d0716bf0070b59","messageTitle":"Complete FindCommand test cases","messageBody":"","fileTypesAndContributionMap":{"functional-code":{"insertions":20,"deletions":9},"other":{"insertions":1,"deletions":1},"test-code":{"insertions":154,"deletions":9}}},{"hash":"cd49a53bab8bed05539fd10dea04dc3a345d5e01","messageTitle":"Complete FindCommandParser test cases","messageBody":"","fileTypesAndContributionMap":{"test-code":{"insertions":115,"deletions":0}}},{"hash":"aa36a0ba42ee82d557fdd7e8e4ee15a6643550be","messageTitle":"Cleaning up code for test cases","messageBody":"","fileTypesAndContributionMap":{"functional-code":{"insertions":43,"deletions":18},"test-code":{"insertions":31,"deletions":69}}}]},{"date":"2021-04-04","commitResults":[{"hash":"dfb72f36ffedcc23f1eac9538b819657b4dcbf4c","messageTitle":"Complete test cases for predicate classes","messageBody":"","fileTypesAndContributionMap":{"docs":{"insertions":10,"deletions":6},"test-code":{"insertions":422,"deletions":0}}},{"hash":"cf1776f3057e3af83f555fc66ff004283c27afbb","messageTitle":"Fix javafx incompatibility","messageBody":"","fileTypesAndContributionMap":{"functional-code":{"insertions":3,"deletions":3}}},{"hash":"de991ffadb3e1fe754de4415904506dca2e9c541","messageTitle":"Fix ambiguities in system messages and user guide for undo","messageBody":"","fileTypesAndContributionMap":{"functional-code":{"insertions":2,"deletions":2},"docs":{"insertions":1,"deletions":1},"test-code":{"insertions":3,"deletions":3}}},{"hash":"31b345ba46856c681b2c9b1b9dbc35e0720f69ef","messageTitle":"Update UserGuide.md","messageBody":"","fileTypesAndContributionMap":{"docs":{"insertions":0,"deletions":12}}},{"hash":"a7411428c9248dc7d7562c9fe5baee1ecc862526","messageTitle":"Change app title","messageBody":"","fileTypesAndContributionMap":{"functional-code":{"insertions":6,"deletions":6}}},{"hash":"b8c06a96624c0f94569402208699aaa5bf3ac4c7","messageTitle":"Update find documentation","messageBody":"","fileTypesAndContributionMap":{"docs":{"insertions":5,"deletions":3}}}]},{"date":"2021-04-05","commitResults":[{"hash":"291e4d1ef1afff590f9ab4f7f44aff2dbac9aa93","messageTitle":"Update DeveloperGuide.md","messageBody":"","fileTypesAndContributionMap":{"docs":{"insertions":5,"deletions":5}}}]},{"date":"2021-04-06","commitResults":[{"hash":"a1eccf59b57461dfbaccd76ec216c1d7200063bc","messageTitle":"Reset list view after undo","messageBody":"","fileTypesAndContributionMap":{"functional-code":{"insertions":33,"deletions":11},"test-code":{"insertions":5,"deletions":5}}},{"hash":"39b664503b766993f39c35935e04f854f349696e","messageTitle":"Revert \"Reset list view after undo\"","messageBody":"This reverts commit a1eccf59b57461dfbaccd76ec216c1d7200063bc.\n","fileTypesAndContributionMap":{"functional-code":{"insertions":11,"deletions":33},"test-code":{"insertions":5,"deletions":5}}},{"hash":"0cf5bff16ee276a39e79217ba69833d2a71f7342","messageTitle":"Reset list view after undo","messageBody":"This is the correct fix. It is only one line.\n","fileTypesAndContributionMap":{"functional-code":{"insertions":2,"deletions":0}}},{"hash":"1d6be2c52a2a6dfa1ec89b226e4ea75754efd112","messageTitle":"Include command executed when undoing","messageBody":"","fileTypesAndContributionMap":{"functional-code":{"insertions":62,"deletions":11},"test-code":{"insertions":75,"deletions":35}}}]},{"date":"2021-04-07","commitResults":[{"hash":"4cb66ad18f5f8e2160a2c0d84f13c2575c69e1e8","messageTitle":"Update dev guide","messageBody":"","fileTypesAndContributionMap":{"docs":{"insertions":105,"deletions":43}}},{"hash":"a03d04f3528d60b3202eb24b8a2d8acc76744b5b","messageTitle":"Add EOF","messageBody":"","fileTypesAndContributionMap":{"docs":{"insertions":6,"deletions":12}}},{"hash":"4e744ac5ad520efcae88e8a8b12da3463f8d93cd","messageTitle":"Fix some UI bugs","messageBody":"Most fields displayed can now wrap when the field is too long.\n","fileTypesAndContributionMap":{"functional-code":{"insertions":14,"deletions":12}}}]},{"date":"2021-04-08","commitResults":[{"hash":"9e033e0b754f20fd3626dff474057159c3464870","messageTitle":"Update isSamePerson method","messageBody":"","fileTypesAndContributionMap":{"functional-code":{"insertions":4,"deletions":1},"test-code":{"insertions":8,"deletions":1}}},{"hash":"6dbdf6fbe03ef34b0cd9379261683043e0063f56","messageTitle":"Update test cases","messageBody":"","fileTypesAndContributionMap":{"test-code":{"insertions":30,"deletions":8}}},{"hash":"2c708ee1cafdfec8a0b3b2c2ac6eaadb0045b011","messageTitle":"Update dev guide","messageBody":"","fileTypesAndContributionMap":{"docs":{"insertions":18,"deletions":7}}}]},{"date":"2021-04-09","commitResults":[{"hash":"d6232a289f51b49ff21eab293f696f8b6d27ee27","messageTitle":"Update dev guide for traversing commands","messageBody":"","fileTypesAndContributionMap":{"docs":{"insertions":93,"deletions":11}}},{"hash":"4f42fad65fa19d20907617355654f28bc667b882","messageTitle":"Add newline at EOF","messageBody":"","fileTypesAndContributionMap":{"docs":{"insertions":2,"deletions":2}}}]},{"date":"2021-04-10","commitResults":[{"hash":"0666a6c1a2c8b678d1f461a4e49507e97d696a32","messageTitle":"Remove other isSamePerson checks","messageBody":"","fileTypesAndContributionMap":{"functional-code":{"insertions":1,"deletions":4}}},{"hash":"584463e98310e79b5c7da2b57b80165d3fb5d7d0","messageTitle":"Revert \"Remove other isSamePerson checks\"","messageBody":"This reverts commit 0666a6c1a2c8b678d1f461a4e49507e97d696a32.\n","fileTypesAndContributionMap":{"functional-code":{"insertions":4,"deletions":1}}},{"hash":"18277393af8bad8aa55f86a026fc42354b56d543","messageTitle":"Remove other isSamePerson checks","messageBody":"The only criterion left is the email\n","fileTypesAndContributionMap":{"functional-code":{"insertions":1,"deletions":4},"test-code":{"insertions":41,"deletions":51}}},{"hash":"4990cf8760923b6a876f36260b62f9c5fcc6fa21","messageTitle":"Fix consistency issues","messageBody":"","fileTypesAndContributionMap":{"docs":{"insertions":2,"deletions":2}}},{"hash":"dae422bfb69863f4a9e414c2b7c8dde62e30a682","messageTitle":"Update DeveloperGuide.md","messageBody":"","fileTypesAndContributionMap":{"docs":{"insertions":52,"deletions":50}}}]}],"ampan98":[{"date":"2021-02-27","commitResults":[{"hash":"a41c013239fa3a5fcb4a5d3118c475857ee08373","messageTitle":"Update DeveloperGuide.md","messageBody":"","fileTypesAndContributionMap":{"docs":{"insertions":51,"deletions":9}}}]},{"date":"2021-03-10","commitResults":[{"hash":"3bac5c6b704e2f2d2395ef01c1ad62e15e9db0bc","messageTitle":"Add blacklist feature and tests","messageBody":"","fileTypesAndContributionMap":{"functional-code":{"insertions":207,"deletions":14},"test-code":{"insertions":240,"deletions":41}}},{"hash":"bf79c1da9ddb2b23028ea66322208016e40ea322","messageTitle":"Fix checkstyle errors","messageBody":"","fileTypesAndContributionMap":{"functional-code":{"insertions":15,"deletions":7}}},{"hash":"c380458e5dbbf84d7c3ce79ab0e267eebcfeaeab","messageTitle":"Fix indentation error","messageBody":"","fileTypesAndContributionMap":{"test-code":{"insertions":1,"deletions":1}}},{"hash":"490ccc5f87cc9e8b4953cefb9176945e1073d16f","messageTitle":"Update guides","messageBody":"","fileTypesAndContributionMap":{"docs":{"insertions":11,"deletions":9}}},{"hash":"98b498a6a6146abe483b7e21a53a4a3eb1738b29","messageTitle":"Update guides to be more consistent","messageBody":"","fileTypesAndContributionMap":{"docs":{"insertions":62,"deletions":61}}}]},{"date":"2021-03-23","commitResults":[{"hash":"aba8df6a4cc60d6e80bd81fe51d7299173969f6b","messageTitle":"Update code and documentation for blacklist feature","messageBody":"","fileTypesAndContributionMap":{"functional-code":{"insertions":3,"deletions":1},"docs":{"insertions":137,"deletions":0}}},{"hash":"9d0ced48e3b10f536c5a1d0a70ff4c4a32df76d2","messageTitle":"Fix checkstyle error","messageBody":"","fileTypesAndContributionMap":{"docs":{"insertions":1,"deletions":1}}}]},{"date":"2021-03-24","commitResults":[{"hash":"da0da105c83e24aef8edad5b12d9a76b656457eb","messageTitle":"Add logging for BlacklistCommand","messageBody":"","fileTypesAndContributionMap":{"functional-code":{"insertions":25,"deletions":6}}},{"hash":"a58a20ea71ae13399b5aa23efce4cbdf610a045d","messageTitle":"Update build.gradle","messageBody":"","fileTypesAndContributionMap":{"other":{"insertions":5,"deletions":1}}}]},{"date":"2021-03-28","commitResults":[{"hash":"cdc9d6f1047595f3643c5e95616b2af84b9086e7","messageTitle":"Move method implementation from BlacklistCommand to Model","messageBody":"","fileTypesAndContributionMap":{"functional-code":{"insertions":64,"deletions":38},"docs":{"insertions":1,"deletions":1},"test-code":{"insertions":5,"deletions":0}}},{"hash":"b8b8d5480cf8b69b799c637673ebcef7cd58775f","messageTitle":"Fix checkstyle errors","messageBody":"","fileTypesAndContributionMap":{"functional-code":{"insertions":7,"deletions":2}}}]},{"date":"2021-03-30","commitResults":[{"hash":"26d98a566d238404b83cea9d4a1ec44b91384135","messageTitle":"Add collect feature and tests","messageBody":"","fileTypesAndContributionMap":{"functional-code":{"insertions":212,"deletions":0},"docs":{"insertions":30,"deletions":7},"test-code":{"insertions":156,"deletions":2}}},{"hash":"9906cb59997a8572d42dd582223db1a9cfaa2507","messageTitle":"Fix checkstyle issues","messageBody":"","fileTypesAndContributionMap":{"functional-code":{"insertions":7,"deletions":8}}},{"hash":"ff485e0aeca0739b6f55b82b321bf3dfc8397885","messageTitle":"Fix checkstyle issues","messageBody":"","fileTypesAndContributionMap":{"test-code":{"insertions":2,"deletions":4}}}]},{"date":"2021-03-31","commitResults":[{"hash":"f6bff8fb65bc15c036c4dacca39d2eb2d20443a7","messageTitle":"Update UI screenshot for index.md","messageBody":"","fileTypesAndContributionMap":{"docs":{"insertions":2,"deletions":2}}},{"hash":"e31b2a5d74fd676bfafc5319bf800f877c622afd","messageTitle":"Update code status links","messageBody":"","fileTypesAndContributionMap":{"docs":{"insertions":2,"deletions":2}}}]},{"date":"2021-04-05","commitResults":[{"hash":"5b66a6da5cf0b70de3d8da8f7b1dc62ad095b5df","messageTitle":"Fix minor issues in UG","messageBody":"","fileTypesAndContributionMap":{"docs":{"insertions":7,"deletions":7}}}]},{"date":"2021-04-08","commitResults":[{"hash":"dc484131a12ddada6aac4b10983da68fd43809ac","messageTitle":"Fix implementation and improve testing for blacklist","messageBody":"","fileTypesAndContributionMap":{"functional-code":{"insertions":18,"deletions":18},"docs":{"insertions":2,"deletions":1},"test-code":{"insertions":56,"deletions":11}}},{"hash":"befef8e0079b528b7dc8077044f28eb7de587d62","messageTitle":"Fix checkstyle issue","messageBody":"","fileTypesAndContributionMap":{"test-code":{"insertions":2,"deletions":2}}}]},{"date":"2021-04-09","commitResults":[{"hash":"226d5bc4e2ae6de16f6b7787fb995844d989aa96","messageTitle":"Reorganise guides and add table of contents","messageBody":"","fileTypesAndContributionMap":{"docs":{"insertions":171,"deletions":110}}}]},{"date":"2021-04-10","commitResults":[{"hash":"4797549727228aa1ea1b1c68633bd506b94b6d8a","messageTitle":"Update guides","messageBody":"","fileTypesAndContributionMap":{"docs":{"insertions":147,"deletions":52}}},{"hash":"e300d2a0dfe90fa5913bfcaa690c380a9de9044c","messageTitle":"Update guides","messageBody":"","fileTypesAndContributionMap":{"docs":{"insertions":147,"deletions":52}}},{"hash":"9430f1e9e2a6ec546e09b084b4e8d21d68762a0e","messageTitle":"Fix checkstyle issue","messageBody":"","fileTypesAndContributionMap":{"docs":{"insertions":1,"deletions":1}}},{"hash":"4255df28f4f22aad182c59ea33b15b2ab7e02b6c","messageTitle":"Remove duplicate collect feature","messageBody":"","fileTypesAndContributionMap":{"docs":{"insertions":2,"deletions":36}}}]}],"rjeez":[{"date":"2021-02-27","commitResults":[{"hash":"cb254dbbd6189957dfaecc7f8c5d782289dca09e","messageTitle":"Update UserGuide.md","messageBody":"","fileTypesAndContributionMap":{"docs":{"insertions":39,"deletions":1}}}]},{"date":"2021-03-03","commitResults":[{"hash":"9ee82f62fe6d9771483e6c097d41e7b5ba42618c","messageTitle":"Update developer guide","messageBody":"","fileTypesAndContributionMap":{"other":{"insertions":63,"deletions":0},"docs":{"insertions":15,"deletions":0}}},{"hash":"569af34595f96f92a179babbad7e997ddf7883d2","messageTitle":"Delete workspace.xml","messageBody":"","fileTypesAndContributionMap":{"other":{"insertions":0,"deletions":63}}}]},{"date":"2021-03-05","commitResults":[{"hash":"8c1bfccfbef17ff41aed1d6aa5d838de72ee02a0","messageTitle":"Add mode of contact as an attribute for each contact","messageBody":"","fileTypesAndContributionMap":{"functional-code":{"insertions":120,"deletions":28},"test-code":{"insertions":151,"deletions":139}}},{"hash":"69708a8a5498be242b850639258416b73f4945cd","messageTitle":"Fix Checkstyle","messageBody":"","fileTypesAndContributionMap":{"functional-code":{"insertions":51,"deletions":20}}},{"hash":"6b5d061bfe26f89fa110beee2f2d2daa5400db3a","messageTitle":"Fix checkstyle errors","messageBody":"","fileTypesAndContributionMap":{"functional-code":{"insertions":7,"deletions":5}}},{"hash":"2670513159754b573887020555bc7fc075868fbb","messageTitle":"Fix checkstyle error","messageBody":"","fileTypesAndContributionMap":{"functional-code":{"insertions":1,"deletions":2}}}]},{"date":"2021-03-06","commitResults":[{"hash":"19676314613d943f4eedd75c8cfa16b928a1f8a3","messageTitle":"fix checkstyle errors","messageBody":"","fileTypesAndContributionMap":{"test-code":{"insertions":128,"deletions":22}}},{"hash":"5231694009cd419a985bf75793ec87f813ab74a9","messageTitle":"fix checkstyle errors","messageBody":"","fileTypesAndContributionMap":{"test-code":{"insertions":0,"deletions":1}}},{"hash":"101c06038502226b4a6926cf0cf8f3b9615edbd1","messageTitle":"Fix test error","messageBody":"","fileTypesAndContributionMap":{"test-code":{"insertions":13,"deletions":11}}}]},{"date":"2021-03-20","commitResults":[{"hash":"89a970f349a94e7dda292c929ecd187671b2cf8e","messageTitle":"Remove print statements","messageBody":"","fileTypesAndContributionMap":{"functional-code":{"insertions":0,"deletions":1},"test-code":{"insertions":0,"deletions":2}}}]},{"date":"2021-03-25","commitResults":[{"hash":"ed264bd44f8b68eeb350523d41a2913282cf6b94","messageTitle":"Update developer guide for mode of contact","messageBody":"","fileTypesAndContributionMap":{"functional-code":{"insertions":1,"deletions":0},"docs":{"insertions":57,"deletions":0}}},{"hash":"a6dcc899f0e117f4c998a9d2f680e3025e9dabff","messageTitle":"Add new line at EOF","messageBody":"","fileTypesAndContributionMap":{"docs":{"insertions":1,"deletions":1}}}]},{"date":"2021-03-29","commitResults":[{"hash":"dfd257be0fd6051156155880fd91f9998ae40081","messageTitle":"Add ability to switch between light and dark mode","messageBody":"","fileTypesAndContributionMap":{"functional-code":{"insertions":510,"deletions":12}}},{"hash":"bd314be81312b01f23e56da14721040c7df4ab46","messageTitle":"Fix CheckStyles","messageBody":"","fileTypesAndContributionMap":{"functional-code":{"insertions":2,"deletions":1}}},{"hash":"43baddd3168b6c1a43c8b58d8a565f3f024bb6c6","messageTitle":"Fix CheckStyles","messageBody":"","fileTypesAndContributionMap":{"functional-code":{"insertions":1,"deletions":1}}},{"hash":"d66855e9be79cc2ea478a0022cb5e0ca992adf4e","messageTitle":"Fix Checkstyles","messageBody":"","fileTypesAndContributionMap":{"functional-code":{"insertions":14,"deletions":9}}},{"hash":"967721fb3909e8c243ebd6f6e6a308a1882a4873","messageTitle":"Fix Checkstyles","messageBody":"","fileTypesAndContributionMap":{"test-code":{"insertions":14,"deletions":7}}},{"hash":"f6798ccd3940ddd4e57dfdf230551e83c4e0af3f","messageTitle":"Add JUnit tests","messageBody":"","fileTypesAndContributionMap":{"test-code":{"insertions":42,"deletions":0}}},{"hash":"e34cba8be2caefcd2a04939688d21a554ed863f7","messageTitle":"Fix CheckStyles","messageBody":"","fileTypesAndContributionMap":{"test-code":{"insertions":2,"deletions":2}}}]},{"date":"2021-04-03","commitResults":[{"hash":"26c6fb012ecd984ceff409a959ec43963f95c3c7","messageTitle":"Update user guide for  light and dark mode","messageBody":"","fileTypesAndContributionMap":{"docs":{"insertions":14,"deletions":0}}},{"hash":"159c9bab3dc1c3a2c43cd302b43a2254c3d452cf","messageTitle":"Update user guide","messageBody":"","fileTypesAndContributionMap":{"docs":{"insertions":1,"deletions":1}}}]},{"date":"2021-04-05","commitResults":[{"hash":"23011a567c2f140bd224b11f957a116737afbe45","messageTitle":"Fix bug of settings not remembering mode of viewing","messageBody":"","fileTypesAndContributionMap":{"functional-code":{"insertions":116,"deletions":0}}}]},{"date":"2021-04-06","commitResults":[{"hash":"70c7772f0f11cc748aafc6a783d0c437fc8d50a3","messageTitle":"Fix bug for light and dark mode","messageBody":"","fileTypesAndContributionMap":{"functional-code":{"insertions":8,"deletions":1}}},{"hash":"4b79ef5dcc55966abf8bebd782de0eacbbcb034d","messageTitle":"Update test cases for light and dark mode","messageBody":"","fileTypesAndContributionMap":{"test-code":{"insertions":32,"deletions":0}}}]},{"date":"2021-04-08","commitResults":[{"hash":"b61e30481cb32b33db99150ef9b086292aa2bae1","messageTitle":"Update Model.java","messageBody":"","fileTypesAndContributionMap":{"functional-code":{"insertions":0,"deletions":1}}},{"hash":"7de7a54ff2864e183ee8bd9e7db1c9b8d00e2d50","messageTitle":"Update Model.java","messageBody":"","fileTypesAndContributionMap":{"functional-code":{"insertions":2,"deletions":2}}},{"hash":"93a82e23ff6cd75e47cff47b104ad6cbaea3eb91","messageTitle":"Update ModelManager.java","messageBody":"","fileTypesAndContributionMap":{"functional-code":{"insertions":7,"deletions":0}}},{"hash":"781042cbabb6789db2b377f2724cf418ceac2c9c","messageTitle":"Update ModelManager.java","messageBody":"","fileTypesAndContributionMap":{"functional-code":{"insertions":1,"deletions":1}}},{"hash":"96bf9d27d4399175f806e773587741e8bdd0f3ec","messageTitle":"Update CssSettings.java","messageBody":"","fileTypesAndContributionMap":{"functional-code":{"insertions":8,"deletions":8}}},{"hash":"a0a5c46ab1ed19a60667490206b796ffc1de1282","messageTitle":"Update MainWindow.java","messageBody":"","fileTypesAndContributionMap":{"functional-code":{"insertions":2,"deletions":2}}},{"hash":"6aa11b491395408d5315274265c88f1bdc843bfa","messageTitle":"Update MainWindow.java","messageBody":"","fileTypesAndContributionMap":{"functional-code":{"insertions":3,"deletions":3}}},{"hash":"f446fcfcd8ae0795edeb1a03ab8a5a285a39b7e7","messageTitle":"Update CssSettings.java","messageBody":"","fileTypesAndContributionMap":{"functional-code":{"insertions":1,"deletions":1}}},{"hash":"aef8c23d9be315f8212b9c7b9ccee7a213ccb65f","messageTitle":"Update Model.java","messageBody":"","fileTypesAndContributionMap":{"functional-code":{"insertions":0,"deletions":2}}},{"hash":"76a9e7280de56c53a28789968312ae7c8ef005d7","messageTitle":"Update ModelManager.java","messageBody":"","fileTypesAndContributionMap":{"functional-code":{"insertions":0,"deletions":7}}},{"hash":"17942afeeef368929ac2c057ecf6712b5514702c","messageTitle":"Update UserGuide.md","messageBody":"","fileTypesAndContributionMap":{"docs":{"insertions":3,"deletions":3}}}]},{"date":"2021-04-09","commitResults":[{"hash":"d661b7f27184f56e2d3c67c9f3b1eab7fabcef13","messageTitle":"Update DG for light and dark command","messageBody":"","fileTypesAndContributionMap":{"docs":{"insertions":122,"deletions":0}}},{"hash":"7161fcdc0c898ecab0b9aadbfb4fb9a8b3783e8e","messageTitle":"Add new line at EOF","messageBody":"","fileTypesAndContributionMap":{"docs":{"insertions":1,"deletions":1}}},{"hash":"77fcc19d147f8f45dbe886057d91ed6ca3942e4b","messageTitle":"Add checks for current viewing mode","messageBody":"","fileTypesAndContributionMap":{"functional-code":{"insertions":14,"deletions":4}}},{"hash":"e4de383d78b70533c6e99f152dda4935ac9580ef","messageTitle":"Fix Checkstyles","messageBody":"","fileTypesAndContributionMap":{"functional-code":{"insertions":2,"deletions":2}}}]}],"IceBear789":[{"date":"2021-02-27","commitResults":[{"hash":"fdc567fc68b65b39b3a208b66e5d9d791a1d99e2","messageTitle":"Update AboutUs.md","messageBody":"","fileTypesAndContributionMap":{"docs":{"insertions":19,"deletions":29}}},{"hash":"a808fd728ede9e2205877c445968f11c27aa28d0","messageTitle":"Fix typos in AboutUs.md","messageBody":"","fileTypesAndContributionMap":{"docs":{"insertions":193,"deletions":8}}}]},{"date":"2021-02-28","commitResults":[{"hash":"102e002450f42051d326d7ba93e4f2a82cf30cc2","messageTitle":"Add ability to sort list by name","messageBody":"The address book does not have the ability to sort the list by name\nalphabetically.\n\nWhen there are a large number of contacts, the address book may look\ndisorganised and messy.\n\nImplement sort method to sort the list by name in ascending alphabetical\norder.\n\nUsers can thus easily find specific contacts, even if there are a large\nnumber of contacts.\n","fileTypesAndContributionMap":{"functional-code":{"insertions":74,"deletions":1},"docs":{"insertions":6,"deletions":0},"test-code":{"insertions":88,"deletions":0}}}]},{"date":"2021-03-03","commitResults":[{"hash":"5de38c698f101c49b13ae9195ccf297299434fab","messageTitle":"Add ability to add an optional remark for each contact","messageBody":"The address book does not have the ability to store an optional remark\nfor each contact.\n\nWhen there are a large number of contacts, it may be difficult to\nremember some of the contacts.\n\nImplement new method to add an optional remark to each contact.\n\nUsers can thus add an optional remark to certain contacts to make it\neasier to remember.\n","fileTypesAndContributionMap":{"functional-code":{"insertions":255,"deletions":14},"docs":{"insertions":19,"deletions":0},"test-code":{"insertions":115,"deletions":100}}},{"hash":"112601442578972a0034c1c52ab3fc2aea164979","messageTitle":"Fix erros in JUnit tests","messageBody":"","fileTypesAndContributionMap":{"functional-code":{"insertions":4,"deletions":9},"test-code":{"insertions":4,"deletions":12}}},{"hash":"02e88bb10fb5592b1c1af205c4011519fba8749f","messageTitle":"Update developer guide","messageBody":"","fileTypesAndContributionMap":{"docs":{"insertions":46,"deletions":13}}},{"hash":"ead18ce74bed4b9c9b7b5484463feafa26c52d12","messageTitle":"Add JUnit tests for remark command.","messageBody":"","fileTypesAndContributionMap":{"test-code":{"insertions":131,"deletions":53}}},{"hash":"aa72df38c2f7acc373e1e81fdde0d3889b0db47a","messageTitle":"Fix checkstyle errors","messageBody":"","fileTypesAndContributionMap":{"functional-code":{"insertions":32,"deletions":16},"test-code":{"insertions":68,"deletions":12}}}]},{"date":"2021-03-19","commitResults":[{"hash":"59f490b85bf21df2e59a83bbc6968d5554fc10ae","messageTitle":"Fix minor bugs","messageBody":"","fileTypesAndContributionMap":{"test-code":{"insertions":0,"deletions":1}}}]},{"date":"2021-03-24","commitResults":[{"hash":"f29d7ccf152dfca3f4853ffc4838ada8f877a8ec","messageTitle":"Add ability to sort list in descending order","messageBody":"The address book can only sort the list by name in ascending\nalphabetical order, not descending order.\n\nThe user may find it more convient to work with a descending list in\ncertain situations compared to an ascending list.\n\nEnhance sort method to sort the list by name in descending alphabetical\norder.\n\nUsers can thus easily find specific contacts, even if there are a large\nnumber of contacts.\n","fileTypesAndContributionMap":{"functional-code":{"insertions":137,"deletions":22},"docs":{"insertions":8,"deletions":9},"test-code":{"insertions":10,"deletions":9}}},{"hash":"56c6c208388846fe13ccc5185b962276b8f5ce8d","messageTitle":"Add massdelete command","messageBody":"The address book does not have the ability to delete multiple contacts\nat once.\n\nIt may be very time consuming to clear out large numbers of inactive\ncontacts.\n\nImplement new method to delete multiple contacts at once.\n\nThis allows the user to delete groups of contacts simultaneously,\nthus saving time\n","fileTypesAndContributionMap":{"functional-code":{"insertions":122,"deletions":2},"docs":{"insertions":12,"deletions":0}}},{"hash":"c26c1bc8fd0c9ba05edd0f07f294a3e8c24403f4","messageTitle":"Update developer guide for sort command","messageBody":"","fileTypesAndContributionMap":{"functional-code":{"insertions":4,"deletions":3},"docs":{"insertions":85,"deletions":0}}},{"hash":"3652114bf6231a465f203b06a2b4ca69307cad44","messageTitle":"Fix checkstyle errors","messageBody":"","fileTypesAndContributionMap":{"docs":{"insertions":3,"deletions":5}}}]},{"date":"2021-03-29","commitResults":[{"hash":"867d0a1fd0fe8b960073a153adbe68d26c7696ea","messageTitle":"Add mass blacklist feature","messageBody":"SpamEz is currently unable to blacklist multiple contacts at once.\n\nIt can be very tedious and time consuming to blacklist a large number\nof contacts.\n\nImplement the ability to mass blacklist/mass unblacklist multiple\ncontacts simultaneously.\n\nEnable users to blacklist a large number of contacts more efficiently.\n","fileTypesAndContributionMap":{"functional-code":{"insertions":224,"deletions":82},"docs":{"insertions":24,"deletions":10},"test-code":{"insertions":13,"deletions":3}}},{"hash":"401a575ff12f376facb0385a569db646bc9bbd29","messageTitle":"Fix checkstyle errors","messageBody":"","fileTypesAndContributionMap":{"functional-code":{"insertions":1,"deletions":1}}},{"hash":"90470850267549777460a9143a14706122caed1a","messageTitle":"Fix checkstyle","messageBody":"","fileTypesAndContributionMap":{"functional-code":{"insertions":2,"deletions":3}}}]},{"date":"2021-03-31","commitResults":[{"hash":"1cf05dc156b15bd6435841641882dcc04593af09","messageTitle":"Fix user guide link","messageBody":"","fileTypesAndContributionMap":{"functional-code":{"insertions":1,"deletions":1}}}]},{"date":"2021-04-04","commitResults":[{"hash":"922e1f4461a2b68b3ae8601747b65d635914bc53","messageTitle":"Fix error in mass blacklist in user guide","messageBody":"","fileTypesAndContributionMap":{"docs":{"insertions":14,"deletions":13}}},{"hash":"b5d1dcd9f379d825532d5db09f81dd7e785a4faa","messageTitle":"Fix spacing issues","messageBody":"","fileTypesAndContributionMap":{"docs":{"insertions":1,"deletions":1}}},{"hash":"c3a65949093efb73a4152eaee85db8bb05c16042","messageTitle":"Add test cases for sort","messageBody":"","fileTypesAndContributionMap":{"functional-code":{"insertions":75,"deletions":50},"docs":{"insertions":6,"deletions":4},"test-code":{"insertions":138,"deletions":12}}}]},{"date":"2021-04-05","commitResults":[{"hash":"5f222775b920afeb6a1eb42e8354a7e2ee8f0f84","messageTitle":"Fix user guide typos for massdelete and massblacklist","messageBody":"","fileTypesAndContributionMap":{"docs":{"insertions":10,"deletions":8}}}]},{"date":"2021-04-06","commitResults":[{"hash":"38e985db4aeba502ba7b9d036ec0d670000cf0de","messageTitle":"Refactor massdelete and massblacklist commands","messageBody":"","fileTypesAndContributionMap":{"functional-code":{"insertions":99,"deletions":78},"docs":{"insertions":4,"deletions":1},"test-code":{"insertions":14,"deletions":0}}},{"hash":"cb641f3fcea941f24a469a07998a5fe000a20d04","messageTitle":"Refactor massdelete and massblacklist. Also added more test cases.","messageBody":"","fileTypesAndContributionMap":{"functional-code":{"insertions":24,"deletions":31},"docs":{"insertions":3,"deletions":2},"test-code":{"insertions":163,"deletions":6}}}]},{"date":"2021-04-07","commitResults":[{"hash":"9355728f17fe8fa90fe0297b9be111bfaeac5d3a","messageTitle":"Add test cases for mass blacklist","messageBody":"","fileTypesAndContributionMap":{"functional-code":{"insertions":48,"deletions":41},"test-code":{"insertions":189,"deletions":9}}},{"hash":"e81d2fa0dffaa6cc595bbc5e427f509c4e6d6afe","messageTitle":"Fix ability to remove remark.","messageBody":"","fileTypesAndContributionMap":{"functional-code":{"insertions":20,"deletions":45},"docs":{"insertions":5,"deletions":5},"test-code":{"insertions":223,"deletions":79}}}]},{"date":"2021-04-10","commitResults":[{"hash":"16b35aed4d517741d62f1d8dc8248bf9dc963e33","messageTitle":"Update developer guide","messageBody":"","fileTypesAndContributionMap":{"functional-code":{"insertions":30,"deletions":19},"other":{"insertions":3,"deletions":3},"docs":{"insertions":284,"deletions":24}}},{"hash":"070a5b62522b37910c2003a2749c4c223e1f61cc","messageTitle":"Update developer guide","messageBody":"","fileTypesAndContributionMap":{"docs":{"insertions":104,"deletions":110}}},{"hash":"eb61ba3e602fe04b5d057252315f7f1f40c8b2cc","messageTitle":"Fix checkstyle","messageBody":"","fileTypesAndContributionMap":{"functional-code":{"insertions":2,"deletions":6}}},{"hash":"698ec6b9cdef93bbe80b659d469497e50102d69f","messageTitle":"Fix checkstyle","messageBody":"","fileTypesAndContributionMap":{"docs":{"insertions":13,"deletions":13}}}]}]},"authorFileTypeContributionMap":{"JQchong":{"docs":418,"functional-code":840,"test-code":1193},"ampan98":{"docs":500,"functional-code":477,"test-code":437,"other":5},"rjeez":{"docs":171,"functional-code":763,"test-code":224},"IceBear789":{"docs":574,"functional-code":749,"test-code":857}},"authorContributionVariance":{"JQchong":27736.785,"ampan98":16646.758,"rjeez":13283.255,"IceBear789":38815.14},"authorDisplayNameMap":{"JQchong":"CS2103-T16-1 CHON..QUAN","ampan98":"CS2103-T16-1 PAN ..NEST","rjeez":"CS2103-T16-1 RYAN.. JEE","IceBear789":"CS2103-T16-1 PAN ..GBIN"}}
