{"authorDailyContributionsMap":{"JQchong":[{"date":"2021-02-27","commitResults":[{"hash":"57ef765a2f70f75ef2776ef061a20a0757f637a1","messageTitle":"Update README.md","messageBody":"","fileTypesAndContributionMap":{"docs":{"insertions":11,"deletions":11}}}]},{"date":"2021-03-02","commitResults":[{"hash":"146e0ebf3fc58130952eeaa0cfe233a64b628dbb","messageTitle":"Implement filter by tag","messageBody":"The address book does not allow users to filter the list of contacts by\ntags.\n\nThis is inconvenient if users wish to see all the contacts with the same\ntag, e.g. all of user\u0027s friends.\n\nSuch a feature allows users to filter their contacts more easily as users\ncan isolate the contacts within the same category, instead of just\nsimilar sounding names.\n\nLet\u0027s enhance the find command by supporting different types of\nattributes.\n","fileTypesAndContributionMap":{"functional-code":{"insertions":109,"deletions":13},"test-code":{"insertions":116,"deletions":13}}},{"hash":"eaafb48f384ad9878a45c1b13e4b3861af8f4db1","messageTitle":"Update UserGuide.md","messageBody":"","fileTypesAndContributionMap":{"docs":{"insertions":7,"deletions":6}}},{"hash":"a90a6c966372049be0b8ff1740c4ad0bad0f64db","messageTitle":"Update UserGuide.md","messageBody":"","fileTypesAndContributionMap":{"docs":{"insertions":4,"deletions":3}}},{"hash":"336d591011c6087eb559e7cb3dd649ef7f599ee0","messageTitle":"Update DeveloperGuide.md","messageBody":"","fileTypesAndContributionMap":{"docs":{"insertions":41,"deletions":2}}},{"hash":"7de988274a5b20bb45ae8eba6e0c18bfffc9ff2a","messageTitle":"Fix empty keywords bug","messageBody":"","fileTypesAndContributionMap":{"functional-code":{"insertions":5,"deletions":1}}}]},{"date":"2021-03-03","commitResults":[{"hash":"1d02fd5f110e511d194c356f7c66d12cc895dfef","messageTitle":"Update DeveloperGuide.md","messageBody":"","fileTypesAndContributionMap":{"docs":{"insertions":59,"deletions":20}}},{"hash":"871ee4a00ccea2763503b8e3df6daea6b489c13c","messageTitle":"Revert \"Update DeveloperGuide.md\"","messageBody":"This reverts commit 336d591011c6087eb559e7cb3dd649ef7f599ee0.\n","fileTypesAndContributionMap":{"docs":{"insertions":2,"deletions":41}}}]},{"date":"2021-03-10","commitResults":[{"hash":"5758e8e2610e2a376075744a77152597d11051b0","messageTitle":"Update repo and app name","messageBody":"","fileTypesAndContributionMap":{"docs":{"insertions":3,"deletions":3}}}]}],"ampan98":[{"date":"2021-02-27","commitResults":[{"hash":"a41c013239fa3a5fcb4a5d3118c475857ee08373","messageTitle":"Update DeveloperGuide.md","messageBody":"","fileTypesAndContributionMap":{"docs":{"insertions":51,"deletions":9}}}]},{"date":"2021-03-10","commitResults":[{"hash":"3bac5c6b704e2f2d2395ef01c1ad62e15e9db0bc","messageTitle":"Add blacklist feature and tests","messageBody":"","fileTypesAndContributionMap":{"functional-code":{"insertions":206,"deletions":14},"test-code":{"insertions":240,"deletions":41}}},{"hash":"bf79c1da9ddb2b23028ea66322208016e40ea322","messageTitle":"Fix checkstyle errors","messageBody":"","fileTypesAndContributionMap":{"functional-code":{"insertions":15,"deletions":7}}},{"hash":"c380458e5dbbf84d7c3ce79ab0e267eebcfeaeab","messageTitle":"Fix indentation error","messageBody":"","fileTypesAndContributionMap":{"test-code":{"insertions":1,"deletions":1}}},{"hash":"490ccc5f87cc9e8b4953cefb9176945e1073d16f","messageTitle":"Update guides","messageBody":"","fileTypesAndContributionMap":{"docs":{"insertions":11,"deletions":9}}},{"hash":"98b498a6a6146abe483b7e21a53a4a3eb1738b29","messageTitle":"Update guides to be more consistent","messageBody":"","fileTypesAndContributionMap":{"docs":{"insertions":62,"deletions":61}}}]}],"rjeez":[{"date":"2021-02-27","commitResults":[{"hash":"cb254dbbd6189957dfaecc7f8c5d782289dca09e","messageTitle":"Update UserGuide.md","messageBody":"","fileTypesAndContributionMap":{"docs":{"insertions":39,"deletions":1}}}]},{"date":"2021-03-03","commitResults":[{"hash":"9ee82f62fe6d9771483e6c097d41e7b5ba42618c","messageTitle":"Update developer guide","messageBody":"","fileTypesAndContributionMap":{"other":{"insertions":63,"deletions":0},"docs":{"insertions":15,"deletions":0}}},{"hash":"569af34595f96f92a179babbad7e997ddf7883d2","messageTitle":"Delete workspace.xml","messageBody":"","fileTypesAndContributionMap":{"other":{"insertions":0,"deletions":63}}}]},{"date":"2021-03-05","commitResults":[{"hash":"8c1bfccfbef17ff41aed1d6aa5d838de72ee02a0","messageTitle":"Add mode of contact as an attribute for each contact","messageBody":"","fileTypesAndContributionMap":{"functional-code":{"insertions":119,"deletions":28},"test-code":{"insertions":151,"deletions":139}}},{"hash":"69708a8a5498be242b850639258416b73f4945cd","messageTitle":"Fix Checkstyle","messageBody":"","fileTypesAndContributionMap":{"functional-code":{"insertions":51,"deletions":20}}},{"hash":"6b5d061bfe26f89fa110beee2f2d2daa5400db3a","messageTitle":"Fix checkstyle errors","messageBody":"","fileTypesAndContributionMap":{"functional-code":{"insertions":7,"deletions":5}}},{"hash":"2670513159754b573887020555bc7fc075868fbb","messageTitle":"Fix checkstyle error","messageBody":"","fileTypesAndContributionMap":{"functional-code":{"insertions":1,"deletions":2}}}]},{"date":"2021-03-06","commitResults":[{"hash":"19676314613d943f4eedd75c8cfa16b928a1f8a3","messageTitle":"fix checkstyle errors","messageBody":"","fileTypesAndContributionMap":{"test-code":{"insertions":128,"deletions":22}}},{"hash":"5231694009cd419a985bf75793ec87f813ab74a9","messageTitle":"fix checkstyle errors","messageBody":"","fileTypesAndContributionMap":{"test-code":{"insertions":0,"deletions":1}}},{"hash":"101c06038502226b4a6926cf0cf8f3b9615edbd1","messageTitle":"Fix test error","messageBody":"","fileTypesAndContributionMap":{"test-code":{"insertions":13,"deletions":11}}}]}],"IceBear789":[{"date":"2021-02-27","commitResults":[{"hash":"fdc567fc68b65b39b3a208b66e5d9d791a1d99e2","messageTitle":"Update AboutUs.md","messageBody":"","fileTypesAndContributionMap":{"docs":{"insertions":19,"deletions":29}}},{"hash":"a808fd728ede9e2205877c445968f11c27aa28d0","messageTitle":"Fix typos in AboutUs.md","messageBody":"","fileTypesAndContributionMap":{"docs":{"insertions":193,"deletions":8}}}]},{"date":"2021-02-28","commitResults":[{"hash":"102e002450f42051d326d7ba93e4f2a82cf30cc2","messageTitle":"Add ability to sort list by name","messageBody":"The address book does not have the ability to sort the list by name\nalphabetically.\n\nWhen there are a large number of contacts, the address book may look\ndisorganised and messy.\n\nImplement sort method to sort the list by name in ascending alphabetical\norder.\n\nUsers can thus easily find specific contacts, even if there are a large\nnumber of contacts.\n","fileTypesAndContributionMap":{"functional-code":{"insertions":74,"deletions":1},"docs":{"insertions":6,"deletions":0},"test-code":{"insertions":88,"deletions":0}}}]},{"date":"2021-03-03","commitResults":[{"hash":"5de38c698f101c49b13ae9195ccf297299434fab","messageTitle":"Add ability to add an optional remark for each contact","messageBody":"The address book does not have the ability to store an optional remark\nfor each contact.\n\nWhen there are a large number of contacts, it may be difficult to\nremember some of the contacts.\n\nImplement new method to add an optional remark to each contact.\n\nUsers can thus add an optional remark to certain contacts to make it\neasier to remember.\n","fileTypesAndContributionMap":{"functional-code":{"insertions":254,"deletions":14},"docs":{"insertions":19,"deletions":0},"test-code":{"insertions":115,"deletions":100}}},{"hash":"112601442578972a0034c1c52ab3fc2aea164979","messageTitle":"Fix erros in JUnit tests","messageBody":"","fileTypesAndContributionMap":{"functional-code":{"insertions":4,"deletions":9},"test-code":{"insertions":4,"deletions":12}}},{"hash":"02e88bb10fb5592b1c1af205c4011519fba8749f","messageTitle":"Update developer guide","messageBody":"","fileTypesAndContributionMap":{"docs":{"insertions":46,"deletions":13}}},{"hash":"ead18ce74bed4b9c9b7b5484463feafa26c52d12","messageTitle":"Add JUnit tests for remark command.","messageBody":"","fileTypesAndContributionMap":{"test-code":{"insertions":131,"deletions":53}}},{"hash":"aa72df38c2f7acc373e1e81fdde0d3889b0db47a","messageTitle":"Fix checkstyle errors","messageBody":"","fileTypesAndContributionMap":{"functional-code":{"insertions":32,"deletions":16},"test-code":{"insertions":68,"deletions":12}}}]}]},"authorFileTypeContributionMap":{"JQchong":{"docs":63,"functional-code":113,"test-code":116},"ampan98":{"docs":92,"functional-code":215,"test-code":239},"rjeez":{"docs":30,"functional-code":133,"test-code":138},"IceBear789":{"docs":251,"functional-code":330,"test-code":226}},"authorContributionVariance":{"JQchong":5337.95,"ampan98":21166.238,"rjeez":14350.1455,"IceBear789":40852.3},"authorDisplayNameMap":{"JQchong":"CS2103-T16-1 CHON..QUAN","ampan98":"CS2103-T16-1 PAN ..NEST","rjeez":"CS2103-T16-1 RYAN.. JEE","IceBear789":"CS2103-T16-1 PAN ..GBIN"}}
