{"authorDailyContributionsMap":{"chewterence":[{"date":"2021-02-24","commitResults":[{"hash":"2ab234a17da7de3d7905a6c6ef4f10f5e50f83eb","messageTitle":"Update user guide","messageBody":"* Update user guide introduction\n* Update quick start\n* Update FAQ\n* Update command summary\n","fileTypesAndContributionMap":{"docs":{"insertions":29,"deletions":50}}},{"hash":"a5a03a8c9776a6adab94a89991363446c831f414","messageTitle":"Update AboutUs and personal portfolio page","messageBody":"* Fix AboutUs broken hyperlinks and formatting\n* Update personal portfolio page introduction to match GME project\n","fileTypesAndContributionMap":{"docs":{"insertions":9,"deletions":17}}}]},{"date":"2021-03-01","commitResults":[{"hash":"8f11a2a3e6e21a4bb34917905484126321d19676","messageTitle":"Update personal portfolio page","messageBody":"","fileTypesAndContributionMap":{"docs":{"insertions":6,"deletions":29}}},{"hash":"30fa9f51088634f211ef2739f2d8b3b039d0067e","messageTitle":"Fix formatting in personal portfolio markdown","messageBody":"","fileTypesAndContributionMap":{"docs":{"insertions":2,"deletions":2}}}]},{"date":"2021-03-02","commitResults":[{"hash":"1e22c3739587dbab20e200e6a29a9a67dd243dce","messageTitle":"Update personal portfolio page","messageBody":"* remove descriptions in community section\n","fileTypesAndContributionMap":{"docs":{"insertions":0,"deletions":1}}},{"hash":"18d193d64a6cac3535eea9efb40ae1795914f925","messageTitle":"Update personal portfolio page","messageBody":"* remove whitespace in EOF that causes CI to fail\n","fileTypesAndContributionMap":{"docs":{"insertions":0,"deletions":1}}},{"hash":"4795e208a235de5d8c681bbd5e98810eab74afa9","messageTitle":"Update UserGuide to include delete command","messageBody":"* Fix formatting error for drive command\n","fileTypesAndContributionMap":{"docs":{"insertions":7,"deletions":7}}},{"hash":"a78a3d0da16264d1e779ad8c4f96c99fd1e7e69a","messageTitle":"Fix point-form formatting error in UserGuide","messageBody":"Point-forms in delete section and drive section of the user guide was not properly formatted, some came after the examples.\n\nUpdate user guide to follow the correct format.\n","fileTypesAndContributionMap":{"docs":{"insertions":12,"deletions":11}}}]},{"date":"2021-03-10","commitResults":[{"hash":"2b123a1f33b305e19efc3e73a7c29266fe938b76","messageTitle":"Update help windows to updated user guide","messageBody":"","fileTypesAndContributionMap":{"functional-code":{"insertions":3,"deletions":2}}}]},{"date":"2021-03-11","commitResults":[{"hash":"d1b1428b4d6809746085c7255f2cc27500bf9a3d","messageTitle":"Update add command to support updated model","messageBody":"","fileTypesAndContributionMap":{"functional-code":{"insertions":81,"deletions":53},"test-code":{"insertions":11,"deletions":7}}}]},{"date":"2021-03-12","commitResults":[{"hash":"adb0ce3d2440adda49e883f216921d680bf949f2","messageTitle":"Fix TripTime field in model equals method","messageBody":"","fileTypesAndContributionMap":{"functional-code":{"insertions":1,"deletions":4}}},{"hash":"9636c6484e80e45f93df063dc8ff0e7c506b5566","messageTitle":"Update json storage files to match new fields","messageBody":"","fileTypesAndContributionMap":{"test-code":{"insertions":31,"deletions":5}}},{"hash":"bef554e172172a7445b76bef3335c4638ed58e08","messageTitle":"Update logic and model to pass JUnit tests","messageBody":"* update parser classes to include new fields\n* update test files to include new fields\n","fileTypesAndContributionMap":{"functional-code":{"insertions":7,"deletions":8},"test-code":{"insertions":44,"deletions":57}}},{"hash":"6b91d7d2a6d29547aa260c28df659aad1099f503","messageTitle":"Update logic to complete JUnit tests","messageBody":"* remove redundant prefixes in CliSyntax\n* update parser classes to match updated CliSyntax\n","fileTypesAndContributionMap":{"functional-code":{"insertions":4,"deletions":9}}},{"hash":"65148447a7a506fcc579b95dd7d17a41131552d3","messageTitle":"Add missing imports to parser tests","messageBody":"","fileTypesAndContributionMap":{"test-code":{"insertions":21,"deletions":1}}},{"hash":"d91726bf1d7d77b37633a169fa53e382a1b5efab","messageTitle":"Fix TypicalPersons class and json file","messageBody":"* update persons with valid TripDay\n","fileTypesAndContributionMap":{"test-code":{"insertions":16,"deletions":16}}},{"hash":"c8c6f4acd7acef5460579231047c462e886519bb","messageTitle":"Update code to follow styling guide","messageBody":"","fileTypesAndContributionMap":{"functional-code":{"insertions":31,"deletions":20},"test-code":{"insertions":71,"deletions":36}}}]},{"date":"2021-03-13","commitResults":[{"hash":"9231daaa9d55a457858e2326a75711b2bb9e1f68","messageTitle":"Fix CommandTestUtil causing JUnit tests to fail","messageBody":"","fileTypesAndContributionMap":{"test-code":{"insertions":4,"deletions":2}}},{"hash":"8aa655da29a7954e73d93b58a6f6eea08d4aeed6","messageTitle":"Update code to follow styling guide","messageBody":"","fileTypesAndContributionMap":{"test-code":{"insertions":1,"deletions":0}}},{"hash":"a58ae4cc47c15a2bf4086f6f0b89a9f69a25a5ef","messageTitle":"Add tests to cover invalid new fields in parser logic","messageBody":"* update unit tests to check for missing prefixes and invalid inputs in add command parser logic\n","fileTypesAndContributionMap":{"functional-code":{"insertions":0,"deletions":1},"test-code":{"insertions":43,"deletions":10}}},{"hash":"688db797f4aafa7094d3dd5c5945310e18d839d1","messageTitle":"Add tests for EditCommandParser","messageBody":"* add tests to check parse failure for invalid tripDay and tripTime\n* update parse all fields test to match updated new fields\n","fileTypesAndContributionMap":{"test-code":{"insertions":26,"deletions":3}}},{"hash":"0e58de3e83413ff96aff45dbd200b5f9f40fb861","messageTitle":"Fix bug that causes EditCommandParserTest to fail","messageBody":"* add missing methods for new fields in EditPersonDescriptorBuilder class\n* update code in EditCommandParserTest to follow styling guide\n","fileTypesAndContributionMap":{"test-code":{"insertions":20,"deletions":2}}},{"hash":"5446fe3e701c7230ab5e8cf691ab0a1103ebf29f","messageTitle":"Add more tests for edit command","messageBody":"* update CommandTestUtil fields\n* update AddCommandParserTest and EditCommandParserTest to use updated fields from CommandTestUtil\n* add tests for EditPersonDescriptor for withTripDay and withTripTime methods\n","fileTypesAndContributionMap":{"test-code":{"insertions":32,"deletions":17}}}]},{"date":"2021-03-14","commitResults":[{"hash":"e90baebfc049dca30bab735c1964c95ff8a65170","messageTitle":"Update user guide","messageBody":"* add \"edit\" command to user guide\n* update \"add\" command to match added fields\n","fileTypesAndContributionMap":{"docs":{"insertions":29,"deletions":6}}},{"hash":"6a7873f54531f7699647ff21d02b5b94e6f5ee90","messageTitle":"Update Add and Edit command message responses","messageBody":"","fileTypesAndContributionMap":{"functional-code":{"insertions":17,"deletions":7}}},{"hash":"9d093585185d4355f515f1307fe75cf20a076e0d","messageTitle":"Fix issue of tag prefixes not being updated","messageBody":"","fileTypesAndContributionMap":{"docs":{"insertions":4,"deletions":4}}},{"hash":"c4ebe935e4b28d94fc00587fffddc279e08cde4f","messageTitle":"Fix issue of trailing whitespace in command response","messageBody":"","fileTypesAndContributionMap":{"functional-code":{"insertions":2,"deletions":2}}},{"hash":"2be320b7906fedf17560703d544fb28b1f0a31fd","messageTitle":"Update personal portfolio","messageBody":"","fileTypesAndContributionMap":{"docs":{"insertions":8,"deletions":3}}}]},{"date":"2021-03-16","commitResults":[{"hash":"2ba92d1e399bc0e7df26ced99992f60770ca511d","messageTitle":"Update MainWindow title and icon to match GME product","messageBody":"","fileTypesAndContributionMap":{"functional-code":{"insertions":2,"deletions":2}}},{"hash":"f63d61cca1a5b010d21ad41ade8ad385395caed3","messageTitle":"Update MainWindow title and icon to match GME product","messageBody":"","fileTypesAndContributionMap":{"functional-code":{"insertions":2,"deletions":2}}}]},{"date":"2021-03-20","commitResults":[{"hash":"44aad38fb4b70aa1fb7f8e3d0a1758f3194a3c14","messageTitle":"Rename drive command to pool","messageBody":"* update DriveCommand and test files to match pool command\n","fileTypesAndContributionMap":{"functional-code":{"insertions":3,"deletions":3},"other":{"insertions":66,"deletions":66},"test-code":{"insertions":5,"deletions":5}}}]},{"date":"2021-03-21","commitResults":[{"hash":"4f963ee18267049f7cdcade81c59fb03a36c4223","messageTitle":"Add unpool command class","messageBody":"","fileTypesAndContributionMap":{"functional-code":{"insertions":98,"deletions":0}}},{"hash":"f01fe3b776ee5962bf8d54b9872838311c3af26d","messageTitle":"Add unpool command parser class","messageBody":"","fileTypesAndContributionMap":{"functional-code":{"insertions":45,"deletions":0}}},{"hash":"d244892d8e8f93c40da06d354f393a67b4030676","messageTitle":"Update model to handle unpool command","messageBody":"* add IsSpecifiedDriverPredicate class\n","fileTypesAndContributionMap":{"functional-code":{"insertions":39,"deletions":1}}},{"hash":"6e30532279d482c03dbd03b349b12c4de2ae4882","messageTitle":"Update modelStub inside AddCommandTest to handle added method","messageBody":"","fileTypesAndContributionMap":{"test-code":{"insertions":7,"deletions":0}}}]},{"date":"2021-03-22","commitResults":[{"hash":"9f2106126f4fd35cbda14dd055aad38ca5301490","messageTitle":"Add basic tests for unpool command","messageBody":"","fileTypesAndContributionMap":{"test-code":{"insertions":126,"deletions":0}}},{"hash":"d638798fee121bcbda562a3e8371d32e6478d3e3","messageTitle":"Update unpool command to handle new JUnit tests","messageBody":"* add JUnit tests for unpooling single and multi passengers\n* update unpool command to throw exceptions when no driver is found\n","fileTypesAndContributionMap":{"functional-code":{"insertions":6,"deletions":1},"test-code":{"insertions":54,"deletions":3}}},{"hash":"0e328a770b36cc040229984bbb535824c04cc5b4","messageTitle":"Update code to follow coding checkstyle convention","messageBody":"","fileTypesAndContributionMap":{"functional-code":{"insertions":1,"deletions":1},"test-code":{"insertions":3,"deletions":36}}},{"hash":"10d2652c092c71d01551bf1b2160ae013f0fc04f","messageTitle":"Add unpool command to AddressBookParser class","messageBody":"","fileTypesAndContributionMap":{"functional-code":{"insertions":4,"deletions":0}}},{"hash":"0c6166b5342c97efa7a5cf80784de3c9f60b9817","messageTitle":"Add JUnit test for UnpoolCommandParser","messageBody":"","fileTypesAndContributionMap":{"test-code":{"insertions":76,"deletions":0}}},{"hash":"7ceef898cc5899eee7fe6e17fae449a4bb7aa4f9","messageTitle":"Update IsSpecifiedDriverPredicate to match PR comment","messageBody":"* update test method\n","fileTypesAndContributionMap":{"functional-code":{"insertions":2,"deletions":6}}},{"hash":"ae99d46715a641190aba598ebfdd3c18668088b9","messageTitle":"Refactor drive command instances in test files","messageBody":"found instances of older drive command that has not yet been refactored within AddressBookParserTest and DriverUtil\n\n* refactor drive command instances to new pool command\n","fileTypesAndContributionMap":{"test-code":{"insertions":3,"deletions":3}}},{"hash":"6de41a7df929619a5248cf7f335b33a403f977ed","messageTitle":"Add unpool command test to AddressBookParserTest","messageBody":"* update DriverUtil to contain a method for returning an unpool command string\n","fileTypesAndContributionMap":{"test-code":{"insertions":18,"deletions":1}}}]},{"date":"2021-03-27","commitResults":[{"hash":"447ac2834ead62932420bce027ae142ea15afacf","messageTitle":"Update AddCommandParser to take in new fields","messageBody":"","fileTypesAndContributionMap":{"functional-code":{"insertions":6,"deletions":7}}}]},{"date":"2021-03-28","commitResults":[{"hash":"e83a52f2d6bae654691e752377141bfe23867c1f","messageTitle":"Update JUnit tests to match with new model","messageBody":"","fileTypesAndContributionMap":{"functional-code":{"insertions":13,"deletions":3},"test-code":{"insertions":42,"deletions":33}}},{"hash":"6e1ff20c72c089914142f3ae5675b1f99d5726e3","messageTitle":"Update JUnit test utils","messageBody":"","fileTypesAndContributionMap":{"test-code":{"insertions":41,"deletions":44}}},{"hash":"2ecba20a68b815fe6c228c47cc02016c05e93f6f","messageTitle":"Update Add and Edit command parser class","messageBody":"* update parser classes to pass JUnit tests\n* update test util classes passenger details and methods\n","fileTypesAndContributionMap":{"functional-code":{"insertions":18,"deletions":13},"test-code":{"insertions":43,"deletions":14}}},{"hash":"4b7c8ee8280c40933355ad17ce5c571dd1e63cf8","messageTitle":"Update model to expose methods required for pool command","messageBody":"","fileTypesAndContributionMap":{"functional-code":{"insertions":36,"deletions":0}}},{"hash":"1ea2d1c786c0bd10f1375ac74f5a6e1086d7dbdd","messageTitle":"Remove tests for pool and unpool command","messageBody":"* remove JUnit tests to temporarily test other parts of logic module\n","fileTypesAndContributionMap":{"test-code":{"insertions":27,"deletions":490}}},{"hash":"2a71d2e5c28b35e6f0f5a15156cbfae77fd43e21","messageTitle":"Update test utils","messageBody":"","fileTypesAndContributionMap":{"functional-code":{"insertions":0,"deletions":1},"test-code":{"insertions":46,"deletions":10}}},{"hash":"82ce8f4fa479ae360ba2ddbdcc9afb5f522b3246","messageTitle":"Update pool command and tests","messageBody":"","fileTypesAndContributionMap":{"functional-code":{"insertions":53,"deletions":41},"test-code":{"insertions":217,"deletions":3}}},{"hash":"0394100dda65b03e06d006b1980eee8831a7947d","messageTitle":"Update model to expose filtered pool list accessors","messageBody":"* rename predicate in model\n* update methods of logic components that has dependencies on refactored model predicate\n","fileTypesAndContributionMap":{"functional-code":{"insertions":40,"deletions":12},"test-code":{"insertions":2,"deletions":2}}}]},{"date":"2021-03-29","commitResults":[{"hash":"129054b57bf2735a9492b2b8c9f49f4f6c1d123e","messageTitle":"Update unpool command and JUnit tests","messageBody":"* update unpool command to match latest feature\n* remove JsonSerializableAddressBookTest methods to temporarily simplify testing process\n* update ParserUtil to match updated storage\n* update model stubs in AddCommandTest\n","fileTypesAndContributionMap":{"functional-code":{"insertions":40,"deletions":100},"test-code":{"insertions":19,"deletions":8}}},{"hash":"095b91f1779ce31498b7d543efa7d2c7d064da45","messageTitle":"Update test utils","messageBody":"* add method for obtaining pool at index for CommandTestUtil\n* correct typos in TypicalPools for wrongly showing passengers instead of pools\n","fileTypesAndContributionMap":{"test-code":{"insertions":24,"deletions":3}}},{"hash":"4b20ed481be91a74dfacba9970023b81b7069398","messageTitle":"Add unpool command and parser tests","messageBody":"","fileTypesAndContributionMap":{"test-code":{"insertions":142,"deletions":0}}},{"hash":"b8d2c98d9547bdd20b6b11b5bfdb442cb1e0ef44","messageTitle":"Update index declaration in TypicalIndexes and relevant dependencies","messageBody":"","fileTypesAndContributionMap":{"test-code":{"insertions":301,"deletions":97}}},{"hash":"d7553c174420d7529e2352ce98a21306c96e7223","messageTitle":"Update code to follow coding conventions","messageBody":"","fileTypesAndContributionMap":{"functional-code":{"insertions":42,"deletions":11},"test-code":{"insertions":248,"deletions":278}}},{"hash":"962f256ed27b3b43c9e3785cd96962b0460814c4","messageTitle":"Fix incorrect indentation level for lambda in PoolUtil","messageBody":"","fileTypesAndContributionMap":{"test-code":{"insertions":1,"deletions":1}}},{"hash":"f45d1957ae7b60a0ebe6ccfa78fee2bb21176fe1","messageTitle":"Update pool command to refresh poolList instead of passengerList","messageBody":"* add predicate to show all pools to model\n* rename predicate to show all passengers in model\n* update dependencies for predicate to show all passengers\n","fileTypesAndContributionMap":{"functional-code":{"insertions":12,"deletions":9},"test-code":{"insertions":2,"deletions":2}}},{"hash":"3b29c831d0846150d07704b2c3facfba02c2094d","messageTitle":"Fix typo in UnpoolCommandParser showing DeleteCommand","messageBody":"","fileTypesAndContributionMap":{"functional-code":{"insertions":3,"deletions":3}}},{"hash":"30bcaf12bb5aea58f73d701b0b145b72a2d841c9","messageTitle":"Update user guide with unpool command","messageBody":"","fileTypesAndContributionMap":{"docs":{"insertions":27,"deletions":8}}},{"hash":"fbcca0cbe927caade2c03e83f4806af809707880","messageTitle":"Update developer guide","messageBody":"","fileTypesAndContributionMap":{"docs":{"insertions":10,"deletions":6}}},{"hash":"3ee456de5a3e9fc249ee648512eb59a7b0d8efd0","messageTitle":"Update developer guide glossary","messageBody":"","fileTypesAndContributionMap":{"docs":{"insertions":2,"deletions":1}}}]},{"date":"2021-04-01","commitResults":[{"hash":"96cda133315639e7dbff1a127c2a315db21fc396","messageTitle":"Refactor TripDay and TripTime classes to Model","messageBody":"","fileTypesAndContributionMap":{"other":{"insertions":4,"deletions":4}}},{"hash":"2ac6172cda93aa2dace143effd0577f29718b5fb","messageTitle":"Update dependencies for TripDay and TripTime to accomodate refactoring","messageBody":"","fileTypesAndContributionMap":{"functional-code":{"insertions":16,"deletions":45}}},{"hash":"7e3c093fb1609df7e37da9d59e613afc0d148377","messageTitle":"Update test files to accomodate TripDay and TripTime refactoring","messageBody":"","fileTypesAndContributionMap":{"functional-code":{"insertions":4,"deletions":4},"test-code":{"insertions":30,"deletions":51}}},{"hash":"61d85b1565f2928c2db4acc4f73d58d48d332f26","messageTitle":"Add more test cases","messageBody":"","fileTypesAndContributionMap":{"test-code":{"insertions":64,"deletions":50}}},{"hash":"aa4220cc9922a8186d31cc4d5deeac92a291c050","messageTitle":"Update logic to handle invalid index","messageBody":"* add invalid pool index to Messages class\n* update commands to display correct message\n","fileTypesAndContributionMap":{"functional-code":{"insertions":8,"deletions":6}}},{"hash":"bd813ceb3675b8d902f57f2aa05f2ff6a8e145ed","messageTitle":"Add AddressBookParserTest for unpool command","messageBody":"","fileTypesAndContributionMap":{"test-code":{"insertions":9,"deletions":9}}},{"hash":"e29df9cc74b1d9855c5e41553f2d8e02f26ec3a1","messageTitle":"Update code to follow java styling convention","messageBody":"","fileTypesAndContributionMap":{"functional-code":{"insertions":22,"deletions":22},"test-code":{"insertions":45,"deletions":42}}}]},{"date":"2021-04-02","commitResults":[{"hash":"7ceb92f2a1f0fae0860db03396bb4f16f91bc982","messageTitle":"Update terence personal portfolio to reflect latest contributions","messageBody":"","fileTypesAndContributionMap":{"docs":{"insertions":5,"deletions":2}}},{"hash":"7135225ccc7b2b87b8b91f846b02edb824a7feaf","messageTitle":"Refactor PoolCommand code for readability","messageBody":"","fileTypesAndContributionMap":{"functional-code":{"insertions":23,"deletions":23}}},{"hash":"575c6131838ba803c4cd5d8cfa9ea16056d3532e","messageTitle":"Update java documentation for PoolCommand constructor","messageBody":"","fileTypesAndContributionMap":{"functional-code":{"insertions":2,"deletions":6}}},{"hash":"d2fa3336fb08298cd90c4ce0966f6a3db60c6a00","messageTitle":"Update PoolCommand to handle passenger driver trip day mismatch","messageBody":"* add exception thrown in PoolCommand when a different trip day is detected between a driver and passenger in the same pool\n* add trip day mismatch string to common Messages class\n* update pool command tests\n","fileTypesAndContributionMap":{"functional-code":{"insertions":10,"deletions":4},"test-code":{"insertions":4,"deletions":4}}},{"hash":"05ce861cad595ce7b5b4d87912736519edfa83d4","messageTitle":"Update pool command TripDay mismatch logic","messageBody":"* add more test cases to PoolCommandTest\n* refactor trip day mismatch string to PoolCommand\n* refactor PoolCommand test code model\n","fileTypesAndContributionMap":{"functional-code":{"insertions":3,"deletions":3},"test-code":{"insertions":13,"deletions":2}}}]},{"date":"2021-04-09","commitResults":[{"hash":"192cc734202a8e862d9a43024fbac5bd0f99090b","messageTitle":"Fix bug that causes tags to clip with too many characters","messageBody":"* update tag validation method to check for strings that have more than 30 characters\n* update tag constraint message\n","fileTypesAndContributionMap":{"functional-code":{"insertions":4,"deletions":1}}},{"hash":"79ef0426419be98b268717f9e490d01bab2c8f9b","messageTitle":"Update personal portfolio page","messageBody":"","fileTypesAndContributionMap":{"docs":{"insertions":14,"deletions":3}}}]}],"lyueyang":[{"date":"2021-02-19","commitResults":[{"hash":"95203205a9a25fae7f3d605e86f5156535a890d1","messageTitle":"Update Readme","messageBody":"","fileTypesAndContributionMap":{"docs":{"insertions":6,"deletions":8}}},{"hash":"75e7eca4bfbdb7601326a30aaf2be5892f7ce27d","messageTitle":"Update README.md","messageBody":"","fileTypesAndContributionMap":{"docs":{"insertions":1,"deletions":1}}},{"hash":"ffb40581c3df80721653079f9bb32e8befa16331","messageTitle":"Update README","messageBody":"Minor adjustments on missed point","fileTypesAndContributionMap":{"docs":{"insertions":1,"deletions":1}}}]},{"date":"2021-02-25","commitResults":[{"hash":"70b0adff7f5f4fd510d7cbe8befb01de4612356a","messageTitle":"Update CI Status Badge","messageBody":"Link was previously not updated","fileTypesAndContributionMap":{"docs":{"insertions":1,"deletions":1}}}]},{"date":"2021-03-01","commitResults":[{"hash":"f00d742f7d357ab183c6ddcc8b6e07be7c3c2975","messageTitle":"Update Portfolio Page","messageBody":"- Included some of past projects, removed irrelevant information.\n- Changed file name to match github name","fileTypesAndContributionMap":{"docs":{"insertions":17,"deletions":47}}}]},{"date":"2021-03-02","commitResults":[{"hash":"df95f4593e6346fc966cbee4e65fafa7b5e5fcb9","messageTitle":"Update Portfolio Page","messageBody":"- Included some of past projects, removed irrelevant information.\n- Changed file name to match github name","fileTypesAndContributionMap":{"docs":{"insertions":17,"deletions":47}}},{"hash":"1887e6ccb8333610f75226f738bcf47de1e0ab0d","messageTitle":"Modify user guide to create","messageBody":"Create command previously used Add instead of create","fileTypesAndContributionMap":{"docs":{"insertions":4,"deletions":6}}},{"hash":"547d8c8300237f6491d59dc8af0908ebe4d819ce","messageTitle":"Modify add command to create","messageBody":"","fileTypesAndContributionMap":{"docs":{"insertions":1,"deletions":1}}}]},{"date":"2021-03-10","commitResults":[{"hash":"6212b56291c8bca3baeab86c6011eb4a8d96f1af","messageTitle":"Modified Find function","messageBody":"- One predicate created per attribute\n- Checks if only 1 prefix provided\n- Checks if only 1 key provided\n- FindCommand now takes a general predicate instead of namePredicate","fileTypesAndContributionMap":{"functional-code":{"insertions":196,"deletions":9},"test-code":{"insertions":114,"deletions":11}}},{"hash":"893bfaa20a95605d65f9c5725020d15341ba60d3","messageTitle":"Modify FindCommand Message","messageBody":"Message was for previous implementation which allowed names only","fileTypesAndContributionMap":{"functional-code":{"insertions":11,"deletions":4}}},{"hash":"fddbfa2ce295a889c08a058ded769980818d0b30","messageTitle":"Fix Checkstyle Suggestions","messageBody":"- Import order errors\n- Line too long issues\n- Whitespace issues","fileTypesAndContributionMap":{"functional-code":{"insertions":10,"deletions":7},"test-code":{"insertions":5,"deletions":5}}}]},{"date":"2021-03-14","commitResults":[{"hash":"9acfeae62558eb60ebe9fe5832627e24db7d7785","messageTitle":"Update FindCommand UserGuide","messageBody":"Documentation updated to include new relevant screenshot and updated prefixes","fileTypesAndContributionMap":{"docs":{"insertions":7,"deletions":7}}},{"hash":"3ad650f055a379a1cff0d5e89342165646c41e4b","messageTitle":"Update FindCommand user guide documentation","messageBody":"Specifies that only 1 type of prefix and 1 keyword can be specified.","fileTypesAndContributionMap":{"docs":{"insertions":1,"deletions":0}}},{"hash":"fc18ff1f77818f8e1aa7552ca80ad92939dd74be","messageTitle":"Update user guide for Find command","messageBody":"Added command summary for the find command","fileTypesAndContributionMap":{"docs":{"insertions":1,"deletions":0}}},{"hash":"0f18810b26b83e33d3ea623bb55b63dcb68b287f","messageTitle":"Fix Checkstyle Issues","messageBody":"Whitespace issues were specified by github CI checks","fileTypesAndContributionMap":{"docs":{"insertions":3,"deletions":5}}},{"hash":"d2093cc2b7f0614237c5fdc9960ac821bfaf8895","messageTitle":"Update user guide","messageBody":"Redefined format of find command and changed the colon to be before **","fileTypesAndContributionMap":{"docs":{"insertions":2,"deletions":2}}}]},{"date":"2021-03-17","commitResults":[{"hash":"86e6b6e3fd1af7c51fcd1092f430a82e71290b84","messageTitle":"Update UserGuide.md","messageBody":"Adjust find command description to match updated screenshot for better clarity","fileTypesAndContributionMap":{"docs":{"insertions":1,"deletions":1}}}]},{"date":"2021-03-24","commitResults":[{"hash":"939fec9035dab3a24f048c3fbc1727249fd988fd","messageTitle":"Amend user guide","messageBody":"Removed unnecessary points and added font styles for better readability","fileTypesAndContributionMap":{"docs":{"insertions":1,"deletions":2}}}]},{"date":"2021-03-25","commitResults":[{"hash":"15a7877589b9618e00d44087c8f178522900adc7","messageTitle":"Allow multiple arguments","messageBody":"- User can now search with multiple args. Function to check for 1 arg only kept for future price search","fileTypesAndContributionMap":{"functional-code":{"insertions":34,"deletions":20},"test-code":{"insertions":14,"deletions":3}}},{"hash":"9167a8ba4c83933ec35557187d795630fc097eab","messageTitle":"Implement search by price","messageBody":"- Price will be searched by passengerPrice \u003e\u003d specified price. \n- Feature has not been tested with live examples as edit and add price has not been implemented. It has however been tested such that it checks if passengers have no price provided.","fileTypesAndContributionMap":{"functional-code":{"insertions":49,"deletions":3},"test-code":{"insertions":6,"deletions":2}}},{"hash":"5a79bc976680986fec88c1f30b34f6e2dd12ec1b","messageTitle":"Fix comparison for price","messageBody":"Price comparison was done wrongly.","fileTypesAndContributionMap":{"functional-code":{"insertions":1,"deletions":1}}},{"hash":"b92779e8eab3ab565248bd5a71b069abb3b28864","messageTitle":"Add tests for FindCommandParser","messageBody":"Test added for PricePredicate","fileTypesAndContributionMap":{"functional-code":{"insertions":0,"deletions":2},"test-code":{"insertions":22,"deletions":0}}},{"hash":"903462f27420abbf0c414b83f6e95a2c1ea795b9","messageTitle":"Remove unused import","messageBody":"Removed unused import as checkstyle identified issues","fileTypesAndContributionMap":{"test-code":{"insertions":0,"deletions":1}}}]},{"date":"2021-03-28","commitResults":[{"hash":"7a5f04caf18cd64afb5cadaed06863e878dd046f","messageTitle":"Update DG to HR Executive as user","messageBody":"- As Program has been changed to accommodate a HR executive as the user instead of a passenger and driver, use case updated to reflect this change of focus.\n- Full stops ended to each sentence\n- MSS indicated","fileTypesAndContributionMap":{"docs":{"insertions":48,"deletions":51}}},{"hash":"358591c635472933f0f2473b1ce585c7705407ea","messageTitle":"Update UG","messageBody":"- Example name of driver changed to Alice to reflect female driver example\n- Instances of drive changed to pool","fileTypesAndContributionMap":{"docs":{"insertions":5,"deletions":5}}},{"hash":"edb2ba8d991685b715925ab2a50dd9dae89d33a4","messageTitle":"Change DG","messageBody":"- Update value proposition to reflect change of targeted user\n- Change styling for table","fileTypesAndContributionMap":{"docs":{"insertions":12,"deletions":12}}},{"hash":"c55c2c1cec715fc8e268aa8106f0ee6d33456204","messageTitle":"Correct error on user stories","messageBody":"- One of the user requirements were not properly reflected in the user stories table to show HR executive as the user","fileTypesAndContributionMap":{"docs":{"insertions":1,"deletions":1}}}]},{"date":"2021-03-29","commitResults":[{"hash":"ed9f56d1221992592c5f79f9e3f626298b346fd8","messageTitle":"Modify parsePredicate method","messageBody":"Changed method layout from if-else to switch statements. Strings are used for each case as Prefix.toString() is not a constant and will not compile as a result of that.","fileTypesAndContributionMap":{"functional-code":{"insertions":7,"deletions":10}}},{"hash":"f9e7e87f09b7c424e2aea717222cf228462e9439","messageTitle":"Renamed variable","messageBody":"parsedAddrAsString renamed to parsedAddressAsString","fileTypesAndContributionMap":{"functional-code":{"insertions":2,"deletions":3}}},{"hash":"0d0eb457f683cc7ed976b97facb066b857d96c75","messageTitle":"Add all search","messageBody":"- All search feature added. \n- All search applies for name, address, phone and tag\n- Keywords are parsed using respective parserUtil methods in AttributePredicate to determine validity\n- Manual testing completed","fileTypesAndContributionMap":{"functional-code":{"insertions":155,"deletions":20},"test-code":{"insertions":35,"deletions":0}}},{"hash":"5679f736be510b273ce381aa5d78eba8391ddafc","messageTitle":"Rectify checkstyle issues","messageBody":"","fileTypesAndContributionMap":{"functional-code":{"insertions":1,"deletions":1}}},{"hash":"9ba13b2171eee5c3fc37773b95e0db07b7476d20","messageTitle":"Rectify checkstyle issues","messageBody":"Checkstyle issues found in test classes","fileTypesAndContributionMap":{"test-code":{"insertions":0,"deletions":2}}},{"hash":"0e51eee04df05242c9d71fe76dedd8d60bcbe87d","messageTitle":"Verify test case validity","messageBody":"","fileTypesAndContributionMap":{"test-code":{"insertions":42,"deletions":41}}},{"hash":"7c389007890cc9e870e192da0d49a7167f2269b3","messageTitle":"Multiple delete feature added","messageBody":"","fileTypesAndContributionMap":{"functional-code":{"insertions":33,"deletions":12},"test-code":{"insertions":18,"deletions":11}}},{"hash":"4358cc1fbaa4078724739664d358556942a51c99","messageTitle":"Change name of addressbook.json","messageBody":"Changed to GMEdata.json","fileTypesAndContributionMap":{"other":{"insertions":11,"deletions":0}}},{"hash":"04b509034c16b481890e059a0bfcc8cc6c1b8146","messageTitle":"Adjusted invalid index message reply","messageBody":"","fileTypesAndContributionMap":{"functional-code":{"insertions":1,"deletions":1}}},{"hash":"d154a23e8e113bdb8172a9b022d85ca89107c962","messageTitle":"Altered .gitignore to stop tracking preferences.json","messageBody":"UserPrefs is where the name for addressbook.json is defined instead","fileTypesAndContributionMap":{"functional-code":{"insertions":3,"deletions":2}}},{"hash":"a819f630028b8a1ddb608579f88d9b8db550f3df","messageTitle":"Rectify whitespace issues","messageBody":"Whitespace issues highlighted by run-checks.sh","fileTypesAndContributionMap":{"other":{"insertions":0,"deletions":11},"docs":{"insertions":11,"deletions":11}}}]},{"date":"2021-03-30","commitResults":[{"hash":"007769f151531a6356a9db0f3670e77c1659b5ed","messageTitle":"Add find for tripday and triptime","messageBody":"Does not include tests","fileTypesAndContributionMap":{"functional-code":{"insertions":89,"deletions":4}}},{"hash":"e243859207ad1ed630b00b310430b129f94dfc53","messageTitle":"Add test cases to FindCommandTest","messageBody":"- Add test cases\n- Add typical users created to typical users list","fileTypesAndContributionMap":{"test-code":{"insertions":96,"deletions":1}}},{"hash":"2487edcae6b1b83c3f655c536129d57041bde5c1","messageTitle":"Address checkstyle issues in FindCommandTest","messageBody":"","fileTypesAndContributionMap":{"test-code":{"insertions":2,"deletions":4}}},{"hash":"3d63d197cf7521ffaea68e23573d74839747ecd4","messageTitle":"Implement static variables to replace strings","messageBody":"Static variables introduced to avoid using strings in switch case","fileTypesAndContributionMap":{"functional-code":{"insertions":44,"deletions":26}}},{"hash":"4c4b0e995d3215533e9e5b3e40ec26a0c08e42b8","messageTitle":"Modify error messages","messageBody":"Error messages print passenger names to improve usability","fileTypesAndContributionMap":{"functional-code":{"insertions":42,"deletions":6},"test-code":{"insertions":3,"deletions":3}}},{"hash":"613b55aebed13264c3398ab324a55389fbe82801","messageTitle":"Fix bugs related to printed messages","messageBody":"Message for DeleteCommand was printing the same passenger for scenario where some passengers were deleted but others not as they are in pool.","fileTypesAndContributionMap":{"functional-code":{"insertions":1,"deletions":1}}},{"hash":"5737b49982116ebe6400cf4c73f3218165169d05","messageTitle":"Refactor parsing command","messageBody":"Moved parsing to ParserUtil to neaten up DeleteCommandParser","fileTypesAndContributionMap":{"functional-code":{"insertions":23,"deletions":12}}},{"hash":"048ecb576a0db1cad5883fe7a1c2a7fc8d38120e","messageTitle":"Refactor parsing command","messageBody":"Parsing code moved from DeleteCommandParser to ParserUtil","fileTypesAndContributionMap":{"functional-code":{"insertions":23,"deletions":12}}},{"hash":"a4c954964b0f20ae6d5598888bccdc31d26eaa40","messageTitle":"Modify UG to reflect multi-delete","messageBody":"Also specified that users with a pool arrangement cannot be deleted.","fileTypesAndContributionMap":{"docs":{"insertions":6,"deletions":3}}},{"hash":"7e52f26464c4c62c438bd8c56c0391904962ce89","messageTitle":"Amend unpool message","messageBody":"Test case modified to reflect passenger names only","fileTypesAndContributionMap":{"functional-code":{"insertions":20,"deletions":1},"test-code":{"insertions":5,"deletions":1}}},{"hash":"b79ed2197cb6a0e93f7ef36634fb7a1e375847ad","messageTitle":"Change to StringJoiner instead of StringBuilder","messageBody":"","fileTypesAndContributionMap":{"functional-code":{"insertions":4,"deletions":7}}},{"hash":"71b6efa407b16efd45a7a3265a307c20290af2b5","messageTitle":"Change to StringJoiner from StringBuilder","messageBody":"","fileTypesAndContributionMap":{"functional-code":{"insertions":4,"deletions":7}}}]},{"date":"2021-03-31","commitResults":[{"hash":"770d5379dd6e75c632281caffc85e367bd3079d9","messageTitle":"Fix wrong prefix for tripday and triptime","messageBody":"","fileTypesAndContributionMap":{"functional-code":{"insertions":2,"deletions":2}}}]},{"date":"2021-04-01","commitResults":[{"hash":"b3d3ab539830b3f2b93336acfe875a36f74cfe39","messageTitle":"Add time difference warning for pool","messageBody":"Pool checks if the time difference between its passengers and the pool timing is more than 15 minutes","fileTypesAndContributionMap":{"functional-code":{"insertions":31,"deletions":1}}},{"hash":"7c21b4563b50ab0cb11abffbd3709a7ba676bf11","messageTitle":"Refactor methods for better design","messageBody":"","fileTypesAndContributionMap":{"functional-code":{"insertions":6,"deletions":5}}},{"hash":"f64334114b3e95160dc6e22dda7c8fddb752b8fd","messageTitle":"Refactor PoolCommand","messageBody":"- Change to 15 to a static variable\n- Change for-loop to a stream","fileTypesAndContributionMap":{"functional-code":{"insertions":3,"deletions":8}}}]},{"date":"2021-04-02","commitResults":[{"hash":"167d03c1d2e29d673071376aa8e7e603b020ed44","messageTitle":"Rectify test case differences","messageBody":"","fileTypesAndContributionMap":{"functional-code":{"insertions":8,"deletions":5},"test-code":{"insertions":5,"deletions":1}}},{"hash":"be50e28563ee6b40214c77aa0a30bd87f3b6f9be","messageTitle":"Add test case for no warning case","messageBody":"","fileTypesAndContributionMap":{"test-code":{"insertions":26,"deletions":12}}},{"hash":"e8ed661bf58783c1ef5cd168b10cc86236de3774","messageTitle":"Rectify checkstyle issues","messageBody":"","fileTypesAndContributionMap":{"test-code":{"insertions":9,"deletions":3}}},{"hash":"96888b93a8f7e1733d37975ea4e72ddc1c01a337","messageTitle":"Refactored to use existing static variables","messageBody":"","fileTypesAndContributionMap":{"test-code":{"insertions":2,"deletions":2}}}]},{"date":"2021-04-04","commitResults":[{"hash":"c8f7808a00818cef00e49913f1b07a79697c5bfb","messageTitle":"Update UG on FindCommand","messageBody":"- Update screenshots for FindCommand to reflect new UI (issue #193)\n- Specified multiple keywords being a feature instead of looking like unintended side effect (issue #173)","fileTypesAndContributionMap":{"docs":{"insertions":3,"deletions":0}}},{"hash":"5b933ad7c0055a40bcaa9753a6c372b08deb5d85","messageTitle":"Update UG on FindCommand (Issue #168)","messageBody":"- Change title to mention prefixes instead of name\n- Change list of prefix to show all prefixes","fileTypesAndContributionMap":{"docs":{"insertions":2,"deletions":2}}},{"hash":"2cc5271a569a13033b89cba1ec9f13aa7a7ee636","messageTitle":"Change FindCommand message","messageBody":"Message altered to show valid prefixes","fileTypesAndContributionMap":{"functional-code":{"insertions":21,"deletions":0}}},{"hash":"bbdeed953a4d188352e9a9244ac2663934653a65","messageTitle":"Update UG for clarity","messageBody":"- Details on all command wasn\u0027t specified\n- Details on other prefixes such as price, day and time wasn\u0027t specified","fileTypesAndContributionMap":{"docs":{"insertions":2,"deletions":1}}},{"hash":"1837a1adcffd1bcc63f5dfb366fb7b5448313d9c","messageTitle":"Update UG for Multi-delete","messageBody":"- Better clarity for multi delete (Issue #201)\n- Inaccurate example description (Issue #181)","fileTypesAndContributionMap":{"docs":{"insertions":2,"deletions":2}}},{"hash":"a96ac1ed097d63a78a545461587d7acb128dfb66","messageTitle":"Change delete response","messageBody":"- Change delete command response to invalid command (Resolves #167)","fileTypesAndContributionMap":{"functional-code":{"insertions":6,"deletions":1}}}]},{"date":"2021-04-09","commitResults":[{"hash":"1e881f9407100fc1b3427a48291fda2948a6131b","messageTitle":"Add minor UG tweaks","messageBody":"- Add fullstops\n- improve clarity for Delete command","fileTypesAndContributionMap":{"docs":{"insertions":20,"deletions":20}}},{"hash":"cb96acb44e3c08cedd18b51b476c1fa9f5bcf683","messageTitle":"Add more find examples","messageBody":"More examples add for command summary for find","fileTypesAndContributionMap":{"docs":{"insertions":1,"deletions":1}}},{"hash":"a841ed778a5b11e397fc49f90d1d82f30ea0979f","messageTitle":"Update Clear Command","messageBody":"- Clear command reply updated\n\nResolves #192","fileTypesAndContributionMap":{"functional-code":{"insertions":1,"deletions":1}}},{"hash":"51090be1bb7587d0f07aabfaff99463932826353","messageTitle":"Remove traces of AB3","messageBody":"Change address book to passenger list to reflect new implementation","fileTypesAndContributionMap":{"functional-code":{"insertions":2,"deletions":2}}},{"hash":"4373b1de8648267288f0e270314c6152e61dca00","messageTitle":"Change pool command example","messageBody":"Reflect change from drive to pool while also including day and time requirement.","fileTypesAndContributionMap":{"docs":{"insertions":1,"deletions":1}}},{"hash":"91fce5a2951afa53eff61846e49a921bcd09486c","messageTitle":"Change clear command message","messageBody":"Changing message according to teammate request","fileTypesAndContributionMap":{"functional-code":{"insertions":1,"deletions":1}}},{"hash":"3680b1645cc25a10b77732d01793061c451386b6","messageTitle":"Update PPP to reflect GME contributions","messageBody":"","fileTypesAndContributionMap":{"docs":{"insertions":24,"deletions":8}}},{"hash":"e56f723c9e3c8fb33b1745e21016b751a5330b5b","messageTitle":"Update Introduction for PPP","messageBody":"","fileTypesAndContributionMap":{"docs":{"insertions":1,"deletions":1}}}]}],"ZechariahTan":[{"date":"2021-02-19","commitResults":[{"hash":"83b710a766e14aedf41567b245b308e6c62ec319","messageTitle":"Update AboutUs.md","messageBody":"","fileTypesAndContributionMap":{"docs":{"insertions":212,"deletions":26}}},{"hash":"99ca2804d7f4089f26d7e5816336e4b25cc5a8ba","messageTitle":"Modify AboutUs.md","messageBody":"","fileTypesAndContributionMap":{"docs":{"insertions":6,"deletions":4}}}]},{"date":"2021-02-25","commitResults":[{"hash":"bc12754a0dbc9b455c7d9879b1d6fdc11cde70b5","messageTitle":"Modify UserGuide.md","messageBody":"* Add guide for Search command\n* Modify Example formatting to improve readability\n","fileTypesAndContributionMap":{"docs":{"insertions":23,"deletions":10}}},{"hash":"9f8e7c2496cff1b5ddcb8a3a9142ed6bd976e230","messageTitle":"Modify UserGuide.md","messageBody":"","fileTypesAndContributionMap":{"docs":{"insertions":4,"deletions":5}}}]},{"date":"2021-03-01","commitResults":[{"hash":"e64a979c83bfb1d0e4cc5627a886f241911a072c","messageTitle":"Modify project portfolio page","messageBody":"","fileTypesAndContributionMap":{"docs":{"insertions":1,"deletions":1}}},{"hash":"d7196a0585bcf0fe0e0be1bde9f45e618e0f5f80","messageTitle":"Modify personal project portfolio","messageBody":"","fileTypesAndContributionMap":{"docs":{"insertions":6,"deletions":23}}},{"hash":"0d2831de1106adeff42e46fe3281aaa67008b4bf","messageTitle":"Modify personal project portfolio","messageBody":"","fileTypesAndContributionMap":{"docs":{"insertions":1,"deletions":1}}},{"hash":"c3af933bd048811419d6afdf0bb1f1bb51226329","messageTitle":"Remove redundant proposed features","messageBody":"","fileTypesAndContributionMap":{"docs":{"insertions":0,"deletions":98}}}]},{"date":"2021-03-02","commitResults":[{"hash":"2cdd032b793d738034f89f080123b8c9c23f8cd4","messageTitle":"Dummy commit","messageBody":"* newline added in DeveloperGuide.md to force sync with github CI","fileTypesAndContributionMap":{"docs":{"insertions":1,"deletions":0}}},{"hash":"a888cecddfbb3afea35fba1072c82451211917a8","messageTitle":"Update Personal project portfolio","messageBody":"","fileTypesAndContributionMap":{"docs":{"insertions":4,"deletions":2}}},{"hash":"64498b32d7145f6c55ab478aaf8f5f5e83a7fc87","messageTitle":"Modify project portfolio page","messageBody":"","fileTypesAndContributionMap":{"docs":{"insertions":1,"deletions":1}}}]},{"date":"2021-03-04","commitResults":[{"hash":"d0d17281a7574ffdd3c91c53190f955aa683b66c","messageTitle":"Update Personal project portfolio","messageBody":"","fileTypesAndContributionMap":{"docs":{"insertions":1,"deletions":1}}}]},{"date":"2021-03-10","commitResults":[{"hash":"f0f2cd6d7b9693a41616ac5a2629ccdd75d88d93","messageTitle":"Add Human as ancestor of Person class","messageBody":"","fileTypesAndContributionMap":{"functional-code":{"insertions":51,"deletions":38},"other":{"insertions":46,"deletions":43},"docs":{"insertions":2,"deletions":2},"test-code":{"insertions":45,"deletions":45}}},{"hash":"e066736f684a5eb0bc2d036fa3a971fcf1948693","messageTitle":"Add Driver as child of Human class","messageBody":"","fileTypesAndContributionMap":{"functional-code":{"insertions":73,"deletions":0}}},{"hash":"f8c67d1e12d08ee9235cf9ec866b4181cfe8572b","messageTitle":"Modify files to conform to checkstyle","messageBody":"","fileTypesAndContributionMap":{"functional-code":{"insertions":25,"deletions":9},"test-code":{"insertions":8,"deletions":8}}},{"hash":"cce4db20a1a5b08490e2db8d732a05ceea441116","messageTitle":"Modify person package","messageBody":"","fileTypesAndContributionMap":{"functional-code":{"insertions":30,"deletions":294},"test-code":{"insertions":31,"deletions":29}}},{"hash":"199da0f40741622b36220c2bc051cd0ad0ef688d","messageTitle":"Modify PersonTest imports","messageBody":"","fileTypesAndContributionMap":{"test-code":{"insertions":18,"deletions":17}}},{"hash":"579064352b4833c219cbdf2827fe3c05837baa11","messageTitle":"Modify to conform to checkstyle","messageBody":"","fileTypesAndContributionMap":{"functional-code":{"insertions":281,"deletions":19},"test-code":{"insertions":16,"deletions":18}}},{"hash":"7d6ff41248cff9b6a8ad31baba1995616304f19a","messageTitle":"Move shared methods between Driver and Person to Human","messageBody":"","fileTypesAndContributionMap":{"functional-code":{"insertions":9,"deletions":10}}},{"hash":"328e3772d21cc86d5102014b0e9e2f17abb79535","messageTitle":"Remove redundant methods","messageBody":"","fileTypesAndContributionMap":{"functional-code":{"insertions":0,"deletions":8}}},{"hash":"114edeb0faf68470640ec40b81a116344b412f2c","messageTitle":"Remove email field from Person class","messageBody":"","fileTypesAndContributionMap":{"functional-code":{"insertions":20,"deletions":155},"test-code":{"insertions":55,"deletions":252}}}]},{"date":"2021-03-11","commitResults":[{"hash":"5ab509d56f208c8c1850fbb4106f49b68421451e","messageTitle":"Add tripday triptime and driver attributes to person","messageBody":"","fileTypesAndContributionMap":{"functional-code":{"insertions":161,"deletions":6}}},{"hash":"c8fc45e47d84f557ff970a593b4855674da4ab6a","messageTitle":"Made driver optional in Person class","messageBody":"","fileTypesAndContributionMap":{"functional-code":{"insertions":6,"deletions":4}}},{"hash":"01e14b852482cc6847c258e2afb12100dbeab7b2","messageTitle":"Convert tripday and triptime to singular","messageBody":"","fileTypesAndContributionMap":{"functional-code":{"insertions":136,"deletions":149}}},{"hash":"b41a19c28d6cae7937c14b20779beeb3d8f1c0c7","messageTitle":"Convert tripday and triptime to strings","messageBody":"* Add testcases for TripDay and TripTime.\n* Edit PersonBuilder and PersonUtil in test to accomodate new Person fields\n* Move PhoneTest and NameTest files in test to mirror new package layout in main\n* Add Stub to following files to allow compilation with new Person fields\n---- EditCommand.java\n---- EditCommandParser.java\n---- AddCommandParser.java\n","fileTypesAndContributionMap":{"functional-code":{"insertions":110,"deletions":23},"other":{"insertions":2,"deletions":2},"test-code":{"insertions":121,"deletions":1}}},{"hash":"c6631224c12c4c8b89228a1fd0711a1d5e5cbc15","messageTitle":"Add testcases for Driver","messageBody":"* Add testcases for Driver class\n* Add DriverBuilder and TypicalDrivers to mirror Person Testing flow\n","fileTypesAndContributionMap":{"functional-code":{"insertions":5,"deletions":6},"test-code":{"insertions":163,"deletions":0}}},{"hash":"58c22c574a980cae55950e8ddabde9ca2509b4db","messageTitle":"Add DriverBuilder Class in testutil","messageBody":"","fileTypesAndContributionMap":{"test-code":{"insertions":0,"deletions":5}}},{"hash":"f7c07e2ad9485ea811e49fd133aeeeeb774cb7d7","messageTitle":"Add testcases to PersonTest","messageBody":"* Add testcases to test for TripDay and TripTime in PersonTest\n* Add relevant static variables in ParserUtil and CommandTestUtil\n","fileTypesAndContributionMap":{"functional-code":{"insertions":30,"deletions":0},"test-code":{"insertions":16,"deletions":1}}},{"hash":"2ff6b03f0fb55b4d35bc88a055f38834d083faf7","messageTitle":"Modify to fit checkstyle","messageBody":"","fileTypesAndContributionMap":{"functional-code":{"insertions":12,"deletions":44},"test-code":{"insertions":13,"deletions":20}}}]},{"date":"2021-03-13","commitResults":[{"hash":"f24c190e92d0ad015696cd6cab785fb65f29cf6e","messageTitle":"Modify Testcases in logic to accept new fields","messageBody":"","fileTypesAndContributionMap":{"functional-code":{"insertions":11,"deletions":4},"test-code":{"insertions":34,"deletions":15}}},{"hash":"9151a97ab723c13b3f56fe6782202cf47dbf7971","messageTitle":"Modify to fit checkstyle","messageBody":"","fileTypesAndContributionMap":{"test-code":{"insertions":1,"deletions":1}}}]},{"date":"2021-03-17","commitResults":[{"hash":"8f3b3339990b7847c159dabc750bb39db4e86b57","messageTitle":"Update screenshots","messageBody":"","fileTypesAndContributionMap":{"docs":{"insertions":1,"deletions":1}}}]},{"date":"2021-03-19","commitResults":[{"hash":"e7be2c3f77a83d35adbe8743c23dfce9e3ff2744","messageTitle":"Add Price object class","messageBody":"","fileTypesAndContributionMap":{"functional-code":{"insertions":53,"deletions":0}}}]},{"date":"2021-03-20","commitResults":[{"hash":"ba5733cd102c11f32b61fe187d9b81c7cc79565f","messageTitle":"Add price to Passenger class","messageBody":"* Add test case for Price class\n* Modify existing test cases to accept Price variable with stubs\n","fileTypesAndContributionMap":{"functional-code":{"insertions":84,"deletions":13},"test-code":{"insertions":127,"deletions":35}}},{"hash":"004a3cf72d4a28c35b272cba234438865e670a00","messageTitle":"Modify to adhere to checkstyle requirements","messageBody":"","fileTypesAndContributionMap":{"functional-code":{"insertions":12,"deletions":10},"test-code":{"insertions":2,"deletions":3}}},{"hash":"875a27810aa7b97a672dc7688a0df6e1a7c4028f","messageTitle":"Modify price to be an optional field","messageBody":"","fileTypesAndContributionMap":{"functional-code":{"insertions":30,"deletions":26},"test-code":{"insertions":7,"deletions":7}}},{"hash":"a4975024eb91e9170f42b9a0336f17885a215cc5","messageTitle":"Rename Stud to Stub","messageBody":"","fileTypesAndContributionMap":{"functional-code":{"insertions":4,"deletions":4}}},{"hash":"cc753884d6c47b1ab84b637aa719841a8ec90bfc","messageTitle":"Merged pool command refactoring changes","messageBody":"","fileTypesAndContributionMap":{"functional-code":{"insertions":4,"deletions":1}}},{"hash":"964c002ec666d54b244a72dea662077f5e5de84c","messageTitle":"Edit validation regex in Price class","messageBody":"","fileTypesAndContributionMap":{"functional-code":{"insertions":1,"deletions":1}}},{"hash":"f1cf4c0a5b7c81cb30dfc448c60dd3c208d6aff2","messageTitle":"Edit testcases for Price","messageBody":"","fileTypesAndContributionMap":{"functional-code":{"insertions":1,"deletions":1},"test-code":{"insertions":2,"deletions":2}}},{"hash":"3f1bf1c2b4b07a8e24dd4a10e4a1bbfdba292293","messageTitle":"Edit regex for Price","messageBody":"","fileTypesAndContributionMap":{"functional-code":{"insertions":2,"deletions":4}}},{"hash":"31606e11780b93ce2872920752ff4767799585ee","messageTitle":"Edit validation regex in Price","messageBody":"","fileTypesAndContributionMap":{"functional-code":{"insertions":1,"deletions":1}}}]},{"date":"2021-03-21","commitResults":[{"hash":"2dfddbaa9944a2ee485b3aa0f757ea9ef9f98faa","messageTitle":"Change datatypes of TripDay, TripTime, and Price","messageBody":"","fileTypesAndContributionMap":{"functional-code":{"insertions":117,"deletions":90},"test-code":{"insertions":107,"deletions":116}}}]},{"date":"2021-03-22","commitResults":[{"hash":"5f5a58860913be36b7d18b157a382b1c95af8a20","messageTitle":"Modify TripDay, TripTime and Price accessor method names","messageBody":"","fileTypesAndContributionMap":{"functional-code":{"insertions":10,"deletions":10},"test-code":{"insertions":4,"deletions":4}}},{"hash":"b266ec67fade480616191a02faef380fb37dab6e","messageTitle":"Modify TypicalPassengers to fix merge conflicts","messageBody":"","fileTypesAndContributionMap":{"test-code":{"insertions":12,"deletions":12}}}]},{"date":"2021-03-24","commitResults":[{"hash":"c175bd624f75eb658bd6a1385b52cc4fe1433c2a","messageTitle":"Modify Price class to include null verification","messageBody":"","fileTypesAndContributionMap":{"functional-code":{"insertions":2,"deletions":0},"test-code":{"insertions":2,"deletions":2}}}]},{"date":"2021-03-25","commitResults":[{"hash":"186125813d2eac88ed631a7a732e20cf4fe58e99","messageTitle":"Add Trip object class","messageBody":"* Modify packages to reflect planned Trip implementation\n","fileTypesAndContributionMap":{"functional-code":{"insertions":168,"deletions":15},"other":{"insertions":6,"deletions":5},"test-code":{"insertions":16,"deletions":15}}}]},{"date":"2021-03-26","commitResults":[{"hash":"0f24a193fb8dded733293ac50dd616493fd2cc8b","messageTitle":"Shift set declaration into constructor","messageBody":"","fileTypesAndContributionMap":{"functional-code":{"insertions":2,"deletions":2}}},{"hash":"f14fed3099f7fe2dc368611ff7b9e2a35f14a182","messageTitle":"Rename Trip to Pool","messageBody":"","fileTypesAndContributionMap":{"functional-code":{"insertions":2,"deletions":2},"other":{"insertions":19,"deletions":19}}},{"hash":"e8c993b472e7ccdb50c020fb4fdddf493a026c9f","messageTitle":"Modify to fit checkstyle","messageBody":"","fileTypesAndContributionMap":{"functional-code":{"insertions":16,"deletions":16},"other":{"insertions":5,"deletions":5},"test-code":{"insertions":10,"deletions":10}}},{"hash":"75894435ff6466217e0bb5f335c987e685ad62a9","messageTitle":"Cleanup Pool class","messageBody":"","fileTypesAndContributionMap":{"functional-code":{"insertions":1,"deletions":4}}},{"hash":"adf8298f3f0c1c02bf348d274ddd53a78628ca80","messageTitle":"Auto stash before checking out \"AY2021S2-CS2103T-W10-1/master\"","messageBody":"Apply stashed changes pre-#111merge ","fileTypesAndContributionMap":{"functional-code":{"insertions":226,"deletions":4},"test-code":{"insertions":9,"deletions":1}}}]},{"date":"2021-03-27","commitResults":[{"hash":"f9329f4855fb8dacace97a97e6f7a19c4545cb7d","messageTitle":"Add Testcases for Pool class","messageBody":"","fileTypesAndContributionMap":{"functional-code":{"insertions":9,"deletions":1},"test-code":{"insertions":322,"deletions":1}}},{"hash":"5a9f267166d7c053a4d73933203b259f591d68b6","messageTitle":"Factor Driver class out of Passenger","messageBody":"","fileTypesAndContributionMap":{"functional-code":{"insertions":26,"deletions":159},"test-code":{"insertions":21,"deletions":100}}},{"hash":"cb504bd0585d4e70179a4667517a08fef2b938a3","messageTitle":"Modify Testcases to fit new model","messageBody":"","fileTypesAndContributionMap":{"test-code":{"insertions":3,"deletions":18}}}]},{"date":"2021-03-28","commitResults":[{"hash":"cc5f37daab0b278b2157677ad43e26e95f81f909","messageTitle":"Auto stash before checking out \"AY2021S2-CS2103T-W10-1/master\"","messageBody":"Apply stashed changes pre-#111merge ","fileTypesAndContributionMap":{"functional-code":{"insertions":226,"deletions":4},"test-code":{"insertions":9,"deletions":0}}},{"hash":"855aa961119090bc1868250975fcef07dbe142f1","messageTitle":"Add Testcases for Pool class","messageBody":"","fileTypesAndContributionMap":{"functional-code":{"insertions":9,"deletions":1},"test-code":{"insertions":322,"deletions":1}}},{"hash":"e96fac9025848789c100b1931c53cc42bcc0700a","messageTitle":"Factor Driver class out of Passenger","messageBody":"","fileTypesAndContributionMap":{"functional-code":{"insertions":26,"deletions":160},"test-code":{"insertions":21,"deletions":100}}},{"hash":"8897571b7f9c260a97eafad812a16a195e2c9ab8","messageTitle":"Modify Testcases to fit new model","messageBody":"","fileTypesAndContributionMap":{"test-code":{"insertions":3,"deletions":18}}},{"hash":"495cf87c7f680e5f009927078c88b01eb361bf8a","messageTitle":"Update User Guide","messageBody":"","fileTypesAndContributionMap":{"functional-code":{"insertions":1,"deletions":1},"docs":{"insertions":71,"deletions":21}}},{"hash":"ff7e4cf3dd11fe3c061997ef5b0e342287da5176","messageTitle":"Add newline at EOF of UserGuide","messageBody":"","fileTypesAndContributionMap":{"docs":{"insertions":1,"deletions":1}}},{"hash":"d7ba153540115e291ce20cc904250507e78bd6cd","messageTitle":"Fix UserGuide Formatting issues","messageBody":"","fileTypesAndContributionMap":{"docs":{"insertions":9,"deletions":8}}},{"hash":"36f6f7e639eb63fef08a2787262d6e85f36076c0","messageTitle":"Fix UserGuide Formatting issues","messageBody":"","fileTypesAndContributionMap":{"docs":{"insertions":3,"deletions":1}}}]},{"date":"2021-03-29","commitResults":[{"hash":"2e4a4d465ef7a5b064761d4373b03a2d470b1cf0","messageTitle":"Fix testcases for PoolCommandTest","messageBody":"* Rename getTypicalAddressBook methods in typicalPassengers and typicalPools to allow retrival of pools or passengers specifically during testing\n* Modify PoolBuilder to build pools from passengers in a given model\n","fileTypesAndContributionMap":{"test-code":{"insertions":206,"deletions":307}}}]},{"date":"2021-03-30","commitResults":[{"hash":"00d1702f4a32b16ed07ea4a3047dbf3711180b2a","messageTitle":"Add UnpoolCommand testcases for filtered lists","messageBody":"","fileTypesAndContributionMap":{"functional-code":{"insertions":1,"deletions":1},"test-code":{"insertions":19,"deletions":13}}}]},{"date":"2021-04-08","commitResults":[{"hash":"7053df7ea3d942590b6749e1f6f67ee8815b4f4a","messageTitle":"Fix UG Command Summary table fix","messageBody":"* Close issue #211, #188\n\n","fileTypesAndContributionMap":{"docs":{"insertions":5,"deletions":1}}},{"hash":"2f5564db668c67f98393199e73191ec54ca8b92f","messageTitle":"Fix UG Features re-categorisation","messageBody":"* Close issue #210\n","fileTypesAndContributionMap":{"docs":{"insertions":48,"deletions":43}}},{"hash":"a5f0b70f0bd3565b2ef1013c9ac13bc140102a9a","messageTitle":"Fix UG specify c/ prefix meaning","messageBody":"* Close issue #203\n","fileTypesAndContributionMap":{"docs":{"insertions":2,"deletions":1}}},{"hash":"9e7ff17ea5e7bf7cae504ce0ba8b3e098336c933","messageTitle":"Fix UG TripDay and TripTime usage","messageBody":"* Close issue #186\n","fileTypesAndContributionMap":{"docs":{"insertions":14,"deletions":6}}},{"hash":"6270101fe5d468c29f6aa3d55b7017ed8bbdb188","messageTitle":"Fix UG bolding consistency","messageBody":"* Close issue #180\n","fileTypesAndContributionMap":{"docs":{"insertions":11,"deletions":11}}},{"hash":"3b73825f568ce4e30702d816cbc7e22f63033c09","messageTitle":"Fix UG features command formatting","messageBody":"* Close issue #155, #156\n","fileTypesAndContributionMap":{"docs":{"insertions":4,"deletions":4}}},{"hash":"5219b5b1875eccd5650e685d1946c06bfe034112","messageTitle":"Modify UG findPool command format","messageBody":"","fileTypesAndContributionMap":{"docs":{"insertions":7,"deletions":7}}}]},{"date":"2021-04-09","commitResults":[{"hash":"4b4d7f74997d33e084efa46c176bdef5da5dd769","messageTitle":"Modify UG formatting","messageBody":"* Address issue #153\n* Address issue #212\n* Close issue #191\n","fileTypesAndContributionMap":{"docs":{"insertions":18,"deletions":10}}},{"hash":"1127534ecd543c079e2cd602b59b6037d9e7c090","messageTitle":"Fix minor formatting issues","messageBody":"","fileTypesAndContributionMap":{"docs":{"insertions":2,"deletions":2}}},{"hash":"d2beae40ca13d8b9b0bfaec795ae5553b50f5de0","messageTitle":"Fix misuse of warning symbol","messageBody":"","fileTypesAndContributionMap":{"docs":{"insertions":2,"deletions":7}}}]}],"markmcwong":[{"date":"2021-02-25","commitResults":[{"hash":"f5619288b47bcc386e24b9c5514e110cb0da9d9e","messageTitle":"Update DeveloperGuide.md","messageBody":"","fileTypesAndContributionMap":{"docs":{"insertions":108,"deletions":41}}},{"hash":"5b65e04d98ed4e9d34d5cae0d8f2d81edb084f0e","messageTitle":"Fix table format conversion","messageBody":"","fileTypesAndContributionMap":{"docs":{"insertions":20,"deletions":2}}}]},{"date":"2021-03-02","commitResults":[{"hash":"d0778f209cf47a0d967851150ddb01ce6d2951a1","messageTitle":"Update list command","messageBody":"","fileTypesAndContributionMap":{"docs":{"insertions":1,"deletions":1}}},{"hash":"174445556b05bbba49ad979f214088c84419631e","messageTitle":"Change AddressBook keywords to GME / GreenMileageEfforts","messageBody":"","fileTypesAndContributionMap":{"docs":{"insertions":3,"deletions":3}}},{"hash":"b2f148db885cfef63e2c6b681a367ad85fd36a6f","messageTitle":"Replace AddressBook wording","messageBody":"","fileTypesAndContributionMap":{"docs":{"insertions":2,"deletions":2}}},{"hash":"0f24d1c667a65bdc8e254b1446ca4f2ba117f888","messageTitle":"remove edit command","messageBody":"","fileTypesAndContributionMap":{"docs":{"insertions":0,"deletions":17}}}]},{"date":"2021-03-03","commitResults":[{"hash":"e23b9a6e40e788549341f4fc4b513d1c5d0bc089","messageTitle":"update user stories\u0027 blanks with info","messageBody":"","fileTypesAndContributionMap":{"docs":{"insertions":3,"deletions":3}}}]},{"date":"2021-03-14","commitResults":[{"hash":"fa129f566fb052c15d9e7a75abef0dfffc13b955","messageTitle":"update config","messageBody":"","fileTypesAndContributionMap":{"other":{"insertions":0,"deletions":0}}},{"hash":"d9e6a7014553c36274ea20a628fd4f4f77dd5026","messageTitle":"Change bottom-half of ui to split-pane view","messageBody":"","fileTypesAndContributionMap":{"functional-code":{"insertions":94,"deletions":48}}},{"hash":"009db69dcb016c5ca9af0850f792b67bac062dae","messageTitle":"refactored to FreePersonListPanel and TakenPersonListPanel for the bottom panels","messageBody":"","fileTypesAndContributionMap":{"functional-code":{"insertions":55,"deletions":5},"other":{"insertions":5,"deletions":5}}},{"hash":"bb8601e10d0c724c5321f4b004b14207ded39af2","messageTitle":"make two panels showing passenger with and without driver separately","messageBody":"","fileTypesAndContributionMap":{"functional-code":{"insertions":16,"deletions":7}}},{"hash":"022e4901a62b83284cd7bf4c340bed8cb170474e","messageTitle":"add prediciate to check person is assigned to Driver, refactored to hide implementation details","messageBody":"","fileTypesAndContributionMap":{"functional-code":{"insertions":44,"deletions":4}}},{"hash":"66ca89c5c256dc7ac7fbf3c8cfa691118c0cc399","messageTitle":"Change selected cells colour","messageBody":"","fileTypesAndContributionMap":{"functional-code":{"insertions":9,"deletions":5}}},{"hash":"afa6b5dec559b6d64ac1b86f6a0fe59eb21d41ec","messageTitle":"revert unnecessary changes to config files","messageBody":"","fileTypesAndContributionMap":{"other":{"insertions":0,"deletions":0}}},{"hash":"721e3cbf4131aa3804969bb84b23d2dc8df98ac3","messageTitle":"remove unnecessary imports and fix import orders, fix typo","messageBody":"","fileTypesAndContributionMap":{"functional-code":{"insertions":5,"deletions":5},"other":{"insertions":2,"deletions":5}}},{"hash":"473b2f98ab4df04b596afd1d291fcc3b601da78f","messageTitle":"Fix test method in ModelStub","messageBody":"","fileTypesAndContributionMap":{"test-code":{"insertions":5,"deletions":0}}},{"hash":"89439948e0e3c21a9604c8ac499573a56894395c","messageTitle":"fix minimum width would cut off the right panel","messageBody":"","fileTypesAndContributionMap":{"functional-code":{"insertions":4,"deletions":4}}}]},{"date":"2021-03-16","commitResults":[{"hash":"3248336986dfde37250b7312e1d1e7ff0a9bf571","messageTitle":"fix Driver won\u0027t be stored in JSON","messageBody":"","fileTypesAndContributionMap":{"functional-code":{"insertions":36,"deletions":2}}},{"hash":"0dc7252cb0d7bdc50a667aad88bb4050d9e3fe60","messageTitle":"add appropriate test for driver and fix checkstyle","messageBody":"","fileTypesAndContributionMap":{"functional-code":{"insertions":4,"deletions":4},"test-code":{"insertions":18,"deletions":8}}},{"hash":"1fbcb194034ee29ef453cfe92b7a0c35d0a6efce","messageTitle":"modify test json to fit new format with driver included","messageBody":"","fileTypesAndContributionMap":{"functional-code":{"insertions":0,"deletions":1},"test-code":{"insertions":11,"deletions":10}}},{"hash":"ad5cd1d2795815e4dbae1b58e5c66794be96d51d","messageTitle":"add test methods for Driver for more coverage","messageBody":"","fileTypesAndContributionMap":{"functional-code":{"insertions":6,"deletions":3},"test-code":{"insertions":8,"deletions":0}}},{"hash":"f40298c16d74858cf06cb7cc5b5c74c1269eb895","messageTitle":"fix checkStyleMain","messageBody":"","fileTypesAndContributionMap":{"functional-code":{"insertions":1,"deletions":1}}}]},{"date":"2021-03-23","commitResults":[{"hash":"08f89edf4d204a97871697001b3e351af22faca4","messageTitle":"create basic layout for the driver section in PassengerListCard","messageBody":"","fileTypesAndContributionMap":{"functional-code":{"insertions":147,"deletions":0}}},{"hash":"5f19a17ba2dc42e9672c4d60a4cc45824ecdf0ee","messageTitle":"use LabelWithIcon to create similar layout","messageBody":"","fileTypesAndContributionMap":{"functional-code":{"insertions":78,"deletions":29}}},{"hash":"c3051fcbd5c2517022d0e83dc901fe7dc2e66166","messageTitle":"fix words that are too long becoming ellipsis","messageBody":"","fileTypesAndContributionMap":{"functional-code":{"insertions":6,"deletions":3}}},{"hash":"a91d42d625a1a3a0819223f1e067e965cefe130e","messageTitle":"use Avenir font instead","messageBody":"","fileTypesAndContributionMap":{"functional-code":{"insertions":16,"deletions":14}}}]},{"date":"2021-03-24","commitResults":[{"hash":"4598b59bac96b782efcdf5a834283fc60fb5c979","messageTitle":"use LabelWithIcon for PassengerCard, include LabelWithIcon test","messageBody":"","fileTypesAndContributionMap":{"functional-code":{"insertions":83,"deletions":56},"test-code":{"insertions":19,"deletions":0}}},{"hash":"952edaba16f33ea71dbe8baccd76e4510cb601da","messageTitle":"add TestFX support for LabelWithIcon and DriverCard Test","messageBody":"","fileTypesAndContributionMap":{"functional-code":{"insertions":20,"deletions":19},"other":{"insertions":5,"deletions":0},"test-code":{"insertions":93,"deletions":4}}},{"hash":"aea16fa2824d82175f57ba4c03bae553ca2a6163","messageTitle":"restrict the boundary of the import to be tighter:","messageBody":"","fileTypesAndContributionMap":{"functional-code":{"insertions":3,"deletions":1}}},{"hash":"f41478b56552a3988d2f041c240528b48401974b","messageTitle":"Use testImplementation and remove testCompile from TestFx given example","messageBody":"","fileTypesAndContributionMap":{"other":{"insertions":2,"deletions":4}}},{"hash":"afcfd38d272560fca44ec0ca9a813ed20e79779d","messageTitle":"remove unnecessary logging and commented css","messageBody":"","fileTypesAndContributionMap":{"functional-code":{"insertions":1,"deletions":12}}},{"hash":"8171366086c3650fc93021bdb5a87dbc86b037a1","messageTitle":"fix repo-wide tests","messageBody":"","fileTypesAndContributionMap":{"functional-code":{"insertions":2,"deletions":2}}},{"hash":"cfc9c867314ca42f0c9b3a43fab1ec0573e319f7","messageTitle":"fix mismatch of master branch\u0027s getDriverAsStr method","messageBody":"","fileTypesAndContributionMap":{"functional-code":{"insertions":1,"deletions":1}}},{"hash":"7d013226bc868c0667eb362b111955888df14acf","messageTitle":"headless testfx and Java CI workaround","messageBody":"","fileTypesAndContributionMap":{"functional-code":{"insertions":6,"deletions":0},"other":{"insertions":10,"deletions":0},"test-code":{"insertions":15,"deletions":7}}}]},{"date":"2021-03-29","commitResults":[{"hash":"6cd0d55daa1916e99ae3137ee524f3792e17592f","messageTitle":"initialise pool card and view for pool command","messageBody":"","fileTypesAndContributionMap":{"functional-code":{"insertions":417,"deletions":14},"other":{"insertions":15,"deletions":11}}},{"hash":"71fcf4ec399d8d8a239e8a452f34cc8828341886","messageTitle":"fix trip command execute result","messageBody":"","fileTypesAndContributionMap":{"functional-code":{"insertions":4,"deletions":2}}},{"hash":"5b0171481fb9521052e44ef88636369d2f9b5175","messageTitle":"optimize trip command related operation","messageBody":"","fileTypesAndContributionMap":{"functional-code":{"insertions":44,"deletions":57}}},{"hash":"1c1340da39d5a03a355a1763b0dc551fee1e80cc","messageTitle":"fix success pool creation message \u0026 tripDay case sensitivity","messageBody":"","fileTypesAndContributionMap":{"functional-code":{"insertions":2,"deletions":2}}},{"hash":"e4b10e65132657bdc911ea5736143970ab6fefd2","messageTitle":"remove unused variables and more comments","messageBody":"","fileTypesAndContributionMap":{"functional-code":{"insertions":3,"deletions":25}}},{"hash":"ed942a4ccb767c9cf55a4c968c9ed174fc64f91a","messageTitle":"add tag for PoolCard","messageBody":"","fileTypesAndContributionMap":{"functional-code":{"insertions":5,"deletions":25}}},{"hash":"a94707985ea8a084cf3ef838c7daa2b7c3816b9c","messageTitle":"fix JavaDoc bug","messageBody":"","fileTypesAndContributionMap":{"functional-code":{"insertions":1,"deletions":1}}},{"hash":"6b961079e3f877a3feeeecd2b4db3ba47f5fabfa","messageTitle":"update more JavaDoc","messageBody":"","fileTypesAndContributionMap":{"functional-code":{"insertions":3,"deletions":3}}},{"hash":"5624e569babb53fb5deb9c26f9fcdbcfe8eb7267","messageTitle":"change JavaDoc","messageBody":"","fileTypesAndContributionMap":{"functional-code":{"insertions":3,"deletions":1}}},{"hash":"16226290eba1312f480c0806b7b0190285b08625","messageTitle":"fix empty space on the card","messageBody":"","fileTypesAndContributionMap":{"functional-code":{"insertions":0,"deletions":2}}},{"hash":"1e53f6bf38149c20de94f1c1e4f4c3167b7462ea","messageTitle":"add header for left and right panels","messageBody":"","fileTypesAndContributionMap":{"functional-code":{"insertions":24,"deletions":3}}},{"hash":"3ac162fead485fb76f5c1ff0f244615d1e4d732c","messageTitle":"fix newline EOF error for css","messageBody":"","fileTypesAndContributionMap":{"functional-code":{"insertions":1,"deletions":1}}},{"hash":"e2b678903a1a74c5ca0d9e49e6475286d1a7b429","messageTitle":"fix not all cards showing properly","messageBody":"","fileTypesAndContributionMap":{"functional-code":{"insertions":2,"deletions":2}}}]},{"date":"2021-03-30","commitResults":[{"hash":"189e6a8759d30b6f524cb6c1ffe935a2dfdb6bac","messageTitle":"update findPool command for UG","messageBody":"","fileTypesAndContributionMap":{"docs":{"insertions":22,"deletions":4}}}]},{"date":"2021-03-31","commitResults":[{"hash":"b5a28ad2b9b8844080ceb7cb9fee6f05d05a794a","messageTitle":"Rename trip Command to findPool","messageBody":"","fileTypesAndContributionMap":{"functional-code":{"insertions":5,"deletions":5},"other":{"insertions":12,"deletions":12}}}]},{"date":"2021-04-05","commitResults":[{"hash":"0859dd529e6a51e5040201deabd5b65264c2755c","messageTitle":"more test cases for FindPool","messageBody":"","fileTypesAndContributionMap":{"test-code":{"insertions":80,"deletions":0}}},{"hash":"73c4c50e1611e04c95c2112dde8e8895886da801","messageTitle":"Refine tests for FindPool","messageBody":"","fileTypesAndContributionMap":{"test-code":{"insertions":48,"deletions":35}}},{"hash":"cf25e620c260ab2da528b47fcc09a3644fa6e9e2","messageTitle":"Update ug \u001b[3J\u001b[H\u001b[2J command description fix #206","messageBody":"","fileTypesAndContributionMap":{"docs":{"insertions":1,"deletions":1}}},{"hash":"aa2ae51a591451d3b8e89bbe3cf2fa119428342e","messageTitle":"Phrase file path explanation more user-friendly fix#207","messageBody":"","fileTypesAndContributionMap":{"docs":{"insertions":1,"deletions":1}}},{"hash":"90fc450bc140dafc882d8d5e2e3aba6b4fec54fd","messageTitle":"Change links in Markdown to valid links fix #196 #197","messageBody":"","fileTypesAndContributionMap":{"docs":{"insertions":4,"deletions":4}}},{"hash":"42b19f14f8bd80d082e1b43b1537300fbc339170","messageTitle":"Make heading names\u0027 tenses consistent fix #185","messageBody":"","fileTypesAndContributionMap":{"docs":{"insertions":4,"deletions":4}}},{"hash":"c75ef5274a795383a9402e5865ee09946e103c51","messageTitle":"Edit the json file name to correct one, fix #163","messageBody":"","fileTypesAndContributionMap":{"docs":{"insertions":2,"deletions":2}}},{"hash":"b104d5b8fcf139d371177a658c3280df22dca29c","messageTitle":"Remove email prefix mentioned in Edit command, fix #157","messageBody":"","fileTypesAndContributionMap":{"docs":{"insertions":1,"deletions":1}}},{"hash":"14e83174947edac5cb02dc3316c4084e4f719b78","messageTitle":"Fix checkstyleTest error","messageBody":"","fileTypesAndContributionMap":{"test-code":{"insertions":10,"deletions":9}}}]},{"date":"2021-04-06","commitResults":[{"hash":"95b169a4ab761f0be4379bd5d83cb34afdc80115","messageTitle":"Remove constructor that is no longer used","messageBody":"","fileTypesAndContributionMap":{"functional-code":{"insertions":0,"deletions":8}}},{"hash":"8da93d77a046b1393a835a1e3ae637e1daf53284","messageTitle":"Split test case with multiple invalid input into separate test case","messageBody":"","fileTypesAndContributionMap":{"test-code":{"insertions":9,"deletions":2}}},{"hash":"2f6da08061ac75c001b14f89a1ceac6316b9cabb","messageTitle":"Add more tests for JsonAdaptedDriver and Pool","messageBody":"","fileTypesAndContributionMap":{"functional-code":{"insertions":3,"deletions":2},"test-code":{"insertions":111,"deletions":2}}},{"hash":"93a10dae30addd5ee57b0d21cefd5d25938e4f9b","messageTitle":"Rename method and refine tests for constructor","messageBody":"","fileTypesAndContributionMap":{"test-code":{"insertions":3,"deletions":3}}},{"hash":"87794807c7206f989b7f52b188ba442d2cb9437b","messageTitle":"Add tests for UniquePoolList","messageBody":"","fileTypesAndContributionMap":{"test-code":{"insertions":171,"deletions":0}}},{"hash":"33be6fff62e7dd489e37c1042e4cb6a03dac824b","messageTitle":"Add tests for predicates","messageBody":"","fileTypesAndContributionMap":{"test-code":{"insertions":141,"deletions":1}}},{"hash":"7b6cbc25304ef9f8e961a6bfd75770c73545565d","messageTitle":"Fix checkstyleTest error","messageBody":"","fileTypesAndContributionMap":{"test-code":{"insertions":29,"deletions":32}}}]},{"date":"2021-04-09","commitResults":[{"hash":"a9fdcf54b4b426cabd7b1a249aa054ede0d08901","messageTitle":"Remove unnecessary comma","messageBody":"","fileTypesAndContributionMap":{"docs":{"insertions":5,"deletions":5}}},{"hash":"218b726d3c16274bd36137ad1b17dba45fa1ac4f","messageTitle":"Reuse variables from CommandTestUtil and relocate variables","messageBody":"","fileTypesAndContributionMap":{"test-code":{"insertions":22,"deletions":16}}},{"hash":"d17a57cfed86879d16e2dffeabe20d97c7d858ed","messageTitle":"Update PPP","messageBody":"","fileTypesAndContributionMap":{"docs":{"insertions":19,"deletions":25}}}]},{"date":"2021-04-10","commitResults":[{"hash":"703f95bc9af6f0a44feae73653c199c405cbcc8f","messageTitle":"Fix spelling mistake for UG","messageBody":"","fileTypesAndContributionMap":{"docs":{"insertions":1,"deletions":1}}},{"hash":"acebb2989f6dbe65cccba92b2c909111a581fdde","messageTitle":"remove magic literal strings","messageBody":"","fileTypesAndContributionMap":{"test-code":{"insertions":20,"deletions":14}}},{"hash":"bfd93cbde21b4543a016a285063a639f47732e42","messageTitle":"Remove magic literals from Predicate test","messageBody":"","fileTypesAndContributionMap":{"test-code":{"insertions":17,"deletions":6}}},{"hash":"d6cf1a48debf8c72c0b4a637e16760f8354307f1","messageTitle":"Use singleton instead of Arrays.asList","messageBody":"","fileTypesAndContributionMap":{"test-code":{"insertions":1,"deletions":1}}},{"hash":"d496a7d81e0d3e4fec79daacf7d8ad27e0fef9cc","messageTitle":"Rename Price\u0027s predicate to a more suitable name","messageBody":"","fileTypesAndContributionMap":{"functional-code":{"insertions":2,"deletions":2},"other":{"insertions":5,"deletions":5},"test-code":{"insertions":2,"deletions":2}}},{"hash":"5101bcaf246af541d8b0ceb7f7fac2498cd12f77","messageTitle":"Fix checkstyleTest error","messageBody":"","fileTypesAndContributionMap":{"test-code":{"insertions":8,"deletions":7}}}]}],"JoelHo":[{"date":"2021-03-01","commitResults":[{"hash":"244e3f3c434898e58b69ce92c1d5201530470b8d","messageTitle":"Update landing page","messageBody":"Update title/names to GME\nUpdate Java CI and Codecov badges","fileTypesAndContributionMap":{"docs":{"insertions":7,"deletions":6}}},{"hash":"9041da61775b7085bc7b1d37e989890c2dd120e3","messageTitle":"Update personal portfolio page","messageBody":"","fileTypesAndContributionMap":{"docs":{"insertions":3,"deletions":3}}}]},{"date":"2021-03-02","commitResults":[{"hash":"5d538a13204e04ddf53dd8d47918327e0b5333c5","messageTitle":"Update project name","messageBody":"","fileTypesAndContributionMap":{"docs":{"insertions":1,"deletions":1}}},{"hash":"925139bf0b34a771fc08eb67e4abf70d9be12ecf","messageTitle":"Update personal portfolio page","messageBody":"","fileTypesAndContributionMap":{"docs":{"insertions":3,"deletions":3}}},{"hash":"fb6ecc997eae24fc05da7d43fb72b815bcbd4675","messageTitle":"Update project name","messageBody":"","fileTypesAndContributionMap":{"docs":{"insertions":1,"deletions":1}}},{"hash":"1a6f423fc12373ee21d07d3a765de1ea1f3dbd19","messageTitle":"Correct About Us urls","messageBody":"Correct image urls to match file names\nCorrect portfolio urls to match github username","fileTypesAndContributionMap":{"docs":{"insertions":7,"deletions":7}}},{"hash":"bbd6b42c369b936ff4fb3138a6a07b9c28bed67e","messageTitle":"Rename individual portfolio pages","messageBody":"Rename portfolio pages to match github usernames","fileTypesAndContributionMap":{"docs":{"insertions":0,"deletions":0}}},{"hash":"18a1a31ea0166e6acda6955e876a611fbc799606","messageTitle":"Add drive command to User Guide","messageBody":"","fileTypesAndContributionMap":{"docs":{"insertions":14,"deletions":0}}},{"hash":"b63ce82d5a83f4c21f3ecb09013a27b361e080cf","messageTitle":"Modify user guide to exploit github pages","messageBody":"","fileTypesAndContributionMap":{"docs":{"insertions":6,"deletions":11}}},{"hash":"515ce7aeb86696f9ba8f60838ab18b5cd0cacaab","messageTitle":"Update UserGuide.md","messageBody":"Change heading level for drive","fileTypesAndContributionMap":{"docs":{"insertions":1,"deletions":1}}}]},{"date":"2021-03-13","commitResults":[{"hash":"2f6d97c561dd62399e206a451ef0492c599a2ec5","messageTitle":"Add Drive command and related Parser utilities","messageBody":"Add DriveCommand\n* Outputs parsed driver and indices\nAdd parsing for Drive command in AddressBookParser\nAdd DriveCommandParser\nAdd parsing for Index from DriveCommandParser\n","fileTypesAndContributionMap":{"functional-code":{"insertions":124,"deletions":0}}},{"hash":"75aa2c41d198332f65d4fdaf729ebab24fbeabcb","messageTitle":"Add tests for parseIndices","messageBody":"","fileTypesAndContributionMap":{"functional-code":{"insertions":5,"deletions":0},"test-code":{"insertions":33,"deletions":0}}},{"hash":"0a8f36a29f53620c124aa2177a369cfcf0595487","messageTitle":"Add testing utility classes for Drive command","messageBody":"","fileTypesAndContributionMap":{"test-code":{"insertions":83,"deletions":5}}},{"hash":"b491f19fb4eaa13df3a313f996c518850dbe63cd","messageTitle":"Add drive test for AddressBookParser","messageBody":"","fileTypesAndContributionMap":{"functional-code":{"insertions":8,"deletions":1},"test-code":{"insertions":16,"deletions":1}}},{"hash":"265b7a2c986c5bd1d5777d59a6fb69e46b654927","messageTitle":"Add tests for DriveCommand and DriveCommandParser","messageBody":"","fileTypesAndContributionMap":{"test-code":{"insertions":221,"deletions":9}}},{"hash":"1ef1b2bb4e59b5edc2ec04a01180f9f9fe02091e","messageTitle":"Add interaction with model for DriveCommand","messageBody":"Add capability to assign Drivers to DriveCommand\n","fileTypesAndContributionMap":{"functional-code":{"insertions":79,"deletions":6}}},{"hash":"0e68e21d7e9164f6acd86d07f99bbdc3705664f8","messageTitle":"Update UI to show trip day/time and driver","messageBody":"","fileTypesAndContributionMap":{"functional-code":{"insertions":9,"deletions":1}}},{"hash":"c2a2853e927d832250703e5724e2a4e1fc9e9f0d","messageTitle":"Add tests for DriveCommand and Person","messageBody":"Improve coverage for DriveCommand and Person\n","fileTypesAndContributionMap":{"functional-code":{"insertions":6,"deletions":1},"test-code":{"insertions":140,"deletions":2}}},{"hash":"3fba018c2ab269e1700fa9d78c2892722eee197d","messageTitle":"Fix styling for DriveCommandTest and PersonTest","messageBody":"","fileTypesAndContributionMap":{"test-code":{"insertions":2,"deletions":4}}},{"hash":"f7e62d540fe8c45382f45e5ebdaea08a4626f409","messageTitle":"Refactor Person-\u003ePassenger, Human-\u003ePerson","messageBody":"","fileTypesAndContributionMap":{"functional-code":{"insertions":138,"deletions":138},"other":{"insertions":15,"deletions":15},"docs":{"insertions":1,"deletions":1},"test-code":{"insertions":147,"deletions":147}}},{"hash":"98bd02a8fe55c5608658eb0c606e5e87f9e2d0b3","messageTitle":"Refactor Person-\u003ePassenger, Human-\u003ePerson","messageBody":"","fileTypesAndContributionMap":{"functional-code":{"insertions":61,"deletions":61},"test-code":{"insertions":19,"deletions":19}}}]},{"date":"2021-03-14","commitResults":[{"hash":"4c81c8a6dc3cefcf331d08c936b739e9acb5da12","messageTitle":"Update Drive command","messageBody":"Update Drive command format\nRemove quotes for examples\n","fileTypesAndContributionMap":{"docs":{"insertions":16,"deletions":14}}},{"hash":"ce9b79e4ee5b1a01930631882d7395d46990a470","messageTitle":"Refactor Person-\u003ePassenger","messageBody":"Refactor all files from Person -\u003e Passenger\n","fileTypesAndContributionMap":{"functional-code":{"insertions":411,"deletions":407},"other":{"insertions":150,"deletions":148},"docs":{"insertions":117,"deletions":117},"test-code":{"insertions":651,"deletions":641}}},{"hash":"2ec27ddc7b8926ec2a8f7d1054487073590046a4","messageTitle":"Refactor Person-\u003ePassenger","messageBody":"","fileTypesAndContributionMap":{"functional-code":{"insertions":7,"deletions":7}}},{"hash":"a1a80f8fc1a6c5d4b996406157740a4dffc51263","messageTitle":"Update User Guide Drive command, formatting","messageBody":"Update Drive command example to correctly use the find command\nUpdate formatting for examples\nUpdate Delete command example to correctly use the find command\n","fileTypesAndContributionMap":{"docs":{"insertions":15,"deletions":30}}},{"hash":"ee33c55b4d27fb7f18452ebcfd9c1889c1dbe160","messageTitle":"Fix EditCommand wrong merge resolution","messageBody":"Fix import PREDICATE_SHOW_ALL_PERSON -\u003e PREDICATE_SHOW_ALL_PASSENGERS\n","fileTypesAndContributionMap":{"functional-code":{"insertions":1,"deletions":1}}},{"hash":"bd275e4b7149e088f8f4f3816936ce3bf15d180f","messageTitle":"Fix format specifier for Drive command","messageBody":"","fileTypesAndContributionMap":{"docs":{"insertions":2,"deletions":2}}},{"hash":"8d3b1583329d629d6b8fd5df13ce2f0b25081027","messageTitle":"Update contributions","messageBody":"","fileTypesAndContributionMap":{"docs":{"insertions":13,"deletions":25}}}]},{"date":"2021-03-15","commitResults":[{"hash":"4075b7d7ae0e731526f450eb082bb72b5b40e70e","messageTitle":"Update person -\u003e passenger from PR #73","messageBody":"","fileTypesAndContributionMap":{"functional-code":{"insertions":135,"deletions":129},"test-code":{"insertions":4,"deletions":4}}}]},{"date":"2021-03-16","commitResults":[{"hash":"33f37dc199f199f94408b1dc27081644ca1d1eb4","messageTitle":"Update person -\u003e passenger from PR #76","messageBody":"","fileTypesAndContributionMap":{"functional-code":{"insertions":45,"deletions":232},"other":{"insertions":1,"deletions":3},"test-code":{"insertions":17,"deletions":120}}},{"hash":"b23881d2cc0e7e0dda0668cb0de8276fa89e3010","messageTitle":"Fix context-dependent commands","messageBody":"Fix Delete/Drive/Edit/Find commands\n* Change passenger list used to be the list filtered by driver status\nAdd test for sequential drive commands as it is now stateful\n","fileTypesAndContributionMap":{"functional-code":{"insertions":7,"deletions":4},"test-code":{"insertions":38,"deletions":0}}},{"hash":"4e6ee0fc6ddc3713d2e83c26bfb43d64c4fdf520","messageTitle":"Remove unused import from DriveCommand","messageBody":"","fileTypesAndContributionMap":{"functional-code":{"insertions":0,"deletions":1}}},{"hash":"d59d9b854cbe5a68e49c725340df6bfe4d0f3a10","messageTitle":"Add tests to JsonAdaptedPassenger, improve tests quality","messageBody":"Add tests to improve coverage of JsonAdaptedPassenger\nImprove code quality of tests\n","fileTypesAndContributionMap":{"functional-code":{"insertions":7,"deletions":1},"test-code":{"insertions":96,"deletions":21}}},{"hash":"1adf9bd334e98a6e152a8a1cd188c279ae2947ef","messageTitle":"Prevent utility classes from being instantiated","messageBody":"","fileTypesAndContributionMap":{"functional-code":{"insertions":56,"deletions":0}}},{"hash":"613ce6cf0a19cd097d67cacfa48a82b245783ab5","messageTitle":"Remove unused logger","messageBody":"Remove unused logger for now\n","fileTypesAndContributionMap":{"functional-code":{"insertions":2,"deletions":11}}},{"hash":"753c22cc31e4e2e0d9c1a81c9417fe476cac02b1","messageTitle":"Streamline logic of TripDay/TripTime","messageBody":"","fileTypesAndContributionMap":{"functional-code":{"insertions":3,"deletions":7}}},{"hash":"d5e8106c7771c6f65414adf847c28dbbe05d08fb","messageTitle":"Remove unused PassengerListPanel","messageBody":"","fileTypesAndContributionMap":{"functional-code":{"insertions":0,"deletions":49}}},{"hash":"1c344c7951f98ef6bb7e7c2fddb10595254f6a06","messageTitle":"Rename test from person to passenger","messageBody":"","fileTypesAndContributionMap":{"test-code":{"insertions":1,"deletions":1}}},{"hash":"0c1b0db5b0aeb5e10e83f7030a5481891bc778df","messageTitle":"Fix spelling error in DeveloperGuide","messageBody":"","fileTypesAndContributionMap":{"docs":{"insertions":1,"deletions":1}}},{"hash":"8647a64070055e432dcf416ad66187c7ee794501","messageTitle":"Update MainWindow.fxml","messageBody":"","fileTypesAndContributionMap":{"functional-code":{"insertions":1,"deletions":1}}},{"hash":"2e3d2202348a3d9de582434bbe5de60e444b284f","messageTitle":"Revert static inner classes in PassengerListPanels","messageBody":"","fileTypesAndContributionMap":{"functional-code":{"insertions":2,"deletions":2}}},{"hash":"3ea9843763274dcbbd1d2ff0040fe0c4a8adf959","messageTitle":"Update app icon","messageBody":"","fileTypesAndContributionMap":{"functional-code":{"insertions":1,"deletions":1},"test-code":{"insertions":1,"deletions":1}}}]},{"date":"2021-03-20","commitResults":[{"hash":"c6a95900a612ff856f66e9eef0dabe7f7c5bbc53","messageTitle":"Enable assertions in build.grade","messageBody":"","fileTypesAndContributionMap":{"other":{"insertions":4,"deletions":0}}}]},{"date":"2021-03-22","commitResults":[{"hash":"a8b57b6e2c1660bdd43fb20ff3abf03e2c1d1de6","messageTitle":"Update left passengerListPanel to show all Passengers","messageBody":"Update left passengerListPanel to show all Passengers regardless of driver status\nFix right passengerListPanel getting cut off\n","fileTypesAndContributionMap":{"functional-code":{"insertions":8,"deletions":8},"other":{"insertions":2,"deletions":2}}},{"hash":"29c2493015b3883f3fc26593a1b822dc0016ed53","messageTitle":"Add toString to CommandResult","messageBody":"Add toString to CommandResult for easier testing\n","fileTypesAndContributionMap":{"functional-code":{"insertions":5,"deletions":0}}},{"hash":"d8622a0269410f2d61cf959d3444b6a7405165bb","messageTitle":"Fix find command filtering both panes","messageBody":"Fix find command filtering both panes, now only filters left pane\nUpdate tests and methods relying on affected methods\n","fileTypesAndContributionMap":{"functional-code":{"insertions":17,"deletions":13},"test-code":{"insertions":3,"deletions":6}}}]},{"date":"2021-03-24","commitResults":[{"hash":"bcb9248003bbf841ec6310552707d61b528c3efa","messageTitle":"Fix formatting issues, Regenerate UML diagrams","messageBody":"Fix formatting issues in DeveloperGuide.md\nGenerate new UML diagrams\n","fileTypesAndContributionMap":{"docs":{"insertions":126,"deletions":94}}},{"hash":"f153ca8111853e1bfb527966c6b20b08a7e04b9f","messageTitle":"Update DeveloperGuide.md","messageBody":"","fileTypesAndContributionMap":{"docs":{"insertions":2,"deletions":1}}}]},{"date":"2021-03-25","commitResults":[{"hash":"6577e586509c04c10d889df3e803c42930cbcf32","messageTitle":"Revert Commit #087fc98","messageBody":"","fileTypesAndContributionMap":{"docs":{"insertions":43,"deletions":70}}}]},{"date":"2021-03-27","commitResults":[{"hash":"9d66987d1a592432ff4377d1b384397899864ccd","messageTitle":"Remove residual references to AB-3 in DG","messageBody":"","fileTypesAndContributionMap":{"docs":{"insertions":3,"deletions":3}}},{"hash":"bb4fbe5ede450f6025a8120abf2d559e4ee7f1d8","messageTitle":"Fix JsonAdaptedPassenger not accepting empty Price","messageBody":"","fileTypesAndContributionMap":{"functional-code":{"insertions":4,"deletions":6}}}]},{"date":"2021-03-28","commitResults":[{"hash":"22c1ffeb2d79e4311674d525921592664bd43450","messageTitle":"Add implementations for Serializing Driver and Pool","messageBody":"Add implementations for JsonAdaptedDriver and JsonAdaptedPool\nTODO: Read Pools and insert into AddressBook\n","fileTypesAndContributionMap":{"functional-code":{"insertions":171,"deletions":3}}},{"hash":"de5bf6a2f3212c99114f835a4d8f0e4a1adba03e","messageTitle":"Update JsonAdaptedPassenger to properly save and read Price","messageBody":"","fileTypesAndContributionMap":{"functional-code":{"insertions":10,"deletions":6}}},{"hash":"964498a5a4a5183eaa172143632f25844142705d","messageTitle":"Change takenPassengerPanel to display filteredPassengers","messageBody":"Workaround while UI is in development\n","fileTypesAndContributionMap":{"functional-code":{"insertions":1,"deletions":1}}},{"hash":"944d2a38e5172ace6faca2cb50a39fed32b8b7df","messageTitle":"Update json data files for testing with empty pool property","messageBody":"","fileTypesAndContributionMap":{"test-code":{"insertions":10,"deletions":5}}},{"hash":"5053495446419533becd4c3cad8e04093ac9fb91","messageTitle":"Fix JsonAdaptedPool taking tripTimeStr instead of tripDaystr","messageBody":"","fileTypesAndContributionMap":{"functional-code":{"insertions":1,"deletions":1}}},{"hash":"bcb733809a41d0826e791e50850aa38d9a80ee16","messageTitle":"Abstract field verification into ModelUtil","messageBody":"Abstract field verification into ModelUtil to better fit SLAP\n","fileTypesAndContributionMap":{"functional-code":{"insertions":207,"deletions":112}}},{"hash":"b2dd23502e55676a957910d2e03d56608714cff0","messageTitle":"Refactor ModelUtil -\u003e StorageUtil","messageBody":"","fileTypesAndContributionMap":{"functional-code":{"insertions":3,"deletions":3},"other":{"insertions":5,"deletions":2}}},{"hash":"6d784553702138cabaa0b4275b9e409115ed74e8","messageTitle":"Fix minor javadocs errors in StorageUtil","messageBody":"","fileTypesAndContributionMap":{"functional-code":{"insertions":5,"deletions":5}}},{"hash":"74351b72f088a93d7e40231f9ca2eacf05c52739","messageTitle":"Fix javadocs parameters errors in StorageUtil","messageBody":"","fileTypesAndContributionMap":{"functional-code":{"insertions":5,"deletions":5}}}]},{"date":"2021-03-29","commitResults":[{"hash":"bdc1968abd787099c024edd39f4384a284332dc8","messageTitle":"Add warning about corrupt JSON to User Guide","messageBody":"Add warning about corrupt JSON to User Guide\nRemove references to address book\nRemove references to old drive command\nAdd note about being unable to delete Pooled passenger\n","fileTypesAndContributionMap":{"docs":{"insertions":15,"deletions":6}}},{"hash":"4bf0f81627a2f20f34cda6f4ca8e9d447d3fd74b","messageTitle":"Migrate Pool passengers Set -\u003e List","messageBody":"","fileTypesAndContributionMap":{"functional-code":{"insertions":19,"deletions":17},"other":{"insertions":10,"deletions":10},"test-code":{"insertions":12,"deletions":10}}},{"hash":"a3db467b97de55d02b7f88f687db8d3f87221016","messageTitle":"Add pools read from JSON to AddressBook","messageBody":"","fileTypesAndContributionMap":{"functional-code":{"insertions":14,"deletions":3}}},{"hash":"55914bd6bebb98c7112a26bb16d04d0e003dd4df","messageTitle":"Link references of passengers in pool to passengers in AddressBook","messageBody":"","fileTypesAndContributionMap":{"functional-code":{"insertions":22,"deletions":5}}},{"hash":"f48af13e5fc544e1d344ee0888ea39e3734766f1","messageTitle":"Add functionality to update Passenger in Pool","messageBody":"Update Passenger in Pool when Passenger updates (e.g. Edit)\nRemove functionality to update Passenger references in Pools to Passengers in AddressBook\n* Unnecessary, and potentially buggy\n","fileTypesAndContributionMap":{"functional-code":{"insertions":22,"deletions":13}}},{"hash":"751e3be142ea3b7884cc2735498f1814fed488a3","messageTitle":"Update FindCommandParserTest.java","messageBody":"","fileTypesAndContributionMap":{"test-code":{"insertions":28,"deletions":28}}},{"hash":"1d55257f7aae09d50c20b2a6c1dca70d082d8ee8","messageTitle":"Remove Set from Pool constructor in PoolCommand","messageBody":"","fileTypesAndContributionMap":{"functional-code":{"insertions":1,"deletions":1}}},{"hash":"5b345ba8303103d344104c8fe853e5e0acbbe73f","messageTitle":"Change method of updating Pool Passengers so UI is notified","messageBody":"Modify the entries in UniquePoolList rather than mutating Pool, so UI is notified of changes to Pool Passengers\n","fileTypesAndContributionMap":{"functional-code":{"insertions":11,"deletions":4}}},{"hash":"4ecc75973d2c1582f7c6dae5b262f21226d9cfa4","messageTitle":"Update delete to check if Passenger referenced is linked to Pool","messageBody":"","fileTypesAndContributionMap":{"functional-code":{"insertions":23,"deletions":6},"test-code":{"insertions":1,"deletions":1}}},{"hash":"25261f7c734f6dc4b65af2c655b0e0aac0fbc6b7","messageTitle":"Fix styling issue in DeleteCommand","messageBody":"","fileTypesAndContributionMap":{"functional-code":{"insertions":2,"deletions":2}}}]},{"date":"2021-03-31","commitResults":[{"hash":"5431a4a66d1fc78900b169b888f78acb1fd06072","messageTitle":"Fix UI showing Driver List instead of Passenger List","messageBody":"","fileTypesAndContributionMap":{"functional-code":{"insertions":1,"deletions":1}}}]},{"date":"2021-04-08","commitResults":[{"hash":"a26d37a440fa3d9dba480f18835d3bd02123c318","messageTitle":"Improve code quality","messageBody":"Tidy up some TODOs\nRefactored Optional handling\n","fileTypesAndContributionMap":{"functional-code":{"insertions":2,"deletions":15},"test-code":{"insertions":0,"deletions":1}}},{"hash":"5d213f00f324109737bef1c7f34925d8c675dae2","messageTitle":"Tidy Optional handling in AddCommandParser","messageBody":"","fileTypesAndContributionMap":{"functional-code":{"insertions":5,"deletions":7}}}]},{"date":"2021-04-09","commitResults":[{"hash":"1e99a65c0b468600979a62133c71a7b74760d892","messageTitle":"Fix formatting issue in EditCommand","messageBody":"","fileTypesAndContributionMap":{"functional-code":{"insertions":0,"deletions":1}}},{"hash":"9790f1146a515ba88b4fd108f0a52654613c4535","messageTitle":"Fix price representation in Passenger, remove unused DriverUtil method","messageBody":"","fileTypesAndContributionMap":{"functional-code":{"insertions":4,"deletions":3},"test-code":{"insertions":0,"deletions":12}}},{"hash":"8867aa911a2870f13e1f95d178931e50fde22e01","messageTitle":"Remove PRICE_DESC_BOB","messageBody":"","fileTypesAndContributionMap":{"test-code":{"insertions":0,"deletions":8}}},{"hash":"e4b32f886da30376c9dc73ca284a13334c279c08","messageTitle":"Refactor Optional handling","messageBody":"","fileTypesAndContributionMap":{"test-code":{"insertions":5,"deletions":16}}},{"hash":"97fb8a3640bc22c7244e4ecb9b520b7b66231fe7","messageTitle":"Rename lambda argument","messageBody":"","fileTypesAndContributionMap":{"test-code":{"insertions":1,"deletions":1}}},{"hash":"901f41fd0ba2aa4d073eb99a28f59549d254a4b9","messageTitle":"Rename lambda in Passenger","messageBody":"","fileTypesAndContributionMap":{"functional-code":{"insertions":1,"deletions":1}}},{"hash":"7884c48e39344b9ec4399294316bdf1a8ff97c19","messageTitle":"Update PPP","messageBody":"","fileTypesAndContributionMap":{"docs":{"insertions":8,"deletions":2}}}]}]},"authorFileTypeContributionMap":{"chewterence":{"docs":67,"functional-code":308,"test-code":777},"lyueyang":{"docs":110,"functional-code":624,"test-code":302},"ZechariahTan":{"docs":131,"functional-code":792,"test-code":829},"markmcwong":{"docs":68,"functional-code":707,"test-code":684,"other":13},"JoelHo":{"docs":195,"functional-code":1121,"test-code":908,"other":5}},"authorContributionVariance":{"chewterence":71270.34,"lyueyang":10398.635,"ZechariahTan":101663.38,"markmcwong":19249.285,"JoelHo":200015.94},"authorDisplayNameMap":{"chewterence":"CS2103T-W10-1 CHEW..ENCE","lyueyang":"CS2103T-W10-1 LEE ..YANG","ZechariahTan":"CS2103T-W10-1 TAN ..RIAH","markmcwong":"CS2103T-W10-1 WONG..CHUN","JoelHo":"CS2103T-W10-1 JOEL..KIAT"}}
