{"authorDailyContributionsMap":{"Assyarul":[{"date":"2021-02-23","commitResults":[{"hash":"52fccdc97fb99b1919b75e2d8475c93016a7bf31","messageTitle":"Update About Us Page","messageBody":"The About Us page has no information about Muhd Assyarul.\n\nLet\u0027s add the information in.\n","fileTypesAndContributionMap":{"docs":{"insertions":13,"deletions":58}}},{"hash":"5ffb41ee9a786c9ac251e95bb1141f9f0667a8d9","messageTitle":"Revert changes to johndoe.md","messageBody":"Changes were made that were out of scope of the branch responsibility\n\nLet\u0027s revert back those changes.\n","fileTypesAndContributionMap":{"docs":{"insertions":11,"deletions":10}}},{"hash":"36957df3a26e618e9fb2bbd56a1968c46277b79c","messageTitle":"Update Developer Guide Requirements","messageBody":"The developer guide follows the old Address Book Requirements.\n\nLet\u0027s change the requirements to FriendDex\u0027s.\n","fileTypesAndContributionMap":{"docs":{"insertions":155,"deletions":38}}},{"hash":"54f5d7317794d563d5946f44d4804fe2dd1268d8","messageTitle":"Fix typos in DG","messageBody":"There are some typos in the developer guide.\n\nLet\u0027s fix those typos.\n","fileTypesAndContributionMap":{"docs":{"insertions":6,"deletions":6}}},{"hash":"f3078ebfea0c39cc30e94693ef18922329903541","messageTitle":"Remove empty row in DG User Stories","messageBody":"There is an empty row in DG User Stories.\n\nLet\u0027s remove the empty row.\n","fileTypesAndContributionMap":{"docs":{"insertions":0,"deletions":1}}},{"hash":"d3b0b5bac0fd3ef49a7840895530578992fdc4d3","messageTitle":"Add Glossary to Developer Guide","messageBody":"The updated developer guide does not have a glossary.\n\nLet\u0027s add in the glossary that has relevant information.\n","fileTypesAndContributionMap":{"docs":{"insertions":3,"deletions":1}}},{"hash":"76098e090325770bde47a5e4cfe43bbb99a4e534","messageTitle":"Update User Guide","messageBody":"The user guide is not updated with the features that I will be planning\nto implement.\n\nLet\u0027s update the user guide to reflect the new changes.\n","fileTypesAndContributionMap":{"docs":{"insertions":15,"deletions":5}}}]},{"date":"2021-02-24","commitResults":[{"hash":"57cb388ebec572aed0392990ad83231acbd82ecc","messageTitle":"Fix Formatting Error","messageBody":"Minor formatting error in developer guide.\n\nLet\u0027s fix the error.\n","fileTypesAndContributionMap":{"docs":{"insertions":1,"deletions":0}}}]},{"date":"2021-03-09","commitResults":[{"hash":"1a151b858a2121a6e71e497e32a3aad8af832025","messageTitle":"Create Birthday field","messageBody":"There is no Birthday Field in Person to store Birthday information.\n\nA Birthday field allows users to track their friends\u0027 birthdays.\n\nLet\u0027s add the Birthday Field.\n\nFor now, it is mandatory for birthday field to be filled in.\n","fileTypesAndContributionMap":{"functional-code":{"insertions":136,"deletions":16},"test-code":{"insertions":156,"deletions":55}}}]},{"date":"2021-03-11","commitResults":[{"hash":"c2876eaec43ee9687bbe7e1bda73e995568630f3","messageTitle":"Add BirthdayTest","messageBody":"There is currently no unit test for Birthday.\n\nLet\u0027s add the unit test.\n","fileTypesAndContributionMap":{"test-code":{"insertions":36,"deletions":0}}},{"hash":"bec27ecd8d97a7558bfc98d660d3568d5dc476eb","messageTitle":"Update Validation for Birthday.","messageBody":"","fileTypesAndContributionMap":{"functional-code":{"insertions":15,"deletions":8}}},{"hash":"790899939c85909dbfbdf72a6644b6cc62a15bde","messageTitle":"Update BirthdayTest","messageBody":"","fileTypesAndContributionMap":{"test-code":{"insertions":3,"deletions":2}}},{"hash":"56cd7a2fbfcd6c8f10f62701ead0fbbf07d4eeb3","messageTitle":"Fix Style Violation in SampleDataUtil and AddCommandParserTest","messageBody":"","fileTypesAndContributionMap":{"functional-code":{"insertions":12,"deletions":12},"test-code":{"insertions":1,"deletions":1}}}]},{"date":"2021-03-12","commitResults":[{"hash":"da58f42b53f1ca9b6a7de004c3f145430e1c19c5","messageTitle":"Change birthday date to LocalDate in Birthday","messageBody":"Type of birthday date is String when LocalDate will help with\ndate manipulation.\n\nLet\u0027s change the type to LocalDate.\n\nBirthday will still accept String to allow for ease of testing.\n","fileTypesAndContributionMap":{"functional-code":{"insertions":38,"deletions":10},"test-code":{"insertions":6,"deletions":4}}}]},{"date":"2021-03-13","commitResults":[{"hash":"4dbe34a55101518a87207e203ef4fe9ab1cc0347","messageTitle":"Add Friend Group","messageBody":"There is no clear way of organizing contacts into separate groups.\n\nLet\u0027s add the feature in.\n","fileTypesAndContributionMap":{"functional-code":{"insertions":639,"deletions":11},"test-code":{"insertions":332,"deletions":7}}}]},{"date":"2021-03-14","commitResults":[{"hash":"cd23ff09d3ed8389f732ba9a1c512ac3cd8c3a5e","messageTitle":"Fix minor styling and javadoc issues","messageBody":"","fileTypesAndContributionMap":{"functional-code":{"insertions":10,"deletions":7}}},{"hash":"be714743d509077ae356aea742e5abbf349de405","messageTitle":"Add Friend Group List Ui","messageBody":"No Ui in place to display the list of groups available in the app.\n\nLet\u0027s implement the Ui in.\n\nNo testing has been done in this commit.\n","fileTypesAndContributionMap":{"functional-code":{"insertions":67,"deletions":0}}},{"hash":"a5b9788dc0a546e8902d3b4df3f74fbbe3b47b07","messageTitle":"Fix CheckStyle Violations","messageBody":"","fileTypesAndContributionMap":{"functional-code":{"insertions":2,"deletions":4}}}]},{"date":"2021-03-15","commitResults":[{"hash":"2c4205a597f1193da9da5dc0a0abaf7377b63a16","messageTitle":"Bug Fix Group List Ui","messageBody":"Group List does not update properly when adding group.\n\nLet\u0027s fix the bug.\n","fileTypesAndContributionMap":{"functional-code":{"insertions":1,"deletions":0}}},{"hash":"a36a366c417c1c98f63b59c6b204bfc751c032d9","messageTitle":"Fix to group-Ui","messageBody":"","fileTypesAndContributionMap":{"functional-code":{"insertions":11,"deletions":6}}},{"hash":"ed09f6925a7567c55704dfdf1cab6ee7925fe5ca","messageTitle":"Fix Checkstyle Violation","messageBody":"","fileTypesAndContributionMap":{"functional-code":{"insertions":0,"deletions":6}}}]},{"date":"2021-03-17","commitResults":[{"hash":"99ef9f713e268c51461ece3dbd0735ca0ed0c9b4","messageTitle":"Enhance List Command","messageBody":"List Command does not work with friend groups implemented.\n\nLet\u0027s allow list command to list individual group persons.\n","fileTypesAndContributionMap":{"functional-code":{"insertions":82,"deletions":7},"test-code":{"insertions":7,"deletions":4}}}]},{"date":"2021-03-20","commitResults":[{"hash":"b546c790f8906ece1c716f62c2c720450f80b330","messageTitle":"fix minor checkstyle violations","messageBody":"","fileTypesAndContributionMap":{"functional-code":{"insertions":1,"deletions":2}}}]},{"date":"2021-03-24","commitResults":[{"hash":"5925f2d5fed1723f6ee87ab16192893706bea48f","messageTitle":"Update UG and DG","messageBody":"The UG and DG is outdated with the new implemented features.\n\nLet\u0027s update them.\n\nThere is also a minor error in the error message for the add command.\nThis commit also fixes it.\n","fileTypesAndContributionMap":{"functional-code":{"insertions":1,"deletions":0},"docs":{"insertions":53,"deletions":49}}},{"hash":"afdbfc6ab659178e3fefa620a15c2a181d601b92","messageTitle":"Add more details to DG/UG and change Ui.png","messageBody":"","fileTypesAndContributionMap":{"docs":{"insertions":4,"deletions":3}}},{"hash":"d493e2a5ff1cf9ce5927bc0504fd2223bc57e3d4","messageTitle":"Revert Sorting GroupListView in GroupListPanel","messageBody":"Implementing the sorted list caused some problems with updating\nthe group list when adding groups.\n\nLet\u0027s revert back the changes.\n","fileTypesAndContributionMap":{"functional-code":{"insertions":1,"deletions":6}}},{"hash":"093ca8256c903aef4ba7aadee0559ba6483003c2","messageTitle":"Modified ModelClassDiagram and Fix UG Bug for Group Command","messageBody":"","fileTypesAndContributionMap":{"docs":{"insertions":9,"deletions":8}}},{"hash":"6d549e7264639baf31933c398df88cab38b825ca","messageTitle":"Fix Checkstyle Violations","messageBody":"","fileTypesAndContributionMap":{"functional-code":{"insertions":0,"deletions":2}}},{"hash":"1d43eaeffef90515f9f7c373fd14b302cbbb613d","messageTitle":"Update DG with Details of AddGroupCommand","messageBody":"DG does not have the implementations of AddGroupCommand.\n\nLet\u0027s add it in.\n","fileTypesAndContributionMap":{"docs":{"insertions":127,"deletions":4}}},{"hash":"8ab90b8e0a4dac91d8c21a70955f8900ae6dff25","messageTitle":"minor fix to dg","messageBody":"","fileTypesAndContributionMap":{"docs":{"insertions":1,"deletions":1}}},{"hash":"52b8acf107e22ae6ee7cc68dd29edf0c650dfb63","messageTitle":"Added newline to EOF","messageBody":"","fileTypesAndContributionMap":{"docs":{"insertions":3,"deletions":3}}},{"hash":"832793b831ce34abfbbf56a840532ac2c860c879","messageTitle":"fix dg bugs","messageBody":"","fileTypesAndContributionMap":{"docs":{"insertions":1,"deletions":2}}}]},{"date":"2021-03-26","commitResults":[{"hash":"bf63944437e425586f4565b409ce839bfa723c20","messageTitle":"Add Debt Feature","messageBody":"There is no feature for forgetful user to track their debt of their individual\nfriends.\n\nLet\u0027s add it in.\n","fileTypesAndContributionMap":{"functional-code":{"insertions":297,"deletions":19},"test-code":{"insertions":180,"deletions":19}}}]},{"date":"2021-03-28","commitResults":[{"hash":"b686cc4e3682badedec1dd828d3c53bd6bbf9279","messageTitle":"Update UG","messageBody":"Front Matter not updated to meet the specifications of the UG.\nAdditionally there is no section detailing the UI of the product.\n\nLet\u0027s add and update them accordingly.\n","fileTypesAndContributionMap":{"docs":{"insertions":103,"deletions":24}}},{"hash":"f24e1d49b2a9d51ec8672d7037c2ae00736e2180","messageTitle":"Minor changes to Test Cases\u0027 names and formatting changes","messageBody":"","fileTypesAndContributionMap":{"functional-code":{"insertions":37,"deletions":34},"test-code":{"insertions":26,"deletions":20}}},{"hash":"e2a322f7ecf725729136cc30602e932f7da2ed09","messageTitle":"Added Annotated UI for UserGuide","messageBody":"","fileTypesAndContributionMap":{"docs":{"insertions":3,"deletions":3}}},{"hash":"08c4df94da52db637e71e0948c45ff4625b3e0b2","messageTitle":"Minor changes to UG","messageBody":"","fileTypesAndContributionMap":{"docs":{"insertions":5,"deletions":4}}}]},{"date":"2021-03-29","commitResults":[{"hash":"3b204efadbb2b948052043369e2d627c2a5b0506","messageTitle":"Add Delete Group Command","messageBody":"Currently there is no way to delete a group after it was added.\n\nLet\u0027s add the functionality in.\n","fileTypesAndContributionMap":{"functional-code":{"insertions":103,"deletions":4},"other":{"insertions":5,"deletions":8},"test-code":{"insertions":49,"deletions":3}}},{"hash":"4e56b642993afbc5b5c6fe084544c9584bed5221","messageTitle":"Added documentation to clarify out-of-norm code","messageBody":"","fileTypesAndContributionMap":{"functional-code":{"insertions":6,"deletions":1}}}]},{"date":"2021-03-30","commitResults":[{"hash":"6b98eeb0aa3b30d5a568803a1494c523fce32ca1","messageTitle":"Minor changes for readability","messageBody":"","fileTypesAndContributionMap":{"functional-code":{"insertions":2,"deletions":0},"test-code":{"insertions":2,"deletions":1}}}]}],"lue97":[{"date":"2021-02-19","commitResults":[{"hash":"dae06a751f1c50801fea019e229608844e6fd963","messageTitle":"Save theme on exit","messageBody":"","fileTypesAndContributionMap":{"functional-code":{"insertions":222,"deletions":41},"test-code":{"insertions":8,"deletions":6}}},{"hash":"3063798ee943d6122e7c39f2b943412983bcc9f2","messageTitle":"Update javadocs","messageBody":"","fileTypesAndContributionMap":{"functional-code":{"insertions":104,"deletions":46}}},{"hash":"4cec34acc76eddc7c3fe7f45de34a7c9362eef5f","messageTitle":"Reformat code","messageBody":"","fileTypesAndContributionMap":{"functional-code":{"insertions":329,"deletions":317}}},{"hash":"2cc018bf87c67077ad355ff54f89797ec722e181","messageTitle":"Fix checkstyle errors","messageBody":"","fileTypesAndContributionMap":{"functional-code":{"insertions":618,"deletions":607}}}]},{"date":"2021-02-23","commitResults":[{"hash":"9d92298aa7b0649ca1c2ac8747d494a486690af8","messageTitle":"Revert \"Add personal particulars to About Us page\"","messageBody":"","fileTypesAndContributionMap":{"docs":{"insertions":0,"deletions":7}}},{"hash":"03955bb5e7b36e89186e96b28d900f689bf3e1ac","messageTitle":"Update about us","messageBody":"","fileTypesAndContributionMap":{"docs":{"insertions":7,"deletions":0}}},{"hash":"6352f32e52780ccb3b869611f1dde4f208333755","messageTitle":"Fix checkstyle error","messageBody":"","fileTypesAndContributionMap":{"docs":{"insertions":2,"deletions":2}}}]},{"date":"2021-02-24","commitResults":[{"hash":"37b277de943d42c4f1b09ea450e3fb3200066868","messageTitle":"Remove whitespace","messageBody":"","fileTypesAndContributionMap":{"docs":{"insertions":1,"deletions":1}}}]},{"date":"2021-02-26","commitResults":[{"hash":"25e5b563c038993401e129c9c1a186620e923c2f","messageTitle":"Update theme in user guide","messageBody":"","fileTypesAndContributionMap":{"docs":{"insertions":53,"deletions":1}}},{"hash":"88601dfca878f0ab4f04b216d75668a91b731e88","messageTitle":"Fix typos in user guide","messageBody":"","fileTypesAndContributionMap":{"docs":{"insertions":6,"deletions":9}}},{"hash":"3e7feb83b2e38fc95ea00ef8b047433bb97a630c","messageTitle":"Add separator in user guide","messageBody":"","fileTypesAndContributionMap":{"docs":{"insertions":2,"deletions":0}}},{"hash":"46f5c445bcc2e1fa6360ad3346ae9ea2cb54d638","messageTitle":"Update find in user guide","messageBody":"","fileTypesAndContributionMap":{"docs":{"insertions":8,"deletions":3}}}]},{"date":"2021-03-09","commitResults":[{"hash":"8a22ce18060507dd3d57055551aeb7f7cfbac3a6","messageTitle":"Add NameContainsPatternPredicate and PREFIX_PATTERN","messageBody":"","fileTypesAndContributionMap":{"functional-code":{"insertions":42,"deletions":3}}},{"hash":"425764ee24041a3df551638f14efc844efe20b48","messageTitle":"Add name searching via regex functionalities","messageBody":"Implementation only allows for simple word matching based on\nsubstring provided. This is slightly cumbersome as it doesn\u0027t allow\nfind-grained searches.\n\nFor instance, it is not possible to search all person with names\nstarting with the alphabet \u0027a\u0027\n\nIncluding an option for the use of regular expressions allows the users\nto have finer control over searching.\n\nLets create a predicate that makes use of regular expressions instead of\nsimple word matching.\n","fileTypesAndContributionMap":{"functional-code":{"insertions":20,"deletions":10}}},{"hash":"2d792728af4c7c5ad3388879c6ea2e1653687c9a","messageTitle":"Add NameContainsPatternPredicateTest.java","messageBody":"","fileTypesAndContributionMap":{"test-code":{"insertions":73,"deletions":0}}},{"hash":"ffede6b94712e003882edd537b29c6f5012d97ca","messageTitle":"Fix checkstyle","messageBody":"","fileTypesAndContributionMap":{"functional-code":{"insertions":8,"deletions":6},"test-code":{"insertions":16,"deletions":18}}},{"hash":"6a5e294c58d620dff5709fefae60b6ed3d588cbb","messageTitle":"Add exception handling for regex","messageBody":"","fileTypesAndContributionMap":{"functional-code":{"insertions":15,"deletions":4}}},{"hash":"c52a991783e26f2e2de142d5efed0bce1161f3a4","messageTitle":"Fix checkstyle","messageBody":"","fileTypesAndContributionMap":{"functional-code":{"insertions":1,"deletions":2}}}]},{"date":"2021-03-10","commitResults":[{"hash":"fc854c272478b3259cf84e40c52196bc3baf295c","messageTitle":"Fix typo and Add tests","messageBody":"","fileTypesAndContributionMap":{"functional-code":{"insertions":6,"deletions":4},"test-code":{"insertions":8,"deletions":0}}},{"hash":"67fb79c0a3f921c6103457504e6f3370dfb26c38","messageTitle":"Fix consistency issues","messageBody":"","fileTypesAndContributionMap":{"functional-code":{"insertions":11,"deletions":12},"test-code":{"insertions":1,"deletions":1}}},{"hash":"fa8aa251f30aa75fb9fe3ae6d3e561623695b680","messageTitle":"Fix consistency issues","messageBody":"","fileTypesAndContributionMap":{"functional-code":{"insertions":5,"deletions":5}}}]},{"date":"2021-03-12","commitResults":[{"hash":"77558448c0aff10d488f8f8242915a85ccde7208","messageTitle":"Add Theme tests","messageBody":"","fileTypesAndContributionMap":{"functional-code":{"insertions":22,"deletions":11},"test-code":{"insertions":64,"deletions":0}}},{"hash":"c30ba2c254bbf03d489393d9c574065c728df2ae","messageTitle":"Add ThemeFactory tests","messageBody":"","fileTypesAndContributionMap":{"test-code":{"insertions":143,"deletions":0}}},{"hash":"e78ae026997057291de0725e44a80841146ac7e1","messageTitle":"Add ThemeManager tests","messageBody":"","fileTypesAndContributionMap":{"functional-code":{"insertions":8,"deletions":3},"test-code":{"insertions":437,"deletions":31}}},{"hash":"27d40a1f6559931264b149997a017d3162f31ab9","messageTitle":"Uncomment messagebox stylesheet application","messageBody":"","fileTypesAndContributionMap":{"functional-code":{"insertions":5,"deletions":1}}},{"hash":"000f982e154d942943b65f933800b6c6f2701e71","messageTitle":"Fix checkstyle errors","messageBody":"","fileTypesAndContributionMap":{"docs":{"insertions":139,"deletions":101},"test-code":{"insertions":1,"deletions":1}}},{"hash":"9ac357107a2abb9a80b151751ea7d53765ffa356","messageTitle":"Fix test","messageBody":"","fileTypesAndContributionMap":{"test-code":{"insertions":1,"deletions":0}}}]},{"date":"2021-03-13","commitResults":[{"hash":"31b9af71388ef4694bdd0aa5648e5af1a76900d5","messageTitle":"Remove scene params","messageBody":"","fileTypesAndContributionMap":{"test-code":{"insertions":2,"deletions":1}}},{"hash":"123a5e2f5960af296514eca3e81737a76d8f39e1","messageTitle":"Remove whitespace","messageBody":"","fileTypesAndContributionMap":{"test-code":{"insertions":1,"deletions":1}}},{"hash":"9506042e852fe18d2eedf894e2b0e0f9428371bf","messageTitle":"Remove unused import","messageBody":"","fileTypesAndContributionMap":{"test-code":{"insertions":0,"deletions":1}}},{"hash":"b8c2f0aaf33d2775691bcd6f45a7205ed1ff74f8","messageTitle":"Move root initialization on to a separate line","messageBody":"","fileTypesAndContributionMap":{"test-code":{"insertions":2,"deletions":1}}},{"hash":"e4314b263ed1c86f0d5da72abcd9b8a1142edfcf","messageTitle":"Replace group with VBox","messageBody":"","fileTypesAndContributionMap":{"test-code":{"insertions":3,"deletions":4}}},{"hash":"3d5955fa0e635c1516e82bea1b4b8e63e4d72c4c","messageTitle":"Remove whitespace","messageBody":"","fileTypesAndContributionMap":{"test-code":{"insertions":1,"deletions":1}}},{"hash":"68436402182eee05ef94d1528747f5b2d044f15a","messageTitle":"Refactor ThemeManager to conform to SLAP","messageBody":"","fileTypesAndContributionMap":{"functional-code":{"insertions":57,"deletions":30},"test-code":{"insertions":18,"deletions":16}}},{"hash":"47b24394ff9dae73a11c0377107f8cf85185f3d4","messageTitle":"Modify ThemeManager tests","messageBody":"","fileTypesAndContributionMap":{"functional-code":{"insertions":20,"deletions":23},"test-code":{"insertions":15,"deletions":22}}},{"hash":"c2826491c7bd8b6b015349fbd43205ed19001c3b","messageTitle":"Remove file:/// prefix for cssCacheUri","messageBody":"","fileTypesAndContributionMap":{"functional-code":{"insertions":3,"deletions":3},"test-code":{"insertions":1,"deletions":2}}}]},{"date":"2021-03-14","commitResults":[{"hash":"c835e9437dfab8515d725d341955cc35fc7ec417","messageTitle":"Fix coding convention errors","messageBody":"","fileTypesAndContributionMap":{"functional-code":{"insertions":8,"deletions":8},"test-code":{"insertions":2,"deletions":3}}},{"hash":"bf8183fda140d0a554693312dea02029abfb8213","messageTitle":"Fix checkstyle errors","messageBody":"","fileTypesAndContributionMap":{"functional-code":{"insertions":1,"deletions":1},"docs":{"insertions":1,"deletions":1}}}]},{"date":"2021-03-24","commitResults":[{"hash":"50ac9c9a864376645ff0c265bfd670cbdb0df0b4","messageTitle":"Add Goal class","messageBody":"","fileTypesAndContributionMap":{"functional-code":{"insertions":56,"deletions":0}}},{"hash":"3642e98121cee36dac20671338d098fa80afbad7","messageTitle":"Add set-goal command","messageBody":"","fileTypesAndContributionMap":{"functional-code":{"insertions":260,"deletions":27}}},{"hash":"b98daf1829046d7c13d1316bf9aedadc07463d89","messageTitle":"Add documentation for theme and set-goal","messageBody":"","fileTypesAndContributionMap":{"docs":{"insertions":158,"deletions":2}}},{"hash":"98a376f8b220c5534024f0f7cd9f019dcd1dc712","messageTitle":"Add underline to objects","messageBody":"","fileTypesAndContributionMap":{"docs":{"insertions":2,"deletions":2}}},{"hash":"767abe03f2776e3087ce25cd2936d3559828e9c0","messageTitle":"Fix formatting issues","messageBody":"","fileTypesAndContributionMap":{"docs":{"insertions":6,"deletions":6}}}]},{"date":"2021-03-26","commitResults":[{"hash":"3aa9c4da4d9fd457ead6afc6a1309e1640b72658","messageTitle":"Update tests","messageBody":"","fileTypesAndContributionMap":{"functional-code":{"insertions":6,"deletions":10},"test-code":{"insertions":46,"deletions":21}}},{"hash":"1d2752aa26064c3fe4831b3549fb9a49d70617be","messageTitle":"Fix merge error","messageBody":"","fileTypesAndContributionMap":{"functional-code":{"insertions":2,"deletions":6},"test-code":{"insertions":0,"deletions":2}}}]},{"date":"2021-03-27","commitResults":[{"hash":"489cda026650aa56cd4a8967f41813cfe43502f6","messageTitle":"Fix design flaws","messageBody":"","fileTypesAndContributionMap":{"functional-code":{"insertions":54,"deletions":27},"test-code":{"insertions":4,"deletions":3}}}]},{"date":"2021-03-28","commitResults":[{"hash":"3b700471b0271bf7c28d2892fcbfe8a6338d5b31","messageTitle":"Fix improper error catching","messageBody":"","fileTypesAndContributionMap":{"functional-code":{"insertions":30,"deletions":33},"test-code":{"insertions":7,"deletions":7}}},{"hash":"5e6ae85c4718d896618b721a09cc91f5cd64c994","messageTitle":"Update documentation","messageBody":"","fileTypesAndContributionMap":{"docs":{"insertions":5,"deletions":8}}},{"hash":"c5fbba16c0e0a18bee14382269cd062a22dc6000","messageTitle":"Remove css","messageBody":"","fileTypesAndContributionMap":{"test-code":{"insertions":0,"deletions":1}}},{"hash":"d41c0ccc0c9944193e0ce22e2c6283fa8da0ebcd","messageTitle":"Fix checkstyle error","messageBody":"","fileTypesAndContributionMap":{"functional-code":{"insertions":0,"deletions":1}}},{"hash":"692829f5483cbfbaa69c7c5415d332c86c984df7","messageTitle":"Change code tags to backticks","messageBody":"","fileTypesAndContributionMap":{"docs":{"insertions":1,"deletions":1}}}]},{"date":"2021-03-29","commitResults":[{"hash":"6c2514089e0e9dd36ea40c6bd4b91d5a76c1cc0e","messageTitle":"Allow theme to read from resource","messageBody":"","fileTypesAndContributionMap":{"functional-code":{"insertions":80,"deletions":38},"other":{"insertions":0,"deletions":25},"test-code":{"insertions":5,"deletions":5}}},{"hash":"a73478d10018382b985a22f7783c50d76b230a7c","messageTitle":"Allow application to save theme immediately after command","messageBody":"","fileTypesAndContributionMap":{"functional-code":{"insertions":25,"deletions":3}}},{"hash":"171ac8e0161df89d43ea55230e45b9e5288cf537","messageTitle":"Update tests","messageBody":"","fileTypesAndContributionMap":{"functional-code":{"insertions":1,"deletions":0},"other":{"insertions":0,"deletions":25},"test-code":{"insertions":15,"deletions":2}}},{"hash":"64e4ce056dfd39cef66b2e801b00d586ececfc18","messageTitle":"Fix checkstyle errors","messageBody":"","fileTypesAndContributionMap":{"functional-code":{"insertions":22,"deletions":15},"test-code":{"insertions":28,"deletions":22}}},{"hash":"4fcadd461cea26c040a7f62678c176347973bdd9","messageTitle":"Fix tests","messageBody":"","fileTypesAndContributionMap":{"functional-code":{"insertions":0,"deletions":1},"test-code":{"insertions":4,"deletions":1}}},{"hash":"65d3c0bb3420385b6c4720d41ae4d3ee5d49e123","messageTitle":"Remove","messageBody":"","fileTypesAndContributionMap":{"test-code":{"insertions":0,"deletions":13}}},{"hash":"c199de69d8f2c7a4c011eff9dd50382fb66cf9e0","messageTitle":"Remove ThemeManager test","messageBody":"","fileTypesAndContributionMap":{"test-code":{"insertions":13,"deletions":0}}},{"hash":"deee60464d5edba5a07615a94777ed6870f6609c","messageTitle":"Remove setTheme test","messageBody":"","fileTypesAndContributionMap":{"test-code":{"insertions":0,"deletions":13}}},{"hash":"6d1db7de57df136664aac1ec1e7bde9d16e9ea8c","messageTitle":"Fix checkstyle error","messageBody":"","fileTypesAndContributionMap":{"test-code":{"insertions":0,"deletions":4}}},{"hash":"a98feb7e8719210a33548a8481a995241382c6b4","messageTitle":"Update test","messageBody":"","fileTypesAndContributionMap":{"test-code":{"insertions":1,"deletions":4}}},{"hash":"797e9c609cdc57b49715cc73db44b3bd281c29a5","messageTitle":"Delete test","messageBody":"","fileTypesAndContributionMap":{"test-code":{"insertions":0,"deletions":14}}},{"hash":"d0ec77f18cd8b17a735c273ab1e2f69614266509","messageTitle":"Remove printing to sout","messageBody":"","fileTypesAndContributionMap":{"functional-code":{"insertions":0,"deletions":1}}}]},{"date":"2021-03-30","commitResults":[{"hash":"4c95170da1a75fced4c0f50cb99b2fae8a4bf1fd","messageTitle":"Update theme for UG","messageBody":"","fileTypesAndContributionMap":{"docs":{"insertions":37,"deletions":28}}},{"hash":"91bce48790b4bf0ffcbb1bddf01257951f88408c","messageTitle":"Update ThemeCommand MESSAGE_USAGE","messageBody":"","fileTypesAndContributionMap":{"functional-code":{"insertions":3,"deletions":2}}},{"hash":"ae47fc3f9a1f875227b21f7927a3dfe6e4f27652","messageTitle":"Fix getGoalDeadline","messageBody":"","fileTypesAndContributionMap":{"functional-code":{"insertions":2,"deletions":1}}},{"hash":"bdc5d6f1d0315107bb874cf106af595c9f5e89dd","messageTitle":"Update MESSAGE_USAGE for set-goal","messageBody":"","fileTypesAndContributionMap":{"functional-code":{"insertions":1,"deletions":1}}},{"hash":"740744e89fad3bf7d5dff1472cb76e8f8f00bd19","messageTitle":"Remove printing to stdout","messageBody":"","fileTypesAndContributionMap":{"functional-code":{"insertions":1,"deletions":1}}}]}],"ivantjh":[{"date":"2021-02-22","commitResults":[{"hash":"5002347361b18e54960eb974d4480359ca285734","messageTitle":"Update README.md","messageBody":"","fileTypesAndContributionMap":{"docs":{"insertions":3,"deletions":11}}},{"hash":"1bd2adbab4a2e641d08a03c90f1ecc6f6d5e3cdc","messageTitle":"Change name of app to FriendDex","messageBody":"","fileTypesAndContributionMap":{"docs":{"insertions":18,"deletions":18}}},{"hash":"a257db5609838018fac07b7a18a745fe3d81ad26","messageTitle":"Add profile pic and record meeting instructions to README.md","messageBody":"","fileTypesAndContributionMap":{"docs":{"insertions":21,"deletions":0}}},{"hash":"441598f922b6b038c91862700ba7b20401fae7cb","messageTitle":"Update Command Summary","messageBody":"","fileTypesAndContributionMap":{"docs":{"insertions":5,"deletions":3}}}]},{"date":"2021-02-25","commitResults":[{"hash":"559279bf0c72cc6b33727a16cafb1e2c0fd78b23","messageTitle":"Update AboutUs for Ivan","messageBody":"","fileTypesAndContributionMap":{"docs":{"insertions":10,"deletions":0}}},{"hash":"e6debcbb8480f69df5b5c1a993c6ee36ae862c24","messageTitle":"Change file format for Lin Lue pic","messageBody":"","fileTypesAndContributionMap":{"docs":{"insertions":1,"deletions":1}}}]},{"date":"2021-02-28","commitResults":[{"hash":"d185cc096df5a63ee46fc283fe831575893eca03","messageTitle":"Fix file names for images","messageBody":"","fileTypesAndContributionMap":{"docs":{"insertions":2,"deletions":2}}}]},{"date":"2021-03-02","commitResults":[{"hash":"17f12762bc3305e56f92e285bee76648cee87f3d","messageTitle":"Change AddressBook to FriendDex for docs","messageBody":"","fileTypesAndContributionMap":{"docs":{"insertions":5,"deletions":7}}}]},{"date":"2021-03-07","commitResults":[{"hash":"844c815d46c6801f45e4df158b0620b2be9e7c81","messageTitle":"Add Meeting class","messageBody":"","fileTypesAndContributionMap":{"functional-code":{"insertions":56,"deletions":0}}},{"hash":"b7d398f3bfdd6f80d4aa40a2ee982673db7ec4af","messageTitle":"Add meetings to Person","messageBody":"","fileTypesAndContributionMap":{"functional-code":{"insertions":45,"deletions":1}}},{"hash":"ebc6795cd7fb8387b2586ba36fb7741d07ac8460","messageTitle":"Add base MeetingCommand","messageBody":"","fileTypesAndContributionMap":{"functional-code":{"insertions":53,"deletions":0}}},{"hash":"61a8095157f25bc1274f89ee6a8566c690a5edfa","messageTitle":"Update cmd arguments in ug","messageBody":"","fileTypesAndContributionMap":{"functional-code":{"insertions":2,"deletions":2},"docs":{"insertions":2,"deletions":1}}}]},{"date":"2021-03-08","commitResults":[{"hash":"a9012263ef29c9b052b1546d6454d8217aa623b0","messageTitle":"Rename AddressBookParser to InputParser","messageBody":"","fileTypesAndContributionMap":{"functional-code":{"insertions":59,"deletions":14},"other":{"insertions":11,"deletions":7}}},{"hash":"ecc5def6d941d54af5b604ce3bb88acf6f4552ec","messageTitle":"Implement parser for AddMeetingCmd","messageBody":"","fileTypesAndContributionMap":{"functional-code":{"insertions":37,"deletions":11}}},{"hash":"e3a7c8fb74b110e45417783b1ae9cc6c74f1b193","messageTitle":"Implement execute for AddMeetingCommand","messageBody":"","fileTypesAndContributionMap":{"functional-code":{"insertions":64,"deletions":10}}},{"hash":"314a5e1c76ba91f75b482b4266ef49bfa1ad2fce","messageTitle":"Link added meetings to UI","messageBody":"","fileTypesAndContributionMap":{"functional-code":{"insertions":42,"deletions":43},"test-code":{"insertions":8,"deletions":1}}},{"hash":"e9a3932d64337a1ec475ec8d7d4f741c03de03d6","messageTitle":"Add DateUtil","messageBody":"","fileTypesAndContributionMap":{"functional-code":{"insertions":40,"deletions":20}}},{"hash":"223d1683ba62850b8bc666316eee91b9792bf960","messageTitle":"Add TimeUtil","messageBody":"","fileTypesAndContributionMap":{"functional-code":{"insertions":41,"deletions":20}}},{"hash":"2072c32913c1f4b62aa46abcb81726a5217ef5c7","messageTitle":"Fix output formats for datetime","messageBody":"","fileTypesAndContributionMap":{"functional-code":{"insertions":17,"deletions":2}}},{"hash":"272615f3bf21fc049274c0a3fcbda63a3e26f82a","messageTitle":"Enable storage of meetings","messageBody":"","fileTypesAndContributionMap":{"functional-code":{"insertions":56,"deletions":7},"test-code":{"insertions":21,"deletions":14}}},{"hash":"247405174fcebd9d811f0a097bed3fa4ee9c12f9","messageTitle":"Fix checkstyle","messageBody":"","fileTypesAndContributionMap":{"functional-code":{"insertions":39,"deletions":10}}},{"hash":"7f0c905709961f8107f292d9a39ba0ee743ce795","messageTitle":"Rephase comment in PersonCard","messageBody":"","fileTypesAndContributionMap":{"functional-code":{"insertions":1,"deletions":2}}}]},{"date":"2021-03-10","commitResults":[{"hash":"504d462b94f4dc71525dbde2822086d6b04a09cb","messageTitle":"Fix error messages for Date and Time parsing","messageBody":"","fileTypesAndContributionMap":{"functional-code":{"insertions":31,"deletions":12}}},{"hash":"b8f4f059631cd5053f72d63d0abf7885c3d8c1a6","messageTitle":"Fix checkstyle","messageBody":"","fileTypesAndContributionMap":{"functional-code":{"insertions":0,"deletions":2}}}]},{"date":"2021-03-14","commitResults":[{"hash":"65d7d6e272650509d2614783c0e1b8cbdc4424ea","messageTitle":"Add delete meeting cmd","messageBody":"","fileTypesAndContributionMap":{"functional-code":{"insertions":91,"deletions":0}}},{"hash":"bd63be273510c315cdf759403d8d5f5fe1a0b4c2","messageTitle":"Add DeleteMeetingCommandParser and link to UI","messageBody":"","fileTypesAndContributionMap":{"functional-code":{"insertions":48,"deletions":4},"other":{"insertions":1,"deletions":1}}},{"hash":"6e841ed0e8dd40e6bf3d5b2a0d365572e7e8cf1c","messageTitle":"Line break after every meeting and date in UI","messageBody":"","fileTypesAndContributionMap":{"functional-code":{"insertions":6,"deletions":5}}},{"hash":"d1c737ef91de400213ed539d35309a7420055275","messageTitle":"Fix checkstyle","messageBody":"","fileTypesAndContributionMap":{"functional-code":{"insertions":2,"deletions":2}}},{"hash":"ff50bf2c3bbd6129cecc555e2f9dca2688a3176b","messageTitle":"Add picture parser and command","messageBody":"","fileTypesAndContributionMap":{"functional-code":{"insertions":100,"deletions":0},"docs":{"insertions":2,"deletions":1}}},{"hash":"1f60f2d5ff5fab4d496c29434a67395b44169a54","messageTitle":"Add validations for filepath","messageBody":"","fileTypesAndContributionMap":{"functional-code":{"insertions":22,"deletions":3}}},{"hash":"1b8ba2600e66a0d540eadc988cd11f82e3c9c50c","messageTitle":"Add picture storage manager","messageBody":"","fileTypesAndContributionMap":{"functional-code":{"insertions":61,"deletions":3}}},{"hash":"0c53f8021d8774b9fe487dcb4bfef113e2bba3ad","messageTitle":"Save picture dir path to userPref","messageBody":"","fileTypesAndContributionMap":{"functional-code":{"insertions":28,"deletions":4}}},{"hash":"b54edce434331883e3eadc62d0b04a4f7697a022","messageTitle":"Refactor Person and complete AddPictureCommand","messageBody":"","fileTypesAndContributionMap":{"functional-code":{"insertions":83,"deletions":28}}},{"hash":"7ea7b0e0b5928499000d41ef364f9db55b0f3a67","messageTitle":"Implement JsonAdaptedPicture","messageBody":"","fileTypesAndContributionMap":{"functional-code":{"insertions":62,"deletions":6}}},{"hash":"9ee2137fbed0ec97fe84defc65457d4d4c10bdac","messageTitle":"Store Picture data under Person","messageBody":"","fileTypesAndContributionMap":{"functional-code":{"insertions":46,"deletions":24},"test-code":{"insertions":25,"deletions":24}}},{"hash":"92936a0249f742cd83228cfdb3123ab269c017e6","messageTitle":"Display image on UI","messageBody":"","fileTypesAndContributionMap":{"functional-code":{"insertions":32,"deletions":0}}},{"hash":"f68460b7efab722a0f7e29b5eb9fe04424989fa3","messageTitle":"Finalise alignment for pic","messageBody":"","fileTypesAndContributionMap":{"functional-code":{"insertions":1,"deletions":1}}},{"hash":"b1ac72bc7f2c040eda15f8f0bd7db012e4b01465","messageTitle":"Update user guide","messageBody":"","fileTypesAndContributionMap":{"docs":{"insertions":1,"deletions":1}}},{"hash":"708410547a2726a9cbc7ae3203413adb7753a2ec","messageTitle":"Refactor validation for filePath","messageBody":"","fileTypesAndContributionMap":{"functional-code":{"insertions":63,"deletions":75}}}]},{"date":"2021-03-15","commitResults":[{"hash":"6e6201d5f049ca6771b97c55a558328dc7883180","messageTitle":"Fix tests","messageBody":"","fileTypesAndContributionMap":{"functional-code":{"insertions":2,"deletions":1},"test-code":{"insertions":45,"deletions":22}}},{"hash":"4c1c66b084fcc13871af5d8c16b8962a57b90f2d","messageTitle":"Fix checkstyle","messageBody":"","fileTypesAndContributionMap":{"functional-code":{"insertions":1,"deletions":1}}},{"hash":"d0188311c59fe64917437d47eecea33a9ee35126","messageTitle":"Return optional for getPicture","messageBody":"","fileTypesAndContributionMap":{"functional-code":{"insertions":13,"deletions":13},"test-code":{"insertions":1,"deletions":1}}},{"hash":"0f16e0cbee4b51407d12338d1718af2506ce3c91","messageTitle":"Fix checkstyle","messageBody":"","fileTypesAndContributionMap":{"functional-code":{"insertions":15,"deletions":14}}},{"hash":"c4658913e10e1c91d06f1a90e7d587acfbb380c1","messageTitle":"Use UUIDs for filenames","messageBody":"","fileTypesAndContributionMap":{"functional-code":{"insertions":33,"deletions":10}}},{"hash":"387f8cde3778a215f2f121da22404a30d0be7fac","messageTitle":"Fix checkstyle","messageBody":"","fileTypesAndContributionMap":{"functional-code":{"insertions":24,"deletions":15}}},{"hash":"c8bd15c6f1c8e842c03e07ec585bebed32c40dd9","messageTitle":"Fix checkstyle for test","messageBody":"","fileTypesAndContributionMap":{"test-code":{"insertions":4,"deletions":5}}},{"hash":"92ac4f1453c35eca1841e46f2fb5d0e647bb212c","messageTitle":"Rename setters to start with \u0027with\u0027","messageBody":"","fileTypesAndContributionMap":{"functional-code":{"insertions":15,"deletions":10}}},{"hash":"dac95a8e99948ee43592f20f9594092f932b119f","messageTitle":"Allow user to change picture even if old picture cannot be deleted","messageBody":"","fileTypesAndContributionMap":{"functional-code":{"insertions":3,"deletions":3}}},{"hash":"a1eaefa47a112650ba5e39b268cab118ba4cb822","messageTitle":"Log message if file cannot be deleted","messageBody":"","fileTypesAndContributionMap":{"functional-code":{"insertions":8,"deletions":6}}}]},{"date":"2021-03-17","commitResults":[{"hash":"ab06f506d324498551c53c290baf52b39c31f0ab","messageTitle":"Fix regex search bug","messageBody":"","fileTypesAndContributionMap":{"functional-code":{"insertions":1,"deletions":1}}},{"hash":"069d3e6f1134aebd87ffebe3f9969a611f488f2d","messageTitle":"Add EventBuilder","messageBody":"","fileTypesAndContributionMap":{"functional-code":{"insertions":10,"deletions":0},"test-code":{"insertions":108,"deletions":10}}},{"hash":"067ce102020c06d3f5703d074902a5216f3a6d4b","messageTitle":"Add test for AddMeetingCommand","messageBody":"","fileTypesAndContributionMap":{"functional-code":{"insertions":8,"deletions":0},"test-code":{"insertions":59,"deletions":7}}},{"hash":"3cbf8a0493c369472042830c360e81619c31c057","messageTitle":"Add tests for AddMeetingCommandParser","messageBody":"","fileTypesAndContributionMap":{"functional-code":{"insertions":34,"deletions":5},"test-code":{"insertions":70,"deletions":0}}},{"hash":"5a07ec81d27b80bc00bfcc65f120ca1f74b6ea8a","messageTitle":"Move date time parsing to ParserUtil","messageBody":"","fileTypesAndContributionMap":{"functional-code":{"insertions":25,"deletions":5}}},{"hash":"a52f756fad21664bc7c813596d2bed4e6bd71da4","messageTitle":"Fix checkstyle","messageBody":"","fileTypesAndContributionMap":{"functional-code":{"insertions":23,"deletions":18},"test-code":{"insertions":25,"deletions":9}}}]},{"date":"2021-03-18","commitResults":[{"hash":"2281b5758b8ebe0a3890fc6b78b494955ff5abeb","messageTitle":"Fix styling errors","messageBody":"","fileTypesAndContributionMap":{"functional-code":{"insertions":2,"deletions":2},"test-code":{"insertions":0,"deletions":2}}}]},{"date":"2021-03-20","commitResults":[{"hash":"7a1fc2bc8bccd97c0043d07a56533c123f7eadbd","messageTitle":"Update jar file information","messageBody":"","fileTypesAndContributionMap":{"functional-code":{"insertions":1,"deletions":1},"other":{"insertions":1,"deletions":1}}}]},{"date":"2021-03-21","commitResults":[{"hash":"c87e59ad073dc923789a83d6d0ebe869293028a1","messageTitle":"Stricter validations for files","messageBody":"","fileTypesAndContributionMap":{"functional-code":{"insertions":100,"deletions":30},"test-code":{"insertions":8,"deletions":2}}},{"hash":"3f9479da5670cc0518d3bd86e8417def210cb855","messageTitle":"Write tests for AddPictureCommand","messageBody":"","fileTypesAndContributionMap":{"test-code":{"insertions":74,"deletions":12}}},{"hash":"a0d130f0aa2766e08ded25ce86fc245551ee925d","messageTitle":"Add tests for AddPictureCommandParser","messageBody":"","fileTypesAndContributionMap":{"functional-code":{"insertions":5,"deletions":2},"test-code":{"insertions":71,"deletions":0}}},{"hash":"4edf8b47f457068b0cb220c9cc30354432112002","messageTitle":"Allow space in path for theme command","messageBody":"","fileTypesAndContributionMap":{"functional-code":{"insertions":1,"deletions":3}}},{"hash":"f5df6981f2d17638666fef3ac428eb72e422fd6e","messageTitle":"Fix checkstyle","messageBody":"","fileTypesAndContributionMap":{"functional-code":{"insertions":13,"deletions":35},"test-code":{"insertions":5,"deletions":8}}},{"hash":"f449bce3bd1c740e1a37055960af7216b8f71e79","messageTitle":"Try fix broken test on ci","messageBody":"","fileTypesAndContributionMap":{"functional-code":{"insertions":3,"deletions":2}}},{"hash":"1539f9cf6c12ef55a7a059280769d70143e81538","messageTitle":"Fix test on Windows","messageBody":"","fileTypesAndContributionMap":{"test-code":{"insertions":2,"deletions":2}}}]},{"date":"2021-03-23","commitResults":[{"hash":"c2a76713e9a8fadc60dfa12ced2996789bc0243f","messageTitle":"Add skeletal implementation for autocomplete","messageBody":"","fileTypesAndContributionMap":{"functional-code":{"insertions":37,"deletions":1},"other":{"insertions":2,"deletions":0}}}]},{"date":"2021-03-24","commitResults":[{"hash":"9eaf217ebabbaa36d39d7d57789e2cb07ee88c5c","messageTitle":"Add autocomplete strings","messageBody":"","fileTypesAndContributionMap":{"functional-code":{"insertions":45,"deletions":1}}},{"hash":"341a606d47cace2b421457cc53d4039954885aad","messageTitle":"Decide colours for autocompletebox","messageBody":"","fileTypesAndContributionMap":{"functional-code":{"insertions":10,"deletions":30}}},{"hash":"dd0e506097e8bbc027a1626fc0e98deb2acc3c4b","messageTitle":"Fix checkstyle","messageBody":"","fileTypesAndContributionMap":{"functional-code":{"insertions":2,"deletions":17},"other":{"insertions":1,"deletions":0}}},{"hash":"ca7fb8bcd5873198049b2f26c0fc938dbb8d6530","messageTitle":"Fix test","messageBody":"","fileTypesAndContributionMap":{"test-code":{"insertions":14,"deletions":0}}},{"hash":"409ea830f774215b0c5cb07601bab5de6554fc51","messageTitle":"Update ug","messageBody":"","fileTypesAndContributionMap":{"docs":{"insertions":33,"deletions":15}}},{"hash":"d2352f7f36658f039f3483862886ce63ef47e99a","messageTitle":"Add AddPictureCommand sequence diagram","messageBody":"","fileTypesAndContributionMap":{"docs":{"insertions":110,"deletions":1}}},{"hash":"d69e05e9c3576eee416faa59dbe97b182b0dd09e","messageTitle":"Finalise sequence diagram","messageBody":"","fileTypesAndContributionMap":{"docs":{"insertions":4,"deletions":8}}},{"hash":"a3422b3a1263914abd348b5ba7623bbc0d1940a2","messageTitle":"Update dg text for AddPicture","messageBody":"","fileTypesAndContributionMap":{"docs":{"insertions":7,"deletions":3}}}]},{"date":"2021-03-25","commitResults":[{"hash":"6e1712923970e3f6bfabb5b317129086e8cd9d86","messageTitle":"Use theme colours","messageBody":"","fileTypesAndContributionMap":{"functional-code":{"insertions":2,"deletions":1}}},{"hash":"b2d76d6dd448e8b8e72922b09dc69c1780cfa513","messageTitle":"Fix wording","messageBody":"","fileTypesAndContributionMap":{"docs":{"insertions":1,"deletions":1}}}]},{"date":"2021-03-26","commitResults":[{"hash":"c4cf2e09d201d0d2184057cbc6261d238be000d4","messageTitle":"Fix test","messageBody":"","fileTypesAndContributionMap":{"test-code":{"insertions":5,"deletions":4}}}]},{"date":"2021-03-28","commitResults":[{"hash":"ab7a55af22aa0af6a862bebb0c6ba6b97d241a8f","messageTitle":"Add UI for streak","messageBody":"","fileTypesAndContributionMap":{"functional-code":{"insertions":109,"deletions":4}}},{"hash":"5505e7151581f9cd068b2e7892d5773c7d50b9e3","messageTitle":"Update quickstart","messageBody":"","fileTypesAndContributionMap":{"docs":{"insertions":8,"deletions":1}}},{"hash":"78e2f531596a7a9ed1b7f10999cc2e6d92020835","messageTitle":"Add autocomplete section to ug","messageBody":"","fileTypesAndContributionMap":{"docs":{"insertions":10,"deletions":7}}},{"hash":"94e67b096e57651987e78d71fd77ac37f23dccb8","messageTitle":"Enable assertions in gradle run task","messageBody":"","fileTypesAndContributionMap":{"other":{"insertions":4,"deletions":0}}},{"hash":"9a3319288cd7eb35b5f867b84793017494475783","messageTitle":"Fix copywriting","messageBody":"","fileTypesAndContributionMap":{"docs":{"insertions":21,"deletions":21}}}]},{"date":"2021-03-29","commitResults":[{"hash":"8d16136bfba4fd1d599c34be7489717621165208","messageTitle":"Add Streak and PersonStreak skeletons","messageBody":"","fileTypesAndContributionMap":{"functional-code":{"insertions":20,"deletions":0}}},{"hash":"c74385fbd72bb7b3ddd7f36dbc7cf7bbe0c6bbfb","messageTitle":"Add PersonStreaksList implementation","messageBody":"","fileTypesAndContributionMap":{"functional-code":{"insertions":155,"deletions":5}}},{"hash":"3c37610ae9be6ca046b73ebf460b70ac8d2217cb","messageTitle":"Use observable lists for person streak list","messageBody":"","fileTypesAndContributionMap":{"functional-code":{"insertions":17,"deletions":6}}},{"hash":"18b7b70826389a522bb0457e669e72aa9814b52f","messageTitle":"Add comparator for Streak","messageBody":"","fileTypesAndContributionMap":{"functional-code":{"insertions":15,"deletions":2}}},{"hash":"47a25c444a29b352178859cff1adc5e16cd69b6c","messageTitle":"Finish implementing streak","messageBody":"","fileTypesAndContributionMap":{"functional-code":{"insertions":106,"deletions":10}}},{"hash":"98bd1dc9ed0917f312abf1a54aee0e593d442745","messageTitle":"Link UI with streaks","messageBody":"","fileTypesAndContributionMap":{"functional-code":{"insertions":82,"deletions":29}}},{"hash":"facc8e37689905d3c225352353d8cece32e3640f","messageTitle":"Add tests for Streak","messageBody":"","fileTypesAndContributionMap":{"test-code":{"insertions":125,"deletions":0}}},{"hash":"8c9313b9abf4d166fd7dc14f99bbe522fdba7cd3","messageTitle":"Add monthly streak tests","messageBody":"","fileTypesAndContributionMap":{"functional-code":{"insertions":20,"deletions":1},"test-code":{"insertions":77,"deletions":0}}},{"hash":"6387147ba9a6d53a3bc496f6793a8677b1e06d5b","messageTitle":"Test years","messageBody":"","fileTypesAndContributionMap":{"test-code":{"insertions":78,"deletions":2}}},{"hash":"03a4927f907ea905714712bfe046072bb6730af2","messageTitle":"Add more Streak tests","messageBody":"","fileTypesAndContributionMap":{"functional-code":{"insertions":27,"deletions":34},"test-code":{"insertions":29,"deletions":2}}},{"hash":"15766f6879e74d37e0a326959f7aeba517ac92f2","messageTitle":"Fix checkstyle for main","messageBody":"","fileTypesAndContributionMap":{"functional-code":{"insertions":83,"deletions":52}}},{"hash":"591b048f5f41417bf9ea9b561b0e83a334a7c552","messageTitle":"Fix checkstyleTest","messageBody":"","fileTypesAndContributionMap":{"test-code":{"insertions":5,"deletions":2}}}]},{"date":"2021-03-30","commitResults":[{"hash":"22f5c0943f7900a305fe88b9d3c200eadd2d3576","messageTitle":"Reduce duplicated code in StreakTest","messageBody":"","fileTypesAndContributionMap":{"test-code":{"insertions":40,"deletions":109}}},{"hash":"be164f65d1c74fb4545199cd48263f8af4e4059c","messageTitle":"Simplify personStreaks in ModelManager","messageBody":"","fileTypesAndContributionMap":{"functional-code":{"insertions":1,"deletions":15}}},{"hash":"b3ca12e96bdc82c0f277ad5b5bad05c39f88b3a9","messageTitle":"Refactor EventBuilder build method","messageBody":"","fileTypesAndContributionMap":{"test-code":{"insertions":0,"deletions":4}}}]},{"date":"2021-03-31","commitResults":[{"hash":"7fc0179d149a8e0c934767da914c18fc92f58b4c","messageTitle":"Add del-picture skeleton","messageBody":"","fileTypesAndContributionMap":{"functional-code":{"insertions":103,"deletions":0}}},{"hash":"bee54b86c460854e752d0fb03039fe14250e85b7","messageTitle":"Move delete picture to person","messageBody":"","fileTypesAndContributionMap":{"functional-code":{"insertions":33,"deletions":18}}},{"hash":"557fd37426eefbccc2ec53c4b6ee514f79a1d581","messageTitle":"Implement del-picture command","messageBody":"","fileTypesAndContributionMap":{"functional-code":{"insertions":20,"deletions":22}}},{"hash":"f2f71abfef8078271db25d34d0399a7b8b6a3b50","messageTitle":"Add delete picture parser test","messageBody":"","fileTypesAndContributionMap":{"functional-code":{"insertions":2,"deletions":2},"test-code":{"insertions":27,"deletions":0}}},{"hash":"1ae6281ce4c898bd32a056807f42e1cd556d1f56","messageTitle":"Add delete picture command test","messageBody":"","fileTypesAndContributionMap":{"test-code":{"insertions":111,"deletions":0}}},{"hash":"f7a33986a7ce457f80468a81b29b45dfbc4dcac7","messageTitle":"Use temp folder for test runs for AddPictureCommandTest","messageBody":"","fileTypesAndContributionMap":{"functional-code":{"insertions":3,"deletions":2},"test-code":{"insertions":34,"deletions":2}}},{"hash":"65eae5a96d0a0d79807e90e2da5a72ba2b724958","messageTitle":"Refactor AddPictureCommandTest","messageBody":"","fileTypesAndContributionMap":{"test-code":{"insertions":12,"deletions":8}}},{"hash":"1561ab77f5f83d1e7cd2c105ee9e2c6cca05fe03","messageTitle":"Store relative path names in json for pictures","messageBody":"","fileTypesAndContributionMap":{"functional-code":{"insertions":1,"deletions":1}}},{"hash":"87553665c26d77794260256222b648a06983f64a","messageTitle":"Fix checkstyle","messageBody":"","fileTypesAndContributionMap":{"functional-code":{"insertions":2,"deletions":2},"test-code":{"insertions":4,"deletions":14}}}]},{"date":"2021-04-01","commitResults":[{"hash":"aacd3fb73f37daf19f3e69da1b7bcf768e667056","messageTitle":"Update DeletePictureCommand.java","messageBody":"","fileTypesAndContributionMap":{"functional-code":{"insertions":1,"deletions":1}}}]}],"chesterhow":[{"date":"2021-02-23","commitResults":[{"hash":"44aedcf972c7e29ce08cd28331455ed7cc264b3a","messageTitle":"Add personal particulars to About Us page","messageBody":"","fileTypesAndContributionMap":{"docs":{"insertions":14,"deletions":13}}},{"hash":"42233f1a3819436f2f91dfb98ca00e70e6269b0a","messageTitle":"Undo autoformatter changes","messageBody":"","fileTypesAndContributionMap":{"docs":{"insertions":10,"deletions":10}}},{"hash":"cdd97b8486706e0253d1daa63ef7feb7ee243661","messageTitle":"Add personal particulars to About Us page","messageBody":"","fileTypesAndContributionMap":{"docs":{"insertions":10,"deletions":0}}}]},{"date":"2021-02-24","commitResults":[{"hash":"5dc14edd231c7b86c324bcbaff759ed2178fb475","messageTitle":"Fix checkstyle errors","messageBody":"","fileTypesAndContributionMap":{"docs":{"insertions":1,"deletions":1}}},{"hash":"c0f7b92e3392fe44d95fcd90db7726bed1dbb9aa","messageTitle":"Document special dates and dashboard in user guide","messageBody":"","fileTypesAndContributionMap":{"docs":{"insertions":21,"deletions":5}}}]},{"date":"2021-03-09","commitResults":[{"hash":"a81a958f6a5c8820e7b1837895d5977b2546cd56","messageTitle":"Create DateCommand class","messageBody":"","fileTypesAndContributionMap":{"functional-code":{"insertions":18,"deletions":9}}},{"hash":"3070573f9a6299c5312b73d84d5d0298bad81ab1","messageTitle":"Parse date command arguments","messageBody":"","fileTypesAndContributionMap":{"functional-code":{"insertions":191,"deletions":23}}},{"hash":"2de9a8dfcd9b16b0d4e9fc279174ee62c8d2dd5c","messageTitle":"Update UI to reflect dates","messageBody":"","fileTypesAndContributionMap":{"functional-code":{"insertions":45,"deletions":7}}},{"hash":"d997bef9e1841fd8c188fa0694798370adf6803a","messageTitle":"Fix checkstyle main problems","messageBody":"","fileTypesAndContributionMap":{"functional-code":{"insertions":71,"deletions":15}}}]},{"date":"2021-03-10","commitResults":[{"hash":"08d33e8f4a2eff05255f40c76494008c6ae2ffd0","messageTitle":"Fix affected tests","messageBody":"","fileTypesAndContributionMap":{"test-code":{"insertions":23,"deletions":10}}}]},{"date":"2021-03-11","commitResults":[{"hash":"a972d2a83d4b5350dcd50c16e4a49594d079c478","messageTitle":"Refactor usages of Meeting class to use Event class instead","messageBody":"","fileTypesAndContributionMap":{"functional-code":{"insertions":109,"deletions":154},"test-code":{"insertions":3,"deletions":4}}}]},{"date":"2021-03-12","commitResults":[{"hash":"bb917232e0dc9377de5356f020646b93354343bb","messageTitle":"Fix change requests","messageBody":"","fileTypesAndContributionMap":{"functional-code":{"insertions":11,"deletions":15}}}]},{"date":"2021-03-13","commitResults":[{"hash":"bf30827acacafb6ae8a729cb7232d1c24a804041","messageTitle":"Add functionality for deleting dates","messageBody":"","fileTypesAndContributionMap":{"functional-code":{"insertions":136,"deletions":3},"other":{"insertions":13,"deletions":13}}}]},{"date":"2021-03-14","commitResults":[{"hash":"671d200137ffc6cf01a86487a45915e765cb021f","messageTitle":"Fix change requests","messageBody":"","fileTypesAndContributionMap":{"functional-code":{"insertions":4,"deletions":4}}}]},{"date":"2021-03-16","commitResults":[{"hash":"64d21c9095370ef5711473fe05acb5e31180c5f5","messageTitle":"Display upcoming birthdays on the UI","messageBody":"","fileTypesAndContributionMap":{"functional-code":{"insertions":190,"deletions":0}}},{"hash":"1212ed8c2115e86147800c43aa600a7c83dca4ce","messageTitle":"Display upcoming special dates on the UI","messageBody":"","fileTypesAndContributionMap":{"functional-code":{"insertions":15,"deletions":6}}},{"hash":"1f2000529fd7fa06a5cd9ed7c2e6f2c504c5d317","messageTitle":"Make UI reflect date changes","messageBody":"","fileTypesAndContributionMap":{"functional-code":{"insertions":58,"deletions":10},"test-code":{"insertions":18,"deletions":0}}},{"hash":"933e65c96322e5decb8ee444030d1e41573bdd54","messageTitle":"Fix change requests","messageBody":"","fileTypesAndContributionMap":{"functional-code":{"insertions":37,"deletions":24}}}]},{"date":"2021-03-17","commitResults":[{"hash":"e5dee2516cbb5df921a70e43f580c534c634948b","messageTitle":"Update UG for add and delete date features","messageBody":"","fileTypesAndContributionMap":{"functional-code":{"insertions":1,"deletions":1},"docs":{"insertions":19,"deletions":7}}},{"hash":"4f6e9466a5d7705da906d5a6b7cc64fb8ee86afe","messageTitle":"Fix inconsistent formatting","messageBody":"","fileTypesAndContributionMap":{"docs":{"insertions":7,"deletions":7}}}]},{"date":"2021-03-21","commitResults":[{"hash":"7ecd1fd9e6686fd701865e14cb3edff831775fc8","messageTitle":"Implement Details command","messageBody":"","fileTypesAndContributionMap":{"functional-code":{"insertions":85,"deletions":0}}},{"hash":"f7d378007f3a35f1471659bb2379735d041701df","messageTitle":"Add basic implementation of person details","messageBody":"","fileTypesAndContributionMap":{"functional-code":{"insertions":140,"deletions":14}}}]},{"date":"2021-03-22","commitResults":[{"hash":"6b8361213cddd3f97556e3e98aba9cf2c03bc190","messageTitle":"Update detailedPerson automatically when editing person","messageBody":"- Fix checkstyle errors\n","fileTypesAndContributionMap":{"functional-code":{"insertions":40,"deletions":14},"other":{"insertions":21,"deletions":16}}},{"hash":"444e8e9e96b9cae877333afbb8c938d720924d44","messageTitle":"Fix broken ModelStub","messageBody":"","fileTypesAndContributionMap":{"test-code":{"insertions":10,"deletions":0}}},{"hash":"df419a579f53367689689132232da9f389371514","messageTitle":"Fix tab equality checking","messageBody":"","fileTypesAndContributionMap":{"functional-code":{"insertions":1,"deletions":1}}}]},{"date":"2021-03-23","commitResults":[{"hash":"e42463bafe02138f84d1956d616ba2b67052ba01","messageTitle":"Create component for displaying full person details","messageBody":"","fileTypesAndContributionMap":{"functional-code":{"insertions":109,"deletions":9}}},{"hash":"101b31dead23adad786081c83a5cdb80beac362c","messageTitle":"Improve styling of profile picture in PersonListCard","messageBody":"","fileTypesAndContributionMap":{"functional-code":{"insertions":17,"deletions":0}}},{"hash":"660ebaabcf49726dc42dca8c6c1b0e756bc0aee8","messageTitle":"Checkstyle and test fixes","messageBody":"","fileTypesAndContributionMap":{"functional-code":{"insertions":10,"deletions":8},"test-code":{"insertions":11,"deletions":0}}}]},{"date":"2021-03-24","commitResults":[{"hash":"ba9bf7a4f0ffbf75cc661635d377077215348f35","messageTitle":"Create new component for ProfilePicture","messageBody":"","fileTypesAndContributionMap":{"functional-code":{"insertions":95,"deletions":74}}},{"hash":"1967d30f0014f56fb72154e99486673a3d2e16be","messageTitle":"Update UG and UI diagram in DG","messageBody":"","fileTypesAndContributionMap":{"docs":{"insertions":59,"deletions":13}}},{"hash":"6eaab7657d3d9318c4f87c9a5b05da2727f221bd","messageTitle":"Add Details Panel tab switching to DG","messageBody":"","fileTypesAndContributionMap":{"docs":{"insertions":15,"deletions":0}}}]},{"date":"2021-03-25","commitResults":[{"hash":"3cd7fc402682a4e7df083f9ebf41c119e9ace681","messageTitle":"Make adding tabs to DetailsPanel easier","messageBody":"","fileTypesAndContributionMap":{"functional-code":{"insertions":114,"deletions":75}}}]},{"date":"2021-03-28","commitResults":[{"hash":"b4eaa56dbf5ea44048d87173fc9dc99cc93a73bc","messageTitle":"Rename default data file and app title to frienddex","messageBody":"","fileTypesAndContributionMap":{"functional-code":{"insertions":1,"deletions":1}}},{"hash":"8d6a37ece8b8c25f4f92f016b7fbbfcb11052628","messageTitle":"Update screenshots in UG","messageBody":"","fileTypesAndContributionMap":{"functional-code":{"insertions":1,"deletions":1}}},{"hash":"acaf58eda42a1e7dd4e2a920a9c6d4fddc95514b","messageTitle":"Add theme used for screenshots","messageBody":"","fileTypesAndContributionMap":{"other":{"insertions":25,"deletions":0}}},{"hash":"b960cc7aadb59f653e7bb965c88150c90ff1c99f","messageTitle":"Rename old instances of addressbook.json","messageBody":"","fileTypesAndContributionMap":{"docs":{"insertions":2,"deletions":2},"test-code":{"insertions":4,"deletions":4}}}]},{"date":"2021-03-29","commitResults":[{"hash":"f60a6de21088e1636cc5fccefd45d4c42cc45397","messageTitle":"Write tests for add-date command","messageBody":"","fileTypesAndContributionMap":{"functional-code":{"insertions":1,"deletions":1},"test-code":{"insertions":87,"deletions":0}}},{"hash":"216e6b86c9d1a51fcda3d7fc0f4e7216d13b89a7","messageTitle":"Write tests for del-date command","messageBody":"","fileTypesAndContributionMap":{"functional-code":{"insertions":1,"deletions":1},"test-code":{"insertions":194,"deletions":0}}},{"hash":"bac331ddf5d9b941df2d3f68f90b917df0405c7a","messageTitle":"Write tests for details command","messageBody":"","fileTypesAndContributionMap":{"test-code":{"insertions":105,"deletions":12}}}]},{"date":"2021-03-30","commitResults":[{"hash":"14cbfdc2f639e7ac65c0e76854cb5d145d643a17","messageTitle":"Create UI components for dates and meetings","messageBody":"","fileTypesAndContributionMap":{"functional-code":{"insertions":84,"deletions":6}}},{"hash":"387cbb2cd611c02e35b8ba2745ca698e75a6ff45","messageTitle":"Fix checkstyle errors","messageBody":"","fileTypesAndContributionMap":{"functional-code":{"insertions":2,"deletions":2}}},{"hash":"f40442cbefe6bbfe51466ffeedf136129adee91d","messageTitle":"Add todo comment","messageBody":"","fileTypesAndContributionMap":{"functional-code":{"insertions":2,"deletions":0}}},{"hash":"f1a28fffa3bb669ab1a37df48c91d5c9bcbd23a7","messageTitle":"Add View command","messageBody":"","fileTypesAndContributionMap":{"functional-code":{"insertions":118,"deletions":4}}},{"hash":"8096b1a17604d897167bf547849611db0df5fd55","messageTitle":"Write tests for view command","messageBody":"","fileTypesAndContributionMap":{"functional-code":{"insertions":17,"deletions":24},"test-code":{"insertions":77,"deletions":4}}}]},{"date":"2021-03-31","commitResults":[{"hash":"7b09a97e4954841f9f745caa27f35d813a786a49","messageTitle":"Replace dates and meetings ListViews with VBox","messageBody":"","fileTypesAndContributionMap":{"functional-code":{"insertions":9,"deletions":32}}}]}]},"authorFileTypeContributionMap":{"Assyarul":{"docs":428,"functional-code":1356,"test-code":731},"lue97":{"docs":283,"functional-code":883,"test-code":713},"ivantjh":{"docs":200,"functional-code":1699,"test-code":844,"other":6},"chesterhow":{"docs":89,"functional-code":1517,"test-code":498,"other":1}},"authorContributionVariance":{"Assyarul":34044.094,"lue97":146261.12,"ivantjh":53079.0,"chesterhow":14788.17},"authorDisplayNameMap":{"Assyarul":"CS2103T-W14-1 MUHA..OMAR","lue97":"CS2103T-W14-1 LIN .. LUE","ivantjh":"CS2103T-W14-1 TAN ..IVAN","chesterhow":"CS2103T-W14-1 HOW ..STER"}}
