{"authorDailyContributionsMap":{"Assyarul":[{"date":"2021-02-23","commitResults":[{"hash":"52fccdc97fb99b1919b75e2d8475c93016a7bf31","messageTitle":"Update About Us Page","messageBody":"The About Us page has no information about Muhd Assyarul.\n\nLet\u0027s add the information in.\n","fileTypesAndContributionMap":{"docs":{"insertions":13,"deletions":58}}},{"hash":"5ffb41ee9a786c9ac251e95bb1141f9f0667a8d9","messageTitle":"Revert changes to johndoe.md","messageBody":"Changes were made that were out of scope of the branch responsibility\n\nLet\u0027s revert back those changes.\n","fileTypesAndContributionMap":{"docs":{"insertions":11,"deletions":10}}},{"hash":"36957df3a26e618e9fb2bbd56a1968c46277b79c","messageTitle":"Update Developer Guide Requirements","messageBody":"The developer guide follows the old Address Book Requirements.\n\nLet\u0027s change the requirements to FriendDex\u0027s.\n","fileTypesAndContributionMap":{"docs":{"insertions":155,"deletions":38}}},{"hash":"54f5d7317794d563d5946f44d4804fe2dd1268d8","messageTitle":"Fix typos in DG","messageBody":"There are some typos in the developer guide.\n\nLet\u0027s fix those typos.\n","fileTypesAndContributionMap":{"docs":{"insertions":6,"deletions":6}}},{"hash":"f3078ebfea0c39cc30e94693ef18922329903541","messageTitle":"Remove empty row in DG User Stories","messageBody":"There is an empty row in DG User Stories.\n\nLet\u0027s remove the empty row.\n","fileTypesAndContributionMap":{"docs":{"insertions":0,"deletions":1}}},{"hash":"d3b0b5bac0fd3ef49a7840895530578992fdc4d3","messageTitle":"Add Glossary to Developer Guide","messageBody":"The updated developer guide does not have a glossary.\n\nLet\u0027s add in the glossary that has relevant information.\n","fileTypesAndContributionMap":{"docs":{"insertions":3,"deletions":1}}},{"hash":"76098e090325770bde47a5e4cfe43bbb99a4e534","messageTitle":"Update User Guide","messageBody":"The user guide is not updated with the features that I will be planning\nto implement.\n\nLet\u0027s update the user guide to reflect the new changes.\n","fileTypesAndContributionMap":{"docs":{"insertions":15,"deletions":5}}}]},{"date":"2021-02-24","commitResults":[{"hash":"57cb388ebec572aed0392990ad83231acbd82ecc","messageTitle":"Fix Formatting Error","messageBody":"Minor formatting error in developer guide.\n\nLet\u0027s fix the error.\n","fileTypesAndContributionMap":{"docs":{"insertions":1,"deletions":0}}}]},{"date":"2021-03-09","commitResults":[{"hash":"1a151b858a2121a6e71e497e32a3aad8af832025","messageTitle":"Create Birthday field","messageBody":"There is no Birthday Field in Person to store Birthday information.\n\nA Birthday field allows users to track their friends\u0027 birthdays.\n\nLet\u0027s add the Birthday Field.\n\nFor now, it is mandatory for birthday field to be filled in.\n","fileTypesAndContributionMap":{"functional-code":{"insertions":136,"deletions":16},"test-code":{"insertions":156,"deletions":55}}}]},{"date":"2021-03-11","commitResults":[{"hash":"c2876eaec43ee9687bbe7e1bda73e995568630f3","messageTitle":"Add BirthdayTest","messageBody":"There is currently no unit test for Birthday.\n\nLet\u0027s add the unit test.\n","fileTypesAndContributionMap":{"test-code":{"insertions":36,"deletions":0}}},{"hash":"bec27ecd8d97a7558bfc98d660d3568d5dc476eb","messageTitle":"Update Validation for Birthday.","messageBody":"","fileTypesAndContributionMap":{"functional-code":{"insertions":15,"deletions":8}}},{"hash":"790899939c85909dbfbdf72a6644b6cc62a15bde","messageTitle":"Update BirthdayTest","messageBody":"","fileTypesAndContributionMap":{"test-code":{"insertions":3,"deletions":2}}},{"hash":"56cd7a2fbfcd6c8f10f62701ead0fbbf07d4eeb3","messageTitle":"Fix Style Violation in SampleDataUtil and AddCommandParserTest","messageBody":"","fileTypesAndContributionMap":{"functional-code":{"insertions":12,"deletions":12},"test-code":{"insertions":1,"deletions":1}}}]},{"date":"2021-03-12","commitResults":[{"hash":"da58f42b53f1ca9b6a7de004c3f145430e1c19c5","messageTitle":"Change birthday date to LocalDate in Birthday","messageBody":"Type of birthday date is String when LocalDate will help with\ndate manipulation.\n\nLet\u0027s change the type to LocalDate.\n\nBirthday will still accept String to allow for ease of testing.\n","fileTypesAndContributionMap":{"functional-code":{"insertions":38,"deletions":10},"test-code":{"insertions":6,"deletions":4}}}]},{"date":"2021-03-13","commitResults":[{"hash":"4dbe34a55101518a87207e203ef4fe9ab1cc0347","messageTitle":"Add Friend Group","messageBody":"There is no clear way of organizing contacts into separate groups.\n\nLet\u0027s add the feature in.\n","fileTypesAndContributionMap":{"functional-code":{"insertions":639,"deletions":11},"test-code":{"insertions":332,"deletions":7}}}]},{"date":"2021-03-14","commitResults":[{"hash":"cd23ff09d3ed8389f732ba9a1c512ac3cd8c3a5e","messageTitle":"Fix minor styling and javadoc issues","messageBody":"","fileTypesAndContributionMap":{"functional-code":{"insertions":10,"deletions":7}}},{"hash":"be714743d509077ae356aea742e5abbf349de405","messageTitle":"Add Friend Group List Ui","messageBody":"No Ui in place to display the list of groups available in the app.\n\nLet\u0027s implement the Ui in.\n\nNo testing has been done in this commit.\n","fileTypesAndContributionMap":{"functional-code":{"insertions":67,"deletions":0}}},{"hash":"a5b9788dc0a546e8902d3b4df3f74fbbe3b47b07","messageTitle":"Fix CheckStyle Violations","messageBody":"","fileTypesAndContributionMap":{"functional-code":{"insertions":2,"deletions":4}}}]},{"date":"2021-03-15","commitResults":[{"hash":"2c4205a597f1193da9da5dc0a0abaf7377b63a16","messageTitle":"Bug Fix Group List Ui","messageBody":"Group List does not update properly when adding group.\n\nLet\u0027s fix the bug.\n","fileTypesAndContributionMap":{"functional-code":{"insertions":1,"deletions":0}}},{"hash":"a36a366c417c1c98f63b59c6b204bfc751c032d9","messageTitle":"Fix to group-Ui","messageBody":"","fileTypesAndContributionMap":{"functional-code":{"insertions":11,"deletions":6}}},{"hash":"ed09f6925a7567c55704dfdf1cab6ee7925fe5ca","messageTitle":"Fix Checkstyle Violation","messageBody":"","fileTypesAndContributionMap":{"functional-code":{"insertions":0,"deletions":6}}}]}],"lue97":[{"date":"2021-02-19","commitResults":[{"hash":"dae06a751f1c50801fea019e229608844e6fd963","messageTitle":"Save theme on exit","messageBody":"","fileTypesAndContributionMap":{"functional-code":{"insertions":222,"deletions":41},"test-code":{"insertions":8,"deletions":6}}},{"hash":"3063798ee943d6122e7c39f2b943412983bcc9f2","messageTitle":"Update javadocs","messageBody":"","fileTypesAndContributionMap":{"functional-code":{"insertions":104,"deletions":46}}},{"hash":"4cec34acc76eddc7c3fe7f45de34a7c9362eef5f","messageTitle":"Reformat code","messageBody":"","fileTypesAndContributionMap":{"functional-code":{"insertions":329,"deletions":317}}},{"hash":"2cc018bf87c67077ad355ff54f89797ec722e181","messageTitle":"Fix checkstyle errors","messageBody":"","fileTypesAndContributionMap":{"functional-code":{"insertions":618,"deletions":607}}}]},{"date":"2021-02-23","commitResults":[{"hash":"9d92298aa7b0649ca1c2ac8747d494a486690af8","messageTitle":"Revert \"Add personal particulars to About Us page\"","messageBody":"","fileTypesAndContributionMap":{"docs":{"insertions":0,"deletions":7}}},{"hash":"03955bb5e7b36e89186e96b28d900f689bf3e1ac","messageTitle":"Update about us","messageBody":"","fileTypesAndContributionMap":{"docs":{"insertions":7,"deletions":0}}},{"hash":"6352f32e52780ccb3b869611f1dde4f208333755","messageTitle":"Fix checkstyle error","messageBody":"","fileTypesAndContributionMap":{"docs":{"insertions":2,"deletions":2}}}]},{"date":"2021-02-24","commitResults":[{"hash":"37b277de943d42c4f1b09ea450e3fb3200066868","messageTitle":"Remove whitespace","messageBody":"","fileTypesAndContributionMap":{"docs":{"insertions":1,"deletions":1}}}]},{"date":"2021-02-26","commitResults":[{"hash":"25e5b563c038993401e129c9c1a186620e923c2f","messageTitle":"Update theme in user guide","messageBody":"","fileTypesAndContributionMap":{"docs":{"insertions":53,"deletions":1}}},{"hash":"88601dfca878f0ab4f04b216d75668a91b731e88","messageTitle":"Fix typos in user guide","messageBody":"","fileTypesAndContributionMap":{"docs":{"insertions":6,"deletions":9}}},{"hash":"3e7feb83b2e38fc95ea00ef8b047433bb97a630c","messageTitle":"Add separator in user guide","messageBody":"","fileTypesAndContributionMap":{"docs":{"insertions":2,"deletions":0}}},{"hash":"46f5c445bcc2e1fa6360ad3346ae9ea2cb54d638","messageTitle":"Update find in user guide","messageBody":"","fileTypesAndContributionMap":{"docs":{"insertions":8,"deletions":3}}}]},{"date":"2021-03-09","commitResults":[{"hash":"8a22ce18060507dd3d57055551aeb7f7cfbac3a6","messageTitle":"Add NameContainsPatternPredicate and PREFIX_PATTERN","messageBody":"","fileTypesAndContributionMap":{"functional-code":{"insertions":42,"deletions":3}}},{"hash":"425764ee24041a3df551638f14efc844efe20b48","messageTitle":"Add name searching via regex functionalities","messageBody":"Implementation only allows for simple word matching based on\nsubstring provided. This is slightly cumbersome as it doesn\u0027t allow\nfind-grained searches.\n\nFor instance, it is not possible to search all person with names\nstarting with the alphabet \u0027a\u0027\n\nIncluding an option for the use of regular expressions allows the users\nto have finer control over searching.\n\nLets create a predicate that makes use of regular expressions instead of\nsimple word matching.\n","fileTypesAndContributionMap":{"functional-code":{"insertions":20,"deletions":10}}},{"hash":"2d792728af4c7c5ad3388879c6ea2e1653687c9a","messageTitle":"Add NameContainsPatternPredicateTest.java","messageBody":"","fileTypesAndContributionMap":{"test-code":{"insertions":73,"deletions":0}}},{"hash":"ffede6b94712e003882edd537b29c6f5012d97ca","messageTitle":"Fix checkstyle","messageBody":"","fileTypesAndContributionMap":{"functional-code":{"insertions":8,"deletions":6},"test-code":{"insertions":16,"deletions":18}}},{"hash":"6a5e294c58d620dff5709fefae60b6ed3d588cbb","messageTitle":"Add exception handling for regex","messageBody":"","fileTypesAndContributionMap":{"functional-code":{"insertions":15,"deletions":4}}},{"hash":"c52a991783e26f2e2de142d5efed0bce1161f3a4","messageTitle":"Fix checkstyle","messageBody":"","fileTypesAndContributionMap":{"functional-code":{"insertions":1,"deletions":2}}}]},{"date":"2021-03-10","commitResults":[{"hash":"fc854c272478b3259cf84e40c52196bc3baf295c","messageTitle":"Fix typo and Add tests","messageBody":"","fileTypesAndContributionMap":{"functional-code":{"insertions":6,"deletions":4},"test-code":{"insertions":8,"deletions":0}}},{"hash":"67fb79c0a3f921c6103457504e6f3370dfb26c38","messageTitle":"Fix consistency issues","messageBody":"","fileTypesAndContributionMap":{"functional-code":{"insertions":11,"deletions":12},"test-code":{"insertions":1,"deletions":1}}},{"hash":"fa8aa251f30aa75fb9fe3ae6d3e561623695b680","messageTitle":"Fix consistency issues","messageBody":"","fileTypesAndContributionMap":{"functional-code":{"insertions":5,"deletions":5}}}]},{"date":"2021-03-12","commitResults":[{"hash":"77558448c0aff10d488f8f8242915a85ccde7208","messageTitle":"Add Theme tests","messageBody":"","fileTypesAndContributionMap":{"functional-code":{"insertions":22,"deletions":11},"test-code":{"insertions":64,"deletions":0}}},{"hash":"c30ba2c254bbf03d489393d9c574065c728df2ae","messageTitle":"Add ThemeFactory tests","messageBody":"","fileTypesAndContributionMap":{"test-code":{"insertions":143,"deletions":0}}},{"hash":"e78ae026997057291de0725e44a80841146ac7e1","messageTitle":"Add ThemeManager tests","messageBody":"","fileTypesAndContributionMap":{"functional-code":{"insertions":8,"deletions":3},"test-code":{"insertions":437,"deletions":31}}},{"hash":"27d40a1f6559931264b149997a017d3162f31ab9","messageTitle":"Uncomment messagebox stylesheet application","messageBody":"","fileTypesAndContributionMap":{"functional-code":{"insertions":5,"deletions":1}}},{"hash":"000f982e154d942943b65f933800b6c6f2701e71","messageTitle":"Fix checkstyle errors","messageBody":"","fileTypesAndContributionMap":{"docs":{"insertions":139,"deletions":101},"test-code":{"insertions":1,"deletions":1}}},{"hash":"9ac357107a2abb9a80b151751ea7d53765ffa356","messageTitle":"Fix test","messageBody":"","fileTypesAndContributionMap":{"test-code":{"insertions":1,"deletions":0}}}]},{"date":"2021-03-13","commitResults":[{"hash":"31b9af71388ef4694bdd0aa5648e5af1a76900d5","messageTitle":"Remove scene params","messageBody":"","fileTypesAndContributionMap":{"test-code":{"insertions":2,"deletions":1}}},{"hash":"123a5e2f5960af296514eca3e81737a76d8f39e1","messageTitle":"Remove whitespace","messageBody":"","fileTypesAndContributionMap":{"test-code":{"insertions":1,"deletions":1}}},{"hash":"9506042e852fe18d2eedf894e2b0e0f9428371bf","messageTitle":"Remove unused import","messageBody":"","fileTypesAndContributionMap":{"test-code":{"insertions":0,"deletions":1}}},{"hash":"b8c2f0aaf33d2775691bcd6f45a7205ed1ff74f8","messageTitle":"Move root initialization on to a separate line","messageBody":"","fileTypesAndContributionMap":{"test-code":{"insertions":2,"deletions":1}}},{"hash":"e4314b263ed1c86f0d5da72abcd9b8a1142edfcf","messageTitle":"Replace group with VBox","messageBody":"","fileTypesAndContributionMap":{"test-code":{"insertions":3,"deletions":4}}},{"hash":"3d5955fa0e635c1516e82bea1b4b8e63e4d72c4c","messageTitle":"Remove whitespace","messageBody":"","fileTypesAndContributionMap":{"test-code":{"insertions":1,"deletions":1}}},{"hash":"68436402182eee05ef94d1528747f5b2d044f15a","messageTitle":"Refactor ThemeManager to conform to SLAP","messageBody":"","fileTypesAndContributionMap":{"functional-code":{"insertions":57,"deletions":30},"test-code":{"insertions":18,"deletions":16}}},{"hash":"47b24394ff9dae73a11c0377107f8cf85185f3d4","messageTitle":"Modify ThemeManager tests","messageBody":"","fileTypesAndContributionMap":{"functional-code":{"insertions":20,"deletions":23},"test-code":{"insertions":15,"deletions":22}}},{"hash":"c2826491c7bd8b6b015349fbd43205ed19001c3b","messageTitle":"Remove file:/// prefix for cssCacheUri","messageBody":"","fileTypesAndContributionMap":{"functional-code":{"insertions":3,"deletions":3},"test-code":{"insertions":1,"deletions":2}}}]},{"date":"2021-03-14","commitResults":[{"hash":"c835e9437dfab8515d725d341955cc35fc7ec417","messageTitle":"Fix coding convention errors","messageBody":"","fileTypesAndContributionMap":{"functional-code":{"insertions":8,"deletions":8},"test-code":{"insertions":2,"deletions":3}}},{"hash":"bf8183fda140d0a554693312dea02029abfb8213","messageTitle":"Fix checkstyle errors","messageBody":"","fileTypesAndContributionMap":{"functional-code":{"insertions":1,"deletions":1},"docs":{"insertions":1,"deletions":1}}}]}],"ivantjh":[{"date":"2021-02-22","commitResults":[{"hash":"5002347361b18e54960eb974d4480359ca285734","messageTitle":"Update README.md","messageBody":"","fileTypesAndContributionMap":{"docs":{"insertions":3,"deletions":11}}},{"hash":"1bd2adbab4a2e641d08a03c90f1ecc6f6d5e3cdc","messageTitle":"Change name of app to FriendDex","messageBody":"","fileTypesAndContributionMap":{"docs":{"insertions":18,"deletions":18}}},{"hash":"a257db5609838018fac07b7a18a745fe3d81ad26","messageTitle":"Add profile pic and record meeting instructions to README.md","messageBody":"","fileTypesAndContributionMap":{"docs":{"insertions":21,"deletions":0}}},{"hash":"441598f922b6b038c91862700ba7b20401fae7cb","messageTitle":"Update Command Summary","messageBody":"","fileTypesAndContributionMap":{"docs":{"insertions":5,"deletions":3}}}]},{"date":"2021-02-25","commitResults":[{"hash":"559279bf0c72cc6b33727a16cafb1e2c0fd78b23","messageTitle":"Update AboutUs for Ivan","messageBody":"","fileTypesAndContributionMap":{"docs":{"insertions":10,"deletions":0}}},{"hash":"e6debcbb8480f69df5b5c1a993c6ee36ae862c24","messageTitle":"Change file format for Lin Lue pic","messageBody":"","fileTypesAndContributionMap":{"docs":{"insertions":1,"deletions":1}}}]},{"date":"2021-02-28","commitResults":[{"hash":"d185cc096df5a63ee46fc283fe831575893eca03","messageTitle":"Fix file names for images","messageBody":"","fileTypesAndContributionMap":{"docs":{"insertions":2,"deletions":2}}}]},{"date":"2021-03-02","commitResults":[{"hash":"17f12762bc3305e56f92e285bee76648cee87f3d","messageTitle":"Change AddressBook to FriendDex for docs","messageBody":"","fileTypesAndContributionMap":{"docs":{"insertions":5,"deletions":7}}}]},{"date":"2021-03-07","commitResults":[{"hash":"844c815d46c6801f45e4df158b0620b2be9e7c81","messageTitle":"Add Meeting class","messageBody":"","fileTypesAndContributionMap":{"functional-code":{"insertions":56,"deletions":0}}},{"hash":"b7d398f3bfdd6f80d4aa40a2ee982673db7ec4af","messageTitle":"Add meetings to Person","messageBody":"","fileTypesAndContributionMap":{"functional-code":{"insertions":45,"deletions":1}}},{"hash":"ebc6795cd7fb8387b2586ba36fb7741d07ac8460","messageTitle":"Add base MeetingCommand","messageBody":"","fileTypesAndContributionMap":{"functional-code":{"insertions":53,"deletions":0}}},{"hash":"61a8095157f25bc1274f89ee6a8566c690a5edfa","messageTitle":"Update cmd arguments in ug","messageBody":"","fileTypesAndContributionMap":{"functional-code":{"insertions":2,"deletions":2},"docs":{"insertions":2,"deletions":1}}}]},{"date":"2021-03-08","commitResults":[{"hash":"a9012263ef29c9b052b1546d6454d8217aa623b0","messageTitle":"Rename AddressBookParser to InputParser","messageBody":"","fileTypesAndContributionMap":{"functional-code":{"insertions":59,"deletions":14},"other":{"insertions":11,"deletions":7}}},{"hash":"ecc5def6d941d54af5b604ce3bb88acf6f4552ec","messageTitle":"Implement parser for AddMeetingCmd","messageBody":"","fileTypesAndContributionMap":{"functional-code":{"insertions":37,"deletions":11}}},{"hash":"e3a7c8fb74b110e45417783b1ae9cc6c74f1b193","messageTitle":"Implement execute for AddMeetingCommand","messageBody":"","fileTypesAndContributionMap":{"functional-code":{"insertions":64,"deletions":10}}},{"hash":"314a5e1c76ba91f75b482b4266ef49bfa1ad2fce","messageTitle":"Link added meetings to UI","messageBody":"","fileTypesAndContributionMap":{"functional-code":{"insertions":42,"deletions":43},"test-code":{"insertions":8,"deletions":1}}},{"hash":"e9a3932d64337a1ec475ec8d7d4f741c03de03d6","messageTitle":"Add DateUtil","messageBody":"","fileTypesAndContributionMap":{"functional-code":{"insertions":40,"deletions":20}}},{"hash":"223d1683ba62850b8bc666316eee91b9792bf960","messageTitle":"Add TimeUtil","messageBody":"","fileTypesAndContributionMap":{"functional-code":{"insertions":41,"deletions":20}}},{"hash":"2072c32913c1f4b62aa46abcb81726a5217ef5c7","messageTitle":"Fix output formats for datetime","messageBody":"","fileTypesAndContributionMap":{"functional-code":{"insertions":17,"deletions":2}}},{"hash":"272615f3bf21fc049274c0a3fcbda63a3e26f82a","messageTitle":"Enable storage of meetings","messageBody":"","fileTypesAndContributionMap":{"functional-code":{"insertions":56,"deletions":7},"test-code":{"insertions":21,"deletions":14}}},{"hash":"247405174fcebd9d811f0a097bed3fa4ee9c12f9","messageTitle":"Fix checkstyle","messageBody":"","fileTypesAndContributionMap":{"functional-code":{"insertions":39,"deletions":10}}},{"hash":"7f0c905709961f8107f292d9a39ba0ee743ce795","messageTitle":"Rephase comment in PersonCard","messageBody":"","fileTypesAndContributionMap":{"functional-code":{"insertions":1,"deletions":2}}}]},{"date":"2021-03-10","commitResults":[{"hash":"504d462b94f4dc71525dbde2822086d6b04a09cb","messageTitle":"Fix error messages for Date and Time parsing","messageBody":"","fileTypesAndContributionMap":{"functional-code":{"insertions":31,"deletions":12}}},{"hash":"b8f4f059631cd5053f72d63d0abf7885c3d8c1a6","messageTitle":"Fix checkstyle","messageBody":"","fileTypesAndContributionMap":{"functional-code":{"insertions":0,"deletions":2}}}]},{"date":"2021-03-14","commitResults":[{"hash":"65d7d6e272650509d2614783c0e1b8cbdc4424ea","messageTitle":"Add delete meeting cmd","messageBody":"","fileTypesAndContributionMap":{"functional-code":{"insertions":91,"deletions":0}}},{"hash":"bd63be273510c315cdf759403d8d5f5fe1a0b4c2","messageTitle":"Add DeleteMeetingCommandParser and link to UI","messageBody":"","fileTypesAndContributionMap":{"functional-code":{"insertions":48,"deletions":4},"other":{"insertions":1,"deletions":1}}},{"hash":"6e841ed0e8dd40e6bf3d5b2a0d365572e7e8cf1c","messageTitle":"Line break after every meeting and date in UI","messageBody":"","fileTypesAndContributionMap":{"functional-code":{"insertions":6,"deletions":5}}},{"hash":"d1c737ef91de400213ed539d35309a7420055275","messageTitle":"Fix checkstyle","messageBody":"","fileTypesAndContributionMap":{"functional-code":{"insertions":2,"deletions":2}}},{"hash":"ff50bf2c3bbd6129cecc555e2f9dca2688a3176b","messageTitle":"Add picture parser and command","messageBody":"","fileTypesAndContributionMap":{"functional-code":{"insertions":100,"deletions":0},"docs":{"insertions":2,"deletions":1}}},{"hash":"1f60f2d5ff5fab4d496c29434a67395b44169a54","messageTitle":"Add validations for filepath","messageBody":"","fileTypesAndContributionMap":{"functional-code":{"insertions":22,"deletions":3}}},{"hash":"1b8ba2600e66a0d540eadc988cd11f82e3c9c50c","messageTitle":"Add picture storage manager","messageBody":"","fileTypesAndContributionMap":{"functional-code":{"insertions":61,"deletions":3}}},{"hash":"0c53f8021d8774b9fe487dcb4bfef113e2bba3ad","messageTitle":"Save picture dir path to userPref","messageBody":"","fileTypesAndContributionMap":{"functional-code":{"insertions":28,"deletions":4}}},{"hash":"b54edce434331883e3eadc62d0b04a4f7697a022","messageTitle":"Refactor Person and complete AddPictureCommand","messageBody":"","fileTypesAndContributionMap":{"functional-code":{"insertions":83,"deletions":28}}},{"hash":"7ea7b0e0b5928499000d41ef364f9db55b0f3a67","messageTitle":"Implement JsonAdaptedPicture","messageBody":"","fileTypesAndContributionMap":{"functional-code":{"insertions":62,"deletions":6}}},{"hash":"9ee2137fbed0ec97fe84defc65457d4d4c10bdac","messageTitle":"Store Picture data under Person","messageBody":"","fileTypesAndContributionMap":{"functional-code":{"insertions":46,"deletions":24},"test-code":{"insertions":25,"deletions":24}}},{"hash":"92936a0249f742cd83228cfdb3123ab269c017e6","messageTitle":"Display image on UI","messageBody":"","fileTypesAndContributionMap":{"functional-code":{"insertions":32,"deletions":0}}},{"hash":"f68460b7efab722a0f7e29b5eb9fe04424989fa3","messageTitle":"Finalise alignment for pic","messageBody":"","fileTypesAndContributionMap":{"functional-code":{"insertions":1,"deletions":1}}},{"hash":"b1ac72bc7f2c040eda15f8f0bd7db012e4b01465","messageTitle":"Update user guide","messageBody":"","fileTypesAndContributionMap":{"docs":{"insertions":1,"deletions":1}}},{"hash":"708410547a2726a9cbc7ae3203413adb7753a2ec","messageTitle":"Refactor validation for filePath","messageBody":"","fileTypesAndContributionMap":{"functional-code":{"insertions":63,"deletions":75}}}]},{"date":"2021-03-15","commitResults":[{"hash":"6e6201d5f049ca6771b97c55a558328dc7883180","messageTitle":"Fix tests","messageBody":"","fileTypesAndContributionMap":{"functional-code":{"insertions":2,"deletions":1},"test-code":{"insertions":45,"deletions":22}}},{"hash":"4c1c66b084fcc13871af5d8c16b8962a57b90f2d","messageTitle":"Fix checkstyle","messageBody":"","fileTypesAndContributionMap":{"functional-code":{"insertions":1,"deletions":1}}},{"hash":"d0188311c59fe64917437d47eecea33a9ee35126","messageTitle":"Return optional for getPicture","messageBody":"","fileTypesAndContributionMap":{"functional-code":{"insertions":13,"deletions":13},"test-code":{"insertions":1,"deletions":1}}},{"hash":"0f16e0cbee4b51407d12338d1718af2506ce3c91","messageTitle":"Fix checkstyle","messageBody":"","fileTypesAndContributionMap":{"functional-code":{"insertions":15,"deletions":14}}},{"hash":"c4658913e10e1c91d06f1a90e7d587acfbb380c1","messageTitle":"Use UUIDs for filenames","messageBody":"","fileTypesAndContributionMap":{"functional-code":{"insertions":33,"deletions":10}}},{"hash":"387f8cde3778a215f2f121da22404a30d0be7fac","messageTitle":"Fix checkstyle","messageBody":"","fileTypesAndContributionMap":{"functional-code":{"insertions":24,"deletions":15}}},{"hash":"c8bd15c6f1c8e842c03e07ec585bebed32c40dd9","messageTitle":"Fix checkstyle for test","messageBody":"","fileTypesAndContributionMap":{"test-code":{"insertions":4,"deletions":5}}},{"hash":"92ac4f1453c35eca1841e46f2fb5d0e647bb212c","messageTitle":"Rename setters to start with \u0027with\u0027","messageBody":"","fileTypesAndContributionMap":{"functional-code":{"insertions":15,"deletions":10}}},{"hash":"dac95a8e99948ee43592f20f9594092f932b119f","messageTitle":"Allow user to change picture even if old picture cannot be deleted","messageBody":"","fileTypesAndContributionMap":{"functional-code":{"insertions":3,"deletions":3}}},{"hash":"a1eaefa47a112650ba5e39b268cab118ba4cb822","messageTitle":"Log message if file cannot be deleted","messageBody":"","fileTypesAndContributionMap":{"functional-code":{"insertions":8,"deletions":6}}}]}],"chesterhow":[{"date":"2021-02-23","commitResults":[{"hash":"44aedcf972c7e29ce08cd28331455ed7cc264b3a","messageTitle":"Add personal particulars to About Us page","messageBody":"","fileTypesAndContributionMap":{"docs":{"insertions":14,"deletions":13}}},{"hash":"42233f1a3819436f2f91dfb98ca00e70e6269b0a","messageTitle":"Undo autoformatter changes","messageBody":"","fileTypesAndContributionMap":{"docs":{"insertions":10,"deletions":10}}},{"hash":"cdd97b8486706e0253d1daa63ef7feb7ee243661","messageTitle":"Add personal particulars to About Us page","messageBody":"","fileTypesAndContributionMap":{"docs":{"insertions":10,"deletions":0}}}]},{"date":"2021-02-24","commitResults":[{"hash":"5dc14edd231c7b86c324bcbaff759ed2178fb475","messageTitle":"Fix checkstyle errors","messageBody":"","fileTypesAndContributionMap":{"docs":{"insertions":1,"deletions":1}}},{"hash":"c0f7b92e3392fe44d95fcd90db7726bed1dbb9aa","messageTitle":"Document special dates and dashboard in user guide","messageBody":"","fileTypesAndContributionMap":{"docs":{"insertions":21,"deletions":5}}}]},{"date":"2021-03-09","commitResults":[{"hash":"a81a958f6a5c8820e7b1837895d5977b2546cd56","messageTitle":"Create DateCommand class","messageBody":"","fileTypesAndContributionMap":{"functional-code":{"insertions":18,"deletions":9}}},{"hash":"3070573f9a6299c5312b73d84d5d0298bad81ab1","messageTitle":"Parse date command arguments","messageBody":"","fileTypesAndContributionMap":{"functional-code":{"insertions":191,"deletions":23}}},{"hash":"2de9a8dfcd9b16b0d4e9fc279174ee62c8d2dd5c","messageTitle":"Update UI to reflect dates","messageBody":"","fileTypesAndContributionMap":{"functional-code":{"insertions":45,"deletions":7}}},{"hash":"d997bef9e1841fd8c188fa0694798370adf6803a","messageTitle":"Fix checkstyle main problems","messageBody":"","fileTypesAndContributionMap":{"functional-code":{"insertions":71,"deletions":15}}}]},{"date":"2021-03-10","commitResults":[{"hash":"08d33e8f4a2eff05255f40c76494008c6ae2ffd0","messageTitle":"Fix affected tests","messageBody":"","fileTypesAndContributionMap":{"test-code":{"insertions":23,"deletions":10}}}]},{"date":"2021-03-11","commitResults":[{"hash":"a972d2a83d4b5350dcd50c16e4a49594d079c478","messageTitle":"Refactor usages of Meeting class to use Event class instead","messageBody":"","fileTypesAndContributionMap":{"functional-code":{"insertions":109,"deletions":154},"test-code":{"insertions":3,"deletions":4}}}]},{"date":"2021-03-12","commitResults":[{"hash":"bb917232e0dc9377de5356f020646b93354343bb","messageTitle":"Fix change requests","messageBody":"","fileTypesAndContributionMap":{"functional-code":{"insertions":11,"deletions":15}}}]},{"date":"2021-03-13","commitResults":[{"hash":"bf30827acacafb6ae8a729cb7232d1c24a804041","messageTitle":"Add functionality for deleting dates","messageBody":"","fileTypesAndContributionMap":{"functional-code":{"insertions":136,"deletions":3},"other":{"insertions":13,"deletions":13}}}]},{"date":"2021-03-14","commitResults":[{"hash":"671d200137ffc6cf01a86487a45915e765cb021f","messageTitle":"Fix change requests","messageBody":"","fileTypesAndContributionMap":{"functional-code":{"insertions":4,"deletions":4}}}]}]},"authorFileTypeContributionMap":{"Assyarul":{"docs":166,"functional-code":886,"test-code":498},"lue97":{"docs":138,"functional-code":496,"test-code":694},"ivantjh":{"docs":52,"functional-code":914,"test-code":63},"chesterhow":{"docs":26,"functional-code":475,"test-code":8}},"authorContributionVariance":{"Assyarul":43345.45,"lue97":228876.8,"ivantjh":41160.92,"chesterhow":8492.069},"authorDisplayNameMap":{"Assyarul":"CS2103T-W14-1 MUHA..OMAR","lue97":"CS2103T-W14-1 LIN .. LUE","ivantjh":"CS2103T-W14-1 TAN ..IVAN","chesterhow":"CS2103T-W14-1 HOW ..STER"}}
