{"authorDailyContributionsMap":{"Jacob-Pang":[{"date":"2021-02-28","commitResults":[{"hash":"2deb4c45c1496d633bb5807dd99ba3e44b9df2b9","messageTitle":"Update-Docs: Individual Docs","messageBody":"","fileTypesAndContributionMap":{"docs":{"insertions":24,"deletions":4}}},{"hash":"1a4bc8ede0429b23fe867fe68c6ead19df7a18ca","messageTitle":"Update-Docs","messageBody":"","fileTypesAndContributionMap":{"docs":{"insertions":2,"deletions":2}}},{"hash":"22ecd42b7e15fb16a4eb0500a40939a2246c7e82","messageTitle":"Update-UserGuide","messageBody":"","fileTypesAndContributionMap":{"docs":{"insertions":57,"deletions":9}}},{"hash":"605fd7546ea12cbd148a513490d2f2cbff1a83d9","messageTitle":"Update-Docs: Individual Docs","messageBody":"","fileTypesAndContributionMap":{"docs":{"insertions":20,"deletions":0}}},{"hash":"3ed7e67d46fba6a270db476bb520cc17a86565de","messageTitle":"Update-Docs: Individual Docs","messageBody":"","fileTypesAndContributionMap":{"docs":{"insertions":3,"deletions":3}}},{"hash":"a24b46e43c714c43837f54bb4b8878079bde002c","messageTitle":"Update-UserGuide","messageBody":"","fileTypesAndContributionMap":{"docs":{"insertions":21,"deletions":1}}},{"hash":"f54ff9c748349d1f1e7105ded759ff97c6e91ad1","messageTitle":"Update-UserGuide","messageBody":"","fileTypesAndContributionMap":{"docs":{"insertions":0,"deletions":20}}},{"hash":"58910b107326b16148ae777a3a0e17c2f6112044","messageTitle":"Update-Developer-Guide: User Stories","messageBody":"","fileTypesAndContributionMap":{"docs":{"insertions":10,"deletions":1}}},{"hash":"73bd778677db93723d35522ff7b879b50970903d","messageTitle":"Update-Developer-Guide: User Stories","messageBody":"","fileTypesAndContributionMap":{"docs":{"insertions":11,"deletions":7}}},{"hash":"dbc17e1f475bd959ffeed47816d5457432b69304","messageTitle":"Update-Developer-Guide: Use Cases","messageBody":"","fileTypesAndContributionMap":{"docs":{"insertions":106,"deletions":0}}}]},{"date":"2021-03-01","commitResults":[{"hash":"28339324920ade848988759dfb9edea3199c1949","messageTitle":"Update-Developer-Guide: Use Cases","messageBody":"","fileTypesAndContributionMap":{"docs":{"insertions":41,"deletions":54}}},{"hash":"f1b77c636cd6bff2f3bf7ed2dbaecbf0b609a1d2","messageTitle":"Update-Developer-Guide: Use Cases","messageBody":"","fileTypesAndContributionMap":{"docs":{"insertions":5,"deletions":4}}}]},{"date":"2021-03-08","commitResults":[{"hash":"7dd968f2fbdad2daef1ed0ee880e9b0a14ba8158","messageTitle":"Append-AppointmentClass","messageBody":"","fileTypesAndContributionMap":{"functional-code":{"insertions":441,"deletions":0}}},{"hash":"8042044221c18a75607e114f06dfb2f06a8a68a3","messageTitle":"Append-Appointment-Class","messageBody":"","fileTypesAndContributionMap":{"functional-code":{"insertions":4,"deletions":3}}},{"hash":"a86890432ec6db4174fa2c6b84a26f90ee2f16eb","messageTitle":"Append-Appointment-Class","messageBody":"","fileTypesAndContributionMap":{"functional-code":{"insertions":553,"deletions":32},"docs":{"insertions":2,"deletions":2},"test-code":{"insertions":3,"deletions":3}}},{"hash":"d88c8b1c6723288d5d3ab2dfbf08610993df8fff","messageTitle":"Append-Appointment-Class","messageBody":"","fileTypesAndContributionMap":{"functional-code":{"insertions":36,"deletions":12},"test-code":{"insertions":15,"deletions":5}}}]},{"date":"2021-03-09","commitResults":[{"hash":"dee3283eb3fd67e0a33e275a836d86ab1f527f07","messageTitle":"Amended-Names","messageBody":"","fileTypesAndContributionMap":{"functional-code":{"insertions":3,"deletions":3},"other":{"insertions":7,"deletions":7},"test-code":{"insertions":2,"deletions":2}}},{"hash":"56f87c0cf3b50e02834c3a9931433665a368606d","messageTitle":"Fixed-Checkstyle","messageBody":"","fileTypesAndContributionMap":{"functional-code":{"insertions":2,"deletions":1}}},{"hash":"22cefb7bcc9f321e2066821db4090ba6f825864e","messageTitle":"Fixed-Checkstsyle-Yetagain","messageBody":"","fileTypesAndContributionMap":{"functional-code":{"insertions":1,"deletions":1}}}]},{"date":"2021-03-10","commitResults":[{"hash":"20f9b67eea9a801fd7e098c477a4a7f9ad4a9edb","messageTitle":"Integrate-Appointment-Class: Into Model \u0026 Logic","messageBody":"","fileTypesAndContributionMap":{"functional-code":{"insertions":242,"deletions":33},"other":{"insertions":3,"deletions":3},"test-code":{"insertions":7,"deletions":5}}},{"hash":"b5037336efb050a544382b3004c1aececa8d8cc5","messageTitle":"Integrate-Appointment-Class: Included Test Classes","messageBody":"","fileTypesAndContributionMap":{"test-code":{"insertions":278,"deletions":19}}}]},{"date":"2021-03-12","commitResults":[{"hash":"ad091853f58bb209896d1a527c040864bb03b7e6","messageTitle":"Add-Appointment-Command: Command, Parser Classes","messageBody":"","fileTypesAndContributionMap":{"functional-code":{"insertions":287,"deletions":18},"other":{"insertions":24,"deletions":22},"test-code":{"insertions":27,"deletions":27}}},{"hash":"930d9bf7d2c14594a7e5fa0dc2a428c7d3c5b902","messageTitle":"Add-Appointment-Command: Amended ParserUtil","messageBody":"","fileTypesAndContributionMap":{"functional-code":{"insertions":4,"deletions":1}}}]}],"kwmiw":[{"date":"2021-02-28","commitResults":[{"hash":"c148a048c006dcf94450125f8083196e03d1cda4","messageTitle":"Docs: Update AboutUs -\u003e Issue #7","messageBody":"","fileTypesAndContributionMap":{"docs":{"insertions":5,"deletions":5}}}]}],"onnwards":[{"date":"2021-02-27","commitResults":[{"hash":"eb79dfa0587c940fa07c949f023baab109469ae5","messageTitle":"update build status badge, update readme content","messageBody":"","fileTypesAndContributionMap":{"docs":{"insertions":4,"deletions":11}}},{"hash":"9431f05d2d8ed74a9e3f356e603173154f03b01b","messageTitle":"update About Us page with personal details","messageBody":"","fileTypesAndContributionMap":{"docs":{"insertions":42,"deletions":18}}},{"hash":"e9b81325c275cf7cb4b35657449fb1e541feee1c","messageTitle":"update links, remove placeholder in DeveloperGuide","messageBody":"","fileTypesAndContributionMap":{"docs":{"insertions":20,"deletions":43}}},{"hash":"68a835b5ca896dba04db4d56db75c2665fea64af","messageTitle":"modify data json filepath","messageBody":"","fileTypesAndContributionMap":{"functional-code":{"insertions":1,"deletions":1},"test-code":{"insertions":1,"deletions":1}}},{"hash":"cbadc1ea2c70fde0c7297a664f6416f43a042d40","messageTitle":"remove placeholders, add template to UserGuide","messageBody":"","fileTypesAndContributionMap":{"docs":{"insertions":26,"deletions":91}}},{"hash":"68c1ae3ab9b01817e8434aeaab29ccb1f215ab5e","messageTitle":"modified all mentions of addressbook.json","messageBody":"","fileTypesAndContributionMap":{"docs":{"insertions":1,"deletions":1},"test-code":{"insertions":2,"deletions":2}}}]},{"date":"2021-02-28","commitResults":[{"hash":"2e54cdc81b107e0de8a3aad0decdb51143363093","messageTitle":"modify badges and text on /docs/index.md","messageBody":"","fileTypesAndContributionMap":{"docs":{"insertions":6,"deletions":5}}},{"hash":"da600bc85f3d4bdf332ac160469f34ef8708c39a","messageTitle":"add command summary to UserGuide","messageBody":"","fileTypesAndContributionMap":{"docs":{"insertions":17,"deletions":8}}},{"hash":"02710123954b46e7d03a5aa2b1e959acb6c3c487","messageTitle":"fix style in UserGuide","messageBody":"","fileTypesAndContributionMap":{"docs":{"insertions":1,"deletions":0}}},{"hash":"e6c4b0a5a522545fd7da86d4446698330df38bc7","messageTitle":"add user profile and value proposition","messageBody":"","fileTypesAndContributionMap":{"docs":{"insertions":9,"deletions":3}}}]},{"date":"2021-03-01","commitResults":[{"hash":"6db056d3dd554d24cc62fa68e77b7fffe559a5fd","messageTitle":"add NFR and Glossary to DeveloperGuide","messageBody":"","fileTypesAndContributionMap":{"docs":{"insertions":16,"deletions":7}}}]},{"date":"2021-03-02","commitResults":[{"hash":"e7686ce9d3752dd9d7c7e7965afaa109f5ddd0ce","messageTitle":"update kymie details to fit required format","messageBody":"","tags":["v1.1"],"fileTypesAndContributionMap":{"docs":{"insertions":1,"deletions":1}}}]},{"date":"2021-03-09","commitResults":[{"hash":"d86a528c12d2aa67865fb07fab9f4e0644fe54b7","messageTitle":"update checkstyle to match module coding standard","messageBody":"","fileTypesAndContributionMap":{"other":{"insertions":3,"deletions":3}}}]},{"date":"2021-03-10","commitResults":[{"hash":"463904f0cf9c84ef23e886c532858f9d99be393c","messageTitle":"update variable naming to satisfy checkstyle","messageBody":"","fileTypesAndContributionMap":{"functional-code":{"insertions":40,"deletions":40},"docs":{"insertions":1,"deletions":1}}},{"hash":"838d61dd6c9530dbf704c18ddc62c78da0319e1b","messageTitle":"add doctor and patient classes","messageBody":"","fileTypesAndContributionMap":{"functional-code":{"insertions":256,"deletions":0}}},{"hash":"a407d38d153a8bd72e6a83a7d03a417b0f2c9c3a","messageTitle":"modify mainwindow to display doctor and patient","messageBody":"","fileTypesAndContributionMap":{"functional-code":{"insertions":14,"deletions":0}}},{"hash":"d88cebf29e173acf59881711036e2434975c2259","messageTitle":"decouple appointment GUI from patient and doctor","messageBody":"","fileTypesAndContributionMap":{"functional-code":{"insertions":55,"deletions":55},"other":{"insertions":117,"deletions":19}}},{"hash":"0a6883925339c03b5ecf7a9ff45bce748ec4c13f","messageTitle":"decouple doctor, make placeholder in GUI","messageBody":"","fileTypesAndContributionMap":{"functional-code":{"insertions":46,"deletions":14}}},{"hash":"c6ece285200246bf5b6bd95642d66472eb7884ea","messageTitle":"fix checkstyle","messageBody":"","fileTypesAndContributionMap":{"functional-code":{"insertions":3,"deletions":5}}},{"hash":"0638c58fde212fd09ad2f4ec60044d25e1ed0371","messageTitle":"add tests","messageBody":"","fileTypesAndContributionMap":{"test-code":{"insertions":5,"deletions":0}}},{"hash":"4f5fb14c7661025bdc8c3d1f019a8b8993028d10","messageTitle":"Delete AppointmentSchedule.json","messageBody":"","fileTypesAndContributionMap":{"other":{"insertions":0,"deletions":101}}}]},{"date":"2021-03-15","commitResults":[{"hash":"388754443f6c96eb839f19b8a61f4c0c480148d5","messageTitle":"refactor list and clear command","messageBody":"","fileTypesAndContributionMap":{"functional-code":{"insertions":6,"deletions":6},"other":{"insertions":8,"deletions":8},"test-code":{"insertions":10,"deletions":10}}},{"hash":"f9d67316252e184cd108c1d8411af738507f5be3","messageTitle":"modify list and clear patient command words","messageBody":"","fileTypesAndContributionMap":{"functional-code":{"insertions":4,"deletions":5}}}]},{"date":"2021-03-16","commitResults":[{"hash":"7a02a9594656914841a941897418c8106ee98632","messageTitle":"add clear and list appointment commands","messageBody":"","fileTypesAndContributionMap":{"functional-code":{"insertions":46,"deletions":0}}},{"hash":"bab12ee7c2396b43a53a3a2cd80a685eeedc45f3","messageTitle":"update documentation for ListPatientCommandTest","messageBody":"","fileTypesAndContributionMap":{"test-code":{"insertions":1,"deletions":1}}},{"hash":"d1104910ea894a0c634e0ce034beaa48dd19956e","messageTitle":"add typical doctors, timeslots, appointments","messageBody":"","fileTypesAndContributionMap":{"test-code":{"insertions":64,"deletions":1}}},{"hash":"44dc9af9061113f589dc8bc99a78c7d51a45f0e0","messageTitle":"add predicate to show specific appointment in test","messageBody":"","fileTypesAndContributionMap":{"functional-code":{"insertions":32,"deletions":0},"test-code":{"insertions":16,"deletions":0}}},{"hash":"2a10a37c59fabea7fbb68c9a924645e47d9bf8e4","messageTitle":"update files to use getTypicalAppointmentSchedule","messageBody":"","fileTypesAndContributionMap":{"test-code":{"insertions":24,"deletions":25}}},{"hash":"e65b7553c70988b782e8cb7d1a95d26c11fddcb1","messageTitle":"add list appointment command tests","messageBody":"","fileTypesAndContributionMap":{"test-code":{"insertions":44,"deletions":0}}},{"hash":"f9284d8acc2395eddd522fd687bac2918b500da9","messageTitle":"add clear appointment command tests","messageBody":"","fileTypesAndContributionMap":{"test-code":{"insertions":37,"deletions":0}}},{"hash":"83c7eb37dde0bdec5df8947582b997adb8dd31d9","messageTitle":"add list and clear commands into UserInputParser","messageBody":"","fileTypesAndContributionMap":{"functional-code":{"insertions":11,"deletions":0}}},{"hash":"1256dff5fc067613a23da2c15989f069bfe48c7b","messageTitle":"update javadocs to match command","messageBody":"","fileTypesAndContributionMap":{"functional-code":{"insertions":2,"deletions":2}}},{"hash":"0678fcc85bdfee825c25df4da0ab5600396347e6","messageTitle":"Update UserInputParser.java","messageBody":"","fileTypesAndContributionMap":{"functional-code":{"insertions":2,"deletions":2}}},{"hash":"b9403da0d67ef27aceb1c580ad29a8aaff14d12d","messageTitle":"Update UserInputParserTest.java","messageBody":"","fileTypesAndContributionMap":{"test-code":{"insertions":1,"deletions":1}}}]},{"date":"2021-03-17","commitResults":[{"hash":"776d832ff320f79bbcb566017bcc72c2cd8a7361","messageTitle":"fix hasConflict checking old version of itself","messageBody":"","fileTypesAndContributionMap":{"functional-code":{"insertions":34,"deletions":5},"test-code":{"insertions":5,"deletions":0}}}]}],"pngsebastian":[{"date":"2021-02-28","commitResults":[{"hash":"47f32dec4509dca6d0687a978025991040373eea","messageTitle":"docs: update AboutUs","messageBody":"","fileTypesAndContributionMap":{"docs":{"insertions":26,"deletions":6}}}]},{"date":"2021-03-14","commitResults":[{"hash":"205f8fd5d06d4e31c30890d7aa2997a8bbd8c21b","messageTitle":"refactor: rename DeleteCommand to DeletePatientCommand","messageBody":"","fileTypesAndContributionMap":{"other":{"insertions":19,"deletions":19}}},{"hash":"1fa9173876370637c17cb180bceac5660d3ca200","messageTitle":"refactor: rename DeleteCommandParser to DeletePatientCommandParser","messageBody":"","fileTypesAndContributionMap":{"functional-code":{"insertions":3,"deletions":3},"other":{"insertions":10,"deletions":10},"test-code":{"insertions":4,"deletions":4}}}]},{"date":"2021-03-15","commitResults":[{"hash":"d2325b18b6b8ddd8e0cf962adc5562c17ea2b385","messageTitle":"docs: rename DeleteCommand as DeletePatientCommand","messageBody":"","fileTypesAndContributionMap":{"functional-code":{"insertions":3,"deletions":3}}},{"hash":"ab32d7746c67d996840a199a43d68acf2e7a1ea5","messageTitle":"feat: delete appointment","messageBody":"","fileTypesAndContributionMap":{"functional-code":{"insertions":85,"deletions":11}}},{"hash":"1b0d63ee56591c425fd8e08c895992d4a0712076","messageTitle":"fix: reorder import statements","messageBody":"","fileTypesAndContributionMap":{"functional-code":{"insertions":3,"deletions":2}}},{"hash":"98712fe1cb7d4019350b30b1f81fcb4e4ad9a548","messageTitle":"refactor: rename invalid appointment string","messageBody":"","fileTypesAndContributionMap":{"functional-code":{"insertions":2,"deletions":2}}},{"hash":"e28abbb4353ec15c4cb7eb5787259967700287f8","messageTitle":"fix: replace import statement with single import statements","messageBody":"","fileTypesAndContributionMap":{"functional-code":{"insertions":11,"deletions":1}}},{"hash":"9390acc4d22eb2c9a4b71bc67058e984a0130818","messageTitle":"fix: remove extra separation in import group","messageBody":"","fileTypesAndContributionMap":{"functional-code":{"insertions":0,"deletions":1}}},{"hash":"cb714fbc20dc6d70d9b258f2f257bb51a7cadd6e","messageTitle":"fix: reduce number of characters in a single line","messageBody":"","fileTypesAndContributionMap":{"test-code":{"insertions":2,"deletions":1}}},{"hash":"7610a993299c1a7c79be2563f0861394f149ac60","messageTitle":"fix: replace delete with delete-patient in test case","messageBody":"","fileTypesAndContributionMap":{"test-code":{"insertions":2,"deletions":2}}},{"hash":"73353c31f0953fb05ac64df09130ae1990b407e5","messageTitle":"fix: add implementation of Parser\u003cDeleteAppointmentCommand\u003e","messageBody":"","fileTypesAndContributionMap":{"functional-code":{"insertions":1,"deletions":1}}}]}],"icytornado":[{"date":"2021-03-01","commitResults":[{"hash":"cebb6e133cd7e4be284444a7e3f82abee2941e0e","messageTitle":"update AboutUs issue #4","messageBody":"","fileTypesAndContributionMap":{"docs":{"insertions":23,"deletions":49}}},{"hash":"e1ee5991db6963f0f8590f17c4f814e8b104b7e0","messageTitle":"update User Guide","messageBody":"","fileTypesAndContributionMap":{"docs":{"insertions":18,"deletions":0}}},{"hash":"dd289ad13096bdfd512f942c8970fade63e861a1","messageTitle":"add in the johnDoe file previously deleted","messageBody":"","fileTypesAndContributionMap":{"docs":{"insertions":46,"deletions":0}}}]},{"date":"2021-03-13","commitResults":[{"hash":"109b8f46a9af566f87ba1fe9ea7014517bf85d45","messageTitle":"Change EditCommand to EditPatientCommand","messageBody":"","fileTypesAndContributionMap":{"functional-code":{"insertions":9,"deletions":9},"other":{"insertions":50,"deletions":50},"test-code":{"insertions":9,"deletions":9}}},{"hash":"557ec559ef9b2c91af16e3792b7ccbdff0111bdd","messageTitle":"Add in EditAppointmentCommand java file","messageBody":"","fileTypesAndContributionMap":{"functional-code":{"insertions":221,"deletions":1}}},{"hash":"679dc52ed92ae81cfb66d9a744944e7be1efea13","messageTitle":"Change EditCommandParser to EditPatientComandParser","messageBody":"","fileTypesAndContributionMap":{"functional-code":{"insertions":1,"deletions":1},"other":{"insertions":1,"deletions":1},"test-code":{"insertions":1,"deletions":1}}},{"hash":"02e264a70a357aee309d0d6c27db76ae5b5f6dc3","messageTitle":"checkpoint","messageBody":"","fileTypesAndContributionMap":{"functional-code":{"insertions":105,"deletions":21}}},{"hash":"175ab88abcd76c582ae8cc958e9dbe9656e8fdaa","messageTitle":"Fix EditAppointmentCommand class","messageBody":"","fileTypesAndContributionMap":{"functional-code":{"insertions":9,"deletions":9}}}]},{"date":"2021-03-14","commitResults":[{"hash":"9473c088a76653f8c35661fc3a8a62e0dacb1d2e","messageTitle":"Add in EditAppointmentCommandParser class","messageBody":"","fileTypesAndContributionMap":{"functional-code":{"insertions":11,"deletions":13}}},{"hash":"5c0020b3a7fa633406305be28f002be906ec0b8c","messageTitle":"checkPoint","messageBody":"","fileTypesAndContributionMap":{"functional-code":{"insertions":49,"deletions":14}}},{"hash":"a7953fba42ce7d42d1e8643020c08bc920bb7b19","messageTitle":"checkpoint2","messageBody":"","fileTypesAndContributionMap":{"functional-code":{"insertions":2,"deletions":2}}},{"hash":"f00970877d378a9458ab8dd85c79860298829437","messageTitle":"Fixed the classes","messageBody":"","fileTypesAndContributionMap":{"functional-code":{"insertions":10,"deletions":2}}},{"hash":"16ee5691de86694ac07c3c3538b857950b9958b8","messageTitle":"pass CI","messageBody":"","fileTypesAndContributionMap":{"functional-code":{"insertions":1,"deletions":1},"docs":{"insertions":4,"deletions":3}}},{"hash":"e32740382737a75983fe5a5ccc44474cbef4fd52","messageTitle":"pass CI round 2","messageBody":"","fileTypesAndContributionMap":{"functional-code":{"insertions":13,"deletions":14}}},{"hash":"5de90a60fb1ccddea9ddcb2885f9f52fabcc5546","messageTitle":"pass CI round 3","messageBody":"","fileTypesAndContributionMap":{"functional-code":{"insertions":3,"deletions":2}}},{"hash":"29bbadb0cdcb5931d0e4c1bd291b06d2acdf9c3c","messageTitle":"Fix hasEditConflict","messageBody":"","fileTypesAndContributionMap":{"functional-code":{"insertions":1,"deletions":1}}},{"hash":"b8da69febec7ac2edd1ec5f78bd7cef418c68301","messageTitle":"Fix contains","messageBody":"","fileTypesAndContributionMap":{"functional-code":{"insertions":1,"deletions":1}}},{"hash":"4044ec099e5553dfdff76f2dab427c09f918ff14","messageTitle":"reverse change on contains","messageBody":"","fileTypesAndContributionMap":{"functional-code":{"insertions":1,"deletions":1}}},{"hash":"faa8197a29b844634373f3b62221bde8a29d2332","messageTitle":"Add in hasConflictingAppointment, hasEditAppointment, hasEditConflictAppointment, editContains classes","messageBody":"","fileTypesAndContributionMap":{"functional-code":{"insertions":29,"deletions":1}}},{"hash":"a1b3b437dd8b3f6174aa05d75da53da7afb029eb","messageTitle":"Add in hasEditConflictingAppointment class in AddPatientCommandTest","messageBody":"","fileTypesAndContributionMap":{"test-code":{"insertions":5,"deletions":0}}},{"hash":"d840717ebe4f653bc44cebb95c8dc0141ea727be","messageTitle":"update UG for edit-appt command","messageBody":"","fileTypesAndContributionMap":{"docs":{"insertions":36,"deletions":9}}},{"hash":"8b88335cabe12b40f76a8b76a9d3e786464c46ca","messageTitle":"update DG for edit-appt command","messageBody":"","fileTypesAndContributionMap":{"docs":{"insertions":29,"deletions":6}}}]},{"date":"2021-03-15","commitResults":[{"hash":"12ebe52dc7e7185f49f54f21cf858e438feab556","messageTitle":"change command format to include index","messageBody":"","fileTypesAndContributionMap":{"functional-code":{"insertions":32,"deletions":45}}},{"hash":"c3c91bf0a7a69f4658c1e13b6f6570be10a39a3b","messageTitle":"fix hasEditConflict in Appointment class","messageBody":"","fileTypesAndContributionMap":{"functional-code":{"insertions":5,"deletions":4}}}]},{"date":"2021-03-16","commitResults":[{"hash":"8d108038a9f50b107646294dfbc1f56e340d17ed","messageTitle":"Remove duplicate methods","messageBody":"","fileTypesAndContributionMap":{"functional-code":{"insertions":3,"deletions":49},"test-code":{"insertions":0,"deletions":5}}},{"hash":"08bf904b5b9c31172be16c15ccd3afe1015f0eb0","messageTitle":"pass CI","messageBody":"","fileTypesAndContributionMap":{"functional-code":{"insertions":2,"deletions":1}}},{"hash":"8e65bfe36bca300dbd021b1d63aa753a7fc96fae","messageTitle":"change duplicate message to conflict message","messageBody":"","fileTypesAndContributionMap":{"functional-code":{"insertions":2,"deletions":3}}},{"hash":"178ab302f62bd56b835316e67fb67ef86f0b78d2","messageTitle":"Add in missing patient index exception","messageBody":"","fileTypesAndContributionMap":{"functional-code":{"insertions":7,"deletions":3}}},{"hash":"dc95a91b3741d28d75acecaecfa03a753c1c5667","messageTitle":"handle the case when patient index is missing","messageBody":"","fileTypesAndContributionMap":{"functional-code":{"insertions":16,"deletions":10}}}]}]},"authorFileTypeContributionMap":{"Jacob-Pang":{"docs":163,"functional-code":1506,"test-code":308},"kwmiw":{"docs":4,"functional-code":0,"test-code":0},"onnwards":{"docs":109,"functional-code":561,"test-code":211,"other":3},"pngsebastian":{"docs":25,"functional-code":80,"test-code":25},"icytornado":{"docs":95,"functional-code":340,"test-code":52}},"authorContributionVariance":{"Jacob-Pang":59736.625,"kwmiw":3.5665312,"onnwards":25370.67,"pngsebastian":808.02466,"icytornado":11847.871},"authorDisplayNameMap":{"Jacob-Pang":"CS2103-W17-2 PANG..ACOB","kwmiw":"CS2103-W17-2 CHIA..YMIE","onnwards":"CS2103-W17-2 ONN .. SIN","pngsebastian":"CS2103-W17-2 PNG ..TIAN","icytornado":"CS2103-W17-2 ZHAN..PENG"}}
