{"authorDailyContributionsMap":{"Jacob-Pang":[{"date":"2021-02-28","commitResults":[{"hash":"2deb4c45c1496d633bb5807dd99ba3e44b9df2b9","messageTitle":"Update-Docs: Individual Docs","messageBody":"","fileTypesAndContributionMap":{"docs":{"insertions":24,"deletions":4}}},{"hash":"1a4bc8ede0429b23fe867fe68c6ead19df7a18ca","messageTitle":"Update-Docs","messageBody":"","fileTypesAndContributionMap":{"docs":{"insertions":2,"deletions":2}}},{"hash":"22ecd42b7e15fb16a4eb0500a40939a2246c7e82","messageTitle":"Update-UserGuide","messageBody":"","fileTypesAndContributionMap":{"docs":{"insertions":57,"deletions":9}}},{"hash":"605fd7546ea12cbd148a513490d2f2cbff1a83d9","messageTitle":"Update-Docs: Individual Docs","messageBody":"","fileTypesAndContributionMap":{"docs":{"insertions":20,"deletions":0}}},{"hash":"3ed7e67d46fba6a270db476bb520cc17a86565de","messageTitle":"Update-Docs: Individual Docs","messageBody":"","fileTypesAndContributionMap":{"docs":{"insertions":3,"deletions":3}}},{"hash":"a24b46e43c714c43837f54bb4b8878079bde002c","messageTitle":"Update-UserGuide","messageBody":"","fileTypesAndContributionMap":{"docs":{"insertions":21,"deletions":1}}},{"hash":"f54ff9c748349d1f1e7105ded759ff97c6e91ad1","messageTitle":"Update-UserGuide","messageBody":"","fileTypesAndContributionMap":{"docs":{"insertions":0,"deletions":20}}},{"hash":"58910b107326b16148ae777a3a0e17c2f6112044","messageTitle":"Update-Developer-Guide: User Stories","messageBody":"","fileTypesAndContributionMap":{"docs":{"insertions":10,"deletions":1}}},{"hash":"73bd778677db93723d35522ff7b879b50970903d","messageTitle":"Update-Developer-Guide: User Stories","messageBody":"","fileTypesAndContributionMap":{"docs":{"insertions":11,"deletions":7}}},{"hash":"dbc17e1f475bd959ffeed47816d5457432b69304","messageTitle":"Update-Developer-Guide: Use Cases","messageBody":"","fileTypesAndContributionMap":{"docs":{"insertions":106,"deletions":0}}}]},{"date":"2021-03-01","commitResults":[{"hash":"28339324920ade848988759dfb9edea3199c1949","messageTitle":"Update-Developer-Guide: Use Cases","messageBody":"","fileTypesAndContributionMap":{"docs":{"insertions":41,"deletions":54}}},{"hash":"f1b77c636cd6bff2f3bf7ed2dbaecbf0b609a1d2","messageTitle":"Update-Developer-Guide: Use Cases","messageBody":"","fileTypesAndContributionMap":{"docs":{"insertions":5,"deletions":4}}}]}],"kwmiw":[{"date":"2021-02-28","commitResults":[{"hash":"c148a048c006dcf94450125f8083196e03d1cda4","messageTitle":"Docs: Update AboutUs -\u003e Issue #7","messageBody":"","fileTypesAndContributionMap":{"docs":{"insertions":5,"deletions":5}}}]}],"onnwards":[{"date":"2021-02-27","commitResults":[{"hash":"eb79dfa0587c940fa07c949f023baab109469ae5","messageTitle":"update build status badge, update readme content","messageBody":"","fileTypesAndContributionMap":{"docs":{"insertions":4,"deletions":11}}},{"hash":"9431f05d2d8ed74a9e3f356e603173154f03b01b","messageTitle":"update About Us page with personal details","messageBody":"","fileTypesAndContributionMap":{"docs":{"insertions":42,"deletions":18}}},{"hash":"e9b81325c275cf7cb4b35657449fb1e541feee1c","messageTitle":"update links, remove placeholder in DeveloperGuide","messageBody":"","fileTypesAndContributionMap":{"docs":{"insertions":20,"deletions":43}}},{"hash":"68a835b5ca896dba04db4d56db75c2665fea64af","messageTitle":"modify data json filepath","messageBody":"","fileTypesAndContributionMap":{"functional-code":{"insertions":1,"deletions":1},"test-code":{"insertions":1,"deletions":1}}},{"hash":"cbadc1ea2c70fde0c7297a664f6416f43a042d40","messageTitle":"remove placeholders, add template to UserGuide","messageBody":"","fileTypesAndContributionMap":{"docs":{"insertions":26,"deletions":91}}},{"hash":"68c1ae3ab9b01817e8434aeaab29ccb1f215ab5e","messageTitle":"modified all mentions of addressbook.json","messageBody":"","fileTypesAndContributionMap":{"docs":{"insertions":1,"deletions":1},"test-code":{"insertions":2,"deletions":2}}}]},{"date":"2021-02-28","commitResults":[{"hash":"2e54cdc81b107e0de8a3aad0decdb51143363093","messageTitle":"modify badges and text on /docs/index.md","messageBody":"","fileTypesAndContributionMap":{"docs":{"insertions":6,"deletions":5}}},{"hash":"da600bc85f3d4bdf332ac160469f34ef8708c39a","messageTitle":"add command summary to UserGuide","messageBody":"","fileTypesAndContributionMap":{"docs":{"insertions":17,"deletions":8}}},{"hash":"02710123954b46e7d03a5aa2b1e959acb6c3c487","messageTitle":"fix style in UserGuide","messageBody":"","fileTypesAndContributionMap":{"docs":{"insertions":1,"deletions":0}}},{"hash":"e6c4b0a5a522545fd7da86d4446698330df38bc7","messageTitle":"add user profile and value proposition","messageBody":"","fileTypesAndContributionMap":{"docs":{"insertions":9,"deletions":3}}}]},{"date":"2021-03-01","commitResults":[{"hash":"6db056d3dd554d24cc62fa68e77b7fffe559a5fd","messageTitle":"add NFR and Glossary to DeveloperGuide","messageBody":"","fileTypesAndContributionMap":{"docs":{"insertions":16,"deletions":7}}}]},{"date":"2021-03-02","commitResults":[{"hash":"e7686ce9d3752dd9d7c7e7965afaa109f5ddd0ce","messageTitle":"update kymie details to fit required format","messageBody":"","tags":["v1.1"],"fileTypesAndContributionMap":{"docs":{"insertions":1,"deletions":1}}}]}],"pngsebastian":[{"date":"2021-02-28","commitResults":[{"hash":"47f32dec4509dca6d0687a978025991040373eea","messageTitle":"docs: update AboutUs","messageBody":"","fileTypesAndContributionMap":{"docs":{"insertions":26,"deletions":6}}}]}],"icytornado":[{"date":"2021-03-01","commitResults":[{"hash":"cebb6e133cd7e4be284444a7e3f82abee2941e0e","messageTitle":"update AboutUs issue #4","messageBody":"","fileTypesAndContributionMap":{"docs":{"insertions":23,"deletions":49}}},{"hash":"dd289ad13096bdfd512f942c8970fade63e861a1","messageTitle":"add in the johnDoe file previously deleted","messageBody":"","fileTypesAndContributionMap":{"docs":{"insertions":46,"deletions":0}}}]}]},"authorFileTypeContributionMap":{"Jacob-Pang":{"docs":173,"functional-code":0,"test-code":0},"kwmiw":{"docs":4,"functional-code":0,"test-code":0},"onnwards":{"docs":109,"functional-code":1,"test-code":3},"pngsebastian":{"docs":25,"functional-code":0,"test-code":0},"icytornado":{"docs":23,"functional-code":0,"test-code":0}},"authorContributionVariance":{"Jacob-Pang":7312.354,"kwmiw":7.6388893,"onnwards":5298.521,"pngsebastian":78.22222,"icytornado":1063.6388},"authorDisplayNameMap":{"Jacob-Pang":"CS2103-W17-2 PANG..ACOB","kwmiw":"CS2103-W17-2 CHIA..YMIE","onnwards":"CS2103-W17-2 ONN .. SIN","pngsebastian":"CS2103-W17-2 PNG ..TIAN","icytornado":"CS2103-W17-2 ZHAN..PENG"}}
