[{"path":"README.md","fileType":"docs","lines":[{"lineNumber":1,"author":{"gitId":"aaronsms"},"content":"[![CI Status](https://github.com/AY2021S2-CS2103-W16-2/tp/workflows/Java%20CI/badge.svg)](https://github.com/AY2021S2-CS2103-W16-2/tp/actions)"},{"lineNumber":2,"author":{"gitId":"aaronsms"},"content":"[![codecov](https://codecov.io/gh/AY2021S2-CS2103-W16-2/tp/branch/master/graph/badge.svg)](https://codecov.io/gh/AY2021S2-CS2103-W16-2/tp)"},{"lineNumber":3,"author":{"gitId":"-"},"content":"![Ui](docs/images/Ui.png)"},{"lineNumber":4,"author":{"gitId":"-"},"content":""},{"lineNumber":5,"author":{"gitId":"aaronsms"},"content":"# Cheese Inventory Management (CHIM)"},{"lineNumber":6,"author":{"gitId":"aaronsms"},"content":"**Cheese Inventory Management (CHIM)** is a desktop CLI app for managing the inventory of a cheese making business. It comes with features to manage data such as:"},{"lineNumber":7,"author":{"gitId":"aaronsms"},"content":""},{"lineNumber":8,"author":{"gitId":"aaronsms"},"content":"1) order details"},{"lineNumber":9,"author":{"gitId":"aaronsms"},"content":"1) cheese details"},{"lineNumber":10,"author":{"gitId":"aaronsms"},"content":"1) customer details"},{"lineNumber":11,"author":{"gitId":"aaronsms"},"content":""},{"lineNumber":12,"author":{"gitId":"aaronsms"},"content":"For the detailed documentation of this project, see the **[CHIM Product Website](https://ay2021s2-cs2103-w16-2.github.io/tp)**."},{"lineNumber":13,"author":{"gitId":"aaronsms"},"content":""},{"lineNumber":14,"author":{"gitId":"aaronsms"},"content":""},{"lineNumber":15,"author":{"gitId":"aaronsms"},"content":"## Acknowledgements"},{"lineNumber":16,"author":{"gitId":"aaronsms"},"content":""},{"lineNumber":17,"author":{"gitId":"aaronsms"},"content":"This is an extension from the **AddressBook Level 3** project for Software Engineering (SE) students."},{"lineNumber":18,"author":{"gitId":"aaronsms"},"content":"The project is a **part of the se-education.org** initiative. If you would like to contribute code to the project, see [se-education.org](https://se-education.org#https://se-education.org/#contributing) for more info."}],"authorContributionMap":{"-":2,"aaronsms":16}},{"path":"docs/AboutUs.md","fileType":"docs","lines":[{"lineNumber":1,"author":{"gitId":"-"},"content":"---"},{"lineNumber":2,"author":{"gitId":"-"},"content":"layout: page"},{"lineNumber":3,"author":{"gitId":"-"},"content":"title: About Us"},{"lineNumber":4,"author":{"gitId":"-"},"content":"---"},{"lineNumber":5,"author":{"gitId":"-"},"content":""},{"lineNumber":6,"author":{"gitId":"-"},"content":"We are a team based in the [School of Computing, National University of Singapore](http://www.comp.nus.edu.sg)."},{"lineNumber":7,"author":{"gitId":"-"},"content":""},{"lineNumber":8,"author":{"gitId":"-"},"content":"## Project team"},{"lineNumber":9,"author":{"gitId":"-"},"content":""},{"lineNumber":10,"author":{"gitId":"daniellau88"},"content":"### Aaron Saw Min Sern"},{"lineNumber":11,"author":{"gitId":"-"},"content":""},{"lineNumber":12,"author":{"gitId":"aaronsms"},"content":"\u003cimg src\u003d\"images/aaronsms.png\" width\u003d\"200px\"\u003e"},{"lineNumber":13,"author":{"gitId":"-"},"content":""},{"lineNumber":14,"author":{"gitId":"aaronsms"},"content":"[[github](https://github.com/aaronsms)]"},{"lineNumber":15,"author":{"gitId":"aaronsms"},"content":"[[portfolio](team/aaronsms.md)]"},{"lineNumber":16,"author":{"gitId":"-"},"content":""},{"lineNumber":17,"author":{"gitId":"aaronsms"},"content":"* Role: Developer"},{"lineNumber":18,"author":{"gitId":"aaronsms"},"content":"* Responsibilities: Software Testing"},{"lineNumber":19,"author":{"gitId":"-"},"content":""},{"lineNumber":20,"author":{"gitId":"daniellau88"},"content":"### Daniel Lau Yew En"},{"lineNumber":21,"author":{"gitId":"-"},"content":""},{"lineNumber":22,"author":{"gitId":"daniellau88"},"content":"\u003cimg src\u003d\"images/daniellau88.png\" width\u003d\"200px\"\u003e"},{"lineNumber":23,"author":{"gitId":"-"},"content":""},{"lineNumber":24,"author":{"gitId":"daniellau88"},"content":"[[github](http://github.com/daniellau88)]"},{"lineNumber":25,"author":{"gitId":"daniellau88"},"content":"[[portfolio](team/daniellau.md)]"},{"lineNumber":26,"author":{"gitId":"-"},"content":""},{"lineNumber":27,"author":{"gitId":"daniellau88"},"content":"* Role: Developer"},{"lineNumber":28,"author":{"gitId":"daniellau88"},"content":"* Responsibilities: DevOps (CI)"},{"lineNumber":29,"author":{"gitId":"-"},"content":""},{"lineNumber":30,"author":{"gitId":"daniellau88"},"content":"### Lauren Lee Hui Ying"},{"lineNumber":31,"author":{"gitId":"-"},"content":""},{"lineNumber":32,"author":{"gitId":"laurenlhy"},"content":"\u003cimg src\u003d\"images/laurenlhy.png\" width\u003d\"200px\"\u003e"},{"lineNumber":33,"author":{"gitId":"-"},"content":""},{"lineNumber":34,"author":{"gitId":"laurenlhy"},"content":"[[github](http://github.com/laurenlhy)]"},{"lineNumber":35,"author":{"gitId":"laurenlhy"},"content":"[[portfolio](team/laurenlhy.md)]"},{"lineNumber":36,"author":{"gitId":"-"},"content":""},{"lineNumber":37,"author":{"gitId":"daniellau88"},"content":"* Role:"},{"lineNumber":38,"author":{"gitId":"daniellau88"},"content":"* Responsibilities:"},{"lineNumber":39,"author":{"gitId":"-"},"content":""},{"lineNumber":40,"author":{"gitId":"daniellau88"},"content":"### Lim Li Quan"},{"lineNumber":41,"author":{"gitId":"-"},"content":""},{"lineNumber":42,"author":{"gitId":"AhQuanz"},"content":"\u003cimg src\u003d\"images/ahquanz.png\" width\u003d\"200px\"\u003e"},{"lineNumber":43,"author":{"gitId":"-"},"content":""},{"lineNumber":44,"author":{"gitId":"AhQuanz"},"content":"[[github](http://github.com/ahquanz)]"},{"lineNumber":45,"author":{"gitId":"-"},"content":""},{"lineNumber":46,"author":{"gitId":"AhQuanz"},"content":"[[portfolio](team/ahquanz.md)]"},{"lineNumber":47,"author":{"gitId":"-"},"content":""},{"lineNumber":48,"author":{"gitId":"-"},"content":"* Role: Developer"},{"lineNumber":49,"author":{"gitId":"daniellau88"},"content":"* Responsibilities:"},{"lineNumber":50,"author":{"gitId":"-"},"content":""},{"lineNumber":51,"author":{"gitId":"daniellau88"},"content":"### Ng Wei Xue"},{"lineNumber":52,"author":{"gitId":"-"},"content":""},{"lineNumber":53,"author":{"gitId":"weixue123"},"content":"\u003cimg src\u003d\"images/weixue123.png\" width\u003d\"200px\"\u003e"},{"lineNumber":54,"author":{"gitId":"-"},"content":""},{"lineNumber":55,"author":{"gitId":"weixue123"},"content":"[[github](http://github.com/weixue123)]"},{"lineNumber":56,"author":{"gitId":"weixue123"},"content":"[[portfolio](team/weixue123.md)]"},{"lineNumber":57,"author":{"gitId":"-"},"content":""},{"lineNumber":58,"author":{"gitId":"-"},"content":"* Role: Developer"},{"lineNumber":59,"author":{"gitId":"weixue123"},"content":"* Responsibilities: Documentation"}],"authorContributionMap":{"AhQuanz":3,"laurenlhy":3,"daniellau88":13,"weixue123":4,"-":31,"aaronsms":5}},{"path":"docs/DeveloperGuide.md","fileType":"docs","lines":[{"lineNumber":1,"author":{"gitId":"-"},"content":"---"},{"lineNumber":2,"author":{"gitId":"-"},"content":"layout: page"},{"lineNumber":3,"author":{"gitId":"-"},"content":"title: Developer Guide"},{"lineNumber":4,"author":{"gitId":"-"},"content":"---"},{"lineNumber":5,"author":{"gitId":"-"},"content":"* Table of Contents"},{"lineNumber":6,"author":{"gitId":"-"},"content":"{:toc}"},{"lineNumber":7,"author":{"gitId":"-"},"content":""},{"lineNumber":8,"author":{"gitId":"-"},"content":"--------------------------------------------------------------------------------------------------------------------"},{"lineNumber":9,"author":{"gitId":"-"},"content":""},{"lineNumber":10,"author":{"gitId":"-"},"content":"## **Setting up, getting started**"},{"lineNumber":11,"author":{"gitId":"-"},"content":""},{"lineNumber":12,"author":{"gitId":"-"},"content":"Refer to the guide [_Setting up and getting started_](SettingUp.md)."},{"lineNumber":13,"author":{"gitId":"-"},"content":""},{"lineNumber":14,"author":{"gitId":"-"},"content":"--------------------------------------------------------------------------------------------------------------------"},{"lineNumber":15,"author":{"gitId":"-"},"content":""},{"lineNumber":16,"author":{"gitId":"daniellau88"},"content":"## **Design** [In Progress]"},{"lineNumber":17,"author":{"gitId":"-"},"content":""},{"lineNumber":18,"author":{"gitId":"-"},"content":"### Architecture"},{"lineNumber":19,"author":{"gitId":"-"},"content":""},{"lineNumber":20,"author":{"gitId":"-"},"content":"### UI component"},{"lineNumber":21,"author":{"gitId":"-"},"content":""},{"lineNumber":22,"author":{"gitId":"-"},"content":"### Logic component"},{"lineNumber":23,"author":{"gitId":"-"},"content":""},{"lineNumber":24,"author":{"gitId":"-"},"content":"### Model component"},{"lineNumber":25,"author":{"gitId":"-"},"content":""},{"lineNumber":26,"author":{"gitId":"-"},"content":"### Storage component"},{"lineNumber":27,"author":{"gitId":"-"},"content":""},{"lineNumber":28,"author":{"gitId":"-"},"content":"### Common classes"},{"lineNumber":29,"author":{"gitId":"-"},"content":""},{"lineNumber":30,"author":{"gitId":"daniellau88"},"content":"## **Implementation** [In Progress]"},{"lineNumber":31,"author":{"gitId":"-"},"content":""},{"lineNumber":32,"author":{"gitId":"daniellau88"},"content":"## **Documentation, logging, testing, configuration, dev-ops** [In Progress]"},{"lineNumber":33,"author":{"gitId":"-"},"content":""},{"lineNumber":34,"author":{"gitId":"-"},"content":"--------------------------------------------------------------------------------------------------------------------"},{"lineNumber":35,"author":{"gitId":"-"},"content":""},{"lineNumber":36,"author":{"gitId":"-"},"content":"## **Appendix: Requirements**"},{"lineNumber":37,"author":{"gitId":"-"},"content":""},{"lineNumber":38,"author":{"gitId":"-"},"content":"### Product scope"},{"lineNumber":39,"author":{"gitId":"-"},"content":""},{"lineNumber":40,"author":{"gitId":"-"},"content":"**Target user profile**:"},{"lineNumber":41,"author":{"gitId":"laurenlhy"},"content":"* Freelance cheesemaker"},{"lineNumber":42,"author":{"gitId":"laurenlhy"},"content":"* Runs home-based business"},{"lineNumber":43,"author":{"gitId":"laurenlhy"},"content":"* Prefers desktop apps over other types"},{"lineNumber":44,"author":{"gitId":"laurenlhy"},"content":"* Can type fast"},{"lineNumber":45,"author":{"gitId":"-"},"content":""},{"lineNumber":46,"author":{"gitId":"laurenlhy"},"content":"**Value proposition**:"},{"lineNumber":47,"author":{"gitId":"laurenlhy"},"content":"1. Specific properties of each cheese"},{"lineNumber":48,"author":{"gitId":"weixue123"},"content":"2. Track order status of each cheese (either by batches or individually)"},{"lineNumber":49,"author":{"gitId":"-"},"content":""},{"lineNumber":50,"author":{"gitId":"-"},"content":""},{"lineNumber":51,"author":{"gitId":"-"},"content":"### User stories"},{"lineNumber":52,"author":{"gitId":"-"},"content":""},{"lineNumber":53,"author":{"gitId":"-"},"content":"Priorities: High (must have) - `* * *`, Medium (nice to have) - `* *`, Low (unlikely to have) - `*`"},{"lineNumber":54,"author":{"gitId":"-"},"content":""},{"lineNumber":55,"author":{"gitId":"-"},"content":"| Priority | As a …​                      | I want to …​                     | So that I can …​                                                        |"},{"lineNumber":56,"author":{"gitId":"laurenlhy"},"content":"| -------- | ----------------------------| ------------------------------- | ---------------------------------------------------------------------- |"},{"lineNumber":57,"author":{"gitId":"laurenlhy"},"content":"| `* * *`  | New user                    | Input a new order |  |"},{"lineNumber":58,"author":{"gitId":"laurenlhy"},"content":"| `* * *`  | New user                    | Remove an existing order |  |"},{"lineNumber":59,"author":{"gitId":"laurenlhy"},"content":"| `* * *`  | New user                    | Add cheese entries |  |"},{"lineNumber":60,"author":{"gitId":"laurenlhy"},"content":"| `* * *`  | New user                    | Mark a sample order as delivered |  |"},{"lineNumber":61,"author":{"gitId":"laurenlhy"},"content":"| `* * *`  | New user                    | Search for a customer | Find the customer’s contact information |"},{"lineNumber":62,"author":{"gitId":"laurenlhy"},"content":"| `* *`    | New user                    | Save the data input | Retrieve the same information later |"},{"lineNumber":63,"author":{"gitId":"laurenlhy"},"content":"| `* *`    | User with some familiarity  | View a summary of my inventory | See if there is a need to increase production |"},{"lineNumber":64,"author":{"gitId":"laurenlhy"},"content":"| `* *`    | User                        | See the introduction message |  |"},{"lineNumber":65,"author":{"gitId":"laurenlhy"},"content":"| `*`      | User with some familiarity  | Search up orders of a specific customer | Efficiently find the order status |"},{"lineNumber":66,"author":{"gitId":"-"},"content":""},{"lineNumber":67,"author":{"gitId":"laurenlhy"},"content":"[More to be added]"},{"lineNumber":68,"author":{"gitId":"-"},"content":""},{"lineNumber":69,"author":{"gitId":"-"},"content":"### Use cases"},{"lineNumber":70,"author":{"gitId":"-"},"content":""},{"lineNumber":71,"author":{"gitId":"daniellau88"},"content":"(For all use cases below, the **System** is the `CHIM` and the **Actor** is the `user`, unless specified otherwise)"},{"lineNumber":72,"author":{"gitId":"-"},"content":""},{"lineNumber":73,"author":{"gitId":"weixue123"},"content":"#### Use case: Input a new order"},{"lineNumber":74,"author":{"gitId":"-"},"content":""},{"lineNumber":75,"author":{"gitId":"weixue123"},"content":"**MSS**"},{"lineNumber":76,"author":{"gitId":"-"},"content":""},{"lineNumber":77,"author":{"gitId":"weixue123"},"content":"1. User adds an order by specifying the cheese type and quantity of the order, and the phone number of the customer."},{"lineNumber":78,"author":{"gitId":"weixue123"},"content":"2. CHIM creates the order."},{"lineNumber":79,"author":{"gitId":"weixue123"},"content":"3. CHIM shows the details of the new order."},{"lineNumber":80,"author":{"gitId":"-"},"content":""},{"lineNumber":81,"author":{"gitId":"weixue123"},"content":"   Use case ends."},{"lineNumber":82,"author":{"gitId":"-"},"content":""},{"lineNumber":83,"author":{"gitId":"weixue123"},"content":"**Extensions**"},{"lineNumber":84,"author":{"gitId":"weixue123"},"content":"1a. The given cheese quantity is invalid."},{"lineNumber":85,"author":{"gitId":"weixue123"},"content":"  * 1a1. CHIM shows an error message."},{"lineNumber":86,"author":{"gitId":"-"},"content":""},{"lineNumber":87,"author":{"gitId":"weixue123"},"content":"    Use case resumes at step 1."},{"lineNumber":88,"author":{"gitId":"-"},"content":""},{"lineNumber":89,"author":{"gitId":"weixue123"},"content":"1b. The customer with the given phone number cannot be found."},{"lineNumber":90,"author":{"gitId":"weixue123"},"content":"  * 1b1. CHIM shows an error message."},{"lineNumber":91,"author":{"gitId":"-"},"content":""},{"lineNumber":92,"author":{"gitId":"weixue123"},"content":"    Use case resumes at step 1."},{"lineNumber":93,"author":{"gitId":"-"},"content":""},{"lineNumber":94,"author":{"gitId":"weixue123"},"content":"2a. The current cheese supply is insufficient to fulfil the order."},{"lineNumber":95,"author":{"gitId":"weixue123"},"content":"  * 2a1. CHIM will show a warning message."},{"lineNumber":96,"author":{"gitId":"-"},"content":""},{"lineNumber":97,"author":{"gitId":"weixue123"},"content":"    Use case resumes at step 3."},{"lineNumber":98,"author":{"gitId":"-"},"content":""},{"lineNumber":99,"author":{"gitId":"weixue123"},"content":"#### Use case: Input a cheese"},{"lineNumber":100,"author":{"gitId":"-"},"content":""},{"lineNumber":101,"author":{"gitId":"weixue123"},"content":"**MSS**"},{"lineNumber":102,"author":{"gitId":"-"},"content":""},{"lineNumber":103,"author":{"gitId":"weixue123"},"content":"1. User adds a cheese to the inventory by specifying its type and quantity."},{"lineNumber":104,"author":{"gitId":"weixue123"},"content":"2. CHIM shows a confirmation message that the cheese has been added."},{"lineNumber":105,"author":{"gitId":"-"},"content":""},{"lineNumber":106,"author":{"gitId":"weixue123"},"content":"   Use case ends."},{"lineNumber":107,"author":{"gitId":"-"},"content":""},{"lineNumber":108,"author":{"gitId":"weixue123"},"content":"**Extensions**"},{"lineNumber":109,"author":{"gitId":"weixue123"},"content":"1a. The given cheese quantity is invalid."},{"lineNumber":110,"author":{"gitId":"weixue123"},"content":"  * 1a1. CHIM shows an error message."},{"lineNumber":111,"author":{"gitId":"-"},"content":""},{"lineNumber":112,"author":{"gitId":"weixue123"},"content":"    Use case reumes at step 1."},{"lineNumber":113,"author":{"gitId":"-"},"content":""},{"lineNumber":114,"author":{"gitId":"laurenlhy"},"content":"#### Use case: Input a Customer"},{"lineNumber":115,"author":{"gitId":"-"},"content":""},{"lineNumber":116,"author":{"gitId":"laurenlhy"},"content":"**MSS**"},{"lineNumber":117,"author":{"gitId":"-"},"content":""},{"lineNumber":118,"author":{"gitId":"laurenlhy"},"content":"1. User adds a customer by specifying name, phone number and address."},{"lineNumber":119,"author":{"gitId":"laurenlhy"},"content":"2. CHIM creates the new customer and shows details of the new customer."},{"lineNumber":120,"author":{"gitId":"-"},"content":""},{"lineNumber":121,"author":{"gitId":"laurenlhy"},"content":"   Use case ends."},{"lineNumber":122,"author":{"gitId":"-"},"content":""},{"lineNumber":123,"author":{"gitId":"laurenlhy"},"content":"**Extensions**"},{"lineNumber":124,"author":{"gitId":"laurenlhy"},"content":"* 1a. The given phone number is invalid."},{"lineNumber":125,"author":{"gitId":"laurenlhy"},"content":"  * 1a1. CHIM displays an error message."},{"lineNumber":126,"author":{"gitId":"-"},"content":""},{"lineNumber":127,"author":{"gitId":"laurenlhy"},"content":"    Use case resumes at step 1."},{"lineNumber":128,"author":{"gitId":"-"},"content":""},{"lineNumber":129,"author":{"gitId":"laurenlhy"},"content":"* 1b. The given phone number is a duplicated customer."},{"lineNumber":130,"author":{"gitId":"laurenlhy"},"content":"  * 1b1. CHIM displays an error message."},{"lineNumber":131,"author":{"gitId":"-"},"content":""},{"lineNumber":132,"author":{"gitId":"laurenlhy"},"content":"    Use case resumes at step 1."},{"lineNumber":133,"author":{"gitId":"-"},"content":""},{"lineNumber":134,"author":{"gitId":"laurenlhy"},"content":"#### Use case: Remove an Order"},{"lineNumber":135,"author":{"gitId":"-"},"content":""},{"lineNumber":136,"author":{"gitId":"laurenlhy"},"content":"**MSS**"},{"lineNumber":137,"author":{"gitId":"-"},"content":""},{"lineNumber":138,"author":{"gitId":"laurenlhy"},"content":"1. User enters an order number to remove."},{"lineNumber":139,"author":{"gitId":"laurenlhy"},"content":"2. CHIM removes the order from the list of orders."},{"lineNumber":140,"author":{"gitId":"-"},"content":""},{"lineNumber":141,"author":{"gitId":"laurenlhy"},"content":"   Use case ends."},{"lineNumber":142,"author":{"gitId":"-"},"content":""},{"lineNumber":143,"author":{"gitId":"laurenlhy"},"content":"**Extensions**"},{"lineNumber":144,"author":{"gitId":"laurenlhy"},"content":"* 1a. No such order with the specified order number exists."},{"lineNumber":145,"author":{"gitId":"laurenlhy"},"content":"  * 1a1. CHIM displays an error message."},{"lineNumber":146,"author":{"gitId":"-"},"content":""},{"lineNumber":147,"author":{"gitId":"laurenlhy"},"content":"    Use case resumes at step 1."},{"lineNumber":148,"author":{"gitId":"-"},"content":""},{"lineNumber":149,"author":{"gitId":"AhQuanz"},"content":"#### Use case: Remove a cheese"},{"lineNumber":150,"author":{"gitId":"-"},"content":""},{"lineNumber":151,"author":{"gitId":"AhQuanz"},"content":"**MSS**"},{"lineNumber":152,"author":{"gitId":"-"},"content":""},{"lineNumber":153,"author":{"gitId":"AhQuanz"},"content":"1. User enters the index of cheese to be removed."},{"lineNumber":154,"author":{"gitId":"AhQuanz"},"content":"2. CHIM removes the cheese from the list of cheese."},{"lineNumber":155,"author":{"gitId":"-"},"content":""},{"lineNumber":156,"author":{"gitId":"AhQuanz"},"content":"   Use case ends."},{"lineNumber":157,"author":{"gitId":"-"},"content":""},{"lineNumber":158,"author":{"gitId":"AhQuanz"},"content":"**Extensions**"},{"lineNumber":159,"author":{"gitId":"AhQuanz"},"content":"* 1a. The list is empty."},{"lineNumber":160,"author":{"gitId":"AhQuanz"},"content":"    * 1a1. CHIM responds that there are no existing customers."},{"lineNumber":161,"author":{"gitId":"-"},"content":""},{"lineNumber":162,"author":{"gitId":"AhQuanz"},"content":"        Use case ends."},{"lineNumber":163,"author":{"gitId":"AhQuanz"},"content":"* 1b. No such cheese with the specified cheese number."},{"lineNumber":164,"author":{"gitId":"AhQuanz"},"content":"    * 1b1. CHIM shows an error message."},{"lineNumber":165,"author":{"gitId":"-"},"content":""},{"lineNumber":166,"author":{"gitId":"AhQuanz"},"content":"        Use case resumes at step 1."},{"lineNumber":167,"author":{"gitId":"-"},"content":""},{"lineNumber":168,"author":{"gitId":"AhQuanz"},"content":"#### Use case: Remove a customer"},{"lineNumber":169,"author":{"gitId":"-"},"content":""},{"lineNumber":170,"author":{"gitId":"AhQuanz"},"content":"**MSS**"},{"lineNumber":171,"author":{"gitId":"-"},"content":""},{"lineNumber":172,"author":{"gitId":"AhQuanz"},"content":"1. User enters the index of the customer to be removed."},{"lineNumber":173,"author":{"gitId":"AhQuanz"},"content":"2. CHIM deletes the customer."},{"lineNumber":174,"author":{"gitId":"-"},"content":""},{"lineNumber":175,"author":{"gitId":"AhQuanz"},"content":"   Use case ends."},{"lineNumber":176,"author":{"gitId":"-"},"content":""},{"lineNumber":177,"author":{"gitId":"AhQuanz"},"content":"**Extensions**"},{"lineNumber":178,"author":{"gitId":"AhQuanz"},"content":"* 1a. The list is empty."},{"lineNumber":179,"author":{"gitId":"AhQuanz"},"content":"    * 1a1. CHIM responds that there are no existing customers."},{"lineNumber":180,"author":{"gitId":"-"},"content":""},{"lineNumber":181,"author":{"gitId":"AhQuanz"},"content":"        Use case ends."},{"lineNumber":182,"author":{"gitId":"AhQuanz"},"content":"* 1b. The given index is invalid."},{"lineNumber":183,"author":{"gitId":"AhQuanz"},"content":"    * 1b1. CHIM shows an error message."},{"lineNumber":184,"author":{"gitId":"-"},"content":""},{"lineNumber":185,"author":{"gitId":"AhQuanz"},"content":"        Use case resumes at step 1."},{"lineNumber":186,"author":{"gitId":"-"},"content":""},{"lineNumber":187,"author":{"gitId":"-"},"content":""},{"lineNumber":188,"author":{"gitId":"aaronsms"},"content":"#### Use case: List orders"},{"lineNumber":189,"author":{"gitId":"-"},"content":""},{"lineNumber":190,"author":{"gitId":"aaronsms"},"content":"**MSS**"},{"lineNumber":191,"author":{"gitId":"-"},"content":""},{"lineNumber":192,"author":{"gitId":"aaronsms"},"content":"1. User enters the command to list all the orders recorded in CHIM."},{"lineNumber":193,"author":{"gitId":"aaronsms"},"content":"2. CHIM displays a list with the customers’ summary details."},{"lineNumber":194,"author":{"gitId":"-"},"content":""},{"lineNumber":195,"author":{"gitId":"aaronsms"},"content":"   Use case ends."},{"lineNumber":196,"author":{"gitId":"-"},"content":""},{"lineNumber":197,"author":{"gitId":"aaronsms"},"content":"**Extensions**"},{"lineNumber":198,"author":{"gitId":"aaronsms"},"content":"* 1a. CHIM does not have any orders added."},{"lineNumber":199,"author":{"gitId":"aaronsms"},"content":"  * 1a1. CHIM informs the user that there are no orders recorded in the application."},{"lineNumber":200,"author":{"gitId":"-"},"content":""},{"lineNumber":201,"author":{"gitId":"aaronsms"},"content":"    Use case resumes at step 1."},{"lineNumber":202,"author":{"gitId":"-"},"content":""},{"lineNumber":203,"author":{"gitId":"aaronsms"},"content":"#### Use case: List cheese"},{"lineNumber":204,"author":{"gitId":"-"},"content":""},{"lineNumber":205,"author":{"gitId":"aaronsms"},"content":"**MSS**"},{"lineNumber":206,"author":{"gitId":"-"},"content":""},{"lineNumber":207,"author":{"gitId":"aaronsms"},"content":"1. User enters the command to list all the cheeses recorded in CHIM."},{"lineNumber":208,"author":{"gitId":"aaronsms"},"content":"2. CHIM displays all the cheeses in CHIM."},{"lineNumber":209,"author":{"gitId":"-"},"content":""},{"lineNumber":210,"author":{"gitId":"aaronsms"},"content":"   Use case ends."},{"lineNumber":211,"author":{"gitId":"-"},"content":""},{"lineNumber":212,"author":{"gitId":"aaronsms"},"content":"**Extensions**"},{"lineNumber":213,"author":{"gitId":"aaronsms"},"content":"* 1a. CHIM does not have any cheese added."},{"lineNumber":214,"author":{"gitId":"aaronsms"},"content":"  * 1a1. CHIM informs the user that there is no cheese recorded in the application."},{"lineNumber":215,"author":{"gitId":"-"},"content":""},{"lineNumber":216,"author":{"gitId":"aaronsms"},"content":"    Use case resumes at step 1."},{"lineNumber":217,"author":{"gitId":"-"},"content":""},{"lineNumber":218,"author":{"gitId":"aaronsms"},"content":"* 1b. User provides an optional parameter, CHEESE_TYPE."},{"lineNumber":219,"author":{"gitId":"aaronsms"},"content":"  * 1b1. User enters a valid CHEESE_TYPE."},{"lineNumber":220,"author":{"gitId":"aaronsms"},"content":"    * 1b1a1. CHIM displays the current inventory count for the specific cheese_TYPE."},{"lineNumber":221,"author":{"gitId":"-"},"content":""},{"lineNumber":222,"author":{"gitId":"aaronsms"},"content":"      Use case resumes at step 1."},{"lineNumber":223,"author":{"gitId":"-"},"content":""},{"lineNumber":224,"author":{"gitId":"aaronsms"},"content":"  * 1b1. User enters a invalid CHEESE_TYPE."},{"lineNumber":225,"author":{"gitId":"aaronsms"},"content":"    * 1b1b1. CHIM displays an error message."},{"lineNumber":226,"author":{"gitId":"-"},"content":""},{"lineNumber":227,"author":{"gitId":"aaronsms"},"content":"      Use case resumes at step 1."},{"lineNumber":228,"author":{"gitId":"-"},"content":""},{"lineNumber":229,"author":{"gitId":"daniellau88"},"content":"#### Use case: List customers"},{"lineNumber":230,"author":{"gitId":"-"},"content":""},{"lineNumber":231,"author":{"gitId":"-"},"content":"**MSS**"},{"lineNumber":232,"author":{"gitId":"-"},"content":""},{"lineNumber":233,"author":{"gitId":"daniellau88"},"content":"1. User enters the command to list all the customers recorded in CHIM."},{"lineNumber":234,"author":{"gitId":"daniellau88"},"content":"1. CHIM displays a list with the customers’ summary details."},{"lineNumber":235,"author":{"gitId":"-"},"content":""},{"lineNumber":236,"author":{"gitId":"daniellau88"},"content":"   Use case ends."},{"lineNumber":237,"author":{"gitId":"-"},"content":""},{"lineNumber":238,"author":{"gitId":"daniellau88"},"content":"**Extensions**"},{"lineNumber":239,"author":{"gitId":"daniellau88"},"content":"* 1a. CHIM does not have any customers added."},{"lineNumber":240,"author":{"gitId":"daniellau88"},"content":"  * 1a1. CHIM informs the user that there are no customers recorded in the application."},{"lineNumber":241,"author":{"gitId":"-"},"content":""},{"lineNumber":242,"author":{"gitId":"daniellau88"},"content":"    Use case resumes at step 1."},{"lineNumber":243,"author":{"gitId":"-"},"content":""},{"lineNumber":244,"author":{"gitId":"-"},"content":""},{"lineNumber":245,"author":{"gitId":"daniellau88"},"content":"#### Use case: Marks order as complete"},{"lineNumber":246,"author":{"gitId":"-"},"content":""},{"lineNumber":247,"author":{"gitId":"daniellau88"},"content":"**MSS**"},{"lineNumber":248,"author":{"gitId":"daniellau88"},"content":"1. User enters the index of the order to be marked as complete."},{"lineNumber":249,"author":{"gitId":"daniellau88"},"content":"1. CHIM marks the order as complete."},{"lineNumber":250,"author":{"gitId":"-"},"content":""},{"lineNumber":251,"author":{"gitId":"aaronsms"},"content":"   Use case ends."},{"lineNumber":252,"author":{"gitId":"-"},"content":""},{"lineNumber":253,"author":{"gitId":"daniellau88"},"content":"**Extensions**"},{"lineNumber":254,"author":{"gitId":"daniellau88"},"content":"* 1a. User provides an index which does not exist."},{"lineNumber":255,"author":{"gitId":"daniellau88"},"content":"  * 1a1. CHIM displays an error message."},{"lineNumber":256,"author":{"gitId":"-"},"content":""},{"lineNumber":257,"author":{"gitId":"daniellau88"},"content":"    Use case resumes at step 1."},{"lineNumber":258,"author":{"gitId":"-"},"content":""},{"lineNumber":259,"author":{"gitId":"-"},"content":""},{"lineNumber":260,"author":{"gitId":"daniellau88"},"content":"#### Use case: Search for a customer"},{"lineNumber":261,"author":{"gitId":"-"},"content":""},{"lineNumber":262,"author":{"gitId":"-"},"content":"**MSS**"},{"lineNumber":263,"author":{"gitId":"daniellau88"},"content":"1. User enters a request to search for a customer by a particular name."},{"lineNumber":264,"author":{"gitId":"daniellau88"},"content":"1. CHIM shows the customer’s details."},{"lineNumber":265,"author":{"gitId":"-"},"content":""},{"lineNumber":266,"author":{"gitId":"daniellau88"},"content":"   Use case ends."},{"lineNumber":267,"author":{"gitId":"-"},"content":""},{"lineNumber":268,"author":{"gitId":"-"},"content":"**Extensions**"},{"lineNumber":269,"author":{"gitId":"daniellau88"},"content":"* 1a. More than one customer has the input name."},{"lineNumber":270,"author":{"gitId":"daniellau88"},"content":"  * 1a1. CHIM shows a list of customers with the matching name."},{"lineNumber":271,"author":{"gitId":"-"},"content":""},{"lineNumber":272,"author":{"gitId":"daniellau88"},"content":"    Use case ends."},{"lineNumber":273,"author":{"gitId":"daniellau88"},"content":"* 1b. There are no existing customers with the input name."},{"lineNumber":274,"author":{"gitId":"daniellau88"},"content":"  * 1b1. CHIM responds that there are no existing customers with the input name."},{"lineNumber":275,"author":{"gitId":"-"},"content":""},{"lineNumber":276,"author":{"gitId":"daniellau88"},"content":"    Use case resumes at step 1."},{"lineNumber":277,"author":{"gitId":"-"},"content":""},{"lineNumber":278,"author":{"gitId":"-"},"content":""},{"lineNumber":279,"author":{"gitId":"daniellau88"},"content":"#### Use case: Exit the application"},{"lineNumber":280,"author":{"gitId":"-"},"content":""},{"lineNumber":281,"author":{"gitId":"daniellau88"},"content":"**MSS**"},{"lineNumber":282,"author":{"gitId":"daniellau88"},"content":"1. User enters the command to exit the application."},{"lineNumber":283,"author":{"gitId":"daniellau88"},"content":"1. CHIM saves customers, orders and cheese data into data files."},{"lineNumber":284,"author":{"gitId":"-"},"content":""},{"lineNumber":285,"author":{"gitId":"daniellau88"},"content":"   Use case ends."},{"lineNumber":286,"author":{"gitId":"-"},"content":""},{"lineNumber":287,"author":{"gitId":"-"},"content":""},{"lineNumber":288,"author":{"gitId":"-"},"content":"### Non-Functional Requirements"},{"lineNumber":289,"author":{"gitId":"-"},"content":""},{"lineNumber":290,"author":{"gitId":"-"},"content":"### Glossary"},{"lineNumber":291,"author":{"gitId":"-"},"content":""},{"lineNumber":292,"author":{"gitId":"-"},"content":"* **Mainstream OS**: Windows, Linux, Unix, OS-X"},{"lineNumber":293,"author":{"gitId":"-"},"content":""},{"lineNumber":294,"author":{"gitId":"-"},"content":"--------------------------------------------------------------------------------------------------------------------"},{"lineNumber":295,"author":{"gitId":"-"},"content":""},{"lineNumber":296,"author":{"gitId":"-"},"content":"## **Appendix: Instructions for manual testing**"},{"lineNumber":297,"author":{"gitId":"-"},"content":""},{"lineNumber":298,"author":{"gitId":"-"},"content":""},{"lineNumber":299,"author":{"gitId":"-"},"content":"### Launch and shutdown"},{"lineNumber":300,"author":{"gitId":"-"},"content":""}],"authorContributionMap":{"AhQuanz":24,"laurenlhy":38,"daniellau88":35,"weixue123":26,"-":151,"aaronsms":26}},{"path":"docs/UserGuide.md","fileType":"docs","lines":[{"lineNumber":1,"author":{"gitId":"-"},"content":"---"},{"lineNumber":2,"author":{"gitId":"-"},"content":"layout: page"},{"lineNumber":3,"author":{"gitId":"-"},"content":"title: User Guide"},{"lineNumber":4,"author":{"gitId":"-"},"content":"---"},{"lineNumber":5,"author":{"gitId":"-"},"content":""},{"lineNumber":6,"author":{"gitId":"weixue123"},"content":"Chesse Inventory Management (CHIM) is a desktop app for managing the contacts, inventory, and orders of a home-based"},{"lineNumber":7,"author":{"gitId":"weixue123"},"content":"cheese making business."},{"lineNumber":8,"author":{"gitId":"-"},"content":""},{"lineNumber":9,"author":{"gitId":"weixue123"},"content":"The app is optimized for use via a Command Line Interface (CLI) while still having the"},{"lineNumber":10,"author":{"gitId":"weixue123"},"content":"benefits of a Graphical User Interface (GUI). If you can type fast, CHIM can get your management tasks done"},{"lineNumber":11,"author":{"gitId":"weixue123"},"content":"faster than traditional GUI apps."},{"lineNumber":12,"author":{"gitId":"-"},"content":""},{"lineNumber":13,"author":{"gitId":"weixue123"},"content":"* Table of Content"},{"lineNumber":14,"author":{"gitId":"AhQuanz"},"content":"  - [Quick start](#quick-start)"},{"lineNumber":15,"author":{"gitId":"AhQuanz"},"content":"  - [Features](#features)"},{"lineNumber":16,"author":{"gitId":"AhQuanz"},"content":"  - [FAQ](#faq)"},{"lineNumber":17,"author":{"gitId":"AhQuanz"},"content":"  - [Command summary](#command-summary)"},{"lineNumber":18,"author":{"gitId":"-"},"content":""},{"lineNumber":19,"author":{"gitId":"-"},"content":"--------------------------------------------------------------------------------------------------------------------"},{"lineNumber":20,"author":{"gitId":"-"},"content":""},{"lineNumber":21,"author":{"gitId":"-"},"content":"## Quick start"},{"lineNumber":22,"author":{"gitId":"-"},"content":""},{"lineNumber":23,"author":{"gitId":"-"},"content":"1. Ensure you have Java `11` or above installed in your Computer."},{"lineNumber":24,"author":{"gitId":"-"},"content":""},{"lineNumber":25,"author":{"gitId":"-"},"content":"--------------------------------------------------------------------------------------------------------------------"},{"lineNumber":26,"author":{"gitId":"-"},"content":""},{"lineNumber":27,"author":{"gitId":"-"},"content":"## Features"},{"lineNumber":28,"author":{"gitId":"-"},"content":""},{"lineNumber":29,"author":{"gitId":"-"},"content":"\u003cdiv markdown\u003d\"block\" class\u003d\"alert alert-info\"\u003e"},{"lineNumber":30,"author":{"gitId":"-"},"content":""},{"lineNumber":31,"author":{"gitId":"-"},"content":"**:information_source: Notes about the command format:**\u003cbr\u003e"},{"lineNumber":32,"author":{"gitId":"-"},"content":""},{"lineNumber":33,"author":{"gitId":"-"},"content":"* Words in `UPPER_CASE` are the parameters to be supplied by the user.\u003cbr\u003e"},{"lineNumber":34,"author":{"gitId":"weixue123"},"content":"  e.g. in `addcustomer n/CUSTOMER_NAME`, `CUSTOMER_NAME` is a parameter that is to be used"},{"lineNumber":35,"author":{"gitId":"weixue123"},"content":"  as `addcustomer n/John Doe ...`."},{"lineNumber":36,"author":{"gitId":"-"},"content":""},{"lineNumber":37,"author":{"gitId":"-"},"content":"* Items in square brackets are optional.\u003cbr\u003e"},{"lineNumber":38,"author":{"gitId":"weixue123"},"content":"  e.g. `listcheese [t/CHEESE_TYPE]` can be used as `listcheese` or as `listcheese t/Brie`."},{"lineNumber":39,"author":{"gitId":"-"},"content":""},{"lineNumber":40,"author":{"gitId":"-"},"content":"* Parameters can be in any order.\u003cbr\u003e"},{"lineNumber":41,"author":{"gitId":"weixue123"},"content":"  e.g. if the command specifies `n/CUSTOMER_NAME p/PHONE_NUMBER`, `p/PHONE_NUMBER n/CUSTOMER_NAME` is also acceptable."},{"lineNumber":42,"author":{"gitId":"-"},"content":""},{"lineNumber":43,"author":{"gitId":"weixue123"},"content":"* If a parameter is expected only once in the command, but you specified it multiple times, only the last occurrence of"},{"lineNumber":44,"author":{"gitId":"weixue123"},"content":"  the parameter will be taken.\u003cbr\u003e"},{"lineNumber":45,"author":{"gitId":"-"},"content":"  e.g. if you specify `p/12341234 p/56785678`, only `p/56785678` will be taken."},{"lineNumber":46,"author":{"gitId":"-"},"content":""},{"lineNumber":47,"author":{"gitId":"weixue123"},"content":"* Extraneous parameters for commands that do not take in parameters (such as `list` and `exit`) will be ignored.\u003cbr\u003e"},{"lineNumber":48,"author":{"gitId":"weixue123"},"content":"  e.g. if the command specifies `list 123`, it will be interpreted as `list`."},{"lineNumber":49,"author":{"gitId":"-"},"content":""},{"lineNumber":50,"author":{"gitId":"-"},"content":"\u003c/div\u003e"},{"lineNumber":51,"author":{"gitId":"-"},"content":""},{"lineNumber":52,"author":{"gitId":"weixue123"},"content":"### Adding an order: `addorder`"},{"lineNumber":53,"author":{"gitId":"-"},"content":""},{"lineNumber":54,"author":{"gitId":"weixue123"},"content":"Adds an order to CHIM."},{"lineNumber":55,"author":{"gitId":"-"},"content":""},{"lineNumber":56,"author":{"gitId":"weixue123"},"content":"Format: `addorder t/CHEESE_TYPE q/QUANTITY p/PHONE_NUMBER`"},{"lineNumber":57,"author":{"gitId":"weixue123"},"content":"* The specified `QUANTITY` must be a positive integer."},{"lineNumber":58,"author":{"gitId":"weixue123"},"content":"* The specified `PHONE_NUMBER` must belong to an existing user."},{"lineNumber":59,"author":{"gitId":"-"},"content":""},{"lineNumber":60,"author":{"gitId":"weixue123"},"content":"Example: `addorder t/Parmesan q/2 p/65555555`"},{"lineNumber":61,"author":{"gitId":"-"},"content":""},{"lineNumber":62,"author":{"gitId":"weixue123"},"content":"### Adding a cheese: `addcheese`"},{"lineNumber":63,"author":{"gitId":"-"},"content":""},{"lineNumber":64,"author":{"gitId":"weixue123"},"content":"Adds a cheese to CHIM."},{"lineNumber":65,"author":{"gitId":"-"},"content":""},{"lineNumber":66,"author":{"gitId":"weixue123"},"content":"Format: `addcheese t/CHEESE_TYPE q/QUANTITY`"},{"lineNumber":67,"author":{"gitId":"weixue123"},"content":"* The specified `QUANTITY` must be a positive integer."},{"lineNumber":68,"author":{"gitId":"-"},"content":""},{"lineNumber":69,"author":{"gitId":"weixue123"},"content":"Example: `addcheese t/Parmesan q/2`"},{"lineNumber":70,"author":{"gitId":"-"},"content":""},{"lineNumber":71,"author":{"gitId":"laurenlhy"},"content":"### Adding a customer: `addcustomer`"},{"lineNumber":72,"author":{"gitId":"-"},"content":""},{"lineNumber":73,"author":{"gitId":"weixue123"},"content":"Adds a customer to CHIM."},{"lineNumber":74,"author":{"gitId":"-"},"content":""},{"lineNumber":75,"author":{"gitId":"laurenlhy"},"content":"Format: `addcustomer n/CUSTOMER_NAME p/PHONE_NUMBER a/ADDRESS`"},{"lineNumber":76,"author":{"gitId":"-"},"content":""},{"lineNumber":77,"author":{"gitId":"laurenlhy"},"content":"Example: `addcustomer n/John Doe p/65555555 a/Blk 436 Serangoon Gardens St 26 #01-01`"},{"lineNumber":78,"author":{"gitId":"-"},"content":""},{"lineNumber":79,"author":{"gitId":"laurenlhy"},"content":"### Remove an order: `removeorder`"},{"lineNumber":80,"author":{"gitId":"-"},"content":""},{"lineNumber":81,"author":{"gitId":"laurenlhy"},"content":"Removes a specific order from CHIM, identified by its index."},{"lineNumber":82,"author":{"gitId":"-"},"content":""},{"lineNumber":83,"author":{"gitId":"laurenlhy"},"content":"Format: `removeorder ORDER_INDEX`"},{"lineNumber":84,"author":{"gitId":"laurenlhy"},"content":"* Removes the order at the specified `ORDER_INDEX`. The index must be a positive integer."},{"lineNumber":85,"author":{"gitId":"-"},"content":""},{"lineNumber":86,"author":{"gitId":"laurenlhy"},"content":"Example: `removeorder 2`"},{"lineNumber":87,"author":{"gitId":"laurenlhy"},"content":"* Removes the second order in the list of orders."},{"lineNumber":88,"author":{"gitId":"-"},"content":""},{"lineNumber":89,"author":{"gitId":"AhQuanz"},"content":"### Remove cheese from inventory: `removecheese`"},{"lineNumber":90,"author":{"gitId":"-"},"content":""},{"lineNumber":91,"author":{"gitId":"AhQuanz"},"content":"Removes some specified quantity of a specified cheese type from the inventory."},{"lineNumber":92,"author":{"gitId":"-"},"content":""},{"lineNumber":93,"author":{"gitId":"AhQuanz"},"content":"Format: `removecheese CHEESE_INDEX`"},{"lineNumber":94,"author":{"gitId":"AhQuanz"},"content":"* Removes the cheese at the specified `CHEESE_INDEX`. The index must be a positive integer."},{"lineNumber":95,"author":{"gitId":"-"},"content":""},{"lineNumber":96,"author":{"gitId":"AhQuanz"},"content":"Example: `removecheese 2`"},{"lineNumber":97,"author":{"gitId":"-"},"content":""},{"lineNumber":98,"author":{"gitId":"AhQuanz"},"content":"### Remove customer: `removecustomer`"},{"lineNumber":99,"author":{"gitId":"-"},"content":""},{"lineNumber":100,"author":{"gitId":"AhQuanz"},"content":"Removes a customer from the list of customers, using their phone number as identifier."},{"lineNumber":101,"author":{"gitId":"-"},"content":""},{"lineNumber":102,"author":{"gitId":"AhQuanz"},"content":"Format: `removecustomer p/PHONE_NUMBER`"},{"lineNumber":103,"author":{"gitId":"-"},"content":""},{"lineNumber":104,"author":{"gitId":"AhQuanz"},"content":"Example: `removecustomer p/65555555`"},{"lineNumber":105,"author":{"gitId":"-"},"content":""},{"lineNumber":106,"author":{"gitId":"-"},"content":""},{"lineNumber":107,"author":{"gitId":"weixue123"},"content":"### Listing orders: `listorder`"},{"lineNumber":108,"author":{"gitId":"-"},"content":""},{"lineNumber":109,"author":{"gitId":"aaronsms"},"content":"Displays all incomplete orders in CHIM."},{"lineNumber":110,"author":{"gitId":"-"},"content":""},{"lineNumber":111,"author":{"gitId":"aaronsms"},"content":"Format: `listorder`"},{"lineNumber":112,"author":{"gitId":"-"},"content":""},{"lineNumber":113,"author":{"gitId":"weixue123"},"content":"### Listing cheese: `listcheese`"},{"lineNumber":114,"author":{"gitId":"-"},"content":""},{"lineNumber":115,"author":{"gitId":"weixue123"},"content":"Displays the current inventory count. If a cheese type is specified, then display the current inventory count for that particular cheese."},{"lineNumber":116,"author":{"gitId":"-"},"content":""},{"lineNumber":117,"author":{"gitId":"aaronsms"},"content":"Format: `listcheese [t/CHEESE_TYPE]`"},{"lineNumber":118,"author":{"gitId":"-"},"content":""},{"lineNumber":119,"author":{"gitId":"AhQuanz"},"content":"Example: `listcheese t/Mozzarella`"},{"lineNumber":120,"author":{"gitId":"-"},"content":""},{"lineNumber":121,"author":{"gitId":"weixue123"},"content":"### Listing customers: `listcustomer`"},{"lineNumber":122,"author":{"gitId":"-"},"content":""},{"lineNumber":123,"author":{"gitId":"daniellau88"},"content":"Displays the customers in CHIM."},{"lineNumber":124,"author":{"gitId":"-"},"content":""},{"lineNumber":125,"author":{"gitId":"daniellau88"},"content":"Format: `listcustomer`"},{"lineNumber":126,"author":{"gitId":"-"},"content":""},{"lineNumber":127,"author":{"gitId":"weixue123"},"content":"### Marking an order as complete: `done`"},{"lineNumber":128,"author":{"gitId":"-"},"content":""},{"lineNumber":129,"author":{"gitId":"daniellau88"},"content":"Marks an incomplete order as complete from CHIM, identified by its index."},{"lineNumber":130,"author":{"gitId":"-"},"content":""},{"lineNumber":131,"author":{"gitId":"daniellau88"},"content":"Format: `done ORDER_INDEX`"},{"lineNumber":132,"author":{"gitId":"daniellau88"},"content":"* Marks the order at the specified `ORDER_INDEX`."},{"lineNumber":133,"author":{"gitId":"daniellau88"},"content":"* The `ORDER_INDEX` must be a positive integer."},{"lineNumber":134,"author":{"gitId":"-"},"content":""},{"lineNumber":135,"author":{"gitId":"AhQuanz"},"content":"Example: `done 2`"},{"lineNumber":136,"author":{"gitId":"weixue123"},"content":"* Mark the second order in the list of orders as complete."},{"lineNumber":137,"author":{"gitId":"daniellau88"},"content":""},{"lineNumber":138,"author":{"gitId":"weixue123"},"content":"### Searching for customers: `search`"},{"lineNumber":139,"author":{"gitId":"daniellau88"},"content":""},{"lineNumber":140,"author":{"gitId":"daniellau88"},"content":"Searches for a customer in CHIM."},{"lineNumber":141,"author":{"gitId":"-"},"content":""},{"lineNumber":142,"author":{"gitId":"daniellau88"},"content":"Format: `search n/NAME`"},{"lineNumber":143,"author":{"gitId":"weixue123"},"content":"* Search is case-insensitive, e.g. Betty will match betty."},{"lineNumber":144,"author":{"gitId":"-"},"content":""},{"lineNumber":145,"author":{"gitId":"-"},"content":"Examples:"},{"lineNumber":146,"author":{"gitId":"daniellau88"},"content":"* `search n/Betty`"},{"lineNumber":147,"author":{"gitId":"daniellau88"},"content":"* `search n/Robin Lee`"},{"lineNumber":148,"author":{"gitId":"daniellau88"},"content":""},{"lineNumber":149,"author":{"gitId":"daniellau88"},"content":"### Exiting the program: `exit`"},{"lineNumber":150,"author":{"gitId":"daniellau88"},"content":""},{"lineNumber":151,"author":{"gitId":"daniellau88"},"content":"Exits the program."},{"lineNumber":152,"author":{"gitId":"daniellau88"},"content":""},{"lineNumber":153,"author":{"gitId":"daniellau88"},"content":"Format: `exit`"},{"lineNumber":154,"author":{"gitId":"-"},"content":""},{"lineNumber":155,"author":{"gitId":"-"},"content":""},{"lineNumber":156,"author":{"gitId":"-"},"content":"--------------------------------------------------------------------------------------------------------------------"},{"lineNumber":157,"author":{"gitId":"-"},"content":""},{"lineNumber":158,"author":{"gitId":"-"},"content":"## FAQ"},{"lineNumber":159,"author":{"gitId":"-"},"content":""},{"lineNumber":160,"author":{"gitId":"-"},"content":"**Q**: How do I transfer my data to another Computer?\u003cbr\u003e"},{"lineNumber":161,"author":{"gitId":"-"},"content":"**A**: Install the app in the other computer and overwrite the empty data file it creates with the file that contains the data of your previous AddressBook home folder."},{"lineNumber":162,"author":{"gitId":"-"},"content":""},{"lineNumber":163,"author":{"gitId":"-"},"content":"--------------------------------------------------------------------------------------------------------------------"},{"lineNumber":164,"author":{"gitId":"-"},"content":""},{"lineNumber":165,"author":{"gitId":"-"},"content":"## Command summary"},{"lineNumber":166,"author":{"gitId":"-"},"content":""},{"lineNumber":167,"author":{"gitId":"-"},"content":"Action | Format, Examples"},{"lineNumber":168,"author":{"gitId":"-"},"content":"--------|------------------"},{"lineNumber":169,"author":{"gitId":"weixue123"},"content":"**Add Order** | `addorder t/CHEESE_TYPE q/QUANTITY p/PHONE_NUMBER` \u003cbr\u003e e.g. `addorder t/Parmesan q/2 p/65555555`"},{"lineNumber":170,"author":{"gitId":"weixue123"},"content":"**Add Cheese** | `addcheese t/CHEESE_TYPE q/QUANTITY` \u003cbr\u003e e.g. `addcheese t/CHEESE_TYPE q/QUANTITY`"},{"lineNumber":171,"author":{"gitId":"weixue123"},"content":"**Add Customer** | `addcustomer n/CUSTOMER_NAME p/PHONE_NUMBER a/ADDRESS` \u003cbr\u003e e.g. `addcustomer n/John Doe p/65555555 a/Blk 436 Serangoon Gardens St 26 #01-01`"},{"lineNumber":172,"author":{"gitId":"weixue123"},"content":"**Remove Order** | `removeorder ORDER_INDEX` \u003cbr\u003e e.g. `removeorder 2`"},{"lineNumber":173,"author":{"gitId":"AhQuanz"},"content":"**Remove Cheese** | `removecheese CHEESE_INDEX` \u003cbr\u003e Example: `removecheese 5`"},{"lineNumber":174,"author":{"gitId":"AhQuanz"},"content":"**Remove Customer**| `removecustomer p/PHONE_NUMBER` \u003cbr\u003e Example: `removecustomer p/65555555`"},{"lineNumber":175,"author":{"gitId":"weixue123"},"content":"**List Orders** | `listorder`"},{"lineNumber":176,"author":{"gitId":"weixue123"},"content":"**List Cheese** | `listcheese [t/CHEESE_TYPE]` \u003cbr\u003e e.g. `listcheese t/Mozzarella`"},{"lineNumber":177,"author":{"gitId":"daniellau88"},"content":"**List Customer** | `listcustomer`"},{"lineNumber":178,"author":{"gitId":"weixue123"},"content":"**Mark As Done** | `done INDEX` \u003cbr\u003e e.g. `done 2`"},{"lineNumber":179,"author":{"gitId":"daniellau88"},"content":"**Search** | `search n/NAME` \u003cbr\u003e e.g. `search n/Betty`"},{"lineNumber":180,"author":{"gitId":"daniellau88"},"content":"**Exit** | `exit`"}],"authorContributionMap":{"AhQuanz":17,"laurenlhy":9,"weixue123":41,"daniellau88":21,"-":89,"aaronsms":3}},{"path":"docs/index.md","fileType":"docs","lines":[{"lineNumber":1,"author":{"gitId":"-"},"content":"---"},{"lineNumber":2,"author":{"gitId":"-"},"content":"layout: page"},{"lineNumber":3,"author":{"gitId":"aaronsms"},"content":"title: Cheese Inventory Management (CHIM)"},{"lineNumber":4,"author":{"gitId":"-"},"content":"---"},{"lineNumber":5,"author":{"gitId":"-"},"content":""},{"lineNumber":6,"author":{"gitId":"aaronsms"},"content":"[![CI Status](https://github.com/AY2021S2-CS2103-W16-2/tp/workflows/Java%20CI/badge.svg)](https://github.com/AY2021S2-CS2103-W16-2/tp/actions)"},{"lineNumber":7,"author":{"gitId":"aaronsms"},"content":"[![codecov](https://codecov.io/gh/AY2021S2-CS2103-W16-2/tp/branch/master/graph/badge.svg)](https://codecov.io/gh/AY2021S2-CS2103-W16-2/tp)"},{"lineNumber":8,"author":{"gitId":"-"},"content":""},{"lineNumber":9,"author":{"gitId":"-"},"content":"![Ui](images/Ui.png)"},{"lineNumber":10,"author":{"gitId":"-"},"content":""},{"lineNumber":11,"author":{"gitId":"aaronsms"},"content":"**Cheese Inventory Management (CHIM)** is a desktop CLI app for managing the inventory of a cheese making business."},{"lineNumber":12,"author":{"gitId":"-"},"content":""},{"lineNumber":13,"author":{"gitId":"-"},"content":"* If you are interested in using AddressBook, head over to the [_Quick Start_ section of the **User Guide**](UserGuide.html#quick-start)."},{"lineNumber":14,"author":{"gitId":"-"},"content":"* If you are interested about developing AddressBook, the [**Developer Guide**](DeveloperGuide.html) is a good place to start."},{"lineNumber":15,"author":{"gitId":"-"},"content":""},{"lineNumber":16,"author":{"gitId":"-"},"content":""},{"lineNumber":17,"author":{"gitId":"-"},"content":"**Acknowledgements**"},{"lineNumber":18,"author":{"gitId":"-"},"content":""},{"lineNumber":19,"author":{"gitId":"-"},"content":"* Libraries used: [JavaFX](https://openjfx.io/), [Jackson](https://github.com/FasterXML/jackson), [JUnit5](https://github.com/junit-team/junit5)"}],"authorContributionMap":{"-":15,"aaronsms":4}},{"path":"docs/team/AhQuanz.md","fileType":"docs","lines":[{"lineNumber":1,"author":{"gitId":"AhQuanz"},"content":"---"},{"lineNumber":2,"author":{"gitId":"AhQuanz"},"content":"layout: page"},{"lineNumber":3,"author":{"gitId":"AhQuanz"},"content":"title: Li Quan\u0027s Project Portfolio Page"},{"lineNumber":4,"author":{"gitId":"AhQuanz"},"content":"---"},{"lineNumber":5,"author":{"gitId":"AhQuanz"},"content":""},{"lineNumber":6,"author":{"gitId":"AhQuanz"},"content":"## Project: Chesse Inventory Management (CHIM)"},{"lineNumber":7,"author":{"gitId":"AhQuanz"},"content":""},{"lineNumber":8,"author":{"gitId":"AhQuanz"},"content":"[Coming Soon]"}],"authorContributionMap":{"AhQuanz":8}},{"path":"docs/team/aaronsms.md","fileType":"docs","lines":[{"lineNumber":1,"author":{"gitId":"aaronsms"},"content":"---"},{"lineNumber":2,"author":{"gitId":"aaronsms"},"content":"layout: page"},{"lineNumber":3,"author":{"gitId":"aaronsms"},"content":"title: Aaron Saw\u0027s Project Portfolio Page"},{"lineNumber":4,"author":{"gitId":"aaronsms"},"content":"---"},{"lineNumber":5,"author":{"gitId":"aaronsms"},"content":""},{"lineNumber":6,"author":{"gitId":"aaronsms"},"content":"## Project: Chesse Inventory Management (CHIM)"},{"lineNumber":7,"author":{"gitId":"aaronsms"},"content":""},{"lineNumber":8,"author":{"gitId":"aaronsms"},"content":"[Coming Soon]"}],"authorContributionMap":{"aaronsms":8}},{"path":"docs/team/daniellau.md","fileType":"docs","lines":[{"lineNumber":1,"author":{"gitId":"daniellau88"},"content":"---"},{"lineNumber":2,"author":{"gitId":"daniellau88"},"content":"layout: page"},{"lineNumber":3,"author":{"gitId":"daniellau88"},"content":"title: Daniel Lau\u0027s Project Portfolio Page"},{"lineNumber":4,"author":{"gitId":"daniellau88"},"content":"---"},{"lineNumber":5,"author":{"gitId":"daniellau88"},"content":""},{"lineNumber":6,"author":{"gitId":"daniellau88"},"content":"## Project: Chesse Inventory Management (CHIM)"},{"lineNumber":7,"author":{"gitId":"daniellau88"},"content":""},{"lineNumber":8,"author":{"gitId":"daniellau88"},"content":"[Coming Soon]"}],"authorContributionMap":{"daniellau88":8}},{"path":"docs/team/laurenlhy.md","fileType":"docs","lines":[{"lineNumber":1,"author":{"gitId":"laurenlhy"},"content":"---"},{"lineNumber":2,"author":{"gitId":"laurenlhy"},"content":"layout: page"},{"lineNumber":3,"author":{"gitId":"laurenlhy"},"content":"title: Lauren Lee\u0027s Project Portfolio Page"},{"lineNumber":4,"author":{"gitId":"laurenlhy"},"content":"---"},{"lineNumber":5,"author":{"gitId":"laurenlhy"},"content":""},{"lineNumber":6,"author":{"gitId":"laurenlhy"},"content":"## Project: Cheese Inventory Management (CHIM)"}],"authorContributionMap":{"laurenlhy":6}},{"path":"docs/team/weixue123.md","fileType":"docs","lines":[{"lineNumber":1,"author":{"gitId":"weixue123"},"content":"---"},{"lineNumber":2,"author":{"gitId":"weixue123"},"content":"layout: page"},{"lineNumber":3,"author":{"gitId":"weixue123"},"content":"title: Wei Xue Ng\u0027s Project Portfolio Page"},{"lineNumber":4,"author":{"gitId":"weixue123"},"content":"---"},{"lineNumber":5,"author":{"gitId":"weixue123"},"content":""},{"lineNumber":6,"author":{"gitId":"weixue123"},"content":"## Project: Chesse Inventory Management (CHIM)"},{"lineNumber":7,"author":{"gitId":"weixue123"},"content":""},{"lineNumber":8,"author":{"gitId":"weixue123"},"content":"[Coming Soon]"}],"authorContributionMap":{"weixue123":8}}]
