{"authorDailyContributionsMap":{"AhQuanz":[{"date":"2021-02-27","commitResults":[{"hash":"20fbbf5ddc935f3342ff72476217934b3db3bc7a","messageTitle":"Update About Us","messageBody":"","fileTypesAndContributionMap":{"docs":{"insertions":14,"deletions":5}}},{"hash":"68795158e67e5f564ed1f84c9679e5ce760e96a5","messageTitle":"Update Developer Guide","messageBody":"","fileTypesAndContributionMap":{"docs":{"insertions":39,"deletions":0}}},{"hash":"8071027cc559bd50b7f76bb57fa8243bbec955e4","messageTitle":"Update User Guide","messageBody":"","fileTypesAndContributionMap":{"docs":{"insertions":27,"deletions":4}}}]},{"date":"2021-03-08","commitResults":[{"hash":"828da22016ec953d00ff6fda05a7f0a599ddd2d8","messageTitle":"Add cheese test cases","messageBody":"","fileTypesAndContributionMap":{"functional-code":{"insertions":4,"deletions":4},"test-code":{"insertions":40,"deletions":12}}}]},{"date":"2021-03-12","commitResults":[{"hash":"6d4d7dd35972b474104fbcef0a837e426cc49aa0","messageTitle":"Add more test cases Edit date pattern from [d/M/yyyy HHmm] to [d/M/yyyy HH:mm]","messageBody":"","fileTypesAndContributionMap":{"functional-code":{"insertions":11,"deletions":1},"test-code":{"insertions":226,"deletions":27}}},{"hash":"e713b2a58637b0ac51da892943bf692bc54e250a","messageTitle":"Update Order model design Update AddressBook to contain list of order","messageBody":"","fileTypesAndContributionMap":{"functional-code":{"insertions":161,"deletions":10}}}]},{"date":"2021-03-13","commitResults":[{"hash":"ede07d3904288bf1470ed5c91ff7cc1577f06953","messageTitle":"Update Model , ModelManager class to support Cheese and Order operations","messageBody":"","fileTypesAndContributionMap":{"functional-code":{"insertions":178,"deletions":3},"test-code":{"insertions":62,"deletions":0}}}]},{"date":"2021-03-15","commitResults":[{"hash":"25c73031d5e0a8257c3736a6b52635d479370ce5","messageTitle":"Add Done command for order","messageBody":"","fileTypesAndContributionMap":{"functional-code":{"insertions":111,"deletions":6},"test-code":{"insertions":13,"deletions":2}}},{"hash":"51df16b0cef270c7b96ce645cc418c7062b22ec6","messageTitle":"Include test cases for DoneCommand","messageBody":"","fileTypesAndContributionMap":{"functional-code":{"insertions":37,"deletions":14},"test-code":{"insertions":150,"deletions":8}}}]},{"date":"2021-03-16","commitResults":[{"hash":"c4c14e89cc0ab12c5187b5912ea5e6a2165da150","messageTitle":"Update done command to assign cheese","messageBody":"","fileTypesAndContributionMap":{"functional-code":{"insertions":89,"deletions":12},"test-code":{"insertions":75,"deletions":20}}},{"hash":"cccea1f1ed205b22b3b68597f2abe9b87fe06599","messageTitle":"Update Model based on PR comments Add more test cases for done command","messageBody":"","fileTypesAndContributionMap":{"functional-code":{"insertions":44,"deletions":10},"test-code":{"insertions":88,"deletions":19}}},{"hash":"40fae3f8ac03af53250412cb3d6c5cace2a95373","messageTitle":"Fix other completed order\u0027s cheeseId disappears after completing an order.","messageBody":"","fileTypesAndContributionMap":{"functional-code":{"insertions":34,"deletions":15},"test-code":{"insertions":6,"deletions":0}}}]},{"date":"2021-03-30","commitResults":[{"hash":"5200b5872f8e1a8df6bd8e02f6f5690bb2d43c9c","messageTitle":"Add summary for Find commands","messageBody":"","fileTypesAndContributionMap":{"functional-code":{"insertions":128,"deletions":12},"test-code":{"insertions":78,"deletions":13}}},{"hash":"5d6d66e103155e11328022b1a90325438e4a36b3","messageTitle":"Update documentations","messageBody":"","fileTypesAndContributionMap":{"docs":{"insertions":14,"deletions":6}}},{"hash":"459bb664005b8fec4e4f13c9af3d6866dbedb93f","messageTitle":"Update summary message for list commands","messageBody":"","fileTypesAndContributionMap":{"functional-code":{"insertions":60,"deletions":6},"test-code":{"insertions":62,"deletions":7}}}]},{"date":"2021-04-01","commitResults":[{"hash":"731338309437f65199bb198927de8435ebd3c839","messageTitle":"Update DG Design section and Implementation for done command","messageBody":"","fileTypesAndContributionMap":{"docs":{"insertions":54,"deletions":0}}},{"hash":"eb5ba7cb7a55b48376f5eb43532b9c1b5ac90afe","messageTitle":"Include done command sequence diagram , Fix checkStyle issues","messageBody":"","fileTypesAndContributionMap":{"docs":{"insertions":10,"deletions":9}}},{"hash":"12f36e3d6cabdee312ac16d3ad0720ed26a8d1da","messageTitle":"Include clear in UG , DG and fix typos","messageBody":"","fileTypesAndContributionMap":{"functional-code":{"insertions":1,"deletions":1},"docs":{"insertions":26,"deletions":13}}},{"hash":"10f3addd13608a4659bf8cb79af29669a6d61dad","messageTitle":"Update diagram as per PR comments","messageBody":"","fileTypesAndContributionMap":{"docs":{"insertions":1,"deletions":1}}}]},{"date":"2021-04-08","commitResults":[{"hash":"4a9249c0ce3a0b9fc86ad5386a74ecac006d24fb","messageTitle":"Hide *Id from UI , Fix summary swap bug","messageBody":"","fileTypesAndContributionMap":{"functional-code":{"insertions":39,"deletions":15},"test-code":{"insertions":22,"deletions":2}}},{"hash":"7eaed5e4ba665611ffa4b681ffdc08c1b893bda6","messageTitle":"Add DoneCommandParser testcases","messageBody":"","fileTypesAndContributionMap":{"test-code":{"insertions":47,"deletions":0}}},{"hash":"53e775a6f80c067bfdadc5d40f16bb39a0e1078d","messageTitle":"Include test cases for editOrderCommand , editOrderCommandParser, editOrderDescriptor","messageBody":"","fileTypesAndContributionMap":{"functional-code":{"insertions":3,"deletions":3},"test-code":{"insertions":621,"deletions":10}}}]},{"date":"2021-04-10","commitResults":[{"hash":"f0cdd20ea003818425b5b4b68be133e132702286","messageTitle":"Update Li Quan`s profolio page , added manual testing instructions for customer related commands in DG.","messageBody":"","fileTypesAndContributionMap":{"docs":{"insertions":120,"deletions":3}}},{"hash":"1a6af663b8a408ef548abcca0ac69cd3159ec887","messageTitle":"Update DG","messageBody":"","fileTypesAndContributionMap":{"docs":{"insertions":290,"deletions":37}}},{"hash":"0184095dc72cb959a3f824b467920125a598dc33","messageTitle":"Update UG and DG according to PR comments","messageBody":"","fileTypesAndContributionMap":{"docs":{"insertions":15,"deletions":9}}},{"hash":"f1a15ba3eda8b4e810d4a017f14bf7e03e1aa614","messageTitle":"Fix DG based on PR comments","messageBody":"","fileTypesAndContributionMap":{"docs":{"insertions":7,"deletions":7}}}]}],"laurenlhy":[{"date":"2021-02-21","commitResults":[{"hash":"a3913dd838b64cbd653b5fc1fb4b3c6b501b7b8b","messageTitle":"Update Developer Guide","messageBody":"","fileTypesAndContributionMap":{"docs":{"insertions":29,"deletions":6}}},{"hash":"1a462dbedf89ecb1b7fceb5aa8618eb8a27bacdf","messageTitle":"Update Developer Guide","messageBody":"","fileTypesAndContributionMap":{"docs":{"insertions":29,"deletions":0}}}]},{"date":"2021-02-22","commitResults":[{"hash":"9a54ede617af2a5e26db9eefeef84a674c178a6d","messageTitle":"Update User Guide","messageBody":"Update developer guide and image\n\nRemove whitespaces\n","fileTypesAndContributionMap":{"docs":{"insertions":39,"deletions":13}}}]},{"date":"2021-03-08","commitResults":[{"hash":"9fefa0249dc7423b5f755814e45485f710c783c8","messageTitle":"Rename Person to Customer","messageBody":"","fileTypesAndContributionMap":{"functional-code":{"insertions":356,"deletions":365},"other":{"insertions":166,"deletions":169},"docs":{"insertions":28,"deletions":28},"test-code":{"insertions":691,"deletions":694}}},{"hash":"db28d8e2e91c3bc50542d7136040bd6bf471b6a9","messageTitle":"Fix import statements","messageBody":"","fileTypesAndContributionMap":{"functional-code":{"insertions":27,"deletions":12},"test-code":{"insertions":30,"deletions":21}}}]},{"date":"2021-03-14","commitResults":[{"hash":"da95b9b45749e60bb41956076d532b00839318cd","messageTitle":"Add DeleteCheese, DeleteOrder commands","messageBody":"","fileTypesAndContributionMap":{"functional-code":{"insertions":296,"deletions":43},"other":{"insertions":32,"deletions":30},"test-code":{"insertions":331,"deletions":7}}},{"hash":"67d0fed30a2ff48af5c99264d07f6dfffe9583eb","messageTitle":"Update DeleteCustomer to delete by phone number","messageBody":"","fileTypesAndContributionMap":{"functional-code":{"insertions":44,"deletions":32},"docs":{"insertions":29,"deletions":29},"test-code":{"insertions":34,"deletions":32}}},{"hash":"ca9c7c54d588ab9fd02f71daa8ad733b2893a254","messageTitle":"Remove debug statements","messageBody":"","fileTypesAndContributionMap":{"test-code":{"insertions":0,"deletions":2}}}]},{"date":"2021-03-15","commitResults":[{"hash":"a459db342b6c75207bc05d2ae44873a93099e024","messageTitle":"Update DeleteCustomer by phone number","messageBody":"","fileTypesAndContributionMap":{"functional-code":{"insertions":27,"deletions":9},"test-code":{"insertions":11,"deletions":4}}}]},{"date":"2021-03-22","commitResults":[{"hash":"d4cf5cd21ec66b43c47ad9041c03e95b974c02d5","messageTitle":"Update DeleteCustomer to delete related orders and cheeses","messageBody":"","fileTypesAndContributionMap":{"functional-code":{"insertions":47,"deletions":0},"test-code":{"insertions":77,"deletions":15}}}]},{"date":"2021-03-23","commitResults":[{"hash":"61834543818284288618c53f4cd9e45d2cf05ea4","messageTitle":"Update Delete cascading","messageBody":"","fileTypesAndContributionMap":{"functional-code":{"insertions":14,"deletions":2},"test-code":{"insertions":28,"deletions":31}}},{"hash":"c5e69608d714267d003a38ac07cd9e6c364231f3","messageTitle":"Update Delete cascading","messageBody":"","fileTypesAndContributionMap":{"functional-code":{"insertions":7,"deletions":2},"test-code":{"insertions":2,"deletions":0}}}]},{"date":"2021-03-29","commitResults":[{"hash":"45dadde5bf2c5939c1dd1dfaad968da63bda26b0","messageTitle":"Add testcases for EditCheeseCommand","messageBody":"","fileTypesAndContributionMap":{"functional-code":{"insertions":1,"deletions":1},"test-code":{"insertions":512,"deletions":0}}}]},{"date":"2021-03-30","commitResults":[{"hash":"9de2b59153a2e8735ae6b0499107c3b5af22b4c9","messageTitle":"Update developer guide for Logic and DeleteCommand","messageBody":"","fileTypesAndContributionMap":{"docs":{"insertions":74,"deletions":2}}}]},{"date":"2021-03-31","commitResults":[{"hash":"c65a80b4a7bfd94648a9de0793eab7929a5c59b5","messageTitle":"Edit testcases","messageBody":"","fileTypesAndContributionMap":{"functional-code":{"insertions":1,"deletions":1},"test-code":{"insertions":16,"deletions":14}}},{"hash":"300846773353b2b03d0544c7b1f74e49a1f0ca1d","messageTitle":"Update Logic class diagram","messageBody":"","fileTypesAndContributionMap":{"docs":{"insertions":5,"deletions":4}}}]},{"date":"2021-04-07","commitResults":[{"hash":"2080a89dcf6566908f8780cf54d2f5976da9b473","messageTitle":"Update UG structure and add examples","messageBody":"","fileTypesAndContributionMap":{"functional-code":{"insertions":2,"deletions":1},"docs":{"insertions":169,"deletions":102}}},{"hash":"7f86ff38ea1e80cde3429124f5f7042806684457","messageTitle":"Update UG","messageBody":"","fileTypesAndContributionMap":{"docs":{"insertions":9,"deletions":9}}}]},{"date":"2021-04-08","commitResults":[{"hash":"ffebc4b5547bdb90fe3751e3b787d10c08f32abc","messageTitle":"Change prefixes in UG","messageBody":"","fileTypesAndContributionMap":{"docs":{"insertions":4,"deletions":4}}},{"hash":"d867a745a9a5b4829ea89296b3f2eea0ba9f5775","messageTitle":"Update personal portfolio","messageBody":"","fileTypesAndContributionMap":{"docs":{"insertions":35,"deletions":0}}}]},{"date":"2021-04-09","commitResults":[{"hash":"e2de90015e999341a6ae36a615df55458caf0365","messageTitle":"Add format for Edit Commands in UG","messageBody":"","fileTypesAndContributionMap":{"docs":{"insertions":3,"deletions":1}}},{"hash":"7afa00b38504a736ce00988f11eaf2bc9ea64dcd","messageTitle":"Update UG structure and add examples","messageBody":"","fileTypesAndContributionMap":{"docs":{"insertions":13,"deletions":15}}}]},{"date":"2021-04-12","commitResults":[{"hash":"405b0494f258f236ebcc57d976d3f00f6c6dd2bf","messageTitle":"Update portfolio and fix typos","messageBody":"","fileTypesAndContributionMap":{"docs":{"insertions":12,"deletions":8}}}]}],"daniellau88":[{"date":"2021-02-20","commitResults":[{"hash":"fcb51e87e5be513cb760446d7f2ac946fb090e99","messageTitle":"Initial documentation","messageBody":"","fileTypesAndContributionMap":{"docs":{"insertions":32,"deletions":431}}},{"hash":"e932c545dcd9974ac4ae40f850e749a7eb24c389","messageTitle":"Update user and developer guide","messageBody":"","fileTypesAndContributionMap":{"docs":{"insertions":88,"deletions":13}}},{"hash":"a8a8724d1b5f12a28f6b058c8f39ad7cd8d9aeb9","messageTitle":"Add daniel profile","messageBody":"","fileTypesAndContributionMap":{"docs":{"insertions":16,"deletions":54}}},{"hash":"b7f0fc1e6accac4f0ec6b1c83a37ce3494b57013","messageTitle":"Fix build issues","messageBody":"","fileTypesAndContributionMap":{"docs":{"insertions":10,"deletions":10}}}]},{"date":"2021-03-03","commitResults":[{"hash":"a92a6071b0fef2c4617c6b1fdbad4fb372460a53","messageTitle":"Rename daniel profile picture","messageBody":"","fileTypesAndContributionMap":{"docs":{"insertions":1,"deletions":1}}}]},{"date":"2021-03-08","commitResults":[{"hash":"fbcb51aa73e43356dec05a688ead4182a5bd7dd6","messageTitle":"Add initial model commits","messageBody":"","fileTypesAndContributionMap":{"functional-code":{"insertions":478,"deletions":2},"test-code":{"insertions":395,"deletions":0}}}]},{"date":"2021-03-12","commitResults":[{"hash":"826ee6f1ec1e2207c41d68a0e79f5e4224270d4e","messageTitle":"Fix model documentation based on PR comments","messageBody":"","fileTypesAndContributionMap":{"functional-code":{"insertions":59,"deletions":30},"test-code":{"insertions":81,"deletions":36}}},{"hash":"b8ff2e0ec976c64885c1a31cdd5d2b9cc9a4b65f","messageTitle":"Add Id class","messageBody":"Modify models and testcases to support customerId\n","fileTypesAndContributionMap":{"functional-code":{"insertions":365,"deletions":87},"other":{"insertions":17,"deletions":6},"test-code":{"insertions":630,"deletions":273}}}]},{"date":"2021-03-13","commitResults":[{"hash":"89eb203322b61698db3e83508e66fe7a9f022874","messageTitle":"Add Json adapted classes","messageBody":"(cherry picked from commit 877251d3af9cd77344bf78729006461a78dc1b26)\n","fileTypesAndContributionMap":{"functional-code":{"insertions":543,"deletions":16},"other":{"insertions":30,"deletions":0},"test-code":{"insertions":77,"deletions":31}}}]},{"date":"2021-03-14","commitResults":[{"hash":"b82a9491e3eb12c2561c0c43dd3b2207018d4039","messageTitle":"Change completed date to optional","messageBody":"","fileTypesAndContributionMap":{"functional-code":{"insertions":27,"deletions":9},"test-code":{"insertions":7,"deletions":2}}}]},{"date":"2021-03-18","commitResults":[{"hash":"856d88ad032a15b4daf6c0e821c9672ebd01a46f","messageTitle":"Add prefix comparison for name","messageBody":"","fileTypesAndContributionMap":{"functional-code":{"insertions":228,"deletions":26},"test-code":{"insertions":117,"deletions":11}}},{"hash":"ff69e7854c62e3b8aa74149a785a2759e2fd5730","messageTitle":"Add model predicates","messageBody":"","fileTypesAndContributionMap":{"functional-code":{"insertions":513,"deletions":160},"other":{"insertions":41,"deletions":64},"test-code":{"insertions":71,"deletions":152}}},{"hash":"8e36cef441c91c62b5f2eec438e918a0b741282f","messageTitle":"Add test cases","messageBody":"","fileTypesAndContributionMap":{"functional-code":{"insertions":258,"deletions":200},"docs":{"insertions":6,"deletions":5},"test-code":{"insertions":330,"deletions":23}}},{"hash":"6cdc604631f39d3918590713f76c97b8c542266c","messageTitle":"Update set compare by hash","messageBody":"","fileTypesAndContributionMap":{"functional-code":{"insertions":35,"deletions":41},"test-code":{"insertions":5,"deletions":4}}}]},{"date":"2021-03-22","commitResults":[{"hash":"f378efb6c580f3b4ea949d40344b26cbb633a5bf","messageTitle":"Minor cleanup for utils","messageBody":"","fileTypesAndContributionMap":{"functional-code":{"insertions":29,"deletions":24},"other":{"insertions":2,"deletions":6},"docs":{"insertions":1,"deletions":1},"test-code":{"insertions":32,"deletions":39}}},{"hash":"ab64e0092ae5922a1e5108b72e9df2f94f95f972","messageTitle":"Fix empty keyword bug","messageBody":"","fileTypesAndContributionMap":{"functional-code":{"insertions":22,"deletions":5}}}]},{"date":"2021-03-24","commitResults":[{"hash":"cb9d969c235c953434a5ef69efd48f8456ccbcbb","messageTitle":"Fix ordering of items in find commands\u0027 output","messageBody":"","fileTypesAndContributionMap":{"functional-code":{"insertions":21,"deletions":1}}}]},{"date":"2021-03-25","commitResults":[{"hash":"f11b3eb08547409b4a43e398f99590237cae00a8","messageTitle":"Add order validations","messageBody":"","fileTypesAndContributionMap":{"functional-code":{"insertions":34,"deletions":11},"test-code":{"insertions":40,"deletions":12}}},{"hash":"e0c7adcd467823a1032f5ce968e835def5308f59","messageTitle":"Add validation for address book","messageBody":"","fileTypesAndContributionMap":{"functional-code":{"insertions":74,"deletions":1},"test-code":{"insertions":112,"deletions":1}}},{"hash":"0360250b1637d30c7d36c5d6f21f488024252802","messageTitle":"Add sample data","messageBody":"","fileTypesAndContributionMap":{"functional-code":{"insertions":68,"deletions":31}}},{"hash":"1ce8c7f1a4795b89f79e3fd1002036eace4fc643","messageTitle":"Add on boot validation","messageBody":"","fileTypesAndContributionMap":{"functional-code":{"insertions":5,"deletions":4}}},{"hash":"546dfc1213a969b512b4d51ac5186feb8131b5a5","messageTitle":"Add additional validation","messageBody":"","fileTypesAndContributionMap":{"functional-code":{"insertions":106,"deletions":18},"test-code":{"insertions":86,"deletions":15}}}]},{"date":"2021-04-01","commitResults":[{"hash":"709a8d84477ec7dff49703050fdaff6193235ccc","messageTitle":"Update find and storage documentation","messageBody":"","fileTypesAndContributionMap":{"docs":{"insertions":47,"deletions":2}}},{"hash":"d6d524a52fdfa93c965e05c83641241bbd8cd6f5","messageTitle":"Update AddressBook to CHIM","messageBody":"","fileTypesAndContributionMap":{"functional-code":{"insertions":1,"deletions":1},"docs":{"insertions":2,"deletions":2}}}]},{"date":"2021-04-05","commitResults":[{"hash":"1a6a90135a3f5ceee864c14bc26d917b600ac4d8","messageTitle":"Remove maturity date","messageBody":"","fileTypesAndContributionMap":{"functional-code":{"insertions":21,"deletions":143},"docs":{"insertions":3,"deletions":3},"test-code":{"insertions":22,"deletions":156}}}]},{"date":"2021-04-06","commitResults":[{"hash":"82cee4aad4069ffdf8532477d2bfca5f229f0d13","messageTitle":"Catch and rethrow illegal argument exception","messageBody":"","fileTypesAndContributionMap":{"functional-code":{"insertions":41,"deletions":9}}}]},{"date":"2021-04-07","commitResults":[{"hash":"d76ddef2dd30ad886342948ebbb6d8779165bbe8","messageTitle":"Fix model validation","messageBody":"","fileTypesAndContributionMap":{"functional-code":{"insertions":63,"deletions":16},"test-code":{"insertions":8,"deletions":8}}}]},{"date":"2021-04-11","commitResults":[{"hash":"f2f78395be2ee965d880bc939c44d0d456b62421","messageTitle":"Update non functional requirements","messageBody":"","fileTypesAndContributionMap":{"functional-code":{"insertions":14,"deletions":4},"docs":{"insertions":8,"deletions":0}}},{"hash":"b37d75884092a24a04f0744007e582c491f1ed05","messageTitle":"Fix corner case errors","messageBody":"","fileTypesAndContributionMap":{"functional-code":{"insertions":18,"deletions":2},"docs":{"insertions":9,"deletions":2},"test-code":{"insertions":3,"deletions":0}}},{"hash":"ccf0c0cd722cf499e79af30991e25b371aba8462","messageTitle":"Update personal profile","messageBody":"","fileTypesAndContributionMap":{"docs":{"insertions":40,"deletions":9}}},{"hash":"49e0550e3046a34578f86f7f60edaf1509852eee","messageTitle":"Add effort appendix","messageBody":"","fileTypesAndContributionMap":{"docs":{"insertions":89,"deletions":33}}}]},{"date":"2021-04-12","commitResults":[{"hash":"07ac3269c6fcffef5e3fb435623bc65f1dcf90a9","messageTitle":"Fix personal profiles","messageBody":"","fileTypesAndContributionMap":{"docs":{"insertions":17,"deletions":18}}},{"hash":"262fb020147cd1d967dab6f0dff764acdb2227b7","messageTitle":"Add back PR links","messageBody":"","fileTypesAndContributionMap":{"docs":{"insertions":13,"deletions":5}}}]}],"weixue123":[{"date":"2021-02-23","commitResults":[{"hash":"8ccbd3407a09dfd816bad7cd6c89ee147d0d0d3a","messageTitle":"Update About Us page","messageBody":"","fileTypesAndContributionMap":{"docs":{"insertions":14,"deletions":7}}},{"hash":"217aad82bef775bd882b4eda143fa3cd3b5bf1ac","messageTitle":"Update User Guide","messageBody":"","fileTypesAndContributionMap":{"docs":{"insertions":55,"deletions":33}}}]},{"date":"2021-02-24","commitResults":[{"hash":"d955c634a9279077eef8ece263be09feabe72228","messageTitle":"Update Developer Guide","messageBody":"","fileTypesAndContributionMap":{"docs":{"insertions":42,"deletions":1}}},{"hash":"36cefcc7810c6d45f57ab7b3dfe5b26547118215","messageTitle":"Add user-interface mock-up","messageBody":"","fileTypesAndContributionMap":{"docs":{"insertions":13,"deletions":12}}}]},{"date":"2021-02-26","commitResults":[{"hash":"daa9f909d4e8818bf9a1728ad9baa91f5a5484ed","messageTitle":"Make change to documentation w.r.t. PR comments","messageBody":"","fileTypesAndContributionMap":{"docs":{"insertions":1,"deletions":3}}},{"hash":"d4c8b4b37cadb12cfca69dc0353c6b2aeee23022","messageTitle":"Edit formatting of app overview in User Guide","messageBody":"","fileTypesAndContributionMap":{"docs":{"insertions":5,"deletions":3}}}]},{"date":"2021-03-14","commitResults":[{"hash":"3a78b3720658a08a1e376de71e6814d7617330d8","messageTitle":"Edit AbstractDate\u0027s toString formatters","messageBody":"","fileTypesAndContributionMap":{"functional-code":{"insertions":11,"deletions":6}}}]},{"date":"2021-03-15","commitResults":[{"hash":"5773086ca81b0c98ef1d2db5ee5d539f65ea3d7f","messageTitle":"Add cheeses and orders list panels to main window","messageBody":"","fileTypesAndContributionMap":{"functional-code":{"insertions":422,"deletions":56},"other":{"insertions":10,"deletions":9},"test-code":{"insertions":10,"deletions":0}}},{"hash":"4352df5542cd7d930a512643c133dfd23e106b85","messageTitle":"Create ListCheesesCommand and ListOrdersCommand","messageBody":"","fileTypesAndContributionMap":{"functional-code":{"insertions":64,"deletions":8},"other":{"insertions":8,"deletions":9},"docs":{"insertions":15,"deletions":14},"test-code":{"insertions":93,"deletions":7}}},{"hash":"52c6314e71287cffbc7a18a06b0a04022eddfb50","messageTitle":"Implement toggling of UI list panel","messageBody":"","fileTypesAndContributionMap":{"functional-code":{"insertions":130,"deletions":12},"test-code":{"insertions":39,"deletions":0}}}]},{"date":"2021-03-24","commitResults":[{"hash":"a0a22da2b451fe1148a5af24a45949f44ddb2775","messageTitle":"Configure setting and saving of UI panel with preferences.json","messageBody":"","fileTypesAndContributionMap":{"functional-code":{"insertions":39,"deletions":27},"test-code":{"insertions":19,"deletions":11}}},{"hash":"7d5486c886482b7b2bbdf7e0f6ad06815d736584","messageTitle":"Add cheeses\u0027 assignment statuses to UI","messageBody":"","fileTypesAndContributionMap":{"functional-code":{"insertions":8,"deletions":4},"test-code":{"insertions":1,"deletions":1}}},{"hash":"2f43c359224ea520f8d92106c153138944a9b802","messageTitle":"Minor documentation cleanup","messageBody":"","fileTypesAndContributionMap":{"functional-code":{"insertions":12,"deletions":35}}},{"hash":"9ff7d36a97a9ede19a82ab62c0beba5cd63c0871","messageTitle":"Add find cheese feature","messageBody":"","fileTypesAndContributionMap":{"functional-code":{"insertions":225,"deletions":20},"test-code":{"insertions":209,"deletions":0}}},{"hash":"3c6696535119844325da6440567515e1ed1e482d","messageTitle":"Change naming of cheese assignment statuses boolean w.r.t. PR comments","messageBody":"","fileTypesAndContributionMap":{"functional-code":{"insertions":6,"deletions":6},"test-code":{"insertions":1,"deletions":1}}},{"hash":"b303d4cc3ce4f62fe0a56899dea88a481171ea82","messageTitle":"Add documentation for find cheese feature in UG and DG","messageBody":"","fileTypesAndContributionMap":{"docs":{"insertions":35,"deletions":1}}},{"hash":"8fa933a170c91bc1e3ae7a7a80442fc6deea77da","messageTitle":"Move logic of cascade-delete to Model","messageBody":"","fileTypesAndContributionMap":{"functional-code":{"insertions":60,"deletions":90},"test-code":{"insertions":6,"deletions":6}}},{"hash":"a62de1f47166734ee2da7035f4818a616a8f67d5","messageTitle":"Refactor logic for listing orders in UI","messageBody":"","fileTypesAndContributionMap":{"functional-code":{"insertions":26,"deletions":26},"test-code":{"insertions":5,"deletions":1}}}]},{"date":"2021-03-25","commitResults":[{"hash":"d05c9e69d5d404ce1d5ed2ece4e0d32b2247c556","messageTitle":"Add find order feature","messageBody":"","fileTypesAndContributionMap":{"functional-code":{"insertions":262,"deletions":44},"test-code":{"insertions":264,"deletions":20}}},{"hash":"281847f24e7fbd500d1b8f8c103f6a15c6ccdf4e","messageTitle":"Set input cheese types to always be converted to title case","messageBody":"","fileTypesAndContributionMap":{"functional-code":{"insertions":35,"deletions":7}}},{"hash":"869f9dad64f2d479e8f84393eb13059f5287e970","messageTitle":"Add documentation for find order feature in UG and DG","messageBody":"","fileTypesAndContributionMap":{"docs":{"insertions":35,"deletions":1}}},{"hash":"ca1cf2af3a8ed11cf4a4ea31fcf56d2b034f166d","messageTitle":"Allow filtering by phone and customer name for find order command","messageBody":"","fileTypesAndContributionMap":{"functional-code":{"insertions":421,"deletions":109},"docs":{"insertions":18,"deletions":0},"test-code":{"insertions":146,"deletions":60}}},{"hash":"f28b25877dad6f27ad3d813cd1cfb9c9a999c2dd","messageTitle":"Fix merge conflicts in documentation","messageBody":"","fileTypesAndContributionMap":{"docs":{"insertions":1,"deletions":19}}}]},{"date":"2021-03-27","commitResults":[{"hash":"5f239db236c61587801a1b3d2b0aef941e384207","messageTitle":"Enable assertions in build.gradle","messageBody":"","fileTypesAndContributionMap":{"other":{"insertions":4,"deletions":0}}}]},{"date":"2021-03-31","commitResults":[{"hash":"02fe11234bfa1d856371cb7d69c2113fd0ef8d5c","messageTitle":"Add design of UI component to DG","messageBody":"lol\n","fileTypesAndContributionMap":{"docs":{"insertions":89,"deletions":8}}},{"hash":"1769bd6cc6e635b2a0cbb551826d7f04e40cee8d","messageTitle":"Add documentation for functionality of toggling list panels to DG","messageBody":"","fileTypesAndContributionMap":{"docs":{"insertions":108,"deletions":3}}},{"hash":"8a8ba0148373e98430a60016778d51e4d43ac324","messageTitle":"Update class diagram for UI\u0027s panels and cards components","messageBody":"","fileTypesAndContributionMap":{"docs":{"insertions":18,"deletions":20}}}]},{"date":"2021-04-01","commitResults":[{"hash":"0f7940a2358cef1c31178de0814045360095a489","messageTitle":"Fix user guide table","messageBody":"","fileTypesAndContributionMap":{"docs":{"insertions":15,"deletions":12}}}]},{"date":"2021-04-07","commitResults":[{"hash":"ae5961abb78a6d0a9284669801d296d8aa5d52ca","messageTitle":"Fix issue where orders in UI does not update with edited customer details","messageBody":"","fileTypesAndContributionMap":{"functional-code":{"insertions":4,"deletions":0}}},{"hash":"453627c3d9cc142ce0ee9dd2c4b9b5d9ea72bf8b","messageTitle":"Require emails to have at least one suffix (of period followed by two or more alphabets)","messageBody":"","fileTypesAndContributionMap":{"functional-code":{"insertions":7,"deletions":4},"test-code":{"insertions":8,"deletions":4}}},{"hash":"27f5b92dd0bcb3206011208cb9abdc03b3cd859d","messageTitle":"Rename addressbook to Cheese Inventory Management","messageBody":"","fileTypesAndContributionMap":{"functional-code":{"insertions":8,"deletions":8},"other":{"insertions":1,"deletions":1}}},{"hash":"7fdfb79077f5481ae16d4e268ffe8b7a1773164e","messageTitle":"Change \u0027address book\u0027 in command messages to \u0027CHIM\u0027","messageBody":"","fileTypesAndContributionMap":{"functional-code":{"insertions":28,"deletions":27}}}]},{"date":"2021-04-09","commitResults":[{"hash":"06ce24cdf5a9f8d49bdaf8e4019fc86bbf14021b","messageTitle":"Add screenshots to UG examples","messageBody":"","fileTypesAndContributionMap":{"docs":{"insertions":124,"deletions":19}}},{"hash":"4d89964842ada80b71c336fed6ac7fe895c9c5ab","messageTitle":"Rename references of address book to CHIM in all classes, methods and variables","messageBody":"","fileTypesAndContributionMap":{"functional-code":{"insertions":214,"deletions":213},"other":{"insertions":164,"deletions":164},"docs":{"insertions":2,"deletions":193},"test-code":{"insertions":314,"deletions":320}}},{"hash":"7599d92f132e52e8736fa33dbacf2b279063189b","messageTitle":"Rename package seedu.address to chim","messageBody":"","fileTypesAndContributionMap":{"other":{"insertions":1823,"deletions":1820},"docs":{"insertions":9,"deletions":9},"test-code":{"insertions":152,"deletions":163}}},{"hash":"20236111a8ed775e35a31829f1001a86aa482360","messageTitle":"Update DG to refer to Chim instead of AddressBook","messageBody":"","fileTypesAndContributionMap":{"docs":{"insertions":22,"deletions":22}}},{"hash":"4f0c452153127e0416ab346889ecbd1c702fb650","messageTitle":"Add Wei Xue\u0027s project portfolio page","messageBody":"","fileTypesAndContributionMap":{"docs":{"insertions":66,"deletions":7}}}]}],"aaronsms":[{"date":"2021-02-23","commitResults":[{"hash":"c416c22000e44af2061cd9723293520ff53c6354","messageTitle":"Update AboutUs personal information","messageBody":"","fileTypesAndContributionMap":{"docs":{"insertions":13,"deletions":6}}},{"hash":"c327fae8049c8a193165094605a101e76007012d","messageTitle":"Update UserGuide","messageBody":"","fileTypesAndContributionMap":{"docs":{"insertions":16,"deletions":0}}},{"hash":"63405625ee9e7a0733ba878b4d2140b689319b3b","messageTitle":"Update DeveloperGuide","messageBody":"","fileTypesAndContributionMap":{"docs":{"insertions":41,"deletions":0}}},{"hash":"acc8445a4d2ccac4d62256a2a98a6b7fefd2c142","messageTitle":"Fix formatting inconsistencies for DeveloperGuide","messageBody":"","fileTypesAndContributionMap":{"docs":{"insertions":7,"deletions":5}}},{"hash":"8e2eeabe27a659471edad5e9a0d2a6b8f750e448","messageTitle":"Update README and index","messageBody":"","fileTypesAndContributionMap":{"docs":{"insertions":20,"deletions":16}}}]},{"date":"2021-03-07","commitResults":[{"hash":"4bccec34b23585656aca1c8904bf88d261f78c97","messageTitle":"Change config file, fix whitespaces","messageBody":"","fileTypesAndContributionMap":{"docs":{"insertions":10,"deletions":10}}}]},{"date":"2021-03-13","commitResults":[{"hash":"7c83544efbf7e9e41f0aa475634f1a0da82787a8","messageTitle":"Fix isSameCustomer to check on phone field","messageBody":"","fileTypesAndContributionMap":{"functional-code":{"insertions":2,"deletions":4},"test-code":{"insertions":4,"deletions":13}}}]},{"date":"2021-03-17","commitResults":[{"hash":"2d1c115d3b34a5063a3610b6ae2a34527f89c6d7","messageTitle":"Rename AddCommand to AddCustomerCommand","messageBody":"","fileTypesAndContributionMap":{"functional-code":{"insertions":3,"deletions":3},"other":{"insertions":13,"deletions":13},"test-code":{"insertions":43,"deletions":32}}},{"hash":"90e40746223eae5a76ce264e312d8ab74920c7bc","messageTitle":"Add AddOrderCommand feature","messageBody":"","fileTypesAndContributionMap":{"functional-code":{"insertions":296,"deletions":1},"test-code":{"insertions":12,"deletions":10}}},{"hash":"23ef66b7acaa12431b697770a7dc3abab44ca1d2","messageTitle":"Add AddCheeseCommand feature","messageBody":"","fileTypesAndContributionMap":{"functional-code":{"insertions":253,"deletions":11},"test-code":{"insertions":2,"deletions":2}}},{"hash":"5e0d0fccc2ed9ffde54d2a47fba13449f3592c44","messageTitle":"Rename AddCustomerCommand test cases","messageBody":"","fileTypesAndContributionMap":{"other":{"insertions":1,"deletions":1},"test-code":{"insertions":306,"deletions":312}}},{"hash":"62eedb9802788d4457835dce2b35cc87afa07a00","messageTitle":"Add AddOrderCommand test cases","messageBody":"","fileTypesAndContributionMap":{"test-code":{"insertions":152,"deletions":0}}},{"hash":"b577ef2a35440e30ed6fad068799aeb23ad9057c","messageTitle":"Add AddCheeseCommand test cases","messageBody":"","fileTypesAndContributionMap":{"test-code":{"insertions":103,"deletions":0}}},{"hash":"b8fbdf7f5b80a3341d85072404f07309d8f5f574","messageTitle":"Add ParserUtil test cases","messageBody":"","fileTypesAndContributionMap":{"test-code":{"insertions":182,"deletions":0}}},{"hash":"195c2844cd92b36d1f63a6961f9c72817bd08da0","messageTitle":"Add AddCheeseCommandParser test cases","messageBody":"Fix the cheese ID constructor to not increment, but only through factory\nmethods. This is necessary to support testability of the cheese classes,\nwhen we need to instantiate cheese stubs without incrementing the\nunderlying ID. From here on, IDs should be instantiated with the factory\nmethods.\n","fileTypesAndContributionMap":{"functional-code":{"insertions":17,"deletions":6},"test-code":{"insertions":195,"deletions":19}}},{"hash":"766be0c041db96bd079626e05adfbdcff20a49b4","messageTitle":"Add AddOrderCommandParser test cases","messageBody":"","fileTypesAndContributionMap":{"test-code":{"insertions":136,"deletions":2}}},{"hash":"9284bee75589ca5e1ed5baf1e9e7f802425e0b14","messageTitle":"Add AddCommand integration test cases with model","messageBody":"In this commit, the order ID constructor is standardized, just like\ncustomer ID and cheese ID.\n","fileTypesAndContributionMap":{"functional-code":{"insertions":21,"deletions":11},"test-code":{"insertions":99,"deletions":21}}},{"hash":"ccaa087fce3b55e725073867e6531429abc12d22","messageTitle":"Fix AddressBookParser to include AddCheese","messageBody":"","fileTypesAndContributionMap":{"functional-code":{"insertions":4,"deletions":0},"docs":{"insertions":1,"deletions":1},"test-code":{"insertions":106,"deletions":4}}},{"hash":"0fe387793b1866d7473baa67682fb3918bd5705a","messageTitle":"Quickfix integration issues","messageBody":"","fileTypesAndContributionMap":{"functional-code":{"insertions":7,"deletions":7},"test-code":{"insertions":3,"deletions":1}}}]},{"date":"2021-03-18","commitResults":[{"hash":"73da784fecc72ae5a8a06d2d0b64f2081da342d3","messageTitle":"Fix commands messages formatting and json parsing","messageBody":"","fileTypesAndContributionMap":{"functional-code":{"insertions":20,"deletions":18}}}]},{"date":"2021-03-26","commitResults":[{"hash":"44088ffb551fb3a52529190ec4aa578068940997","messageTitle":"Refactor EditCommand to EditCustomerCommand","messageBody":"","fileTypesAndContributionMap":{"functional-code":{"insertions":238,"deletions":233},"other":{"insertions":8,"deletions":7},"test-code":{"insertions":69,"deletions":71}}},{"hash":"ae0e91bf7c91142a64f2ccfc826bef354f7b75a8","messageTitle":"Add EditCheeseCommand","messageBody":"","fileTypesAndContributionMap":{"functional-code":{"insertions":271,"deletions":3},"test-code":{"insertions":2,"deletions":2}}}]},{"date":"2021-03-27","commitResults":[{"hash":"6a88ca9d0f81aba63f5a98daf8f1a4d0d8023b36","messageTitle":"Add EditOrderCommand","messageBody":"","fileTypesAndContributionMap":{"functional-code":{"insertions":289,"deletions":7}}},{"hash":"8f51d659ec462ddc0ffd1fd6fe3d20b15eb5fe1a","messageTitle":"Fix check cheese is assigned","messageBody":"","fileTypesAndContributionMap":{"functional-code":{"insertions":4,"deletions":0}}}]},{"date":"2021-03-29","commitResults":[{"hash":"d89fbf60f4b1ec89d25659bd527104e7646515b4","messageTitle":"Update UG and DG","messageBody":"","fileTypesAndContributionMap":{"functional-code":{"insertions":6,"deletions":7},"docs":{"insertions":110,"deletions":14}}}]},{"date":"2021-04-01","commitResults":[{"hash":"1e99d792880fef1c1ef0979b4005a1028447151c","messageTitle":"Update Developer Guide on Edit Commands","messageBody":"","fileTypesAndContributionMap":{"docs":{"insertions":51,"deletions":2}}},{"hash":"28b61c75b3448d598cf99e6affe0ec67e1b65af9","messageTitle":"Add Architecture diagrams to Developer Guide","messageBody":"","fileTypesAndContributionMap":{"docs":{"insertions":41,"deletions":4}}},{"hash":"2d80646fd6c254837a25e6ac24c26ea7e468f00c","messageTitle":"Update sequence diagrams","messageBody":"","fileTypesAndContributionMap":{"docs":{"insertions":7,"deletions":3}}}]},{"date":"2021-04-10","commitResults":[{"hash":"e91e53fa5273d91d024d8a026ce89c52099d1568","messageTitle":"Update quick start section in UG","messageBody":"Fix trailing whitespaces\n","fileTypesAndContributionMap":{"docs":{"insertions":17,"deletions":1}}},{"hash":"9541e28ea192a22ee15690448530e8e848c94702","messageTitle":"Add documentation links for DG","messageBody":"","fileTypesAndContributionMap":{"docs":{"insertions":8,"deletions":1}}},{"hash":"141f4d316c3d21c1e6ad9a27e93cf032439ee5b5","messageTitle":"Add Personal Portfolio Page for Aaron","messageBody":"","fileTypesAndContributionMap":{"docs":{"insertions":43,"deletions":2}}},{"hash":"235c659047aead33d746f1310fcf50f26dfa03db","messageTitle":"Change message error cheese type to contain alphanumeric characters","messageBody":"","fileTypesAndContributionMap":{"functional-code":{"insertions":2,"deletions":1}}}]}]},"authorFileTypeContributionMap":{"AhQuanz":{"docs":477,"functional-code":694,"test-code":1002},"laurenlhy":{"docs":311,"functional-code":499,"test-code":1078},"daniellau88":{"docs":208,"functional-code":2076,"test-code":1455},"weixue123":{"docs":457,"functional-code":2411,"test-code":2039,"other":7},"aaronsms":{"docs":295,"functional-code":1011,"test-code":1104}},"authorContributionVariance":{"AhQuanz":24874.139,"laurenlhy":141778.92,"daniellau88":167781.9,"weixue123":677103.4,"aaronsms":121796.6},"authorDisplayNameMap":{"AhQuanz":"CS2103-W16-2 LIM ..QUAN","laurenlhy":"CS2103-W16-2 LAUR..YING","daniellau88":"CS2103-W16-2 DANI..W EN","weixue123":"CS2103-W16-2 NG W.. XUE","aaronsms":"CS2103-W16-2 AARO..SERN"}}
