{"authorDailyContributionsMap":{"enhao25":[{"date":"2021-02-21","commitResults":[{"hash":"41385b150666a174d9b73df51e6bc5b3cb1a9bfa","messageTitle":"Add enhao readme information","messageBody":"","fileTypesAndContributionMap":{"docs":{"insertions":18,"deletions":6}}},{"hash":"864f1bea4fbc5068e2b85f552aba9bc08ff756ca","messageTitle":"Acknowledge the original source of the code","messageBody":"","fileTypesAndContributionMap":{"docs":{"insertions":1,"deletions":0}}},{"hash":"9bf38e2cd492b5b484e56dffba7acc061455f949","messageTitle":"Update readme with the new github action badge","messageBody":"","fileTypesAndContributionMap":{"docs":{"insertions":6,"deletions":1}}},{"hash":"9c2200a3727f76dd4540b4778e218d330244f9bd","messageTitle":"Resolve no new line to EOF conflict","messageBody":"","fileTypesAndContributionMap":{"docs":{"insertions":2,"deletions":2}}},{"hash":"72d9008729537e5575bbecc08e5fe137538589ae","messageTitle":"Resolve add new line to EOF problem","messageBody":"","fileTypesAndContributionMap":{"docs":{"insertions":2,"deletions":2}}}]},{"date":"2021-03-01","commitResults":[{"hash":"cc0e44754f24648365c8b8a7c8cc3a3bd512ab95","messageTitle":"Update DG based on requirements","messageBody":"","fileTypesAndContributionMap":{"docs":{"insertions":93,"deletions":18}}}]},{"date":"2021-03-04","commitResults":[{"hash":"1ad864459b89e7fd4d87b69bcd769d609c86c58b","messageTitle":"Change person to student","messageBody":"","fileTypesAndContributionMap":{"functional-code":{"insertions":311,"deletions":323},"other":{"insertions":617,"deletions":61},"docs":{"insertions":38,"deletions":38},"test-code":{"insertions":191,"deletions":197}}},{"hash":"354d923341fba08dfc00f63cfea5d431f3a7fbbd","messageTitle":"Delete half of tag from student","messageBody":"","fileTypesAndContributionMap":{"functional-code":{"insertions":14,"deletions":52},"test-code":{"insertions":9,"deletions":40}}},{"hash":"9cc4270e9b8a94f3d872a33cc21532c3bb714295","messageTitle":"Renamed unique student list","messageBody":"","fileTypesAndContributionMap":{"functional-code":{"insertions":60,"deletions":22},"other":{"insertions":25,"deletions":25},"test-code":{"insertions":103,"deletions":72}}},{"hash":"d2e8155b0455bb7e7a8edd1c5b50a5c58eacd94a","messageTitle":"Remove tag from student","messageBody":"","fileTypesAndContributionMap":{"functional-code":{"insertions":11,"deletions":32},"test-code":{"insertions":33,"deletions":108}}}]},{"date":"2021-03-05","commitResults":[{"hash":"072cc8a1154bff72cdac7041c3b9093e059ce350","messageTitle":"Remove more tag function","messageBody":"","fileTypesAndContributionMap":{"functional-code":{"insertions":3,"deletions":24},"test-code":{"insertions":0,"deletions":6}}},{"hash":"7d84f94e6b8c62120a9ca3393ed8ce124f01af93","messageTitle":"Remove more tag functionality","messageBody":"","fileTypesAndContributionMap":{"functional-code":{"insertions":0,"deletions":65},"test-code":{"insertions":0,"deletions":210}}},{"hash":"6549ec7a69b61498b70eedfa4332b0b7b4afb3eb","messageTitle":"Remove tag class and pass test","messageBody":"","fileTypesAndContributionMap":{"functional-code":{"insertions":2,"deletions":145},"test-code":{"insertions":0,"deletions":52}}},{"hash":"cf8966af2e266534f349d732c3269aa6a40373af","messageTitle":"Rename more person method or class to student","messageBody":"","fileTypesAndContributionMap":{"functional-code":{"insertions":31,"deletions":31},"other":{"insertions":31,"deletions":31},"docs":{"insertions":2,"deletions":2},"test-code":{"insertions":199,"deletions":203}}},{"hash":"337e6dba2aaaae31da4ec3002592ee8fcff77c9c","messageTitle":"Update ui person to student","messageBody":"","fileTypesAndContributionMap":{"functional-code":{"insertions":8,"deletions":8},"other":{"insertions":16,"deletions":19},"docs":{"insertions":1,"deletions":1},"test-code":{"insertions":1,"deletions":1}}},{"hash":"401da1622dc5feb61dd0bd080625c7a3222e2a5d","messageTitle":"Rename add command to add student command","messageBody":"","fileTypesAndContributionMap":{"functional-code":{"insertions":11,"deletions":18},"other":{"insertions":31,"deletions":31},"test-code":{"insertions":7,"deletions":7}}},{"hash":"021a7870e70360d02128f35c109f79883f42dbbc","messageTitle":"Rename some person to student and add correct prefix for student","messageBody":"","fileTypesAndContributionMap":{"functional-code":{"insertions":16,"deletions":17},"test-code":{"insertions":13,"deletions":13}}}]},{"date":"2021-03-07","commitResults":[{"hash":"9e853b501349e496b15598e1c1f333a315f3635b","messageTitle":"Allow the add command to handle 2 more arguments for parent phone and relationship","messageBody":"","fileTypesAndContributionMap":{"functional-code":{"insertions":108,"deletions":20},"other":{"insertions":1,"deletions":45},"test-code":{"insertions":85,"deletions":95}}},{"hash":"4924756e20b4cf60acdee87820251d492502d38c","messageTitle":"Fixed line too long violation","messageBody":"","fileTypesAndContributionMap":{"functional-code":{"insertions":12,"deletions":9}}},{"hash":"92131cdab40d94b80b1003c769afe3cc2ec44ad5","messageTitle":"Add parent phone and relationship to the UI","messageBody":"","fileTypesAndContributionMap":{"functional-code":{"insertions":6,"deletions":0}}},{"hash":"00578ae0d89924109e14210852c3699d2e279d43","messageTitle":"Refactor more person to student","messageBody":"","fileTypesAndContributionMap":{"functional-code":{"insertions":47,"deletions":47},"other":{"insertions":0,"deletions":0},"test-code":{"insertions":68,"deletions":68}}},{"hash":"2cc75b43524140c5d16f0a2d06b0412e1881f252","messageTitle":"Update import statements or line length based on checkstyle recommandation","messageBody":"","fileTypesAndContributionMap":{"functional-code":{"insertions":42,"deletions":10}}},{"hash":"5e9d62618f56083121ad36be7e45f4b007f840cb","messageTitle":"Check check style test and update the code base base on recommendation","messageBody":"","fileTypesAndContributionMap":{"test-code":{"insertions":82,"deletions":27}}},{"hash":"cb44b042606204f17c5dd9a725ff012c0c00bd63","messageTitle":"Change parent phone to guardian phone","messageBody":"","fileTypesAndContributionMap":{"functional-code":{"insertions":42,"deletions":42},"test-code":{"insertions":53,"deletions":53}}},{"hash":"f4e3385824d5a6b16c8250398e49717d54ae064a","messageTitle":"Update user guide for student","messageBody":"","fileTypesAndContributionMap":{"docs":{"insertions":31,"deletions":31}}},{"hash":"17b91f0c8e3ab41391362e8ded7c6932b17ddd02","messageTitle":"Add study level to student and pass all test case","messageBody":"","fileTypesAndContributionMap":{"functional-code":{"insertions":87,"deletions":35},"other":{"insertions":6,"deletions":11},"test-code":{"insertions":151,"deletions":98}}},{"hash":"38dd9f42d3b21c8de7908810b1a9b9c6aaffd890","messageTitle":"Add study level to UI","messageBody":"","fileTypesAndContributionMap":{"functional-code":{"insertions":3,"deletions":0}}},{"hash":"540d5a30da225f29623f9434683c7da9d70789f6","messageTitle":"Complete checkstyle test and main","messageBody":"","fileTypesAndContributionMap":{"functional-code":{"insertions":38,"deletions":9},"test-code":{"insertions":67,"deletions":10}}}]},{"date":"2021-03-09","commitResults":[{"hash":"c5fe5b8f8c1930bcd1003b2eb60ff14f9c43360f","messageTitle":"More refactoring of person to student","messageBody":"","fileTypesAndContributionMap":{"functional-code":{"insertions":38,"deletions":38},"test-code":{"insertions":128,"deletions":128}}},{"hash":"a2a0dc9bfe9e53a044d912b20e90c09ce5f8d6c2","messageTitle":"More refactoring of person to student","messageBody":"","fileTypesAndContributionMap":{"functional-code":{"insertions":4,"deletions":4},"test-code":{"insertions":37,"deletions":37}}},{"hash":"547692ff3248117f0fde255a58f6326f900de4e3","messageTitle":"Complete all refactoring of person to student on .java files","messageBody":"","fileTypesAndContributionMap":{"functional-code":{"insertions":7,"deletions":7},"other":{"insertions":1,"deletions":1},"docs":{"insertions":34,"deletions":34},"test-code":{"insertions":8,"deletions":8}}},{"hash":"fb40b02add503e38fb6be319211a2d32316c6e20","messageTitle":"Update command for find, list, edit and delete to its student counterpart","messageBody":"","fileTypesAndContributionMap":{"functional-code":{"insertions":12,"deletions":12},"other":{"insertions":137,"deletions":132},"test-code":{"insertions":29,"deletions":28}}},{"hash":"5c63d66be10f9684adf1ad5f8117252303e92894","messageTitle":"Made changes based on comments","messageBody":"","fileTypesAndContributionMap":{"docs":{"insertions":25,"deletions":25},"test-code":{"insertions":8,"deletions":8}}}]},{"date":"2021-03-10","commitResults":[{"hash":"ad62355d0063824503eba5aa022cd99ef1cfe490","messageTitle":"Update UG hyperlink and ensure that it has _","messageBody":"","fileTypesAndContributionMap":{"docs":{"insertions":76,"deletions":81}}},{"hash":"b525a1c9ca9129885b45d07f746d0b5bb13a4a27","messageTitle":"Resolve weird space bug in UG","messageBody":"","fileTypesAndContributionMap":{"docs":{"insertions":69,"deletions":64}}},{"hash":"25efe87db1cc8ad7782edc7df62a9b4b5b7f263e","messageTitle":"Change find_student to find_session","messageBody":"","fileTypesAndContributionMap":{"docs":{"insertions":1,"deletions":1}}}]},{"date":"2021-03-14","commitResults":[{"hash":"3055e5fdbfde7ab2f5081af23f8ba38bf3b87af5","messageTitle":"Update regex to follow singapore phone number format","messageBody":"","fileTypesAndContributionMap":{"functional-code":{"insertions":3,"deletions":2},"test-code":{"insertions":20,"deletions":18}}},{"hash":"cb1cd1f14a96bb26cae9e6cd390c37125f7994a8","messageTitle":"Change message to state that phone number must be exactly 8 digit long","messageBody":"","fileTypesAndContributionMap":{"functional-code":{"insertions":1,"deletions":1}}},{"hash":"237af51ed47322e0281a0e039a6a0b938e59564a","messageTitle":"Update phone test with long phone numbers that starts with 6, 8 and 9","messageBody":"","fileTypesAndContributionMap":{"test-code":{"insertions":6,"deletions":3}}},{"hash":"9d98abdf4b1a5f1a16257b873f7f866c8751c5e8","messageTitle":"Add column design to UI","messageBody":"","fileTypesAndContributionMap":{"functional-code":{"insertions":7,"deletions":0}}},{"hash":"e0c1f5ba51eae247846a6764016fda408a48c977","messageTitle":"Temp result from updating session halfway","messageBody":"","fileTypesAndContributionMap":{"functional-code":{"insertions":128,"deletions":0}}}]},{"date":"2021-03-15","commitResults":[{"hash":"e3ac873995a4717000691436fb8778c2d09e5a5b","messageTitle":"Revert \"Temp result from updating session halfway\"","messageBody":"This reverts commit e0c1f5ba51eae247846a6764016fda408a48c977.\n","fileTypesAndContributionMap":{"functional-code":{"insertions":0,"deletions":128}}},{"hash":"677bb8d8aeac7feede59753141d51ec5fd9cb43e","messageTitle":"Add in todo comment for studentListPanel to sessionListPanel","messageBody":"","fileTypesAndContributionMap":{"functional-code":{"insertions":2,"deletions":1}}}]},{"date":"2021-03-16","commitResults":[{"hash":"579a541e12e567f40a131ff1619a467dbfd1eb91","messageTitle":"Update UserGuide.md","messageBody":"","fileTypesAndContributionMap":{"docs":{"insertions":1,"deletions":1}}}]},{"date":"2021-03-17","commitResults":[{"hash":"204041c69be9188c18b7390264daeac8f0db4ed6","messageTitle":"Update find student UG","messageBody":"","fileTypesAndContributionMap":{"docs":{"insertions":10,"deletions":6}}},{"hash":"14bc437f1e1a82ebca94e4d1a329e5bad636c8c1","messageTitle":"Remove fullstops in the bullet points for find student","messageBody":"","fileTypesAndContributionMap":{"docs":{"insertions":4,"deletions":4}}},{"hash":"3e7c4e9bc326897e8bf67892d4361d866db6a980","messageTitle":"Update email UG and standards to using examples instead of example","messageBody":"","fileTypesAndContributionMap":{"docs":{"insertions":9,"deletions":7}}}]},{"date":"2021-03-18","commitResults":[{"hash":"e1ce70c9aabf8f458001e5298f7fbe1dffbe04c2","messageTitle":"Update delete_session command bug","messageBody":"","fileTypesAndContributionMap":{"docs":{"insertions":1,"deletions":1}}},{"hash":"1fdbd77e890aec2f531fb53f2afce28ae052acfb","messageTitle":"Update email wording and add delete student and emails into the TOC","messageBody":"","fileTypesAndContributionMap":{"docs":{"insertions":5,"deletions":3}}}]},{"date":"2021-03-22","commitResults":[{"hash":"da5d0ff85091e8e38b6a57103f68b480cf0940e8","messageTitle":"Update UG to include monthly fee command","messageBody":"","fileTypesAndContributionMap":{"docs":{"insertions":22,"deletions":1}}},{"hash":"f6d6c84b3a5f1e6d0438fe3ed32e36a7b44b3790","messageTitle":"Update UG error","messageBody":"","fileTypesAndContributionMap":{"docs":{"insertions":2,"deletions":2}}}]},{"date":"2021-03-23","commitResults":[{"hash":"53181dd1257d46d8e3a1bbeb2076028b2211121b","messageTitle":"Add assertions as per requirement","messageBody":"","fileTypesAndContributionMap":{"other":{"insertions":4,"deletions":0}}},{"hash":"0ec1ab71dd0128a22a0c1aac5293c251dd772afd","messageTitle":"Update UG as per comment","messageBody":"","fileTypesAndContributionMap":{"docs":{"insertions":2,"deletions":2}}}]},{"date":"2021-03-24","commitResults":[{"hash":"40eff88179fb45ed80c5b63f77d3ad83a931d78b","messageTitle":"Update DG with add student command and update logic image","messageBody":"","fileTypesAndContributionMap":{"docs":{"insertions":75,"deletions":29}}},{"hash":"32d7b96429b31dfc2d2bdbf33ad4281692c6e49f","messageTitle":"Update DG","messageBody":"","fileTypesAndContributionMap":{"docs":{"insertions":5,"deletions":3}}},{"hash":"cc9371a98307ae526f374c49344e9d0568b9eb49","messageTitle":"Update delete student sequence to the correct version","messageBody":"","fileTypesAndContributionMap":{"docs":{"insertions":98,"deletions":29}}},{"hash":"ea38b524b42513192bff51217b34a5b21637641f","messageTitle":"Add new line to delete sequence diagram","messageBody":"","fileTypesAndContributionMap":{"docs":{"insertions":1,"deletions":1}}},{"hash":"1f51f66b932d9f0adaf1bd6d1687b3e6e7d60f86","messageTitle":"Update DG to follow jonah style","messageBody":"","fileTypesAndContributionMap":{"docs":{"insertions":2,"deletions":2}}},{"hash":"93d3b016cd424fbff07b0ebe17f2089ba95a7cb0","messageTitle":"For release","messageBody":"","fileTypesAndContributionMap":{"functional-code":{"insertions":1,"deletions":1},"other":{"insertions":2,"deletions":2}}},{"hash":"d6f20e11f368890d442b44e31cac4a87de5edf70","messageTitle":"Remove accident word","messageBody":"","fileTypesAndContributionMap":{"other":{"insertions":1,"deletions":1}}},{"hash":"563b8cd66d29d145c4beb6c31908b573652b24fd","messageTitle":"Update base on jonah recommendation","messageBody":"","fileTypesAndContributionMap":{"docs":{"insertions":2,"deletions":2}}},{"hash":"ceacdd0e6dcf58d1498440894aac45938d71a155","messageTitle":"Update DG base on samuel comment","messageBody":"","fileTypesAndContributionMap":{"docs":{"insertions":5,"deletions":4}}},{"hash":"303bb660ae68c81460e984b997c370b68e837fba","messageTitle":"Change order for 7 and 8","messageBody":"","fileTypesAndContributionMap":{"docs":{"insertions":2,"deletions":2}}}]}],"JonahhGohh":[{"date":"2021-02-28","commitResults":[{"hash":"14b01d03f5f6bda86dddca18e23f4934713c3aa6","messageTitle":"Add Jonah Goh to AboutUs and Portfolio","messageBody":"","fileTypesAndContributionMap":{"docs":{"insertions":19,"deletions":53}}}]},{"date":"2021-03-03","commitResults":[{"hash":"49a8b8d8e1b346d18aecb5c4427349694a57f434","messageTitle":"Update developer guide to include user stories","messageBody":"Add minor formatting changes to the DG\n","fileTypesAndContributionMap":{"docs":{"insertions":12,"deletions":11}}},{"hash":"a396477069bfee09789f1150aa9e8cbd0821a6aa","messageTitle":"Update Developer Guide","messageBody":"Add 1 NFR\nCorrect user stories\nUpdate Glossary\n","fileTypesAndContributionMap":{"docs":{"insertions":12,"deletions":10}}}]},{"date":"2021-03-07","commitResults":[{"hash":"7768346a85b76dbe485f200a258ced4c29a6ed29","messageTitle":"Add Session class to TutorBuddy","messageBody":"","fileTypesAndContributionMap":{"functional-code":{"insertions":168,"deletions":0},"test-code":{"insertions":69,"deletions":0}}}]},{"date":"2021-03-08","commitResults":[{"hash":"ea6d4d01a3c5feb69b54b02cab05a57ea65865d1","messageTitle":"Fix checkstyle issues","messageBody":"","fileTypesAndContributionMap":{"functional-code":{"insertions":2,"deletions":2},"test-code":{"insertions":0,"deletions":6}}}]},{"date":"2021-03-09","commitResults":[{"hash":"035e347aafe342d2cd65cdc1a1b0d6c04e4f302c","messageTitle":"Add regex validation and test cases","messageBody":"Add regex validation for Duration and Fee classes\nAdd test cases for session package\n","fileTypesAndContributionMap":{"functional-code":{"insertions":48,"deletions":17},"other":{"insertions":3,"deletions":3},"test-code":{"insertions":139,"deletions":1}}},{"hash":"9c1a4291b95d093d29efd79b3a4a1011bc211028","messageTitle":"Update IllegalArgumentException class to Session Exception","messageBody":"","fileTypesAndContributionMap":{"functional-code":{"insertions":3,"deletions":3},"other":{"insertions":3,"deletions":3},"test-code":{"insertions":26,"deletions":26}}}]},{"date":"2021-03-10","commitResults":[{"hash":"3d11f2fab8f641e5dab7b4d81e8a7b157146e706","messageTitle":"Add 2 test cases to check for incorrect time formats","messageBody":"","fileTypesAndContributionMap":{"test-code":{"insertions":2,"deletions":0}}}]},{"date":"2021-03-15","commitResults":[{"hash":"afd413271d729c4423075b61543495bf61c54b07","messageTitle":"Add AddSessionCommand to TutorBuddy","messageBody":"Error handling in AddressBook class for student not found not done yet\n","fileTypesAndContributionMap":{"functional-code":{"insertions":264,"deletions":8}}},{"hash":"e17ba3a232c68b14709127121d906c29dd88dbd1","messageTitle":"Fix error throwing issue if no student found in UniqueStudentList","messageBody":"","fileTypesAndContributionMap":{"functional-code":{"insertions":103,"deletions":23}}},{"hash":"eb1e4ca5619367b3535b5ac41d8998ca29e53b2a","messageTitle":"Fix checkstyle errors and add test cases for SessionDate class","messageBody":"","fileTypesAndContributionMap":{"functional-code":{"insertions":11,"deletions":17},"test-code":{"insertions":35,"deletions":2}}},{"hash":"53a9c148e24002a47353e4c196092333d3464d46","messageTitle":"Add test cases for UniqueStudentList","messageBody":"","fileTypesAndContributionMap":{"functional-code":{"insertions":5,"deletions":5},"test-code":{"insertions":39,"deletions":0}}},{"hash":"e75933f44339a51bde5dd924f6e7b885507642f5","messageTitle":"Add more test cases for ModelManager and AddressBook","messageBody":"","fileTypesAndContributionMap":{"functional-code":{"insertions":6,"deletions":5},"test-code":{"insertions":105,"deletions":3}}},{"hash":"60db3ecd8e6bd4bd5dcac46c7570c111cf2bdee8","messageTitle":"Fix checkstyle error","messageBody":"","fileTypesAndContributionMap":{"test-code":{"insertions":30,"deletions":36}}},{"hash":"835b08fbffdaeb51be7da57bc4f9a7e55803373b","messageTitle":"Comment out storage failing test cases for AddressBookTest","messageBody":"","fileTypesAndContributionMap":{"test-code":{"insertions":30,"deletions":30}}}]},{"date":"2021-03-16","commitResults":[{"hash":"d75252fd0238781a2de889364644d8f805c75dce","messageTitle":"Update example for add session","messageBody":"","fileTypesAndContributionMap":{"functional-code":{"insertions":2,"deletions":2}}},{"hash":"131ce9fce6ee1389d7e0fb3e144161c168b30229","messageTitle":"Update User Guide and remove storage affected test cases to pass CI","messageBody":"","fileTypesAndContributionMap":{"docs":{"insertions":8,"deletions":8},"test-code":{"insertions":18,"deletions":18}}},{"hash":"6799588e3c5250898a72a1b451e5f7d3827fe1ea","messageTitle":"Fix checkstyle error","messageBody":"","fileTypesAndContributionMap":{"test-code":{"insertions":15,"deletions":16}}},{"hash":"1e3d62b8069c917c101a276006f3640d82a74064","messageTitle":"Fix checkstyle and address book test cases error","messageBody":"The address book test case error happens because of the test cases in\nthe ModelManagerTest, AddressBookTest and UniqueStudentListTest classes.\nNo changes to Storage tests were made\n","fileTypesAndContributionMap":{"test-code":{"insertions":53,"deletions":52}}}]},{"date":"2021-03-17","commitResults":[{"hash":"f91e17bb2fbbb185d6ce4375ff0aaa8712737629","messageTitle":"Add test cases for add session commands","messageBody":"","fileTypesAndContributionMap":{"test-code":{"insertions":16,"deletions":0}}},{"hash":"c15435ebd07eef9f336dd41f8263340b4ab8fe39","messageTitle":"Change validation of session to look for all sessions","messageBody":"","fileTypesAndContributionMap":{"functional-code":{"insertions":20,"deletions":16},"test-code":{"insertions":1,"deletions":1}}},{"hash":"cc2dc654ceacbe8a08e220447b4615b9941d8ee4","messageTitle":"Remove unwanted comment","messageBody":"","fileTypesAndContributionMap":{"functional-code":{"insertions":0,"deletions":2}}}]},{"date":"2021-03-18","commitResults":[{"hash":"b27434a462920ad0b1cd1f5a11b3f04f6ff8051f","messageTitle":"Minor code quality improvements","messageBody":"","fileTypesAndContributionMap":{"functional-code":{"insertions":13,"deletions":9}}}]},{"date":"2021-03-20","commitResults":[{"hash":"bdb7b5bb165567b7c84afd8d4417aad29db5b30d","messageTitle":"Add test cases for AddSessionCommand","messageBody":"","fileTypesAndContributionMap":{"functional-code":{"insertions":6,"deletions":1},"test-code":{"insertions":224,"deletions":98}}},{"hash":"5664bd18821f2ecc04b1734a42fabaf658d39344","messageTitle":"Remove buggy test case","messageBody":"Remove test case due to poor testability\n","fileTypesAndContributionMap":{"test-code":{"insertions":0,"deletions":23}}},{"hash":"7cdcc3c087a4ee463fc003b953544a622696847c","messageTitle":"Fix checkstyle errors","messageBody":"","fileTypesAndContributionMap":{"test-code":{"insertions":0,"deletions":2}}}]},{"date":"2021-03-21","commitResults":[{"hash":"11ab9e33d5ea123d9d06d923a543d94845a89a3c","messageTitle":"Add comments to AddSessionCommandTest to improve clarity","messageBody":"","fileTypesAndContributionMap":{"test-code":{"insertions":6,"deletions":0}}}]},{"date":"2021-03-22","commitResults":[{"hash":"18681ce39e3ddfc2f6087dabf48a183e3ab3a2b3","messageTitle":"Update buggy javadoc comments","messageBody":"","fileTypesAndContributionMap":{"functional-code":{"insertions":15,"deletions":14}}},{"hash":"19d8cf71bad34cd7d5c9ada728cbe1947df0e7e0","messageTitle":"Improve message output to user","messageBody":"","fileTypesAndContributionMap":{"functional-code":{"insertions":16,"deletions":4}}},{"hash":"6a5439722d74d95b9bc280aa8f5dcd20ac8fd767","messageTitle":"Update errors in javadoc comments","messageBody":"","fileTypesAndContributionMap":{"functional-code":{"insertions":3,"deletions":3}}},{"hash":"918a86e8ba4635ecb545c97aa435f1010ab62fd3","messageTitle":"Fix parseDateTime method in ParserUtil class","messageBody":"Change usage of variables\n","fileTypesAndContributionMap":{"functional-code":{"insertions":2,"deletions":2}}}]},{"date":"2021-03-24","commitResults":[{"hash":"74b7ee51f096bc6a1791a48986f4f3d09e24985b","messageTitle":"Fix checkstyle issues","messageBody":"","fileTypesAndContributionMap":{"functional-code":{"insertions":2,"deletions":1}}},{"hash":"3d3ed304ed009e100cee31d4596222fa2c093d8b","messageTitle":"Add add session feature in DG","messageBody":"","fileTypesAndContributionMap":{"docs":{"insertions":121,"deletions":0}}},{"hash":"fae8e95928e151ebd3c2997e0147b6069cea2931","messageTitle":"Fix EOL file error","messageBody":"","fileTypesAndContributionMap":{"docs":{"insertions":1,"deletions":1}}},{"hash":"8f42fb66d55d50651d4a1ae2f5e5ad6ce0e8eb8a","messageTitle":"Update DG to fix bugs and add assertion","messageBody":"","fileTypesAndContributionMap":{"functional-code":{"insertions":3,"deletions":0},"docs":{"insertions":5,"deletions":5}}},{"hash":"612c8b364e9ab035b7abdb0da3f87d0b4058e9b0","messageTitle":"Update file names to follow standard","messageBody":"","fileTypesAndContributionMap":{"docs":{"insertions":1,"deletions":1}}}]}],"samleewy":[{"date":"2021-02-28","commitResults":[{"hash":"f8df77d2486aa9bd508fc446c4191ae5084e84ca","messageTitle":"Add Samuel AboutUs and Portfolio","messageBody":"","fileTypesAndContributionMap":{"docs":{"insertions":41,"deletions":6}}},{"hash":"38de237acfec25ac38e78e7f502ade9893813944","messageTitle":"Update UG for TutorBuddy","messageBody":"","fileTypesAndContributionMap":{"docs":{"insertions":130,"deletions":117}}},{"hash":"20c50babdb0408dd317bf2890356f0e6a6d16f53","messageTitle":"Update links for TOC","messageBody":"","fileTypesAndContributionMap":{"docs":{"insertions":15,"deletions":15}}},{"hash":"11e409d9d334c98398cb56674d39069720fd4798","messageTitle":"Fix # render bug in UG","messageBody":"","fileTypesAndContributionMap":{"docs":{"insertions":1,"deletions":1}}},{"hash":"4449d9b39576b90fa9a607e36840eca8fafe32df","messageTitle":"Remove trailing whitespaces for portfolio","messageBody":"","fileTypesAndContributionMap":{"docs":{"insertions":8,"deletions":8}}},{"hash":"6f49caa8a70ec62ba41ff8a4a5cfb495bbf4e41b","messageTitle":"Fix EOF error on portfolio","messageBody":"","fileTypesAndContributionMap":{"docs":{"insertions":1,"deletions":1}}}]},{"date":"2021-03-14","commitResults":[{"hash":"bca028024d58d8c39595124180d28cbeb786e2dd","messageTitle":"Amendments to UG, landing page (index) and README","messageBody":"","fileTypesAndContributionMap":{"docs":{"insertions":30,"deletions":34}}},{"hash":"2fdc1e926c58b19a1c43cb91d1220089dcc1bac5","messageTitle":"Add emails command","messageBody":"","fileTypesAndContributionMap":{"functional-code":{"insertions":45,"deletions":0}}},{"hash":"6aa1e58edba0721d76dc9bef3fd01c412c2d69f3","messageTitle":"Restore find_session example","messageBody":"","fileTypesAndContributionMap":{"docs":{"insertions":1,"deletions":0}}}]},{"date":"2021-03-15","commitResults":[{"hash":"f58e10e4785023fe630a0250a9ef3ebe672bb857","messageTitle":"Remove commented out commands to fix format issue","messageBody":"","fileTypesAndContributionMap":{"docs":{"insertions":1,"deletions":2}}},{"hash":"6c0d554494669a9128b054b467c3b6050519aca0","messageTitle":"Minor re-arrangement of codes","messageBody":"","fileTypesAndContributionMap":{"functional-code":{"insertions":1,"deletions":1}}},{"hash":"42ecb1f01055736fcf326dd29c27e49c9fc2fbc9","messageTitle":"Add test cases for email command","messageBody":"","fileTypesAndContributionMap":{"test-code":{"insertions":39,"deletions":0}}},{"hash":"a0b4ca31b66fd2cddfe586b2cbcd2037c7c3d839","messageTitle":"Minor amendment to test case for email","messageBody":"","fileTypesAndContributionMap":{"test-code":{"insertions":2,"deletions":1}}},{"hash":"2deeaa90fd9d7df48f4fbb8583520f8c102edbef","messageTitle":"Added comments to email command codes","messageBody":"","fileTypesAndContributionMap":{"functional-code":{"insertions":4,"deletions":2},"test-code":{"insertions":3,"deletions":0}}}]},{"date":"2021-03-16","commitResults":[{"hash":"af4564a46ad028c325cb29d2df3a67dee40f79d9","messageTitle":"Attempt #2 to fix example commands","messageBody":"","fileTypesAndContributionMap":{"docs":{"insertions":3,"deletions":3}}},{"hash":"2e4b2f14a494dc3b8c882a81a4029fd6b8f53b7b","messageTitle":"Changed variable names for email command","messageBody":"","fileTypesAndContributionMap":{"functional-code":{"insertions":2,"deletions":2},"test-code":{"insertions":7,"deletions":4}}},{"hash":"d2b5ad0166ca77aa6bddb5a3a524d98a0d44dc62","messageTitle":"Rectify discrepancies in user guide for command summary","messageBody":"","fileTypesAndContributionMap":{"docs":{"insertions":2,"deletions":2}}}]},{"date":"2021-03-17","commitResults":[{"hash":"e45854601452db039fb5cdef5f11b964f771f51e","messageTitle":"WIP Session UI (80% done)","messageBody":"","fileTypesAndContributionMap":{"functional-code":{"insertions":13,"deletions":2}}},{"hash":"92d5956867d300703e5d39229f29ac1b802aea8f","messageTitle":"Modified UG to include email command","messageBody":"","fileTypesAndContributionMap":{"docs":{"insertions":17,"deletions":0}}},{"hash":"8b5fa96f4f4f2072f1608773dcc4100eeded8fe9","messageTitle":"json tryout","messageBody":"","fileTypesAndContributionMap":{"functional-code":{"insertions":128,"deletions":5},"test-code":{"insertions":8,"deletions":8}}},{"hash":"9a140e6704ce4c07e6c2a2a55a7aa6eb689318e5","messageTitle":"Delete session \u0026 session storage features","messageBody":"","fileTypesAndContributionMap":{"functional-code":{"insertions":91,"deletions":31},"test-code":{"insertions":112,"deletions":22}}},{"hash":"17092648b54617270d3974775f0d140e03cbea0b","messageTitle":"Fix delete session doesn\u0027t update listview issue","messageBody":"","fileTypesAndContributionMap":{"functional-code":{"insertions":1,"deletions":1},"test-code":{"insertions":1,"deletions":2}}},{"hash":"ba24f0882cd5c94aa2a1900c749a5e670571a6a3","messageTitle":"Fix delete_session deletes student bug","messageBody":"","fileTypesAndContributionMap":{"functional-code":{"insertions":14,"deletions":1}}},{"hash":"ddbd1edb3a05360f2f633366ccf85443708e0cce","messageTitle":"Hide session in Student\u0027s toString() if none","messageBody":"","fileTypesAndContributionMap":{"functional-code":{"insertions":6,"deletions":3}}},{"hash":"f7b02b5f8f3a53f85b49f9e64245ac7748450f1c","messageTitle":"Amended codebase with comments from PR#73","messageBody":"","fileTypesAndContributionMap":{"functional-code":{"insertions":5,"deletions":6},"test-code":{"insertions":2,"deletions":17}}}]},{"date":"2021-03-24","commitResults":[{"hash":"0b0a0f0635c125df0e88111854eb24d4614c0c2b","messageTitle":"Add DG for email command","messageBody":"","fileTypesAndContributionMap":{"docs":{"insertions":96,"deletions":0}}},{"hash":"540fa2d1694dbf688f21052e41a0404803675dfd","messageTitle":"Amendments to email command activity diagram","messageBody":"","fileTypesAndContributionMap":{"docs":{"insertions":1,"deletions":1}}}]},{"date":"2021-03-25","commitResults":[{"hash":"5303e0c556e9c5646bfd965794313ca6b038a41b","messageTitle":"Fixed email command bug, together with test cases and assertions","messageBody":"","fileTypesAndContributionMap":{"functional-code":{"insertions":9,"deletions":1},"test-code":{"insertions":8,"deletions":0}}},{"hash":"85fb1df3040772e4ccac66cd5ceabb5ea5882de6","messageTitle":"Remove double semicolon typo","messageBody":"","fileTypesAndContributionMap":{"test-code":{"insertions":1,"deletions":1}}},{"hash":"cd689725a921f332ebbee1488a7ee64235c5ad39","messageTitle":"Fixed Student/SessionBuilder bug","messageBody":"","fileTypesAndContributionMap":{"test-code":{"insertions":23,"deletions":12}}},{"hash":"fd35c8e075156a706e19950fd3702941d9492235","messageTitle":"Remove debugging lines","messageBody":"","fileTypesAndContributionMap":{"test-code":{"insertions":1,"deletions":3}}},{"hash":"3de57c6723e0abc99923190675979bd835912a11","messageTitle":"Remove unnecessary imports","messageBody":"","fileTypesAndContributionMap":{"test-code":{"insertions":0,"deletions":1}}},{"hash":"0bdca807e98dd6d9ba083e2b025e8c13c9bf277a","messageTitle":"Fix indentation of TypicalStudents","messageBody":"","fileTypesAndContributionMap":{"test-code":{"insertions":6,"deletions":6}}}]}],"nowknowing":[{"date":"2021-02-28","commitResults":[{"hash":"71a9c3a270e6d41900ee3261959382859ba0bb29","messageTitle":"Add ReadMe responsibility for Shion.","messageBody":"","fileTypesAndContributionMap":{"docs":{"insertions":17,"deletions":5}}},{"hash":"55ab676ea44eb6e4dd98c2e1204b240418cab2cf","messageTitle":"Edit README to match team project","messageBody":"","fileTypesAndContributionMap":{"docs":{"insertions":7,"deletions":12}}},{"hash":"6a1cae4595ab32886aceed2a9c498996abc41a88","messageTitle":"Add new line","messageBody":"","fileTypesAndContributionMap":{"docs":{"insertions":1,"deletions":1}}}]},{"date":"2021-03-14","commitResults":[{"hash":"cb8bbb818d5f1dc47b7dadbbe5abfffea3b30b2b","messageTitle":"Change help UserGuideLink to TutorBuddy","messageBody":"","fileTypesAndContributionMap":{"functional-code":{"insertions":1,"deletions":1}}},{"hash":"31d8c42b3df0e870470f649978d3b6c439bac21a","messageTitle":"Change userguide link to TutorBuddy\u0027s","messageBody":"","fileTypesAndContributionMap":{"functional-code":{"insertions":1,"deletions":1}}}]},{"date":"2021-03-15","commitResults":[{"hash":"5f3033b20a21b5812b12035bb9430556ab326b2e","messageTitle":"Add deletesession parser, test class. Comand execution undone.","messageBody":"","fileTypesAndContributionMap":{"functional-code":{"insertions":70,"deletions":0},"test-code":{"insertions":25,"deletions":0}}}]},{"date":"2021-03-16","commitResults":[{"hash":"8efb03c1593bd72f20f00b0341c7c9bca72fa538","messageTitle":"Delete SessionException, change tests. Add DeleteSessionCommand and tests.","messageBody":"","fileTypesAndContributionMap":{"functional-code":{"insertions":98,"deletions":33},"test-code":{"insertions":204,"deletions":36}}},{"hash":"d2248bc778fc8c38def926693af34347cbe894dc","messageTitle":"parseError","messageBody":"","fileTypesAndContributionMap":{"functional-code":{"insertions":25,"deletions":12},"test-code":{"insertions":5,"deletions":3}}},{"hash":"0ce568c3d842d818bfb2fda859745d03a98bc74d","messageTitle":"Editting","messageBody":"","fileTypesAndContributionMap":{"functional-code":{"insertions":4,"deletions":1}}},{"hash":"5ab4d8f967fc852adb4e167e4a82bf5c8522dac4","messageTitle":"Fix bug","messageBody":"","fileTypesAndContributionMap":{"functional-code":{"insertions":1,"deletions":1}}},{"hash":"23b49ac0b4672a71feef2f46b6564b1ba578aa96","messageTitle":"Fix Bug. Session.toString still unfixed","messageBody":"","fileTypesAndContributionMap":{"functional-code":{"insertions":6,"deletions":6}}},{"hash":"21feeed68948c352b9d6ecfb082adeced22f19c4","messageTitle":"Bugs fixed. except checkstyle","messageBody":"","fileTypesAndContributionMap":{"functional-code":{"insertions":24,"deletions":4}}},{"hash":"a05335aeb6c746010af1a4191bda3a1ded0c4cba","messageTitle":"Fix CI bugs","messageBody":"","fileTypesAndContributionMap":{"functional-code":{"insertions":8,"deletions":6}}},{"hash":"856dcf36b3c49a98ebb03a8782fcfb9ff01a761b","messageTitle":"Debug","messageBody":"","fileTypesAndContributionMap":{"functional-code":{"insertions":0,"deletions":2}}},{"hash":"ed284dc907a03bceba8a3c823a043ba768551676","messageTitle":"Debug Checkstyle","messageBody":"","fileTypesAndContributionMap":{"functional-code":{"insertions":15,"deletions":5}}},{"hash":"726e9ae17fe4fd77e7a8241c61cab8fe4c68dbb4","messageTitle":"CHeckstyle","messageBody":"","fileTypesAndContributionMap":{"functional-code":{"insertions":3,"deletions":3}}},{"hash":"7f22db0c11d4cfce06a810518fb27a81fb5035ee","messageTitle":"Checkstyle","messageBody":"","fileTypesAndContributionMap":{"test-code":{"insertions":13,"deletions":14}}},{"hash":"ea354629625555511995276aef31b341985da713","messageTitle":"Failing test. cannot get studentWithSession","messageBody":"","fileTypesAndContributionMap":{"test-code":{"insertions":2,"deletions":1}}},{"hash":"16d0e12e8b49f7ef18e35e00eb31ece18ad63b00","messageTitle":"Commented out test as studentWithSession does not have session","messageBody":"","fileTypesAndContributionMap":{"test-code":{"insertions":32,"deletions":34}}},{"hash":"28210ab4babf5d3b207553d3c8d14c59aff7fd32","messageTitle":"Remove session in typical student","messageBody":"","fileTypesAndContributionMap":{"test-code":{"insertions":22,"deletions":21}}},{"hash":"e99d2f562e90ce51fa551969d94d78ea8c4e5c93","messageTitle":"fixed Michigan typo in json","messageBody":"","fileTypesAndContributionMap":{"test-code":{"insertions":1,"deletions":1}}}]},{"date":"2021-03-17","commitResults":[{"hash":"ef15efac44b321a3be96e8b0a699b53d072fab59","messageTitle":"Add switch. Debug zeroIndex to OneIndex","messageBody":"","fileTypesAndContributionMap":{"functional-code":{"insertions":5,"deletions":12}}},{"hash":"fcc7298d5ea58ada99a31895508f2f61bb24bcba","messageTitle":"wildcard inport fix","messageBody":"","fileTypesAndContributionMap":{"functional-code":{"insertions":12,"deletions":1}}},{"hash":"d26365dfac9ad2adf40634a325eef934b85a8ee6","messageTitle":"Order fix. imports.","messageBody":"","fileTypesAndContributionMap":{"functional-code":{"insertions":1,"deletions":1}}},{"hash":"495071b37c03c7e78f07c4f723a64f673eec0e7c","messageTitle":"EditStudentBuikder to include sessions. Uncomment session added to Typical Student","messageBody":"","fileTypesAndContributionMap":{"functional-code":{"insertions":1,"deletions":0},"test-code":{"insertions":10,"deletions":7}}},{"hash":"cbbf2b519bec93df6b82e511d336a56aad0663de","messageTitle":"Student: addSessions method added StudentBuilder add javadoc","messageBody":"","fileTypesAndContributionMap":{"functional-code":{"insertions":12,"deletions":1},"test-code":{"insertions":30,"deletions":23}}},{"hash":"2314458d2f992f07bad323102446c4107b007216","messageTitle":"Comment out 2/3 DeleteSessionCommand test.","messageBody":"","fileTypesAndContributionMap":{"functional-code":{"insertions":1,"deletions":1},"test-code":{"insertions":6,"deletions":7}}}]}],"yungweezy":[{"date":"2021-02-28","commitResults":[{"hash":"8b9b4dafad9e1c9365bd58b35120a9ac9ee280f0","messageTitle":"Add choonwei readme and profile","messageBody":"","fileTypesAndContributionMap":{"docs":{"insertions":18,"deletions":6}}},{"hash":"67b126dc8d1296301f7226d16a6e0d17b4d4fe18","messageTitle":"Revert \"Add choonwei readme and profile\"","messageBody":"This reverts commit 8b9b4dafad9e1c9365bd58b35120a9ac9ee280f0.\n","fileTypesAndContributionMap":{"docs":{"insertions":6,"deletions":18}}}]},{"date":"2021-03-08","commitResults":[{"hash":"72717bceb559c1caf74dee758d5fde9f533a1b3b","messageTitle":"Add proposed changes to NFRs","messageBody":"","fileTypesAndContributionMap":{"docs":{"insertions":22,"deletions":12}}},{"hash":"fdb853bd9b0380fb250d86204970dba2bfa90d6c","messageTitle":"Update DG based on feedbacks","messageBody":"","fileTypesAndContributionMap":{"docs":{"insertions":3,"deletions":3}}},{"hash":"84202ac255b4e77c1c566afd9582ae1d91f805f6","messageTitle":"Fix a grammatical error","messageBody":"","fileTypesAndContributionMap":{"docs":{"insertions":1,"deletions":1}}}]},{"date":"2021-03-10","commitResults":[{"hash":"e6e255a4279013e431931a88c4f4ba02d5f857d7","messageTitle":"Revert \"Revert \"Add choonwei readme and profile\"\"","messageBody":"This reverts commit 67b126dc8d1296301f7226d16a6e0d17b4d4fe18.\n","fileTypesAndContributionMap":{"docs":{"insertions":18,"deletions":6}}}]},{"date":"2021-03-13","commitResults":[{"hash":"604bd16ecd9293c4bd58c9e4a263cfff220823a7","messageTitle":"Add list of sessions to each student.","messageBody":"","fileTypesAndContributionMap":{"functional-code":{"insertions":45,"deletions":1}}},{"hash":"b5c8162e99f6a61bc8d1e5b81abc4e5fb9be3597","messageTitle":"Update StudentBuilder to allow adding sessions.","messageBody":"","fileTypesAndContributionMap":{"functional-code":{"insertions":12,"deletions":12},"test-code":{"insertions":49,"deletions":12}}},{"hash":"661c4b80c8fe07d5c39f152302dfdf1d8590905d","messageTitle":"Fix checkstyle errors.","messageBody":"","fileTypesAndContributionMap":{"test-code":{"insertions":3,"deletions":3}}}]},{"date":"2021-03-16","commitResults":[{"hash":"cc6ad33c00349b9c981b9ecf86e26f78a6203053","messageTitle":"Fix user guide merge conflict bug.","messageBody":"","fileTypesAndContributionMap":{"docs":{"insertions":0,"deletions":7}}}]},{"date":"2021-03-17","commitResults":[{"hash":"63d67b5fa8853006a81e13030f30443c932f82e8","messageTitle":"Add session panel, where session list will populate based on changes to student list (add, remove).","messageBody":"","fileTypesAndContributionMap":{"functional-code":{"insertions":155,"deletions":2},"test-code":{"insertions":12,"deletions":1}}},{"hash":"071df2ea1189d88e3307cebd913d8218f4f0ddc4","messageTitle":"Fix inconsistencies in user feedbacks, and user guide.","messageBody":"","fileTypesAndContributionMap":{"functional-code":{"insertions":16,"deletions":17},"docs":{"insertions":1,"deletions":1}}},{"hash":"660921ea958480160db1cd8bb1f6759c8e886067","messageTitle":"Fix formatting issues on SessionCard.","messageBody":"","fileTypesAndContributionMap":{"functional-code":{"insertions":6,"deletions":4},"docs":{"insertions":1,"deletions":1}}},{"hash":"4657d233364a190fad81800c19c3c43d3cd01568","messageTitle":"Fix errors from feedback and Student equals logic.","messageBody":"","fileTypesAndContributionMap":{"functional-code":{"insertions":3,"deletions":4},"test-code":{"insertions":3,"deletions":2}}},{"hash":"b28e0c764e9cabf3dd42371b7ae3055354ad8f6b","messageTitle":"Add javadocs and changed method signature.","messageBody":"","fileTypesAndContributionMap":{"functional-code":{"insertions":6,"deletions":4}}}]},{"date":"2021-03-18","commitResults":[{"hash":"eebb2bcf3cbd66bc428e176c82b15d569660fe14","messageTitle":"Add list session command.","messageBody":"","fileTypesAndContributionMap":{"functional-code":{"insertions":28,"deletions":0},"test-code":{"insertions":52,"deletions":0}}},{"hash":"5eb1fda21b366717f15ce8d8126e27f20730bcd8","messageTitle":"Fix checkstyle errors.","messageBody":"","fileTypesAndContributionMap":{"functional-code":{"insertions":2,"deletions":2},"test-code":{"insertions":6,"deletions":5}}}]},{"date":"2021-03-20","commitResults":[{"hash":"8c631099fb200a79587d01515bf54392a8b74b44","messageTitle":"Amended codebase from comments.","messageBody":"","fileTypesAndContributionMap":{"test-code":{"insertions":12,"deletions":5}}},{"hash":"fe1bd5ce89a00e5b6028aa66fe48f8414ad428e0","messageTitle":"Add tuition link and change logic to TuitionListPanel.","messageBody":"","fileTypesAndContributionMap":{"functional-code":{"insertions":163,"deletions":70},"other":{"insertions":15,"deletions":8}}},{"hash":"24ef7933fac4c101b800d5ddc626a1ad67c3622e","messageTitle":"Fix FXML issues.","messageBody":"","fileTypesAndContributionMap":{"functional-code":{"insertions":16,"deletions":32}}},{"hash":"4735464ccd37374003d19bb0857c735cd208927e","messageTitle":"Add some changes to UI to reflect student index and session index.","messageBody":"","fileTypesAndContributionMap":{"functional-code":{"insertions":33,"deletions":9}}}]},{"date":"2021-03-21","commitResults":[{"hash":"dec70d0a72373aeaa514f025fee04b4e02f056fe","messageTitle":"Add some tuition test cases.","messageBody":"","fileTypesAndContributionMap":{"test-code":{"insertions":50,"deletions":0}}},{"hash":"525809969835407836b516d1ab5267fd1d051c65","messageTitle":"Amend code based on comments.","messageBody":"","fileTypesAndContributionMap":{"functional-code":{"insertions":3,"deletions":9}}}]},{"date":"2021-03-24","commitResults":[{"hash":"48a4eaa1c810eb394b370e3f6178eecf08418543","messageTitle":"Add remaining tests for tuition functions.","messageBody":"","fileTypesAndContributionMap":{"test-code":{"insertions":34,"deletions":9}}},{"hash":"fb4e256b357d063d6395f285742c0f2622815a0b","messageTitle":"Update DG with list student command implementation.","messageBody":"","fileTypesAndContributionMap":{"functional-code":{"insertions":1,"deletions":2},"docs":{"insertions":167,"deletions":0}}},{"hash":"be5da249c425f4660a50405b8200b2749a8799bf","messageTitle":"Amended code based on comments.","messageBody":"","fileTypesAndContributionMap":{"docs":{"insertions":1,"deletions":1}}},{"hash":"fb997a0619ca99ecf1b3448029294f27529222d6","messageTitle":"Amended code based on comments.","messageBody":"","fileTypesAndContributionMap":{"test-code":{"insertions":6,"deletions":4}}},{"hash":"2ccbed37568a34e05fc79e23fab81a707c2039df","messageTitle":"Amended more codes based on comments.","messageBody":"","fileTypesAndContributionMap":{"test-code":{"insertions":8,"deletions":0}}},{"hash":"34e1c83bee7d81a1c0a041e2fbd6eba634c250a6","messageTitle":"Amended sequence diagram based on comments.","messageBody":"","fileTypesAndContributionMap":{"docs":{"insertions":3,"deletions":3}}}]},{"date":"2021-03-25","commitResults":[{"hash":"81acf0ae845a16d47a8dc2cb3ab8e481bd7bfb79","messageTitle":"Fix bug in overlapping sessions.","messageBody":"","fileTypesAndContributionMap":{"functional-code":{"insertions":82,"deletions":6},"test-code":{"insertions":40,"deletions":0}}},{"hash":"69f6d23ec9939a85913aac92aa1efdb83e6fff29","messageTitle":"Fix some sloppy testcases.","messageBody":"","fileTypesAndContributionMap":{"test-code":{"insertions":2,"deletions":2}}}]},{"date":"2021-03-26","commitResults":[{"hash":"7371753b3b3a4cd17ee4647984d46708b29c92bd","messageTitle":"Amended code based on comments.","messageBody":"","fileTypesAndContributionMap":{"functional-code":{"insertions":7,"deletions":6}}},{"hash":"1e80b3fd6e13e1ca2772355fd25a5e8db6a95c61","messageTitle":"Fix error in testcase.","messageBody":"","fileTypesAndContributionMap":{"test-code":{"insertions":1,"deletions":1}}}]}]},"authorFileTypeContributionMap":{"enhao25":{"docs":331,"functional-code":721,"test-code":952,"other":517},"JonahhGohh":{"docs":156,"functional-code":528,"test-code":459},"samleewy":{"docs":222,"functional-code":269,"test-code":181,"other":1},"nowknowing":{"docs":23,"functional-code":224,"test-code":220},"yungweezy":{"docs":208,"functional-code":482,"test-code":204}},"authorContributionVariance":{"enhao25":257264.75,"JonahhGohh":21207.377,"samleewy":9859.285,"nowknowing":11719.636,"yungweezy":6814.249},"authorDisplayNameMap":{"enhao25":"CS2103T-T11-1 LOW .. HAO","JonahhGohh":"CS2103T-T11-1 GOH .. WEI","samleewy":"CS2103T-T11-1 LEE ..MUEL","nowknowing":"CS2103T-T11-1 SUNA..HION","yungweezy":"CS2103T-T11-1 WONG.. WEI"}}
