{"authorDailyContributionsMap":{"tashawan23":[{"date":"2021-02-25","commitResults":[{"hash":"e4780edfd380c45f70495dcb95e8613fe5ff2f45","messageTitle":"Edit About Us","messageBody":"","fileTypesAndContributionMap":{"docs":{"insertions":4,"deletions":4}}},{"hash":"b6161398fa58d5a567adff70c8b355e9d40de0f4","messageTitle":"Edit user guide","messageBody":"","fileTypesAndContributionMap":{"docs":{"insertions":25,"deletions":0}}}]},{"date":"2021-03-09","commitResults":[{"hash":"8b2765158ddc59f46cd2d3833fc4af3ea6fd2346","messageTitle":"Add addTask command","messageBody":"","fileTypesAndContributionMap":{"functional-code":{"insertions":590,"deletions":10}}}]},{"date":"2021-03-11","commitResults":[{"hash":"0616df19220d04d7a177043f76f17e9af9426105","messageTitle":"Add addTask command","messageBody":"","fileTypesAndContributionMap":{"functional-code":{"insertions":88,"deletions":46}}},{"hash":"81500ed37119d8442b9db62928faf2ed6c08b5d7","messageTitle":"Edit code style","messageBody":"","fileTypesAndContributionMap":{"functional-code":{"insertions":244,"deletions":37}}},{"hash":"9984f0018a7d6b430619523b1ffa19802d162971","messageTitle":"Edit tests","messageBody":"","fileTypesAndContributionMap":{"test-code":{"insertions":88,"deletions":2}}}]},{"date":"2021-03-14","commitResults":[{"hash":"cbae01047bd17ebc8cb0611799db449bc0451752","messageTitle":"Edit comments","messageBody":"","fileTypesAndContributionMap":{"functional-code":{"insertions":9,"deletions":3},"docs":{"insertions":2,"deletions":2}}},{"hash":"a9ab608fc481479d740c338d1889106300f57252","messageTitle":"Add tasks to test files","messageBody":"","fileTypesAndContributionMap":{"test-code":{"insertions":15,"deletions":3}}},{"hash":"2d9aec1fbdb6a5c7a4bf6034ea446ef2f566e6e1","messageTitle":"add EditTask command","messageBody":"","fileTypesAndContributionMap":{"docs":{"insertions":10,"deletions":3}}}]},{"date":"2021-03-15","commitResults":[{"hash":"393f91055b261ad5604509907d17a217572af3b9","messageTitle":"Edit task prefix","messageBody":"","fileTypesAndContributionMap":{"functional-code":{"insertions":4,"deletions":4},"docs":{"insertions":2,"deletions":2}}},{"hash":"6ca231cdf0d7403617d77b7e9b184751ce034720","messageTitle":"Fix checkstyle errors","messageBody":"","fileTypesAndContributionMap":{"functional-code":{"insertions":0,"deletions":1}}},{"hash":"7f2a44e99d6ee4d7f32d37cbd30677919e229b0d","messageTitle":"Edit parser","messageBody":"","fileTypesAndContributionMap":{"functional-code":{"insertions":8,"deletions":3}}},{"hash":"fb78169968de855c738d201c12cfcd507c28d9aa","messageTitle":"edit styling","messageBody":"","fileTypesAndContributionMap":{"functional-code":{"insertions":0,"deletions":1}}}]},{"date":"2021-03-16","commitResults":[{"hash":"b8e4ba818743079e99cef51528ec9827ae5e98d6","messageTitle":"Edit parser error","messageBody":"","fileTypesAndContributionMap":{"functional-code":{"insertions":2,"deletions":1}}}]},{"date":"2021-03-17","commitResults":[{"hash":"6683d34dcda63c80615334a086aada243fc05592","messageTitle":"Add tests for AddTask","messageBody":"","fileTypesAndContributionMap":{"functional-code":{"insertions":12,"deletions":0},"test-code":{"insertions":221,"deletions":0}}},{"hash":"f9ee734fce06d56092db249c59803459109f0a5c","messageTitle":"Edit error messages","messageBody":"","fileTypesAndContributionMap":{"functional-code":{"insertions":7,"deletions":7}}},{"hash":"493b0b5af34815a7b2df5836e8897f71e86145df","messageTitle":"Edit error messages","messageBody":"","fileTypesAndContributionMap":{"functional-code":{"insertions":0,"deletions":1}}}]},{"date":"2021-03-18","commitResults":[{"hash":"68d0e9879452e5f27b1dacca84fc319108c03d61","messageTitle":"Add EditTaskCommandTest","messageBody":"","fileTypesAndContributionMap":{"functional-code":{"insertions":30,"deletions":1},"test-code":{"insertions":177,"deletions":2}}}]},{"date":"2021-03-21","commitResults":[{"hash":"5d79d8a41435a1815331c84d07b956d70e1cfdb3","messageTitle":"Add deadline to tasks","messageBody":"","fileTypesAndContributionMap":{"functional-code":{"insertions":147,"deletions":43}}},{"hash":"1c51a8ca7fbfdf3907e1d1546920b32ec5352387","messageTitle":"Add deadline to tasks","messageBody":"","fileTypesAndContributionMap":{"functional-code":{"insertions":32,"deletions":10},"test-code":{"insertions":17,"deletions":2}}},{"hash":"3be605accd099adb1f1c0edddff15ee71d2b5c73","messageTitle":"Edit User guide","messageBody":"","fileTypesAndContributionMap":{"docs":{"insertions":5,"deletions":4}}},{"hash":"60722e4dec3d5c486171d648ac3832cfbfb5ff23","messageTitle":"Add member role","messageBody":"","fileTypesAndContributionMap":{"functional-code":{"insertions":144,"deletions":19},"test-code":{"insertions":65,"deletions":33}}},{"hash":"4c9939212c25b730acfcc6c6c39077b4b8918c6e","messageTitle":"Add member role","messageBody":"","fileTypesAndContributionMap":{"docs":{"insertions":4,"deletions":4}}},{"hash":"fc4044587d8a1e8723e0bcaeb9342f1d951f7f6e","messageTitle":"Edit method","messageBody":"","fileTypesAndContributionMap":{"functional-code":{"insertions":2,"deletions":2}}}]},{"date":"2021-03-22","commitResults":[{"hash":"22dbb6a43f7b66318aecfc7896eac724ce03f94a","messageTitle":"Make default role","messageBody":"","fileTypesAndContributionMap":{"functional-code":{"insertions":20,"deletions":3}}},{"hash":"3e9661039d70d443ea06f304f136119ff385eab4","messageTitle":"Edit member role","messageBody":"","fileTypesAndContributionMap":{"functional-code":{"insertions":1,"deletions":2}}},{"hash":"c0fbf2d334b795814674d59a605ca75bcb34846a","messageTitle":"edit deadline parser","messageBody":"","fileTypesAndContributionMap":{"functional-code":{"insertions":10,"deletions":10}}},{"hash":"7aefe5ad1ef93ca3129c0e8e61605670fba97ae7","messageTitle":"handle empty deadline","messageBody":"","fileTypesAndContributionMap":{"functional-code":{"insertions":1,"deletions":1}}},{"hash":"a3a01bb6510089f842c22b1ac99c1d2c82b89038","messageTitle":"Edit user guide","messageBody":"","fileTypesAndContributionMap":{"docs":{"insertions":8,"deletions":6}}},{"hash":"46d3e64f660c804c39ff0ab16e213870b89fb290","messageTitle":"Add deadline test","messageBody":"","fileTypesAndContributionMap":{"functional-code":{"insertions":3,"deletions":2},"test-code":{"insertions":129,"deletions":7}}},{"hash":"d5e6a519c5553431a1f60ae5af8d0d3490f18e5a","messageTitle":"edit error","messageBody":"","fileTypesAndContributionMap":{"functional-code":{"insertions":2,"deletions":2}}}]},{"date":"2021-03-23","commitResults":[{"hash":"2301525e8014398a2a01001ad068876f33fcd78b","messageTitle":"Add editTask command parser test","messageBody":"","fileTypesAndContributionMap":{"functional-code":{"insertions":8,"deletions":6},"test-code":{"insertions":172,"deletions":1}}},{"hash":"36516a8f24c849852afd64b54c0d2b30d1b7fb66","messageTitle":"Add to UG","messageBody":"","fileTypesAndContributionMap":{"docs":{"insertions":33,"deletions":1}}},{"hash":"724e384833771cff382b95a6cf9cbda9ab84270d","messageTitle":"Edit ug","messageBody":"","fileTypesAndContributionMap":{"docs":{"insertions":1,"deletions":1}}},{"hash":"2a3f41bcde579e002717d65baf8f2f2b1a1b6110","messageTitle":"add assertions","messageBody":"","fileTypesAndContributionMap":{"functional-code":{"insertions":36,"deletions":6},"docs":{"insertions":1,"deletions":1}}},{"hash":"6017b9bff31240477a0b0da6a482a32b6f40c230","messageTitle":"Edit Assertions","messageBody":"","fileTypesAndContributionMap":{"functional-code":{"insertions":6,"deletions":5}}},{"hash":"0db213bf3768d5288a7bd68683e515456fa36970","messageTitle":"Edit typo","messageBody":"","fileTypesAndContributionMap":{"docs":{"insertions":0,"deletions":1}}},{"hash":"1e56c45197f6a8ac0ab125fa02f70b082fe96d7b","messageTitle":"add role test","messageBody":"","fileTypesAndContributionMap":{"functional-code":{"insertions":2,"deletions":1},"test-code":{"insertions":39,"deletions":0}}},{"hash":"d48dc5344d9724510958d931aa6af62f25f041f7","messageTitle":"Add role test","messageBody":"","fileTypesAndContributionMap":{"test-code":{"insertions":2,"deletions":2}}}]},{"date":"2021-03-24","commitResults":[{"hash":"61843bc2b0d23e43d753c9af25f89b977ef5c4d2","messageTitle":"Add editTask descriptor test","messageBody":"","fileTypesAndContributionMap":{"test-code":{"insertions":56,"deletions":1}}},{"hash":"7f6e18f09a2f6e288f36fd76487f2247fb1792fe","messageTitle":"Add find task before deadline command","messageBody":"","fileTypesAndContributionMap":{"functional-code":{"insertions":103,"deletions":18}}},{"hash":"0df56c3c7adb830fa87cdd902fd4eacb5fc2d03c","messageTitle":"Add find tasks before deadline command","messageBody":"","fileTypesAndContributionMap":{"functional-code":{"insertions":1,"deletions":8},"other":{"insertions":1,"deletions":1},"docs":{"insertions":14,"deletions":6}}},{"hash":"a42feed1f0d7ed5b2636b40b7997a923ef965d5d","messageTitle":"Add find by deadline command","messageBody":"","fileTypesAndContributionMap":{"functional-code":{"insertions":27,"deletions":9}}}]},{"date":"2021-03-25","commitResults":[{"hash":"8b3f980b7fcc2f2b70aa1f261baff894512611d6","messageTitle":"Update UG","messageBody":"","fileTypesAndContributionMap":{"docs":{"insertions":31,"deletions":13}}},{"hash":"cde7020fad977125e59a950c1017d73308c211a3","messageTitle":"Edit tests for findTaskBeforeDeadline command","messageBody":"","fileTypesAndContributionMap":{"functional-code":{"insertions":1,"deletions":2},"test-code":{"insertions":116,"deletions":0}}}]},{"date":"2021-03-27","commitResults":[{"hash":"9539eb4c32fe73b10790a2b731f0a4b0a2536eac","messageTitle":"Add comments","messageBody":"","fileTypesAndContributionMap":{"functional-code":{"insertions":39,"deletions":12}}},{"hash":"d6f226a5c425cdfb6a56f2aeb1724adb1acb2a42","messageTitle":"Edit user guide","messageBody":"","fileTypesAndContributionMap":{"docs":{"insertions":15,"deletions":15}}},{"hash":"662eaf30c1f814ea630532565cb6e54d794c8d9e","messageTitle":"Edit user guide","messageBody":"","fileTypesAndContributionMap":{"docs":{"insertions":1,"deletions":1}}}]},{"date":"2021-03-28","commitResults":[{"hash":"b1c34578e234ea528ff7ff3ed1a275d086b39211","messageTitle":"Edit dg typos","messageBody":"","fileTypesAndContributionMap":{"docs":{"insertions":43,"deletions":42}}},{"hash":"191c35f98f06adbaa272f998911cb3fc74186fc1","messageTitle":"Edit uml diagrams","messageBody":"","fileTypesAndContributionMap":{"docs":{"insertions":21,"deletions":15}}}]},{"date":"2021-03-29","commitResults":[{"hash":"d67710463edc0aa20b8cf651d01e9e14806f5fe5","messageTitle":"Edit class names","messageBody":"","fileTypesAndContributionMap":{"functional-code":{"insertions":174,"deletions":173},"other":{"insertions":90,"deletions":90},"test-code":{"insertions":331,"deletions":331}}},{"hash":"3904e7f0e3e5b3bb3a8522bb36dfdec20a1226ea","messageTitle":"Rename comments","messageBody":"","fileTypesAndContributionMap":{"functional-code":{"insertions":31,"deletions":31},"test-code":{"insertions":2,"deletions":2}}},{"hash":"8e58296ab7160f957633dca51fae2a6d526df87c","messageTitle":"Rename comment variables","messageBody":"","fileTypesAndContributionMap":{"functional-code":{"insertions":2,"deletions":2}}},{"hash":"ede2e95dff4699d229a240fc6b9be477e6264c01","messageTitle":"Rename comment variables","messageBody":"","fileTypesAndContributionMap":{"functional-code":{"insertions":3,"deletions":3}}},{"hash":"b5937e365d551d10ab122128bb036c8a41c1f702","messageTitle":"Edit class names","messageBody":"","fileTypesAndContributionMap":{"docs":{"insertions":1,"deletions":1}}},{"hash":"94221bf05be252cf77022651a6eca288aefcc75e","messageTitle":"Edit developer guide","messageBody":"","fileTypesAndContributionMap":{"docs":{"insertions":117,"deletions":2}}},{"hash":"2cc82375cdb37e69d86568dced20efa7014aea60","messageTitle":"Edit developer guide","messageBody":"","fileTypesAndContributionMap":{"docs":{"insertions":2,"deletions":1}}},{"hash":"0f11ed119d8ab9413eb9b05c5b29b9e27f02b654","messageTitle":"Edit developer guide","messageBody":"","fileTypesAndContributionMap":{"docs":{"insertions":3,"deletions":2}}}]},{"date":"2021-03-30","commitResults":[{"hash":"4c2c22e27a6498ecda81e5150177ac49e2532d23","messageTitle":"Fix typos","messageBody":"","fileTypesAndContributionMap":{"docs":{"insertions":2,"deletions":2}}},{"hash":"0daf56942469a07be7456441477ac7d7ff3b7cef","messageTitle":"Edit user guide","messageBody":"","fileTypesAndContributionMap":{"docs":{"insertions":39,"deletions":21}}}]}],"rachelljt":[{"date":"2021-02-25","commitResults":[{"hash":"3e8a61a8d9e76b993f498c731e7bf70bcf9646ba","messageTitle":"update profile rachel","messageBody":"","fileTypesAndContributionMap":{"docs":{"insertions":3,"deletions":3}}},{"hash":"7169fd6eafafcbdf493c975d7e495094102294b3","messageTitle":"update names in aboutus.md","messageBody":"","fileTypesAndContributionMap":{"docs":{"insertions":3,"deletions":13}}},{"hash":"8672f577a8ec8abddec6b2720562643ac6c06562","messageTitle":"update readme for 3 and 4","messageBody":"","fileTypesAndContributionMap":{"docs":{"insertions":17,"deletions":0}}},{"hash":"c8aacf1f55d206a7416731e904b25a7c2f9a0309","messageTitle":"update aboutme.md","messageBody":"","fileTypesAndContributionMap":{"docs":{"insertions":3,"deletions":13}}}]},{"date":"2021-03-14","commitResults":[{"hash":"3fd2d8339dae6ee24077126822b2b69ea2e7b566","messageTitle":"add new commands - deleteTask and viewTasks","messageBody":"","fileTypesAndContributionMap":{"functional-code":{"insertions":259,"deletions":11},"test-code":{"insertions":5,"deletions":0}}},{"hash":"d2352c011867d9950b66289ec38368b5d0a46445","messageTitle":"fix checkstyle errors","messageBody":"","fileTypesAndContributionMap":{"functional-code":{"insertions":13,"deletions":3}}}]},{"date":"2021-03-15","commitResults":[{"hash":"3391d06be907254a1913cdb6cd6124dbd068abbc","messageTitle":"remove the update person list method","messageBody":"","fileTypesAndContributionMap":{"functional-code":{"insertions":0,"deletions":6}}},{"hash":"bb01744b7b14288072af7d080270df9ffe294625","messageTitle":"fix errors","messageBody":"","fileTypesAndContributionMap":{"functional-code":{"insertions":1,"deletions":1}}},{"hash":"7ce18f3f8f15ec0178bdb3fa69fb61c84c01d4e2","messageTitle":"change comment in DeleteTaskCommand","messageBody":"","fileTypesAndContributionMap":{"functional-code":{"insertions":1,"deletions":1}}}]},{"date":"2021-03-16","commitResults":[{"hash":"1f4fc83650c0db7b65cfa211cd8d779fefa82f20","messageTitle":"update tests for task","messageBody":"","fileTypesAndContributionMap":{"test-code":{"insertions":506,"deletions":2}}}]},{"date":"2021-03-17","commitResults":[{"hash":"b866a08c7d7705394938c44d56c00b9cf023da1b","messageTitle":"add newline","messageBody":"","fileTypesAndContributionMap":{"test-code":{"insertions":1,"deletions":1}}},{"hash":"132f24046d83e829340edc2fd7b9d9fb01d87076","messageTitle":"fix checkstyle","messageBody":"","fileTypesAndContributionMap":{"test-code":{"insertions":9,"deletions":9}}},{"hash":"9d2e8502804f7097f42567c569f580f116fcf602","messageTitle":"fix checkstyle again","messageBody":"","fileTypesAndContributionMap":{"test-code":{"insertions":5,"deletions":5}}}]},{"date":"2021-03-21","commitResults":[{"hash":"81149dc6feafc05ea99232d19c37597a5e7c7dc4","messageTitle":"add deleteTaskTest","messageBody":"","fileTypesAndContributionMap":{"test-code":{"insertions":108,"deletions":0}}},{"hash":"d29d04b695e32a0a7263437c1919bdc7f090dd9d","messageTitle":"change deleteCommand to DeleteTaskCommand","messageBody":"","fileTypesAndContributionMap":{"test-code":{"insertions":1,"deletions":1}}}]},{"date":"2021-03-22","commitResults":[{"hash":"9c9fe4b9d57a89fdb5cdca9446704d5cd6fae878","messageTitle":"add ViewUncompletedTasksCommand and assertions","messageBody":"","fileTypesAndContributionMap":{"functional-code":{"insertions":29,"deletions":1},"docs":{"insertions":7,"deletions":0},"test-code":{"insertions":30,"deletions":0}}},{"hash":"139b4c7a597647cb1daefd6e83916f1fcc5c12b3","messageTitle":"fix checkstyle","messageBody":"","fileTypesAndContributionMap":{"functional-code":{"insertions":1,"deletions":2}}},{"hash":"c726d2f6b5960160c291e7c478c22c789c0832f9","messageTitle":"fix checkstyle","messageBody":"","fileTypesAndContributionMap":{"test-code":{"insertions":3,"deletions":1}}}]},{"date":"2021-03-23","commitResults":[{"hash":"16ed97533b2acba641be308f18c9f58ddf768a55","messageTitle":"update use case for deleteTask, viewTasks and viewUncompletedTasks","messageBody":"","fileTypesAndContributionMap":{"docs":{"insertions":32,"deletions":0}}}]},{"date":"2021-03-27","commitResults":[{"hash":"92e5f15816e4256e25a1ea815b029b46ed7c808c","messageTitle":"fix typo and edited ug","messageBody":"","fileTypesAndContributionMap":{"docs":{"insertions":18,"deletions":18}}},{"hash":"76f4697952313f0319916dcb97d77b164ce0547b","messageTitle":"add ViewUnassignedTasks command","messageBody":"","fileTypesAndContributionMap":{"functional-code":{"insertions":36,"deletions":3},"docs":{"insertions":19,"deletions":10},"test-code":{"insertions":56,"deletions":0}}},{"hash":"94bbeab6666405f15e64f862eadebe297e493d0a","messageTitle":"fix checkstyle","messageBody":"","fileTypesAndContributionMap":{"test-code":{"insertions":4,"deletions":2}}}]},{"date":"2021-03-28","commitResults":[{"hash":"4ae275fd9850abc5f5d4c2f351fefdb400c17e04","messageTitle":"change the user stories table in the dg","messageBody":"","fileTypesAndContributionMap":{"docs":{"insertions":6,"deletions":6}}},{"hash":"207726412e51e55fbd05deb2be9e2b31afc41123","messageTitle":"add more unit testing","messageBody":"","fileTypesAndContributionMap":{"test-code":{"insertions":103,"deletions":0}}},{"hash":"0d173b4392fcc13ac91763dc59cdfd5c5d50640b","messageTitle":"change class name","messageBody":"","fileTypesAndContributionMap":{"other":{"insertions":1,"deletions":1}}},{"hash":"9731228ee2e444d7dbfad437e75f282b2043cb34","messageTitle":"fix checkstyle","messageBody":"","fileTypesAndContributionMap":{"test-code":{"insertions":2,"deletions":1}}}]},{"date":"2021-03-29","commitResults":[{"hash":"939aebbebf48ac4eca298d47770bf45911d07d6e","messageTitle":"change UML diagrams for UI","messageBody":"","fileTypesAndContributionMap":{"docs":{"insertions":8,"deletions":0}}},{"hash":"2ab1b242f9d7d887c67fd0159006bbb9fb312fe9","messageTitle":"add sequence diagram for DeleteTaskCommand","messageBody":"","fileTypesAndContributionMap":{"docs":{"insertions":69,"deletions":69}}},{"hash":"d56805f30e00299f7350b126bf1f2dc4558f5508","messageTitle":"add explanation for feature implementation of deleteTask in DG","messageBody":"","fileTypesAndContributionMap":{"docs":{"insertions":41,"deletions":4}}},{"hash":"59a7e173dec58faa1e25a749afb423781f895c1b","messageTitle":"change addressbook to hey matez","messageBody":"","fileTypesAndContributionMap":{"docs":{"insertions":10,"deletions":10}}}]},{"date":"2021-03-30","commitResults":[{"hash":"fd057f9f788f4b2d920f103ac97d17909f55fc73","messageTitle":"change architecture sequence diagram and update DG","messageBody":"","fileTypesAndContributionMap":{"docs":{"insertions":6,"deletions":6}}}]}],"cheeerynne":[{"date":"2021-02-25","commitResults":[{"hash":"074a877e9bee7722752b2b9343b2c1f90b991596","messageTitle":"Update AboutUs page","messageBody":"","fileTypesAndContributionMap":{"docs":{"insertions":3,"deletions":3}}},{"hash":"94dc61e135c86324191112d5cb57b2162223ddf4","messageTitle":"Update user guide","messageBody":"","fileTypesAndContributionMap":{"docs":{"insertions":11,"deletions":0}}},{"hash":"2dab4b4c54eac11086066e0a68a39885b9e6ebcd","messageTitle":"Update UserGuide.md","messageBody":"","fileTypesAndContributionMap":{"docs":{"insertions":10,"deletions":10}}}]},{"date":"2021-03-15","commitResults":[{"hash":"972e00ec54edbc4e5d1dd2a0704c3bf629fca622","messageTitle":"Add deleteMember command","messageBody":"","fileTypesAndContributionMap":{"functional-code":{"insertions":10,"deletions":12},"other":{"insertions":23,"deletions":14},"test-code":{"insertions":83,"deletions":46}}},{"hash":"f6581be3d468d56667a21dbee21edfbae9fe498b","messageTitle":"Modify add command input","messageBody":"","fileTypesAndContributionMap":{"functional-code":{"insertions":7,"deletions":7}}},{"hash":"a7f974d94ef8495e2345d97eb0fd8963f2002ffd","messageTitle":"Modify checkstyle","messageBody":"","fileTypesAndContributionMap":{"functional-code":{"insertions":0,"deletions":1}}}]},{"date":"2021-03-16","commitResults":[{"hash":"624c1fc51125c5040af63fbe11cdb6e2ddeafb9a","messageTitle":"Add editMember command","messageBody":"","fileTypesAndContributionMap":{"functional-code":{"insertions":4,"deletions":5},"other":{"insertions":74,"deletions":77},"docs":{"insertions":8,"deletions":1},"test-code":{"insertions":217,"deletions":182}}},{"hash":"ee66f21df237aef1f28d033a9c7c3ee61c99373f","messageTitle":"Make changes to deleteMember command","messageBody":"","fileTypesAndContributionMap":{"functional-code":{"insertions":5,"deletions":5},"other":{"insertions":27,"deletions":27},"test-code":{"insertions":6,"deletions":6}}},{"hash":"2215f193529ee387653eabef87837dca120af5eb","messageTitle":"Fix hardcoding issue","messageBody":"","fileTypesAndContributionMap":{"test-code":{"insertions":7,"deletions":6}}},{"hash":"ed7906a910715f3a0f8e094e30c58c6ecfce1de3","messageTitle":"Fix checkstyle","messageBody":"","fileTypesAndContributionMap":{"test-code":{"insertions":0,"deletions":1}}},{"hash":"7ce1e23e773cb1ae08064e035675647219d6d3ce","messageTitle":"Make changes to editMember command","messageBody":"","fileTypesAndContributionMap":{"functional-code":{"insertions":15,"deletions":12},"other":{"insertions":7,"deletions":7},"docs":{"insertions":2,"deletions":2},"test-code":{"insertions":44,"deletions":44}}},{"hash":"0200b51ce3028402e0ee75dfc960bfbe88a9b7a7","messageTitle":"Update editMember command UG","messageBody":"","fileTypesAndContributionMap":{"docs":{"insertions":4,"deletions":1}}}]},{"date":"2021-03-17","commitResults":[{"hash":"04966ec8cfd0e8f2db5a18432efa6338c9431787","messageTitle":"Edit javadoc comment","messageBody":"","fileTypesAndContributionMap":{"test-code":{"insertions":1,"deletions":1}}}]},{"date":"2021-03-23","commitResults":[{"hash":"9e2a4e2aa7fc6423dd5c5e324dc06f7984e8071d","messageTitle":"Add findMemberKeywords command","messageBody":"","fileTypesAndContributionMap":{"functional-code":{"insertions":45,"deletions":7},"other":{"insertions":48,"deletions":43},"test-code":{"insertions":82,"deletions":5}}},{"hash":"d03e323bdd3dfc96e48a1025f3a8489a653ec366","messageTitle":"Modify javadoc comment","messageBody":"","fileTypesAndContributionMap":{"functional-code":{"insertions":1,"deletions":1}}},{"hash":"ee65bad8e3773d67bbd135e3e689fdc4cc3f7385","messageTitle":"Add findTaskKeywords command","messageBody":"","fileTypesAndContributionMap":{"functional-code":{"insertions":113,"deletions":0},"test-code":{"insertions":185,"deletions":1}}},{"hash":"2ee69dec1dea6167e63e2caea28562c1b5fd80de","messageTitle":"Modify slight errors for findMemberKeywords command","messageBody":"","fileTypesAndContributionMap":{"functional-code":{"insertions":1,"deletions":1},"test-code":{"insertions":1,"deletions":1}}},{"hash":"34fdedc5aa6b8513e128148817c94a1c143f4027","messageTitle":"Update UG for findTasks and findMembers","messageBody":"","fileTypesAndContributionMap":{"docs":{"insertions":58,"deletions":33}}},{"hash":"302ddfac32ca7cf875fd0f35222b4c576c9ecf08","messageTitle":"Add assertion","messageBody":"","fileTypesAndContributionMap":{"functional-code":{"insertions":2,"deletions":0}}},{"hash":"c8d54cd53461b709dd0c6759931590fa526531a2","messageTitle":"Update DG","messageBody":"","fileTypesAndContributionMap":{"docs":{"insertions":43,"deletions":4}}}]},{"date":"2021-03-27","commitResults":[{"hash":"403a3ee3ee5771560c7e4db06b1c366097a570de","messageTitle":"Add assignTask command","messageBody":"","fileTypesAndContributionMap":{"functional-code":{"insertions":238,"deletions":153},"test-code":{"insertions":53,"deletions":43}}},{"hash":"8341e1697445457924fb8186535dce5a194fd3e9","messageTitle":"Add in editing of assignees functionality","messageBody":"","fileTypesAndContributionMap":{"functional-code":{"insertions":68,"deletions":18},"test-code":{"insertions":31,"deletions":11}}},{"hash":"a5400a7add6571230fd38fc4a4a6b511f2b86f4f","messageTitle":"Fix checkstyle","messageBody":"","fileTypesAndContributionMap":{"functional-code":{"insertions":10,"deletions":7}}},{"hash":"201066660d6d2075bcd5a308373bd5089b7356e8","messageTitle":"Fix checkstyle error","messageBody":"","fileTypesAndContributionMap":{"test-code":{"insertions":1,"deletions":1}}},{"hash":"6c999d43596cd0934bf250e370a778c858ea9a19","messageTitle":"Add remove assignees functionality","messageBody":"","fileTypesAndContributionMap":{"functional-code":{"insertions":115,"deletions":0}}}]},{"date":"2021-03-28","commitResults":[{"hash":"46284119643b14e9ce79e29b58af91de12e86220","messageTitle":"Change clearAssignee command syntax","messageBody":"","fileTypesAndContributionMap":{"functional-code":{"insertions":1,"deletions":1}}},{"hash":"60635cfc3d1ea34e60d4fde3d4c8add970137286","messageTitle":"Update UG","messageBody":"","fileTypesAndContributionMap":{"docs":{"insertions":170,"deletions":125}}},{"hash":"13111b41910990c942b24df89e54e83a1d9e08b5","messageTitle":"Fix errors in UG","messageBody":"","fileTypesAndContributionMap":{"functional-code":{"insertions":3,"deletions":3},"docs":{"insertions":8,"deletions":8}}},{"hash":"acff76221503d7f4347d4ce67654f0abb400b6a1","messageTitle":"Add in use case for removeAssignees","messageBody":"","fileTypesAndContributionMap":{"functional-code":{"insertions":3,"deletions":3},"docs":{"insertions":10,"deletions":8}}},{"hash":"8a1716edd4287be9a2ca44c16c786530d3f2a9ef","messageTitle":"Add unit testing for assignees commands","messageBody":"","fileTypesAndContributionMap":{"functional-code":{"insertions":27,"deletions":8},"test-code":{"insertions":259,"deletions":24}}},{"hash":"4de1af4f2782cf55298b27beb498716afb96ff65","messageTitle":"Edit UG","messageBody":"","fileTypesAndContributionMap":{"docs":{"insertions":14,"deletions":15}}},{"hash":"191d178f82ad649849fe2f079a3c2499434683cb","messageTitle":"Fix error","messageBody":"","fileTypesAndContributionMap":{"docs":{"insertions":3,"deletions":3}}}]},{"date":"2021-03-29","commitResults":[{"hash":"f3e9262c086da4e1d56c3ba2a6d0c91ae2047c08","messageTitle":"Unit testing for JsonAdaptedTask","messageBody":"","fileTypesAndContributionMap":{"functional-code":{"insertions":1,"deletions":1},"test-code":{"insertions":141,"deletions":0}}},{"hash":"f6a40c40174a9e3886c2a42b63e706e4b459d5c4","messageTitle":"Fix errors","messageBody":"","fileTypesAndContributionMap":{"functional-code":{"insertions":69,"deletions":85},"test-code":{"insertions":309,"deletions":47}}},{"hash":"6df8b0f7068c6a37a1273d8c049189d796341743","messageTitle":"Fix parserTest","messageBody":"","fileTypesAndContributionMap":{"functional-code":{"insertions":3,"deletions":3},"test-code":{"insertions":18,"deletions":18}}},{"hash":"b0221eb1532a17973a9235eae5868503aa964c88","messageTitle":"Fix errors","messageBody":"","fileTypesAndContributionMap":{"test-code":{"insertions":3,"deletions":3}}}]},{"date":"2021-03-30","commitResults":[{"hash":"5b759cf603cee96184eece21ab2120691e3ee537","messageTitle":"Edit DG","messageBody":"","fileTypesAndContributionMap":{"functional-code":{"insertions":13,"deletions":18},"docs":{"insertions":56,"deletions":9}}},{"hash":"3cf77491d93da5042031f067ed8a2a98c9250c63","messageTitle":"Fix typos","messageBody":"","fileTypesAndContributionMap":{"functional-code":{"insertions":2,"deletions":2},"test-code":{"insertions":1,"deletions":1}}},{"hash":"a19d3023dc3eb8caaccecd12905dcd43327f9ee7","messageTitle":"Fix checkstyle error","messageBody":"","fileTypesAndContributionMap":{"functional-code":{"insertions":0,"deletions":1}}},{"hash":"b613717e0bf10b9ff986dd2a62f62d88ec8b08e6","messageTitle":"Adjust size of sequence diagrams","messageBody":"","fileTypesAndContributionMap":{"docs":{"insertions":3,"deletions":3}}}]}],"zatkiller":[{"date":"2021-02-25","commitResults":[{"hash":"f7cda1659ce874913ffe3cced27ac7ab379d0151","messageTitle":"Add profile","messageBody":"","fileTypesAndContributionMap":{"docs":{"insertions":4,"deletions":4}}},{"hash":"e71602a5628970e727bf75506225ae0604f76c0e","messageTitle":"Update README CI status","messageBody":"","fileTypesAndContributionMap":{"docs":{"insertions":1,"deletions":1}}},{"hash":"c50cd9b5aeb353166b870c37a3f89a8ebfb407ab","messageTitle":"Update README.md","messageBody":"","fileTypesAndContributionMap":{"docs":{"insertions":13,"deletions":10}}},{"hash":"a3bdc3de38b5b457d191683c8bec0bd9a065d218","messageTitle":"Update DeveloperGuide.md","messageBody":"Update Value Proposition, Target User and User Stories","fileTypesAndContributionMap":{"docs":{"insertions":10,"deletions":10}}},{"hash":"c2463466f02a217ca1eb80903723d626dfe38738","messageTitle":"Update DeveloperGuide.md","messageBody":"Update Uses cases, Non-functional Requirements and Glossary","fileTypesAndContributionMap":{"docs":{"insertions":29,"deletions":15}}},{"hash":"ee1ca214afb826dd5585a5bf2c1d68de1cd25c8e","messageTitle":"Update UserGuide.md","messageBody":"Update UserGuide to include final features","tags":["v1.1"],"fileTypesAndContributionMap":{"docs":{"insertions":17,"deletions":0}}}]},{"date":"2021-03-02","commitResults":[{"hash":"4040a74e300f262231357cd7734032d5812b0940","messageTitle":"Fix UserGuide.md","messageBody":"","fileTypesAndContributionMap":{"docs":{"insertions":1,"deletions":196}}},{"hash":"b88e6cb430ae8670622116a4ca9080f567951997","messageTitle":"Fix CI/CD erros","messageBody":"","fileTypesAndContributionMap":{"docs":{"insertions":1,"deletions":1}}},{"hash":"1bd1fd5753bd0f8b37429a85d406b95bc9462a73","messageTitle":"Fix website and update READ ME","messageBody":"","fileTypesAndContributionMap":{"docs":{"insertions":6,"deletions":6}}},{"hash":"5ce7812fb663a46c951a884f392156da997a45a9","messageTitle":"Update codecov badge","messageBody":"","fileTypesAndContributionMap":{"docs":{"insertions":1,"deletions":1}}}]},{"date":"2021-03-14","commitResults":[{"hash":"f1fdbe1642221b751f72746ecd3221e56c9c622e","messageTitle":"Change Userguide Commands","messageBody":"","fileTypesAndContributionMap":{"docs":{"insertions":4,"deletions":4}}},{"hash":"7c3100840fbb5ef3fc74e5339ebd460219a3103b","messageTitle":"Modify Person Class","messageBody":"","fileTypesAndContributionMap":{"functional-code":{"insertions":21,"deletions":206},"test-code":{"insertions":75,"deletions":420}}},{"hash":"5a5f5d0e6b93e13fbb8d497dc1257c3bad7d0f2b","messageTitle":"Add email parsing to command documentation","messageBody":"","fileTypesAndContributionMap":{"docs":{"insertions":2,"deletions":2}}},{"hash":"de777ba537333977d4ca40485d8e0a23420db7a4","messageTitle":"Modify Add Member Command","messageBody":"","fileTypesAndContributionMap":{"functional-code":{"insertions":659,"deletions":667},"other":{"insertions":73,"deletions":81},"docs":{"insertions":63,"deletions":63},"test-code":{"insertions":1735,"deletions":1735}}},{"hash":"47992f433f40b6093bcb3ff6da01646b3f5b67c1","messageTitle":"add addMember command and remove redundant tests","messageBody":"","fileTypesAndContributionMap":{"other":{"insertions":11,"deletions":21},"test-code":{"insertions":21,"deletions":19}}},{"hash":"1fe4f65a53b89387e09035037b9cb6d1b772642f","messageTitle":"Fix CI/CD errors","messageBody":"","fileTypesAndContributionMap":{"functional-code":{"insertions":700,"deletions":701},"docs":{"insertions":65,"deletions":65},"test-code":{"insertions":1724,"deletions":1724}}},{"hash":"2564e1d424124c78fbd760f967a88857b06f648e","messageTitle":"Fix checkstyle errors","messageBody":"","fileTypesAndContributionMap":{"test-code":{"insertions":20,"deletions":27}}}]},{"date":"2021-03-15","commitResults":[{"hash":"3819c47bb8caff5ca79cf4504d291e99a0c2712c","messageTitle":"Edit result display","messageBody":"","fileTypesAndContributionMap":{"functional-code":{"insertions":1,"deletions":2}}},{"hash":"e8ccd47971b51aa00b011bc20473f146ed541b00","messageTitle":"Change list to view","messageBody":"","fileTypesAndContributionMap":{"functional-code":{"insertions":3,"deletions":3},"other":{"insertions":6,"deletions":6},"test-code":{"insertions":6,"deletions":6}}},{"hash":"c1911b3d0571c26c89bcbc23ccd3a84f385bff4e","messageTitle":"Change addMemberCommand Name","messageBody":"","fileTypesAndContributionMap":{"functional-code":{"insertions":8,"deletions":8},"other":{"insertions":22,"deletions":22},"test-code":{"insertions":11,"deletions":11}}},{"hash":"a1447bc9407862a680223928b434657370a10802","messageTitle":"Revert back to 3 digits","messageBody":"","fileTypesAndContributionMap":{"functional-code":{"insertions":2,"deletions":2},"test-code":{"insertions":2,"deletions":2}}},{"hash":"015bdacfe7c56289a97b4b248f162df586ecd4b8","messageTitle":"Fix CI/CD errors","messageBody":"","fileTypesAndContributionMap":{"test-code":{"insertions":1,"deletions":2}}},{"hash":"fb4c93aef89d7e605e5b79007f1293270a9dc73f","messageTitle":"Fix Message Usage formatting","messageBody":"","fileTypesAndContributionMap":{"functional-code":{"insertions":6,"deletions":6}}},{"hash":"e699ddbc8e7ffe023e7a0c919829b0cd7422497c","messageTitle":"Fix checkstyle errors","messageBody":"","fileTypesAndContributionMap":{"functional-code":{"insertions":0,"deletions":1}}}]},{"date":"2021-03-16","commitResults":[{"hash":"5e1fcb9d5e3f63fab70c685738b297503ffd5eae","messageTitle":"Fix invalid command bug","messageBody":"","fileTypesAndContributionMap":{"functional-code":{"insertions":8,"deletions":0},"test-code":{"insertions":10,"deletions":10}}}]},{"date":"2021-03-17","commitResults":[{"hash":"4c67ed154cfa571defc895f7142e85383d89de75","messageTitle":"Fix command parsing","messageBody":"","fileTypesAndContributionMap":{"functional-code":{"insertions":1,"deletions":1}}}]},{"date":"2021-03-20","commitResults":[{"hash":"464e83331ab27196ed29969b1f6e733186e8cc22","messageTitle":"Add Completed Status to Tasks","messageBody":"","fileTypesAndContributionMap":{"functional-code":{"insertions":137,"deletions":61}}},{"hash":"7a856d930ca259767e79d5fc5e0661df9595d5ad","messageTitle":"Fix indentation","messageBody":"","fileTypesAndContributionMap":{"functional-code":{"insertions":65,"deletions":58}}},{"hash":"97f07f18ffbfe5db69c8fb5094ad2717baec8c98","messageTitle":"Add status field to addTask","messageBody":"","fileTypesAndContributionMap":{"functional-code":{"insertions":38,"deletions":5},"docs":{"insertions":11,"deletions":9}}},{"hash":"fad601e2cbfce0b873327d290e1b28f73f3a71f9","messageTitle":"Update UG","messageBody":"","fileTypesAndContributionMap":{"docs":{"insertions":2,"deletions":1}}},{"hash":"b32bde5bd4a975c2062b24ba59add3fd2b371e05","messageTitle":"Update Add Task Message Usage","messageBody":"","fileTypesAndContributionMap":{"functional-code":{"insertions":7,"deletions":6}}},{"hash":"a33314ebf8b461470f86cd61ab558e8170c9ea95","messageTitle":"Add editing of Task Status via editTask","messageBody":"","fileTypesAndContributionMap":{"functional-code":{"insertions":27,"deletions":6}}},{"hash":"8bac1da8132ece7e9b66c83d6ede49d5b7b65ccf","messageTitle":"Fix checkstyle errors and add spacing after prefixes","messageBody":"","fileTypesAndContributionMap":{"functional-code":{"insertions":11,"deletions":10}}}]},{"date":"2021-03-21","commitResults":[{"hash":"e2aae39fd023ab5fd5ff6ed569da6406271f353f","messageTitle":"Add Done and Undo Commands","messageBody":"","fileTypesAndContributionMap":{"functional-code":{"insertions":280,"deletions":2}}},{"hash":"a104c69efc75d3c7e59562da484cfb997bea9be8","messageTitle":"Update UG","messageBody":"","fileTypesAndContributionMap":{"docs":{"insertions":15,"deletions":0}}},{"hash":"182b7b81ca71f6f9684a3830cefed91c9c458d95","messageTitle":"Update Log File name and jar file name","messageBody":"","fileTypesAndContributionMap":{"functional-code":{"insertions":1,"deletions":1},"other":{"insertions":1,"deletions":1}}},{"hash":"ab49a3ce96ef3685b160c572038c8b702ab25ce2","messageTitle":"Fix UG CICD error","messageBody":"","fileTypesAndContributionMap":{"docs":{"insertions":2,"deletions":1}}},{"hash":"48315111c59a6dabc9b9180b2be191b40fba5fd6","messageTitle":"Update javadocs and comments","messageBody":"","fileTypesAndContributionMap":{"functional-code":{"insertions":15,"deletions":11}}},{"hash":"e53b2d8dedc9d2a81931735c7ac986edefb7af61","messageTitle":"Add duplicate task name alert","messageBody":"","fileTypesAndContributionMap":{"functional-code":{"insertions":7,"deletions":1}}},{"hash":"f91bbe57f37ccdca2a2c426fdcf15ed43d9a0553","messageTitle":"Enable assertions in gradle","messageBody":"","fileTypesAndContributionMap":{"other":{"insertions":4,"deletions":0}}},{"hash":"45be50161cf30e0a7e8dfe356bc141b78f4d43a4","messageTitle":"Update DG user stories","messageBody":"","fileTypesAndContributionMap":{"other":{"insertions":72,"deletions":72},"docs":{"insertions":19,"deletions":5}}},{"hash":"e14e60f60dd0a3782d423b0d05baab05f8c3b593","messageTitle":"Fix CICD errors","messageBody":"","fileTypesAndContributionMap":{"other":{"insertions":72,"deletions":72}}}]},{"date":"2021-03-22","commitResults":[{"hash":"141672ffed10ecdd665e1a889ad80c09febeb5c7","messageTitle":"Fix missing error message when no deadline","messageBody":"","fileTypesAndContributionMap":{"functional-code":{"insertions":3,"deletions":3}}},{"hash":"7e455a4512e264f71715e1837dd5257f94d76640","messageTitle":"Add priority and fix tasks not saving","messageBody":"","fileTypesAndContributionMap":{"functional-code":{"insertions":224,"deletions":19}}},{"hash":"a26b26e5e33365a04616732d58b6764868267264","messageTitle":"Update UG and fix CICD errors","messageBody":"","fileTypesAndContributionMap":{"functional-code":{"insertions":37,"deletions":54},"docs":{"insertions":13,"deletions":6}}},{"hash":"b4232388d817d196499300e2dc7f49fc01ea0cad","messageTitle":"Add search by priority, Priority and Task Status Unit Testing","messageBody":"","fileTypesAndContributionMap":{"functional-code":{"insertions":115,"deletions":4},"test-code":{"insertions":137,"deletions":0}}},{"hash":"4cc1e05b39a9083c87560211463f737a33f5e0de","messageTitle":"Merge with main and update TaskStatusTest","messageBody":"","fileTypesAndContributionMap":{"test-code":{"insertions":2,"deletions":2}}}]},{"date":"2021-03-23","commitResults":[{"hash":"2bb9623756247e68e27228b73c89d57219dde3e6","messageTitle":"Add sample tasks","messageBody":"","fileTypesAndContributionMap":{"functional-code":{"insertions":26,"deletions":0}}},{"hash":"6af745eb8869b7a6be6e9daeabed84b1735f0986","messageTitle":"Fix indentation","messageBody":"","fileTypesAndContributionMap":{"functional-code":{"insertions":65,"deletions":65}}},{"hash":"fa534a634bf06a69f5b0def14561ff5ed6b2013c","messageTitle":"Fix CICD","messageBody":"","fileTypesAndContributionMap":{"functional-code":{"insertions":65,"deletions":65}}},{"hash":"d481f996d35a45f47fb56c234c1d137442110678","messageTitle":"Add assertion","messageBody":"","fileTypesAndContributionMap":{"functional-code":{"insertions":8,"deletions":3}}},{"hash":"04fd3901602e9a2abf3c154b9811db883e493b36","messageTitle":"Fix CICD errors","messageBody":"","fileTypesAndContributionMap":{"functional-code":{"insertions":2,"deletions":1}}},{"hash":"0d35522fe38e2ec8849ec05bf419d11f3dd5e7e6","messageTitle":"Update DG with implementation details","messageBody":"","fileTypesAndContributionMap":{"functional-code":{"insertions":150,"deletions":150},"docs":{"insertions":121,"deletions":0}}},{"hash":"db9a6bd13232be3862ad46787d56e5bdf703fc98","messageTitle":"Fix CICD errors","messageBody":"","fileTypesAndContributionMap":{"functional-code":{"insertions":150,"deletions":150}}},{"hash":"eda7b047854c9c0a5ad89816cf27605f96c29d5c","messageTitle":"update release version","messageBody":"","fileTypesAndContributionMap":{"functional-code":{"insertions":1,"deletions":1}}},{"hash":"5f23657638f54077c79d819fb896e2678a18e2a9","messageTitle":"Add back guard clauses","messageBody":"","fileTypesAndContributionMap":{"functional-code":{"insertions":13,"deletions":8}}},{"hash":"3413b8ef8556ee17d394b7a4225c00b9f786d8f0","messageTitle":"Edit DG","messageBody":"","fileTypesAndContributionMap":{"docs":{"insertions":1,"deletions":0}}}]},{"date":"2021-03-24","commitResults":[{"hash":"0a4221bdc03126a53cb5b166d66e9c7a92ce79a3","messageTitle":"Add unit testing for TaskStatus and Priority Enums\u0027","messageBody":"","fileTypesAndContributionMap":{"test-code":{"insertions":51,"deletions":5}}},{"hash":"4d52e9b0b7dcdc740fed05e4310163145e2d0987","messageTitle":"Add DoneTaskCommand, UndoTaskCommand and other test utils","messageBody":"","fileTypesAndContributionMap":{"functional-code":{"insertions":5,"deletions":5},"test-code":{"insertions":295,"deletions":6}}},{"hash":"1fca03178e02e1b12f350b14cd790a7163e4e24c","messageTitle":"Add Unit Testing for FindByPriorityCommand and others","messageBody":"","fileTypesAndContributionMap":{"functional-code":{"insertions":5,"deletions":3},"test-code":{"insertions":180,"deletions":0}}},{"hash":"fe49d692f3e235ec0266ee9d04512b1c0f7ffb2a","messageTitle":"Fix CICD errors","messageBody":"","fileTypesAndContributionMap":{"test-code":{"insertions":23,"deletions":11}}},{"hash":"01f7329997e3988bb1ec8f42863bcd4651413ab6","messageTitle":"Update documentation and error messages","messageBody":"","fileTypesAndContributionMap":{"functional-code":{"insertions":2,"deletions":1},"docs":{"insertions":77,"deletions":109}}},{"hash":"27b8549855980a6c6628c42d47716e9b5d08ceec","messageTitle":"Remove redundant Address class","messageBody":"","fileTypesAndContributionMap":{"functional-code":{"insertions":42,"deletions":99},"docs":{"insertions":674,"deletions":674},"test-code":{"insertions":0,"deletions":36}}},{"hash":"d5c2e2ad6332f0e66798533b8b097079f867f002","messageTitle":"Rename saved data file","messageBody":"","fileTypesAndContributionMap":{"functional-code":{"insertions":46,"deletions":46},"docs":{"insertions":675,"deletions":675},"test-code":{"insertions":3,"deletions":3}}},{"hash":"6809af837d4de71ec19f33dce9c1ee5b754cfa09","messageTitle":"Update error messages","messageBody":"","fileTypesAndContributionMap":{"functional-code":{"insertions":11,"deletions":8}}},{"hash":"b810603fe3a71c04540caa7ed1074042f2d71a7f","messageTitle":"Update UG with all commands","messageBody":"","fileTypesAndContributionMap":{"docs":{"insertions":60,"deletions":4}}},{"hash":"e1ed690f8b3e2f36b83f2a7865b3be8f37e2a4e9","messageTitle":"Update sample tasks to be more relevant","messageBody":"","fileTypesAndContributionMap":{"functional-code":{"insertions":10,"deletions":11}}},{"hash":"fed12cb31f0e5c5e585750c9985af8243170630f","messageTitle":"Update UG","messageBody":"","fileTypesAndContributionMap":{"docs":{"insertions":1,"deletions":1}}},{"hash":"14a2d66915b1c645620bd9425a7ea2a50f3f9ff0","messageTitle":"Update UG","messageBody":"","fileTypesAndContributionMap":{"docs":{"insertions":1,"deletions":1}}},{"hash":"62db04e78fc65587806a097b649f6e447362a889","messageTitle":"Add Command Summary Table","messageBody":"","fileTypesAndContributionMap":{"docs":{"insertions":53,"deletions":8}}},{"hash":"b8bdb55ba2af575cee6dc346b42d2f6066cddd0f","messageTitle":"Add sidebar","messageBody":"","fileTypesAndContributionMap":{"docs":{"insertions":33,"deletions":2}}},{"hash":"8eeb9907ada040151f3a704d78008f01a512cd47","messageTitle":"Remove navigation bar","messageBody":"","fileTypesAndContributionMap":{"docs":{"insertions":2,"deletions":33}}},{"hash":"c58071ab715626d967bb96528d0daae2d09e0f01","messageTitle":"Add anchor","messageBody":"","fileTypesAndContributionMap":{"docs":{"insertions":4,"deletions":2}}},{"hash":"70c65c60a5a4acf79aef958cb2749aa1f924c8c9","messageTitle":"Add anchors","messageBody":"","fileTypesAndContributionMap":{"docs":{"insertions":35,"deletions":19}}},{"hash":"4be497fa13d9b144ce4ef451b98b91b77bdc3de1","messageTitle":"Add Content List","messageBody":"","fileTypesAndContributionMap":{"docs":{"insertions":8,"deletions":0}}},{"hash":"445dd4afbb8352b994a8c458f87f52b8a82e6643","messageTitle":"Fix CICD errors","messageBody":"","fileTypesAndContributionMap":{"functional-code":{"insertions":2,"deletions":1}}}]},{"date":"2021-03-25","commitResults":[{"hash":"106a535a31526cc6ba589693ff13e01ac3e27177","messageTitle":"Fix typo","messageBody":"","fileTypesAndContributionMap":{"docs":{"insertions":1,"deletions":1}}},{"hash":"a7108d2cb0cfccd856e9604e22c3574548a1cfdf","messageTitle":"Fix typo","messageBody":"","fileTypesAndContributionMap":{"docs":{"insertions":1,"deletions":1}}},{"hash":"eb600124ddce1b675c48b6ee38d0785ec1da71c9","messageTitle":"Update UserGuide.md","messageBody":"","fileTypesAndContributionMap":{"docs":{"insertions":6,"deletions":6}}},{"hash":"de0388dac12c6e40519962e327b9605ceabd565d","messageTitle":"Update UserGuide.md","messageBody":"","fileTypesAndContributionMap":{"docs":{"insertions":0,"deletions":24}}},{"hash":"da0fae7817a6cd553cc29cf5840ac5591e19792f","messageTitle":"Update UserGuide.md","messageBody":"","fileTypesAndContributionMap":{"docs":{"insertions":22,"deletions":2}}},{"hash":"036d6356f005beff440954c41a4de1e1e5b7ac8d","messageTitle":"Update UserGuide.md","messageBody":"","fileTypesAndContributionMap":{"docs":{"insertions":3,"deletions":0}}},{"hash":"0d7736e4df02888ed429a78ac0af7961a3e17f15","messageTitle":"Add Unit Testing for parsers","messageBody":"","fileTypesAndContributionMap":{"functional-code":{"insertions":1,"deletions":1},"other":{"insertions":1,"deletions":1},"test-code":{"insertions":123,"deletions":0}}},{"hash":"81255a30777b6dd647c0cc2e1704c3d13ac1a748","messageTitle":"Change Test File Name","messageBody":"","fileTypesAndContributionMap":{"test-code":{"insertions":1,"deletions":1}}}]},{"date":"2021-03-26","commitResults":[{"hash":"f55ff349df1174d77c9a463f4997662c3b2e55fe","messageTitle":"Add integration testing for add and delete commands","messageBody":"","fileTypesAndContributionMap":{"test-code":{"insertions":132,"deletions":0}}},{"hash":"f9c6371a946c2a50e26607cb07e3b6a077257822","messageTitle":"Add DoneTask and UndoTask Integration Test","messageBody":"","fileTypesAndContributionMap":{"test-code":{"insertions":105,"deletions":1}}},{"hash":"bffc0bff95679e7d792163fa3d2d6dfcf2dae2a2","messageTitle":"Add FindByPriorityIntegrationTesting","messageBody":"","fileTypesAndContributionMap":{"test-code":{"insertions":36,"deletions":0}}},{"hash":"7d12efab60a87f647d0129ec526712b3993d13f0","messageTitle":"Merge upstream master","messageBody":"","fileTypesAndContributionMap":{"test-code":{"insertions":12,"deletions":7}}},{"hash":"e307c62e91b74bdf59354808fa5dd8b078006f83","messageTitle":"Update documentation","messageBody":"","fileTypesAndContributionMap":{"functional-code":{"insertions":7,"deletions":55}}},{"hash":"68d13c984919540c0be6749bdce7d36e2485a8bd","messageTitle":"Update docs","messageBody":"","fileTypesAndContributionMap":{"functional-code":{"insertions":127,"deletions":35}}},{"hash":"b06af7a1b8e769f764619ee2be09cb3536bcd0b7","messageTitle":"Fix CICD","messageBody":"","fileTypesAndContributionMap":{"functional-code":{"insertions":26,"deletions":1}}},{"hash":"82edd4e8d2e365fff4d57068df4cec40dd9acf9d","messageTitle":"Delete redundant","messageBody":"","fileTypesAndContributionMap":{"functional-code":{"insertions":0,"deletions":25}}}]},{"date":"2021-03-27","commitResults":[{"hash":"381328ab4252ab7739b539dcaa045e416a0f8263","messageTitle":"Update DeveloperGuide.md","messageBody":"","fileTypesAndContributionMap":{"docs":{"insertions":1,"deletions":1}}}]},{"date":"2021-03-28","commitResults":[{"hash":"0f49fe0ff925e673d48b5224121c918826c77c75","messageTitle":"Add findTasksForCommand and Parser","messageBody":"","fileTypesAndContributionMap":{"functional-code":{"insertions":112,"deletions":0},"docs":{"insertions":13,"deletions":4}}},{"hash":"968cfe806827ba1b0388fecc7459a96093dba02f","messageTitle":"Add FindMemberTasks Command","messageBody":"","fileTypesAndContributionMap":{"functional-code":{"insertions":10,"deletions":21},"docs":{"insertions":7,"deletions":2},"test-code":{"insertions":205,"deletions":1}}},{"hash":"b9b5ffb2b9304518c67c141586f902eca88f7648","messageTitle":"Update UG","messageBody":"","fileTypesAndContributionMap":{"functional-code":{"insertions":17,"deletions":4},"docs":{"insertions":97,"deletions":128}}},{"hash":"296a1831457837c60c6e7e31748d9d7793633ecc","messageTitle":"Update UG","messageBody":"","fileTypesAndContributionMap":{"docs":{"insertions":2,"deletions":2}}},{"hash":"18e9a28d3991a018b28d7a2d078b8d66c8a82075","messageTitle":"Fix checkstyle","messageBody":"","fileTypesAndContributionMap":{"functional-code":{"insertions":0,"deletions":2}}},{"hash":"0f462b58982dc6e7c0cb73087434934c73c29375","messageTitle":"Fix CICD errors","messageBody":"","fileTypesAndContributionMap":{"docs":{"insertions":1,"deletions":1}}},{"hash":"2ec4997faafa65a80db1a023a83b66ad2c30c1b6","messageTitle":"Update the UG and UI","messageBody":"","fileTypesAndContributionMap":{"docs":{"insertions":33,"deletions":33}}},{"hash":"328ad906bb268c6736b6cadfbfb3baba1b2331b2","messageTitle":"Update the UG","messageBody":"","fileTypesAndContributionMap":{"docs":{"insertions":0,"deletions":1}}},{"hash":"3e4fc1eafce1f6ccb387406c4cf14e59873ce849","messageTitle":"Update UserGuide.md","messageBody":"","fileTypesAndContributionMap":{"docs":{"insertions":3,"deletions":3}}},{"hash":"4c7c36e1ad980f640505b70d20a978923ef74d2c","messageTitle":"Testing UG updates","messageBody":"","fileTypesAndContributionMap":{"docs":{"insertions":17,"deletions":10}}},{"hash":"4a053367a073279613ee1d59cec8c6e1a7767f13","messageTitle":"Update UserGuide.md","messageBody":"","fileTypesAndContributionMap":{"docs":{"insertions":3,"deletions":3}}},{"hash":"dafd8b514dcfbf03d5b5698f5306329534513f44","messageTitle":"Update UserGuide.md","messageBody":"","fileTypesAndContributionMap":{"docs":{"insertions":4,"deletions":3}}},{"hash":"32df3f7f5290e6be3e67553e66e1be77d81604ef","messageTitle":"Update UserGuide.md","messageBody":"","fileTypesAndContributionMap":{"docs":{"insertions":12,"deletions":1}}},{"hash":"830a26889877752f58d251c174088298fcf747eb","messageTitle":"Update UserGuide.md","messageBody":"","fileTypesAndContributionMap":{"docs":{"insertions":3,"deletions":1}}},{"hash":"2eba4b9a3f508a5fe39f998a09b849ff68571428","messageTitle":"Update UserGuide.md","messageBody":"","fileTypesAndContributionMap":{"docs":{"insertions":8,"deletions":0}}},{"hash":"0afecbbb936c7ee999d52637b4a9652ccc7d1859","messageTitle":"Update UG","messageBody":"","fileTypesAndContributionMap":{"docs":{"insertions":13,"deletions":3}}},{"hash":"6a91bc1dc74c2992dcc01956001b1e9c3d163674","messageTitle":"Update UG and index.md","messageBody":"","fileTypesAndContributionMap":{"docs":{"insertions":5,"deletions":3}}},{"hash":"c3459aac8baba67fdaa8c4de1eb57211fc475759","messageTitle":"Fix typo","messageBody":"","fileTypesAndContributionMap":{"docs":{"insertions":1,"deletions":1}}},{"hash":"dc0ef61e5ee427558925c7efb09da5e858ae16bd","messageTitle":"Fix typo","messageBody":"","fileTypesAndContributionMap":{"docs":{"insertions":1,"deletions":1}}},{"hash":"6baae3f79c161f6eca0777cbfc9c6c8b019dc2b8","messageTitle":"Update index.md","messageBody":"","fileTypesAndContributionMap":{"docs":{"insertions":1,"deletions":1}}},{"hash":"530279f5070f71ac37fbe812468e5ad8857fca9f","messageTitle":"Update UserGuide.md","messageBody":"","fileTypesAndContributionMap":{"docs":{"insertions":6,"deletions":6}}},{"hash":"f6c388c47fe62e448d255ff71f8790bc1bfbb06c","messageTitle":"Update UserGuide.md","messageBody":"","fileTypesAndContributionMap":{"docs":{"insertions":3,"deletions":5}}}]},{"date":"2021-03-29","commitResults":[{"hash":"be8a94704c817dcdb9800c44b8edaf9e2e5c3399","messageTitle":"Fix checkstyle","messageBody":"","fileTypesAndContributionMap":{"functional-code":{"insertions":17,"deletions":9},"other":{"insertions":1,"deletions":1},"test-code":{"insertions":86,"deletions":65}}},{"hash":"4c75cf6f72287f8e4d26ccd85f4eca5f3c075eb7","messageTitle":"Update DG","messageBody":"","fileTypesAndContributionMap":{"docs":{"insertions":76,"deletions":63},"test-code":{"insertions":15,"deletions":10}}},{"hash":"fdf5ff7eb6b1ac1c7880790348229c9e77b8be1e","messageTitle":"Update DG","messageBody":"","fileTypesAndContributionMap":{"docs":{"insertions":1,"deletions":1}}},{"hash":"f93f294ada7dc2ca7cfe3566a1e595a9b4fea1fe","messageTitle":"Fix CICD","messageBody":"","fileTypesAndContributionMap":{"test-code":{"insertions":2,"deletions":2}}},{"hash":"7b2f96e0778f0cdc45927eb9941809e827a99945","messageTitle":"Fix CICD","messageBody":"","fileTypesAndContributionMap":{"test-code":{"insertions":2,"deletions":2}}}]},{"date":"2021-03-30","commitResults":[{"hash":"3c2f3b8a35fc9ce5f0b81f5a26d3a4edf9531ec5","messageTitle":"Change Diagram","messageBody":"","fileTypesAndContributionMap":{"functional-code":{"insertions":4,"deletions":4},"other":{"insertions":5,"deletions":5},"docs":{"insertions":29,"deletions":16},"test-code":{"insertions":165,"deletions":170}}},{"hash":"cb4fc77bd3b8cd33bae3832a1dd6309bee899af5","messageTitle":"Add Updated Model Diagram","messageBody":"","fileTypesAndContributionMap":{"docs":{"insertions":2,"deletions":0}}},{"hash":"f05a36309ec2f16ae89e8cfb9d99c5cd2c7d85d2","messageTitle":"Merge upstream","messageBody":"","fileTypesAndContributionMap":{"functional-code":{"insertions":19,"deletions":9},"test-code":{"insertions":20,"deletions":20}}},{"hash":"116812c0f81c140e6db83ba54c225be915c4dc67","messageTitle":"Update done diagram","messageBody":"","fileTypesAndContributionMap":{"docs":{"insertions":13,"deletions":13}}},{"hash":"95f666aad13f51642e0ef71201ea4f6c5524e8a1","messageTitle":"Remove Better Model Class","messageBody":"","fileTypesAndContributionMap":{"docs":{"insertions":0,"deletions":6}}},{"hash":"a518d85eccc12d4f835c75090bcdb62a9318d2bc","messageTitle":"Fix merge conflicts","messageBody":"","fileTypesAndContributionMap":{"functional-code":{"insertions":0,"deletions":17},"test-code":{"insertions":3,"deletions":148}}},{"hash":"9347685988e0496a03fbcbd6072a18de3c143f22","messageTitle":"Update version","messageBody":"","fileTypesAndContributionMap":{"functional-code":{"insertions":1,"deletions":1}}}]}]},"authorFileTypeContributionMap":{"tashawan23":{"docs":228,"functional-code":1487,"test-code":1390},"rachelljt":{"docs":155,"functional-code":444,"test-code":552},"cheeerynne":{"docs":294,"functional-code":764,"test-code":1402},"zatkiller":{"docs":457,"functional-code":941,"test-code":1450,"other":4}},"authorContributionVariance":{"tashawan23":65878.47,"rachelljt":9661.548,"cheeerynne":57172.406,"zatkiller":3210126.0},"authorDisplayNameMap":{"tashawan23":"CS2103T-W14-3 TASH.. LIN","rachelljt":"CS2103T-W14-3 LIM ..CHEL","cheeerynne":"CS2103T-W14-3 CHEE..YNNE","zatkiller":"CS2103T-W14-3 DYLA..KANG"}}
