{"authorDailyContributionsMap":{"tashawan23":[{"date":"2021-02-25","commitResults":[{"hash":"e4780edfd380c45f70495dcb95e8613fe5ff2f45","messageTitle":"Edit About Us","messageBody":"","fileTypesAndContributionMap":{"docs":{"insertions":4,"deletions":4}}},{"hash":"b6161398fa58d5a567adff70c8b355e9d40de0f4","messageTitle":"Edit user guide","messageBody":"","fileTypesAndContributionMap":{"docs":{"insertions":25,"deletions":0}}}]},{"date":"2021-03-09","commitResults":[{"hash":"8b2765158ddc59f46cd2d3833fc4af3ea6fd2346","messageTitle":"Add addTask command","messageBody":"","fileTypesAndContributionMap":{"functional-code":{"insertions":590,"deletions":10}}}]},{"date":"2021-03-11","commitResults":[{"hash":"0616df19220d04d7a177043f76f17e9af9426105","messageTitle":"Add addTask command","messageBody":"","fileTypesAndContributionMap":{"functional-code":{"insertions":88,"deletions":46}}},{"hash":"81500ed37119d8442b9db62928faf2ed6c08b5d7","messageTitle":"Edit code style","messageBody":"","fileTypesAndContributionMap":{"functional-code":{"insertions":244,"deletions":37}}},{"hash":"9984f0018a7d6b430619523b1ffa19802d162971","messageTitle":"Edit tests","messageBody":"","fileTypesAndContributionMap":{"test-code":{"insertions":88,"deletions":2}}}]},{"date":"2021-03-14","commitResults":[{"hash":"cbae01047bd17ebc8cb0611799db449bc0451752","messageTitle":"Edit comments","messageBody":"","fileTypesAndContributionMap":{"functional-code":{"insertions":9,"deletions":3},"docs":{"insertions":2,"deletions":2}}},{"hash":"a9ab608fc481479d740c338d1889106300f57252","messageTitle":"Add tasks to test files","messageBody":"","fileTypesAndContributionMap":{"test-code":{"insertions":15,"deletions":3}}},{"hash":"2d9aec1fbdb6a5c7a4bf6034ea446ef2f566e6e1","messageTitle":"add EditTask command","messageBody":"","fileTypesAndContributionMap":{"docs":{"insertions":10,"deletions":3}}}]},{"date":"2021-03-15","commitResults":[{"hash":"393f91055b261ad5604509907d17a217572af3b9","messageTitle":"Edit task prefix","messageBody":"","fileTypesAndContributionMap":{"functional-code":{"insertions":4,"deletions":4},"docs":{"insertions":2,"deletions":2}}},{"hash":"6ca231cdf0d7403617d77b7e9b184751ce034720","messageTitle":"Fix checkstyle errors","messageBody":"","fileTypesAndContributionMap":{"functional-code":{"insertions":0,"deletions":1}}},{"hash":"7f2a44e99d6ee4d7f32d37cbd30677919e229b0d","messageTitle":"Edit parser","messageBody":"","fileTypesAndContributionMap":{"functional-code":{"insertions":8,"deletions":3}}},{"hash":"fb78169968de855c738d201c12cfcd507c28d9aa","messageTitle":"edit styling","messageBody":"","fileTypesAndContributionMap":{"functional-code":{"insertions":0,"deletions":1}}}]},{"date":"2021-03-16","commitResults":[{"hash":"b8e4ba818743079e99cef51528ec9827ae5e98d6","messageTitle":"Edit parser error","messageBody":"","fileTypesAndContributionMap":{"functional-code":{"insertions":2,"deletions":1}}}]},{"date":"2021-03-17","commitResults":[{"hash":"f9ee734fce06d56092db249c59803459109f0a5c","messageTitle":"Edit error messages","messageBody":"","fileTypesAndContributionMap":{"functional-code":{"insertions":7,"deletions":7}}},{"hash":"493b0b5af34815a7b2df5836e8897f71e86145df","messageTitle":"Edit error messages","messageBody":"","fileTypesAndContributionMap":{"functional-code":{"insertions":0,"deletions":1}}}]}],"rachelljt":[{"date":"2021-02-25","commitResults":[{"hash":"3e8a61a8d9e76b993f498c731e7bf70bcf9646ba","messageTitle":"update profile rachel","messageBody":"","fileTypesAndContributionMap":{"docs":{"insertions":3,"deletions":3}}},{"hash":"7169fd6eafafcbdf493c975d7e495094102294b3","messageTitle":"update names in aboutus.md","messageBody":"","fileTypesAndContributionMap":{"docs":{"insertions":3,"deletions":13}}},{"hash":"8672f577a8ec8abddec6b2720562643ac6c06562","messageTitle":"update readme for 3 and 4","messageBody":"","fileTypesAndContributionMap":{"docs":{"insertions":17,"deletions":0}}},{"hash":"c8aacf1f55d206a7416731e904b25a7c2f9a0309","messageTitle":"update aboutme.md","messageBody":"","fileTypesAndContributionMap":{"docs":{"insertions":3,"deletions":13}}}]},{"date":"2021-03-14","commitResults":[{"hash":"3fd2d8339dae6ee24077126822b2b69ea2e7b566","messageTitle":"add new commands - deleteTask and viewTasks","messageBody":"","fileTypesAndContributionMap":{"functional-code":{"insertions":259,"deletions":11},"test-code":{"insertions":5,"deletions":0}}},{"hash":"d2352c011867d9950b66289ec38368b5d0a46445","messageTitle":"fix checkstyle errors","messageBody":"","fileTypesAndContributionMap":{"functional-code":{"insertions":13,"deletions":3}}}]},{"date":"2021-03-15","commitResults":[{"hash":"3391d06be907254a1913cdb6cd6124dbd068abbc","messageTitle":"remove the update person list method","messageBody":"","fileTypesAndContributionMap":{"functional-code":{"insertions":0,"deletions":6}}},{"hash":"bb01744b7b14288072af7d080270df9ffe294625","messageTitle":"fix errors","messageBody":"","fileTypesAndContributionMap":{"functional-code":{"insertions":1,"deletions":1}}},{"hash":"7ce18f3f8f15ec0178bdb3fa69fb61c84c01d4e2","messageTitle":"change comment in DeleteTaskCommand","messageBody":"","fileTypesAndContributionMap":{"functional-code":{"insertions":1,"deletions":1}}}]},{"date":"2021-03-16","commitResults":[{"hash":"1f4fc83650c0db7b65cfa211cd8d779fefa82f20","messageTitle":"update tests for task","messageBody":"","fileTypesAndContributionMap":{"test-code":{"insertions":506,"deletions":2}}}]},{"date":"2021-03-17","commitResults":[{"hash":"b866a08c7d7705394938c44d56c00b9cf023da1b","messageTitle":"add newline","messageBody":"","fileTypesAndContributionMap":{"test-code":{"insertions":1,"deletions":1}}},{"hash":"132f24046d83e829340edc2fd7b9d9fb01d87076","messageTitle":"fix checkstyle","messageBody":"","fileTypesAndContributionMap":{"test-code":{"insertions":9,"deletions":9}}},{"hash":"9d2e8502804f7097f42567c569f580f116fcf602","messageTitle":"fix checkstyle again","messageBody":"","fileTypesAndContributionMap":{"test-code":{"insertions":5,"deletions":5}}}]}],"cheeerynne":[{"date":"2021-02-25","commitResults":[{"hash":"074a877e9bee7722752b2b9343b2c1f90b991596","messageTitle":"Update AboutUs page","messageBody":"","fileTypesAndContributionMap":{"docs":{"insertions":3,"deletions":3}}},{"hash":"94dc61e135c86324191112d5cb57b2162223ddf4","messageTitle":"Update user guide","messageBody":"","fileTypesAndContributionMap":{"docs":{"insertions":11,"deletions":0}}},{"hash":"2dab4b4c54eac11086066e0a68a39885b9e6ebcd","messageTitle":"Update UserGuide.md","messageBody":"","fileTypesAndContributionMap":{"docs":{"insertions":10,"deletions":10}}}]},{"date":"2021-03-15","commitResults":[{"hash":"972e00ec54edbc4e5d1dd2a0704c3bf629fca622","messageTitle":"Add deleteMember command","messageBody":"","fileTypesAndContributionMap":{"functional-code":{"insertions":10,"deletions":12},"other":{"insertions":23,"deletions":14},"test-code":{"insertions":83,"deletions":46}}},{"hash":"f6581be3d468d56667a21dbee21edfbae9fe498b","messageTitle":"Modify add command input","messageBody":"","fileTypesAndContributionMap":{"functional-code":{"insertions":7,"deletions":7}}},{"hash":"a7f974d94ef8495e2345d97eb0fd8963f2002ffd","messageTitle":"Modify checkstyle","messageBody":"","fileTypesAndContributionMap":{"functional-code":{"insertions":0,"deletions":1}}}]},{"date":"2021-03-16","commitResults":[{"hash":"624c1fc51125c5040af63fbe11cdb6e2ddeafb9a","messageTitle":"Add editMember command","messageBody":"","fileTypesAndContributionMap":{"functional-code":{"insertions":4,"deletions":5},"other":{"insertions":74,"deletions":77},"docs":{"insertions":8,"deletions":1},"test-code":{"insertions":217,"deletions":182}}},{"hash":"ee66f21df237aef1f28d033a9c7c3ee61c99373f","messageTitle":"Make changes to deleteMember command","messageBody":"","fileTypesAndContributionMap":{"functional-code":{"insertions":5,"deletions":5},"other":{"insertions":27,"deletions":27},"test-code":{"insertions":6,"deletions":6}}},{"hash":"2215f193529ee387653eabef87837dca120af5eb","messageTitle":"Fix hardcoding issue","messageBody":"","fileTypesAndContributionMap":{"test-code":{"insertions":7,"deletions":6}}},{"hash":"ed7906a910715f3a0f8e094e30c58c6ecfce1de3","messageTitle":"Fix checkstyle","messageBody":"","fileTypesAndContributionMap":{"test-code":{"insertions":0,"deletions":1}}},{"hash":"7ce1e23e773cb1ae08064e035675647219d6d3ce","messageTitle":"Make changes to editMember command","messageBody":"","fileTypesAndContributionMap":{"functional-code":{"insertions":15,"deletions":12},"other":{"insertions":7,"deletions":7},"docs":{"insertions":2,"deletions":2},"test-code":{"insertions":44,"deletions":44}}},{"hash":"0200b51ce3028402e0ee75dfc960bfbe88a9b7a7","messageTitle":"Update editMember command UG","messageBody":"","fileTypesAndContributionMap":{"docs":{"insertions":4,"deletions":1}}}]},{"date":"2021-03-17","commitResults":[{"hash":"04966ec8cfd0e8f2db5a18432efa6338c9431787","messageTitle":"Edit javadoc comment","messageBody":"","fileTypesAndContributionMap":{"test-code":{"insertions":1,"deletions":1}}}]}],"zatkiller":[{"date":"2021-02-25","commitResults":[{"hash":"f7cda1659ce874913ffe3cced27ac7ab379d0151","messageTitle":"Add profile","messageBody":"","fileTypesAndContributionMap":{"docs":{"insertions":4,"deletions":4}}},{"hash":"e71602a5628970e727bf75506225ae0604f76c0e","messageTitle":"Update README CI status","messageBody":"","fileTypesAndContributionMap":{"docs":{"insertions":1,"deletions":1}}},{"hash":"c50cd9b5aeb353166b870c37a3f89a8ebfb407ab","messageTitle":"Update README.md","messageBody":"","fileTypesAndContributionMap":{"docs":{"insertions":13,"deletions":10}}},{"hash":"a3bdc3de38b5b457d191683c8bec0bd9a065d218","messageTitle":"Update DeveloperGuide.md","messageBody":"Update Value Proposition, Target User and User Stories","fileTypesAndContributionMap":{"docs":{"insertions":10,"deletions":10}}},{"hash":"c2463466f02a217ca1eb80903723d626dfe38738","messageTitle":"Update DeveloperGuide.md","messageBody":"Update Uses cases, Non-functional Requirements and Glossary","fileTypesAndContributionMap":{"docs":{"insertions":29,"deletions":15}}},{"hash":"ee1ca214afb826dd5585a5bf2c1d68de1cd25c8e","messageTitle":"Update UserGuide.md","messageBody":"Update UserGuide to include final features","tags":["v1.1"],"fileTypesAndContributionMap":{"docs":{"insertions":17,"deletions":0}}}]},{"date":"2021-03-02","commitResults":[{"hash":"4040a74e300f262231357cd7734032d5812b0940","messageTitle":"Fix UserGuide.md","messageBody":"","fileTypesAndContributionMap":{"docs":{"insertions":1,"deletions":196}}},{"hash":"b88e6cb430ae8670622116a4ca9080f567951997","messageTitle":"Fix CI/CD erros","messageBody":"","fileTypesAndContributionMap":{"docs":{"insertions":1,"deletions":1}}},{"hash":"1bd1fd5753bd0f8b37429a85d406b95bc9462a73","messageTitle":"Fix website and update READ ME","messageBody":"","fileTypesAndContributionMap":{"docs":{"insertions":6,"deletions":6}}},{"hash":"5ce7812fb663a46c951a884f392156da997a45a9","messageTitle":"Update codecov badge","messageBody":"","fileTypesAndContributionMap":{"docs":{"insertions":1,"deletions":1}}}]},{"date":"2021-03-14","commitResults":[{"hash":"f1fdbe1642221b751f72746ecd3221e56c9c622e","messageTitle":"Change Userguide Commands","messageBody":"","fileTypesAndContributionMap":{"docs":{"insertions":4,"deletions":4}}},{"hash":"7c3100840fbb5ef3fc74e5339ebd460219a3103b","messageTitle":"Modify Person Class","messageBody":"","fileTypesAndContributionMap":{"functional-code":{"insertions":21,"deletions":206},"test-code":{"insertions":75,"deletions":420}}},{"hash":"5a5f5d0e6b93e13fbb8d497dc1257c3bad7d0f2b","messageTitle":"Add email parsing to command documentation","messageBody":"","fileTypesAndContributionMap":{"docs":{"insertions":2,"deletions":2}}},{"hash":"de777ba537333977d4ca40485d8e0a23420db7a4","messageTitle":"Modify Add Member Command","messageBody":"","fileTypesAndContributionMap":{"functional-code":{"insertions":659,"deletions":667},"other":{"insertions":73,"deletions":81},"docs":{"insertions":63,"deletions":63},"test-code":{"insertions":1735,"deletions":1735}}},{"hash":"47992f433f40b6093bcb3ff6da01646b3f5b67c1","messageTitle":"add addMember command and remove redundant tests","messageBody":"","fileTypesAndContributionMap":{"other":{"insertions":11,"deletions":21},"test-code":{"insertions":21,"deletions":19}}},{"hash":"1fe4f65a53b89387e09035037b9cb6d1b772642f","messageTitle":"Fix CI/CD errors","messageBody":"","fileTypesAndContributionMap":{"functional-code":{"insertions":700,"deletions":701},"docs":{"insertions":65,"deletions":65},"test-code":{"insertions":1724,"deletions":1724}}},{"hash":"2564e1d424124c78fbd760f967a88857b06f648e","messageTitle":"Fix checkstyle errors","messageBody":"","fileTypesAndContributionMap":{"test-code":{"insertions":20,"deletions":27}}}]},{"date":"2021-03-15","commitResults":[{"hash":"3819c47bb8caff5ca79cf4504d291e99a0c2712c","messageTitle":"Edit result display","messageBody":"","fileTypesAndContributionMap":{"functional-code":{"insertions":1,"deletions":2}}},{"hash":"e8ccd47971b51aa00b011bc20473f146ed541b00","messageTitle":"Change list to view","messageBody":"","fileTypesAndContributionMap":{"functional-code":{"insertions":3,"deletions":3},"other":{"insertions":6,"deletions":6},"test-code":{"insertions":6,"deletions":6}}},{"hash":"c1911b3d0571c26c89bcbc23ccd3a84f385bff4e","messageTitle":"Change addMemberCommand Name","messageBody":"","fileTypesAndContributionMap":{"functional-code":{"insertions":8,"deletions":8},"other":{"insertions":22,"deletions":22},"test-code":{"insertions":11,"deletions":11}}},{"hash":"a1447bc9407862a680223928b434657370a10802","messageTitle":"Revert back to 3 digits","messageBody":"","fileTypesAndContributionMap":{"functional-code":{"insertions":2,"deletions":2},"test-code":{"insertions":2,"deletions":2}}},{"hash":"015bdacfe7c56289a97b4b248f162df586ecd4b8","messageTitle":"Fix CI/CD errors","messageBody":"","fileTypesAndContributionMap":{"test-code":{"insertions":1,"deletions":2}}},{"hash":"fb4c93aef89d7e605e5b79007f1293270a9dc73f","messageTitle":"Fix Message Usage formatting","messageBody":"","fileTypesAndContributionMap":{"functional-code":{"insertions":6,"deletions":6}}},{"hash":"e699ddbc8e7ffe023e7a0c919829b0cd7422497c","messageTitle":"Fix checkstyle errors","messageBody":"","fileTypesAndContributionMap":{"functional-code":{"insertions":0,"deletions":1}}}]},{"date":"2021-03-16","commitResults":[{"hash":"5e1fcb9d5e3f63fab70c685738b297503ffd5eae","messageTitle":"Fix invalid command bug","messageBody":"","fileTypesAndContributionMap":{"functional-code":{"insertions":8,"deletions":0},"test-code":{"insertions":10,"deletions":10}}}]},{"date":"2021-03-17","commitResults":[{"hash":"4c67ed154cfa571defc895f7142e85383d89de75","messageTitle":"Fix command parsing","messageBody":"","fileTypesAndContributionMap":{"functional-code":{"insertions":1,"deletions":1}}}]}]},"authorFileTypeContributionMap":{"tashawan23":{"docs":12,"functional-code":833,"test-code":99},"rachelljt":{"docs":14,"functional-code":273,"test-code":512},"cheeerynne":{"docs":27,"functional-code":107,"test-code":393},"zatkiller":{"docs":69,"functional-code":51,"test-code":102}},"authorContributionVariance":{"tashawan23":20864.102,"rachelljt":11746.988,"cheeerynne":23566.393,"zatkiller":4231342.0},"authorDisplayNameMap":{"tashawan23":"CS2103T-W14-3 TASH.. LIN","rachelljt":"CS2103T-W14-3 LIM ..CHEL","cheeerynne":"CS2103T-W14-3 CHEE..YNNE","zatkiller":"CS2103T-W14-3 DYLA..KANG"}}
