[{"path":"docs/AboutUs.md","fileType":"docs","lines":[{"lineNumber":1,"author":{"gitId":"-"},"content":"---"},{"lineNumber":2,"author":{"gitId":"-"},"content":"layout: page"},{"lineNumber":3,"author":{"gitId":"-"},"content":"title: About Us"},{"lineNumber":4,"author":{"gitId":"-"},"content":"---"},{"lineNumber":5,"author":{"gitId":"-"},"content":""},{"lineNumber":6,"author":{"gitId":"-"},"content":"We are a team based in the [School of Computing, National University of Singapore](http://www.comp.nus.edu.sg)."},{"lineNumber":7,"author":{"gitId":"-"},"content":""},{"lineNumber":8,"author":{"gitId":"-"},"content":"## Project team"},{"lineNumber":9,"author":{"gitId":"-"},"content":""},{"lineNumber":10,"author":{"gitId":"-"},"content":""},{"lineNumber":11,"author":{"gitId":"hengyiqun"},"content":"### Heng Yi Qun"},{"lineNumber":12,"author":{"gitId":"-"},"content":""},{"lineNumber":13,"author":{"gitId":"hengyiqun"},"content":"\u003cimg src\u003d\"images/yiqun.png\" width\u003d\"200px\"\u003e"},{"lineNumber":14,"author":{"gitId":"-"},"content":""},{"lineNumber":15,"author":{"gitId":"hengyiqun"},"content":"[[github](http://github.com/hengyiqun)]"},{"lineNumber":16,"author":{"gitId":"hengyiqun"},"content":"[[portfolio]()]"},{"lineNumber":17,"author":{"gitId":"-"},"content":""},{"lineNumber":18,"author":{"gitId":"-"},"content":"* Role: Developer"},{"lineNumber":19,"author":{"gitId":"hengyiqun"},"content":"* Responsibilities: Features"},{"lineNumber":20,"author":{"gitId":"-"},"content":""},{"lineNumber":21,"author":{"gitId":"-"},"content":""},{"lineNumber":22,"author":{"gitId":"totoyoyo"},"content":"### ToTo Tokaeo"},{"lineNumber":23,"author":{"gitId":"-"},"content":""},{"lineNumber":24,"author":{"gitId":"totoyoyo"},"content":"\u003cimg src\u003d\"images/totoyoyo.png\" width\u003d\"200px\"\u003e"},{"lineNumber":25,"author":{"gitId":"-"},"content":""},{"lineNumber":26,"author":{"gitId":"totoyoyo"},"content":"[[github](http://github.com/totoyoyo)]"},{"lineNumber":27,"author":{"gitId":"totoyoyo"},"content":"[[portfolio](team/totoyoyo.md)]"},{"lineNumber":28,"author":{"gitId":"-"},"content":""},{"lineNumber":29,"author":{"gitId":"-"},"content":"* Role: Developer"},{"lineNumber":30,"author":{"gitId":"totoyoyo"},"content":"* Responsibilities: Dates and Time Management"},{"lineNumber":31,"author":{"gitId":"-"},"content":""},{"lineNumber":32,"author":{"gitId":"Maurice2n97"},"content":"### Maurice Mok"},{"lineNumber":33,"author":{"gitId":"-"},"content":""},{"lineNumber":34,"author":{"gitId":"Maurice2n97"},"content":"\u003cimg src\u003d\"images/maurice2n97.png\" width\u003d\"200px\"\u003e"},{"lineNumber":35,"author":{"gitId":"-"},"content":""},{"lineNumber":36,"author":{"gitId":"Maurice2n97"},"content":"[[homepage](https://github.com/Maurice2n97)]"},{"lineNumber":37,"author":{"gitId":"Maurice2n97"},"content":"[[github](https://github.com/Maurice2n97)]"},{"lineNumber":38,"author":{"gitId":"Maurice2n97"},"content":"[[portfolio](Maurice)]"},{"lineNumber":39,"author":{"gitId":"-"},"content":""},{"lineNumber":40,"author":{"gitId":"-"},"content":"* Role: Developer"},{"lineNumber":41,"author":{"gitId":"-"},"content":""},{"lineNumber":42,"author":{"gitId":"-"},"content":""},{"lineNumber":43,"author":{"gitId":"skinnychenpi"},"content":"### Chen Yuheng"},{"lineNumber":44,"author":{"gitId":"-"},"content":""},{"lineNumber":45,"author":{"gitId":"skinnychenpi"},"content":"\u003cimg src\u003d\"images/skinnychenpi.png\" width\u003d\"200px\"\u003e"},{"lineNumber":46,"author":{"gitId":"-"},"content":""},{"lineNumber":47,"author":{"gitId":"skinnychenpi"},"content":"[[github](http://github.com/skinnychenpi)]"},{"lineNumber":48,"author":{"gitId":"skinnychenpi"},"content":"[[portfolio](team/skinnychenpi.md)]"},{"lineNumber":49,"author":{"gitId":"-"},"content":""},{"lineNumber":50,"author":{"gitId":"-"},"content":"* Role: Developer"},{"lineNumber":51,"author":{"gitId":"skinnychenpi"},"content":"* Responsibilities: Undecided"},{"lineNumber":52,"author":{"gitId":"-"},"content":""},{"lineNumber":53,"author":{"gitId":"skinnychenpi"},"content":""}],"authorContributionMap":{"totoyoyo":5,"Maurice2n97":5,"skinnychenpi":6,"hengyiqun":5,"-":32}},{"path":"docs/UserGuide.md","fileType":"docs","lines":[{"lineNumber":1,"author":{"gitId":"-"},"content":"---"},{"lineNumber":2,"author":{"gitId":"-"},"content":"layout: page"},{"lineNumber":3,"author":{"gitId":"-"},"content":"title: User Guide"},{"lineNumber":4,"author":{"gitId":"-"},"content":"---"},{"lineNumber":5,"author":{"gitId":"-"},"content":""},{"lineNumber":6,"author":{"gitId":"-"},"content":"AddressBook Level 3 (AB3) is a **desktop app for managing contacts, optimized for use via a Command Line Interface** (CLI) while still having the benefits of a Graphical User Interface (GUI). If you can type fast, AB3 can get your contact management tasks done faster than traditional GUI apps."},{"lineNumber":7,"author":{"gitId":"-"},"content":""},{"lineNumber":8,"author":{"gitId":"-"},"content":"* Table of Contents"},{"lineNumber":9,"author":{"gitId":"-"},"content":"{:toc}"},{"lineNumber":10,"author":{"gitId":"-"},"content":""},{"lineNumber":11,"author":{"gitId":"-"},"content":"--------------------------------------------------------------------------------------------------------------------"},{"lineNumber":12,"author":{"gitId":"-"},"content":""},{"lineNumber":13,"author":{"gitId":"-"},"content":"## Quick start"},{"lineNumber":14,"author":{"gitId":"-"},"content":""},{"lineNumber":15,"author":{"gitId":"-"},"content":"1. Ensure you have Java `11` or above installed in your Computer."},{"lineNumber":16,"author":{"gitId":"-"},"content":""},{"lineNumber":17,"author":{"gitId":"-"},"content":"1. Download the latest `addressbook.jar` from [here](https://github.com/se-edu/addressbook-level3/releases)."},{"lineNumber":18,"author":{"gitId":"-"},"content":""},{"lineNumber":19,"author":{"gitId":"-"},"content":"1. Copy the file to the folder you want to use as the _home folder_ for your AddressBook."},{"lineNumber":20,"author":{"gitId":"-"},"content":""},{"lineNumber":21,"author":{"gitId":"-"},"content":"1. Double-click the file to start the app. The GUI similar to the below should appear in a few seconds. Note how the app contains some sample data.\u003cbr\u003e"},{"lineNumber":22,"author":{"gitId":"-"},"content":"   ![Ui](images/Ui.png)"},{"lineNumber":23,"author":{"gitId":"-"},"content":""},{"lineNumber":24,"author":{"gitId":"-"},"content":"1. Type the command in the command box and press Enter to execute it. e.g. typing **`help`** and pressing Enter will open the help window.\u003cbr\u003e"},{"lineNumber":25,"author":{"gitId":"-"},"content":"   Some example commands you can try:"},{"lineNumber":26,"author":{"gitId":"-"},"content":""},{"lineNumber":27,"author":{"gitId":"-"},"content":"   * **`list`** : Lists all contacts."},{"lineNumber":28,"author":{"gitId":"-"},"content":""},{"lineNumber":29,"author":{"gitId":"-"},"content":"   * **`add`**`n/John Doe p/98765432 e/johnd@example.com a/John street, block 123, #01-01` : Adds a contact named `John Doe` to the Address Book."},{"lineNumber":30,"author":{"gitId":"-"},"content":""},{"lineNumber":31,"author":{"gitId":"-"},"content":"   * **`delete`**`3` : Deletes the 3rd contact shown in the current list."},{"lineNumber":32,"author":{"gitId":"-"},"content":""},{"lineNumber":33,"author":{"gitId":"-"},"content":"   * **`clear`** : Deletes all contacts."},{"lineNumber":34,"author":{"gitId":"-"},"content":""},{"lineNumber":35,"author":{"gitId":"-"},"content":"   * **`exit`** : Exits the app."},{"lineNumber":36,"author":{"gitId":"-"},"content":""},{"lineNumber":37,"author":{"gitId":"-"},"content":"1. Refer to the [Features](#features) below for details of each command."},{"lineNumber":38,"author":{"gitId":"-"},"content":""},{"lineNumber":39,"author":{"gitId":"-"},"content":"--------------------------------------------------------------------------------------------------------------------"},{"lineNumber":40,"author":{"gitId":"-"},"content":""},{"lineNumber":41,"author":{"gitId":"-"},"content":"## Features"},{"lineNumber":42,"author":{"gitId":"-"},"content":""},{"lineNumber":43,"author":{"gitId":"-"},"content":"\u003cdiv markdown\u003d\"block\" class\u003d\"alert alert-info\"\u003e"},{"lineNumber":44,"author":{"gitId":"-"},"content":""},{"lineNumber":45,"author":{"gitId":"-"},"content":"**:information_source: Notes about the command format:**\u003cbr\u003e"},{"lineNumber":46,"author":{"gitId":"-"},"content":""},{"lineNumber":47,"author":{"gitId":"-"},"content":"* Words in `UPPER_CASE` are the parameters to be supplied by the user.\u003cbr\u003e"},{"lineNumber":48,"author":{"gitId":"-"},"content":"  e.g. in `add n/NAME`, `NAME` is a parameter which can be used as `add n/John Doe`."},{"lineNumber":49,"author":{"gitId":"-"},"content":""},{"lineNumber":50,"author":{"gitId":"-"},"content":"* Items in square brackets are optional.\u003cbr\u003e"},{"lineNumber":51,"author":{"gitId":"-"},"content":"  e.g `n/NAME [t/TAG]` can be used as `n/John Doe t/friend` or as `n/John Doe`."},{"lineNumber":52,"author":{"gitId":"-"},"content":""},{"lineNumber":53,"author":{"gitId":"-"},"content":"* Items with `…`​ after them can be used multiple times including zero times.\u003cbr\u003e"},{"lineNumber":54,"author":{"gitId":"-"},"content":"  e.g. `[t/TAG]…​` can be used as ` ` (i.e. 0 times), `t/friend`, `t/friend t/family` etc."},{"lineNumber":55,"author":{"gitId":"-"},"content":""},{"lineNumber":56,"author":{"gitId":"-"},"content":"* Parameters can be in any order.\u003cbr\u003e"},{"lineNumber":57,"author":{"gitId":"-"},"content":"  e.g. if the command specifies `n/NAME p/PHONE_NUMBER`, `p/PHONE_NUMBER n/NAME` is also acceptable."},{"lineNumber":58,"author":{"gitId":"-"},"content":""},{"lineNumber":59,"author":{"gitId":"-"},"content":"* If a parameter is expected only once in the command but you specified it multiple times, only the last occurrence of the parameter will be taken.\u003cbr\u003e"},{"lineNumber":60,"author":{"gitId":"-"},"content":"  e.g. if you specify `p/12341234 p/56785678`, only `p/56785678` will be taken."},{"lineNumber":61,"author":{"gitId":"-"},"content":""},{"lineNumber":62,"author":{"gitId":"-"},"content":"* Extraneous parameters for commands that do not take in parameters (such as `help`, `list`, `exit` and `clear`) will be ignored.\u003cbr\u003e"},{"lineNumber":63,"author":{"gitId":"-"},"content":"  e.g. if the command specifies `help 123`, it will be interpreted as `help`."},{"lineNumber":64,"author":{"gitId":"-"},"content":""},{"lineNumber":65,"author":{"gitId":"-"},"content":"\u003c/div\u003e"},{"lineNumber":66,"author":{"gitId":"-"},"content":""},{"lineNumber":67,"author":{"gitId":"-"},"content":"### Viewing help : `help`"},{"lineNumber":68,"author":{"gitId":"-"},"content":""},{"lineNumber":69,"author":{"gitId":"-"},"content":"Shows a message explaning how to access the help page."},{"lineNumber":70,"author":{"gitId":"-"},"content":""},{"lineNumber":71,"author":{"gitId":"-"},"content":"![help message](images/helpMessage.png)"},{"lineNumber":72,"author":{"gitId":"-"},"content":""},{"lineNumber":73,"author":{"gitId":"-"},"content":"Format: `help`"},{"lineNumber":74,"author":{"gitId":"-"},"content":""},{"lineNumber":75,"author":{"gitId":"-"},"content":""},{"lineNumber":76,"author":{"gitId":"-"},"content":"### Adding a person: `add`"},{"lineNumber":77,"author":{"gitId":"-"},"content":""},{"lineNumber":78,"author":{"gitId":"-"},"content":"Adds a person to the address book."},{"lineNumber":79,"author":{"gitId":"-"},"content":""},{"lineNumber":80,"author":{"gitId":"-"},"content":"Format: `add n/NAME p/PHONE_NUMBER e/EMAIL a/ADDRESS [t/TAG]…​`"},{"lineNumber":81,"author":{"gitId":"-"},"content":""},{"lineNumber":82,"author":{"gitId":"-"},"content":"\u003cdiv markdown\u003d\"span\" class\u003d\"alert alert-primary\"\u003e:bulb: **Tip:**"},{"lineNumber":83,"author":{"gitId":"-"},"content":"A person can have any number of tags (including 0)"},{"lineNumber":84,"author":{"gitId":"-"},"content":"\u003c/div\u003e"},{"lineNumber":85,"author":{"gitId":"-"},"content":""},{"lineNumber":86,"author":{"gitId":"skinnychenpi"},"content":"* Assigning Priorities:"},{"lineNumber":87,"author":{"gitId":"skinnychenpi"},"content":"  "},{"lineNumber":88,"author":{"gitId":"skinnychenpi"},"content":"  Format:"},{"lineNumber":89,"author":{"gitId":"skinnychenpi"},"content":"  "},{"lineNumber":90,"author":{"gitId":"skinnychenpi"},"content":"  `add n/NAME p/PHONE_NUMBER e/EMAIL a/ADDRESS pr/PRIORITY [no/NOTES] d/DATE`"},{"lineNumber":91,"author":{"gitId":"skinnychenpi"},"content":"  "},{"lineNumber":92,"author":{"gitId":"skinnychenpi"},"content":"  PRIORITY can be {1,2,3,4,5}"},{"lineNumber":93,"author":{"gitId":"skinnychenpi"},"content":""},{"lineNumber":94,"author":{"gitId":"skinnychenpi"},"content":""},{"lineNumber":95,"author":{"gitId":"-"},"content":"Examples:"},{"lineNumber":96,"author":{"gitId":"-"},"content":"* `add n/John Doe p/98765432 e/johnd@example.com a/John street, block 123, #01-01`"},{"lineNumber":97,"author":{"gitId":"-"},"content":"* `add n/Betsy Crowe t/friend e/betsycrowe@example.com a/Newgate Prison p/1234567 t/criminal`"},{"lineNumber":98,"author":{"gitId":"-"},"content":""},{"lineNumber":99,"author":{"gitId":"-"},"content":"### Listing all persons : `list`"},{"lineNumber":100,"author":{"gitId":"-"},"content":""},{"lineNumber":101,"author":{"gitId":"-"},"content":"Shows a list of all persons in the address book."},{"lineNumber":102,"author":{"gitId":"-"},"content":""},{"lineNumber":103,"author":{"gitId":"-"},"content":"Format: `list`"},{"lineNumber":104,"author":{"gitId":"-"},"content":""},{"lineNumber":105,"author":{"gitId":"-"},"content":"### Editing a person : `edit`"},{"lineNumber":106,"author":{"gitId":"-"},"content":""},{"lineNumber":107,"author":{"gitId":"-"},"content":"Edits an existing person in the address book."},{"lineNumber":108,"author":{"gitId":"-"},"content":""},{"lineNumber":109,"author":{"gitId":"-"},"content":"Format: `edit INDEX [n/NAME] [p/PHONE] [e/EMAIL] [a/ADDRESS] [t/TAG]…​`"},{"lineNumber":110,"author":{"gitId":"-"},"content":""},{"lineNumber":111,"author":{"gitId":"-"},"content":"* Edits the person at the specified `INDEX`. The index refers to the index number shown in the displayed person list. The index **must be a positive integer** 1, 2, 3, …​"},{"lineNumber":112,"author":{"gitId":"-"},"content":"* At least one of the optional fields must be provided."},{"lineNumber":113,"author":{"gitId":"-"},"content":"* Existing values will be updated to the input values."},{"lineNumber":114,"author":{"gitId":"-"},"content":"* When editing tags, the existing tags of the person will be removed i.e adding of tags is not cumulative."},{"lineNumber":115,"author":{"gitId":"-"},"content":"* You can remove all the person’s tags by typing `t/` without"},{"lineNumber":116,"author":{"gitId":"-"},"content":"    specifying any tags after it."},{"lineNumber":117,"author":{"gitId":"-"},"content":""},{"lineNumber":118,"author":{"gitId":"-"},"content":"Examples:"},{"lineNumber":119,"author":{"gitId":"-"},"content":"*  `edit 1 p/91234567 e/johndoe@example.com` Edits the phone number and email address of the 1st person to be `91234567` and `johndoe@example.com` respectively."},{"lineNumber":120,"author":{"gitId":"-"},"content":"*  `edit 2 n/Betsy Crower t/` Edits the name of the 2nd person to be `Betsy Crower` and clears all existing tags."},{"lineNumber":121,"author":{"gitId":"-"},"content":""},{"lineNumber":122,"author":{"gitId":"-"},"content":"### Locating persons by name: `find`"},{"lineNumber":123,"author":{"gitId":"-"},"content":""},{"lineNumber":124,"author":{"gitId":"-"},"content":"Finds persons whose names contain any of the given keywords."},{"lineNumber":125,"author":{"gitId":"-"},"content":""},{"lineNumber":126,"author":{"gitId":"-"},"content":"Format: `find KEYWORD [MORE_KEYWORDS]`"},{"lineNumber":127,"author":{"gitId":"-"},"content":""},{"lineNumber":128,"author":{"gitId":"-"},"content":"* The search is case-insensitive. e.g `hans` will match `Hans`"},{"lineNumber":129,"author":{"gitId":"-"},"content":"* The order of the keywords does not matter. e.g. `Hans Bo` will match `Bo Hans`"},{"lineNumber":130,"author":{"gitId":"-"},"content":"* Only the name is searched."},{"lineNumber":131,"author":{"gitId":"-"},"content":"* Only full words will be matched e.g. `Han` will not match `Hans`"},{"lineNumber":132,"author":{"gitId":"-"},"content":"* Persons matching at least one keyword will be returned (i.e. `OR` search)."},{"lineNumber":133,"author":{"gitId":"-"},"content":"  e.g. `Hans Bo` will return `Hans Gruber`, `Bo Yang`"},{"lineNumber":134,"author":{"gitId":"-"},"content":""},{"lineNumber":135,"author":{"gitId":"-"},"content":"Examples:"},{"lineNumber":136,"author":{"gitId":"-"},"content":"* `find John` returns `john` and `John Doe`"},{"lineNumber":137,"author":{"gitId":"-"},"content":"* `find alex david` returns `Alex Yeoh`, `David Li`\u003cbr\u003e"},{"lineNumber":138,"author":{"gitId":"-"},"content":"  ![result for \u0027find alex david\u0027](images/findAlexDavidResult.png)"},{"lineNumber":139,"author":{"gitId":"-"},"content":""},{"lineNumber":140,"author":{"gitId":"-"},"content":"### Deleting a person : `delete`"},{"lineNumber":141,"author":{"gitId":"-"},"content":""},{"lineNumber":142,"author":{"gitId":"-"},"content":"Deletes the specified person from the address book."},{"lineNumber":143,"author":{"gitId":"-"},"content":""},{"lineNumber":144,"author":{"gitId":"-"},"content":"Format: `delete INDEX`"},{"lineNumber":145,"author":{"gitId":"-"},"content":""},{"lineNumber":146,"author":{"gitId":"-"},"content":"* Deletes the person at the specified `INDEX`."},{"lineNumber":147,"author":{"gitId":"-"},"content":"* The index refers to the index number shown in the displayed person list."},{"lineNumber":148,"author":{"gitId":"-"},"content":"* The index **must be a positive integer** 1, 2, 3, …​"},{"lineNumber":149,"author":{"gitId":"-"},"content":""},{"lineNumber":150,"author":{"gitId":"-"},"content":"Examples:"},{"lineNumber":151,"author":{"gitId":"-"},"content":"* `list` followed by `delete 2` deletes the 2nd person in the address book."},{"lineNumber":152,"author":{"gitId":"-"},"content":"* `find Betsy` followed by `delete 1` deletes the 1st person in the results of the `find` command."},{"lineNumber":153,"author":{"gitId":"-"},"content":""},{"lineNumber":154,"author":{"gitId":"-"},"content":"### Clearing all entries : `clear`"},{"lineNumber":155,"author":{"gitId":"-"},"content":""},{"lineNumber":156,"author":{"gitId":"-"},"content":"Clears all entries from the address book."},{"lineNumber":157,"author":{"gitId":"-"},"content":""},{"lineNumber":158,"author":{"gitId":"-"},"content":"Format: `clear`"},{"lineNumber":159,"author":{"gitId":"-"},"content":""},{"lineNumber":160,"author":{"gitId":"-"},"content":"### Exiting the program : `exit`"},{"lineNumber":161,"author":{"gitId":"-"},"content":""},{"lineNumber":162,"author":{"gitId":"-"},"content":"Exits the program."},{"lineNumber":163,"author":{"gitId":"-"},"content":""},{"lineNumber":164,"author":{"gitId":"-"},"content":"Format: `exit`"},{"lineNumber":165,"author":{"gitId":"-"},"content":""},{"lineNumber":166,"author":{"gitId":"-"},"content":"### Saving the data"},{"lineNumber":167,"author":{"gitId":"-"},"content":""},{"lineNumber":168,"author":{"gitId":"-"},"content":"AddressBook data are saved in the hard disk automatically after any command that changes the data. There is no need to save manually."},{"lineNumber":169,"author":{"gitId":"-"},"content":""},{"lineNumber":170,"author":{"gitId":"-"},"content":"### Editing the data file"},{"lineNumber":171,"author":{"gitId":"-"},"content":""},{"lineNumber":172,"author":{"gitId":"-"},"content":"AddressBook data are saved as a JSON file `[JAR file location]/data/addressbook.json`. Advanced users are welcome to update data directly by editing that data file."},{"lineNumber":173,"author":{"gitId":"-"},"content":""},{"lineNumber":174,"author":{"gitId":"-"},"content":"\u003cdiv markdown\u003d\"span\" class\u003d\"alert alert-warning\"\u003e:exclamation: **Caution:**"},{"lineNumber":175,"author":{"gitId":"-"},"content":"If your changes to the data file makes its format invalid, AddressBook will discard all data and start with an empty data file at the next run."},{"lineNumber":176,"author":{"gitId":"-"},"content":"\u003c/div\u003e"},{"lineNumber":177,"author":{"gitId":"-"},"content":""},{"lineNumber":178,"author":{"gitId":"-"},"content":"### Archiving data files `[coming in v2.0]`"},{"lineNumber":179,"author":{"gitId":"-"},"content":""},{"lineNumber":180,"author":{"gitId":"-"},"content":"_Details coming soon ..._"},{"lineNumber":181,"author":{"gitId":"-"},"content":""},{"lineNumber":182,"author":{"gitId":"-"},"content":"--------------------------------------------------------------------------------------------------------------------"},{"lineNumber":183,"author":{"gitId":"-"},"content":""},{"lineNumber":184,"author":{"gitId":"-"},"content":"## FAQ"},{"lineNumber":185,"author":{"gitId":"-"},"content":""},{"lineNumber":186,"author":{"gitId":"-"},"content":"**Q**: How do I transfer my data to another Computer?\u003cbr\u003e"},{"lineNumber":187,"author":{"gitId":"-"},"content":"**A**: Install the app in the other computer and overwrite the empty data file it creates with the file that contains the data of your previous AddressBook home folder."},{"lineNumber":188,"author":{"gitId":"-"},"content":""},{"lineNumber":189,"author":{"gitId":"-"},"content":"--------------------------------------------------------------------------------------------------------------------"},{"lineNumber":190,"author":{"gitId":"-"},"content":""},{"lineNumber":191,"author":{"gitId":"-"},"content":"## Command summary"},{"lineNumber":192,"author":{"gitId":"-"},"content":""},{"lineNumber":193,"author":{"gitId":"-"},"content":"Action | Format, Examples"},{"lineNumber":194,"author":{"gitId":"-"},"content":"--------|------------------"},{"lineNumber":195,"author":{"gitId":"-"},"content":"**Add** | `add n/NAME p/PHONE_NUMBER e/EMAIL a/ADDRESS [t/TAG]…​` \u003cbr\u003e e.g., `add n/James Ho p/22224444 e/jamesho@example.com a/123, Clementi Rd, 1234665 t/friend t/colleague`"},{"lineNumber":196,"author":{"gitId":"-"},"content":"**Clear** | `clear`"},{"lineNumber":197,"author":{"gitId":"-"},"content":"**Delete** | `delete INDEX`\u003cbr\u003e e.g., `delete 3`"},{"lineNumber":198,"author":{"gitId":"-"},"content":"**Edit** | `edit INDEX [n/NAME] [p/PHONE_NUMBER] [e/EMAIL] [a/ADDRESS] [t/TAG]…​`\u003cbr\u003e e.g.,`edit 2 n/James Lee e/jameslee@example.com`"},{"lineNumber":199,"author":{"gitId":"-"},"content":"**Find** | `find KEYWORD [MORE_KEYWORDS]`\u003cbr\u003e e.g., `find James Jake`"},{"lineNumber":200,"author":{"gitId":"-"},"content":"**List** | `list`"},{"lineNumber":201,"author":{"gitId":"-"},"content":"**Help** | `help`"}],"authorContributionMap":{"skinnychenpi":9,"-":192}},{"path":"docs/team/totoyoyo.md","fileType":"docs","lines":[{"lineNumber":1,"author":{"gitId":"totoyoyo"},"content":"---"},{"lineNumber":2,"author":{"gitId":"totoyoyo"},"content":"layout: page"},{"lineNumber":3,"author":{"gitId":"totoyoyo"},"content":"title: ToTo Tokaeo\u0027s Project Portfolio Page"},{"lineNumber":4,"author":{"gitId":"totoyoyo"},"content":"---"},{"lineNumber":5,"author":{"gitId":"totoyoyo"},"content":""},{"lineNumber":6,"author":{"gitId":"totoyoyo"},"content":"## Project: AddressBook Level 3"},{"lineNumber":7,"author":{"gitId":"totoyoyo"},"content":""},{"lineNumber":8,"author":{"gitId":"totoyoyo"},"content":"AddressBook - Level 3 is a desktop address book application used for teaching Software Engineering principles. The user interacts with it using a CLI, and it has a GUI created with JavaFX. It is written in Java, and has about 10 kLoC."},{"lineNumber":9,"author":{"gitId":"totoyoyo"},"content":""},{"lineNumber":10,"author":{"gitId":"totoyoyo"},"content":"Given below are my contributions to the project."},{"lineNumber":11,"author":{"gitId":"totoyoyo"},"content":""},{"lineNumber":12,"author":{"gitId":"totoyoyo"},"content":"* **New Feature**: Added the ability to undo/redo previous commands."},{"lineNumber":13,"author":{"gitId":"totoyoyo"},"content":"    * What it does: allows the user to undo all previous commands one at a time. Preceding undo commands can be reversed by using the redo command."},{"lineNumber":14,"author":{"gitId":"totoyoyo"},"content":"    * Justification: This feature improves the product significantly because a user can make mistakes in commands and the app should provide a convenient way to rectify them."},{"lineNumber":15,"author":{"gitId":"totoyoyo"},"content":"    * Highlights: This enhancement affects existing commands and commands to be added in future. It required an in-depth analysis of design alternatives. The implementation too was challenging as it required changes to existing commands."},{"lineNumber":16,"author":{"gitId":"totoyoyo"},"content":"    * Credits: *{mention here if you reused any code/ideas from elsewhere or if a third-party library is heavily used in the feature so that a reader can make a more accurate judgement of how much effort went into the feature}*"},{"lineNumber":17,"author":{"gitId":"totoyoyo"},"content":""},{"lineNumber":18,"author":{"gitId":"totoyoyo"},"content":"* **New Feature**: Added a history command that allows the user to navigate to previous commands using up/down keys."},{"lineNumber":19,"author":{"gitId":"totoyoyo"},"content":""},{"lineNumber":20,"author":{"gitId":"totoyoyo"},"content":"* **Code contributed**: [RepoSense link]()"},{"lineNumber":21,"author":{"gitId":"totoyoyo"},"content":""},{"lineNumber":22,"author":{"gitId":"totoyoyo"},"content":"* **Project management**:"},{"lineNumber":23,"author":{"gitId":"totoyoyo"},"content":"    * Managed releases `v1.3` - `v1.5rc` (3 releases) on GitHub"},{"lineNumber":24,"author":{"gitId":"totoyoyo"},"content":""},{"lineNumber":25,"author":{"gitId":"totoyoyo"},"content":"* **Enhancements to existing features**:"},{"lineNumber":26,"author":{"gitId":"totoyoyo"},"content":"    * Updated the GUI color scheme (Pull requests [\\#33](), [\\#34]())"},{"lineNumber":27,"author":{"gitId":"totoyoyo"},"content":"    * Wrote additional tests for existing features to increase coverage from 88% to 92% (Pull requests [\\#36](), [\\#38]())"},{"lineNumber":28,"author":{"gitId":"totoyoyo"},"content":""},{"lineNumber":29,"author":{"gitId":"totoyoyo"},"content":"* **Documentation**:"},{"lineNumber":30,"author":{"gitId":"totoyoyo"},"content":"    * User Guide:"},{"lineNumber":31,"author":{"gitId":"totoyoyo"},"content":"        * Added documentation for the features `delete` and `find` [\\#72]()"},{"lineNumber":32,"author":{"gitId":"totoyoyo"},"content":"        * Did cosmetic tweaks to existing documentation of features `clear`, `exit`: [\\#74]()"},{"lineNumber":33,"author":{"gitId":"totoyoyo"},"content":"    * Developer Guide:"},{"lineNumber":34,"author":{"gitId":"totoyoyo"},"content":"        * Added implementation details of the `delete` feature."},{"lineNumber":35,"author":{"gitId":"totoyoyo"},"content":""},{"lineNumber":36,"author":{"gitId":"totoyoyo"},"content":"* **Community**:"},{"lineNumber":37,"author":{"gitId":"totoyoyo"},"content":"    * PRs reviewed (with non-trivial review comments): [\\#12](), [\\#32](), [\\#19](), [\\#42]()"},{"lineNumber":38,"author":{"gitId":"totoyoyo"},"content":"    * Contributed to forum discussions (examples: [1](), [2](), [3](), [4]())"},{"lineNumber":39,"author":{"gitId":"totoyoyo"},"content":"    * Reported bugs and suggestions for other teams in the class (examples: [1](), [2](), [3]())"},{"lineNumber":40,"author":{"gitId":"totoyoyo"},"content":"    * Some parts of the history feature I added was adopted by several other class mates ([1](), [2]())"},{"lineNumber":41,"author":{"gitId":"totoyoyo"},"content":""},{"lineNumber":42,"author":{"gitId":"totoyoyo"},"content":"* **Tools**:"},{"lineNumber":43,"author":{"gitId":"totoyoyo"},"content":"    * Integrated a third party library (Natty) to the project ([\\#42]())"},{"lineNumber":44,"author":{"gitId":"totoyoyo"},"content":"    * Integrated a new Github plugin (CircleCI) to the team repo"},{"lineNumber":45,"author":{"gitId":"totoyoyo"},"content":""},{"lineNumber":46,"author":{"gitId":"totoyoyo"},"content":"* _{you can add/remove categories in the list above}_"}],"authorContributionMap":{"totoyoyo":46}}]
