{"authorDailyContributionsMap":{"totoyoyo":[{"date":"2021-02-22","commitResults":[{"hash":"33ad674ed08f507f64dab8b5fda93a94fcfb91bc","messageTitle":"Change readme","messageBody":"","fileTypesAndContributionMap":{"docs":{"insertions":1,"deletions":1}}}]},{"date":"2021-02-25","commitResults":[{"hash":"a3e44ad12762dd79cb668077743263563c9cd005","messageTitle":"Add my info and pic to aboutus","messageBody":"","fileTypesAndContributionMap":{"docs":{"insertions":51,"deletions":46}}}]}],"Maurice2n97":[{"date":"2021-02-25","commitResults":[{"hash":"2cc7827e43b324e51cdcc742c95a114da604414c","messageTitle":"Update AboutUs","messageBody":"AboutUs.md is not filled up with the particulars of developer Maurice\n\nSince he is a team member for the project, we should provide a brief description of him\n\nLets\n- Update user profile\n- Add in photo\n","fileTypesAndContributionMap":{"docs":{"insertions":5,"deletions":43}}},{"hash":"8e74f597eb161d50ba03161fcb1ecd071e156929","messageTitle":"Change AboutUs image file name","messageBody":"Image does not display correctly on Github due to Maurice not naming his image correctly.\n\nLets\n- Change the user image file name for Maurice\n","fileTypesAndContributionMap":{"docs":{"insertions":1,"deletions":1}}},{"hash":"d340244437196d52e1a2e8cbb3788c57c06c8b05","messageTitle":"Change the image file name","messageBody":"The image file name for user Maurice is not correct. It should be in lower case\n\nThis is so the github scripts can detect the image.\n\nLets-\nChange the image file name for Maurice to lower-case\n","fileTypesAndContributionMap":{"docs":{"insertions":1,"deletions":1}}}]},{"date":"2021-02-26","commitResults":[{"hash":"5cfe6e3616fe72f0742483a4526a01c8d39e42d0","messageTitle":"Add Link To Profile for Maurice","messageBody":"User Maurice does not have a profile link in his aboutUs page\n\naboutUS can be used in the future to display contributions\n\nLets\n-Add a link to profile for Maurice\n","fileTypesAndContributionMap":{"docs":{"insertions":2,"deletions":2}}}]},{"date":"2021-02-28","commitResults":[{"hash":"5fbca23d0213e3caf0b375f3a8d8ac284b883da3","messageTitle":"Update UserGuide with sort functionality","messageBody":"Coming v1.2, we want to implement sorting for contacts\n\nWe should update the user guide to foreshadow the coming sort feature\n\nLets-\nIntroduce section on how to use the sort command in UserGuide.md\n","fileTypesAndContributionMap":{"docs":{"insertions":15,"deletions":0}}},{"hash":"958c743451852d045a39cde60d2550c1540e2439","messageTitle":"Change some stuff to test CI","messageBody":"","fileTypesAndContributionMap":{"docs":{"insertions":3,"deletions":3}}}]}],"skinnychenpi":[{"date":"2021-02-25","commitResults":[{"hash":"09d8c0c4e27d49b32089eafeaea74b72599eb508","messageTitle":"ChenYuheng Finish AboutUs.md","messageBody":"","fileTypesAndContributionMap":{"docs":{"insertions":4,"deletions":32}}},{"hash":"979e9465433fab5cca87fc6a97010ed1369fe00c","messageTitle":"ChenYuheng Update UserGuide.md on Assigning Priority.","messageBody":"","fileTypesAndContributionMap":{"docs":{"insertions":9,"deletions":0}}}]},{"date":"2021-02-28","commitResults":[{"hash":"9f2f4c58172e4d041dbfa27ef2787c3593ab2a74","messageTitle":"Renew the DG","messageBody":"","fileTypesAndContributionMap":{"docs":{"insertions":19,"deletions":6}}}]}],"hengyiqun":[{"date":"2021-02-25","commitResults":[{"hash":"0f4665c9e6e8a14e5c696ecc9823674d8395bbbb","messageTitle":"Update image and github link for Yi Qun.","messageBody":"","fileTypesAndContributionMap":{"docs":{"insertions":5,"deletions":43}}},{"hash":"d5bbf35f3a63b29dfaf367b50861a36b92520c64","messageTitle":"Format AboutUs to reflect Yi Qun\u0027s github and portfolio on one line.","messageBody":"","fileTypesAndContributionMap":{"docs":{"insertions":0,"deletions":1}}}]}]},"authorFileTypeContributionMap":{"totoyoyo":{"docs":51,"functional-code":0,"test-code":0},"Maurice2n97":{"docs":22,"functional-code":0,"test-code":0},"skinnychenpi":{"docs":34,"functional-code":0,"test-code":0},"hengyiqun":{"docs":4,"functional-code":0,"test-code":0}},"authorContributionVariance":{"totoyoyo":843.2899,"Maurice2n97":256.81,"skinnychenpi":216.0,"hengyiqun":216.09},"authorDisplayNameMap":{"totoyoyo":"CS2103-T16-2 PEER..KAEO","Maurice2n97":"CS2103-T16-2 MOK ..RICE","skinnychenpi":"CS2103-T16-2 CHEN..HENG","hengyiqun":"CS2103-T16-2 HENG.. QUN"}}
