{"authorDailyContributionsMap":{"totoyoyo":[{"date":"2021-02-22","commitResults":[{"hash":"33ad674ed08f507f64dab8b5fda93a94fcfb91bc","messageTitle":"Change readme","messageBody":"","fileTypesAndContributionMap":{"docs":{"insertions":1,"deletions":1}}}]},{"date":"2021-02-25","commitResults":[{"hash":"a3e44ad12762dd79cb668077743263563c9cd005","messageTitle":"Add my info and pic to aboutus","messageBody":"","fileTypesAndContributionMap":{"docs":{"insertions":51,"deletions":46}}}]},{"date":"2021-03-07","commitResults":[{"hash":"a2c4809158cc238886b7d414508b5093dba5d817","messageTitle":"Update readme","messageBody":"This commit changes the CI status badge and adds a short description of MeetBuddy in the README file.\n","fileTypesAndContributionMap":{"docs":{"insertions":6,"deletions":13}}}]},{"date":"2021-03-14","commitResults":[{"hash":"c4b1bea19685bf2f59cb847e31554062e126c88f","messageTitle":"Put run checks back","messageBody":"","fileTypesAndContributionMap":{"other":{"insertions":2,"deletions":1},"test-code":{"insertions":3,"deletions":3}}},{"hash":"a2694243de13a7af786ecdcf65ce71e16a6e35b1","messageTitle":"Turn off checkstyle temp","messageBody":"","fileTypesAndContributionMap":{"other":{"insertions":2,"deletions":0}}}]}],"Maurice2n97":[{"date":"2021-02-25","commitResults":[{"hash":"2cc7827e43b324e51cdcc742c95a114da604414c","messageTitle":"Update AboutUs","messageBody":"AboutUs.md is not filled up with the particulars of developer Maurice\n\nSince he is a team member for the project, we should provide a brief description of him\n\nLets\n- Update user profile\n- Add in photo\n","fileTypesAndContributionMap":{"docs":{"insertions":5,"deletions":43}}},{"hash":"8e74f597eb161d50ba03161fcb1ecd071e156929","messageTitle":"Change AboutUs image file name","messageBody":"Image does not display correctly on Github due to Maurice not naming his image correctly.\n\nLets\n- Change the user image file name for Maurice\n","fileTypesAndContributionMap":{"docs":{"insertions":1,"deletions":1}}},{"hash":"d340244437196d52e1a2e8cbb3788c57c06c8b05","messageTitle":"Change the image file name","messageBody":"The image file name for user Maurice is not correct. It should be in lower case\n\nThis is so the github scripts can detect the image.\n\nLets-\nChange the image file name for Maurice to lower-case\n","fileTypesAndContributionMap":{"docs":{"insertions":1,"deletions":1}}}]},{"date":"2021-02-26","commitResults":[{"hash":"5cfe6e3616fe72f0742483a4526a01c8d39e42d0","messageTitle":"Add Link To Profile for Maurice","messageBody":"User Maurice does not have a profile link in his aboutUs page\n\naboutUS can be used in the future to display contributions\n\nLets\n-Add a link to profile for Maurice\n","fileTypesAndContributionMap":{"docs":{"insertions":2,"deletions":2}}}]},{"date":"2021-02-28","commitResults":[{"hash":"5fbca23d0213e3caf0b375f3a8d8ac284b883da3","messageTitle":"Update UserGuide with sort functionality","messageBody":"Coming v1.2, we want to implement sorting for contacts\n\nWe should update the user guide to foreshadow the coming sort feature\n\nLets-\nIntroduce section on how to use the sort command in UserGuide.md\n","fileTypesAndContributionMap":{"docs":{"insertions":15,"deletions":0}}},{"hash":"958c743451852d045a39cde60d2550c1540e2439","messageTitle":"Change some stuff to test CI","messageBody":"","fileTypesAndContributionMap":{"docs":{"insertions":3,"deletions":3}}}]},{"date":"2021-03-12","commitResults":[{"hash":"d204c0f6b0b64fb775065f8a8e1b3f8635ec82e6","messageTitle":"Overhaul UI for v1.2","messageBody":"UI needs space to have a meetings dashboard.\n\nThis would be useful to view reminders and meetings, or group tags.\n\nLets-\n\nUse BorderPane Layout to get the rough skeletal UI ready. The meetings dashboard will be inserted in after meetings functionality is merged with this branch.\n","fileTypesAndContributionMap":{"functional-code":{"insertions":1,"deletions":0}}}]},{"date":"2021-03-13","commitResults":[{"hash":"26b87794735a3dc1133a3d75979eb55e7aa47e85","messageTitle":"Implement Meetings Dashboard","messageBody":"We do not have a GUI display for meetings.\n\nThis makes it difficult for users to have visual information about the list of meetings scheduled\n\nLets-\n- Implement a barebones implementation of the GUI\n- A Meeting dashboard that stores a ListView to all meetings ( similar to PersonListView implementation)\n- display for each meeting a MeetingCard with information of the Meetings.\n\nNOTE:\n- I have minimally decorated it, feel welcome to add in your own style classes.\n- Due to unable to fetch meetings from model at this point in time, I\n have randomly inputted in a few custom meetings to the ListView inside\nMainWindow # fillInnerParts function. Can delete these after the model for meetings\nis implemented\n","fileTypesAndContributionMap":{"functional-code":{"insertions":163,"deletions":1}}},{"hash":"0b86dadb13126bbc76258d38e42137b5a646c8e5","messageTitle":"Fix Main checkstyle errors","messageBody":"Needed in order to pass CI.\n","fileTypesAndContributionMap":{"functional-code":{"insertions":43,"deletions":29}}}]},{"date":"2021-03-14","commitResults":[{"hash":"f6e7019dabde6dd2a44f80b8f542c8fe6b5b4384","messageTitle":"Add API to convert Meetings into Json","messageBody":"We need to store the meetings.\n\nIn order to store the data on meetings into json, we need to convert the classes into a more\njackson - friendly  version. Therefore it is necessary to make the class and its API.\n\nLets-\nMake a JsonAdaptedMeeting class with conversion API\nFix checkstyle errors on some fxml files.\n","fileTypesAndContributionMap":{"functional-code":{"insertions":202,"deletions":2},"test-code":{"insertions":193,"deletions":3}}},{"hash":"6c828b960ab774fd939833328691163df7bbfe55","messageTitle":"Fix some minor checkstyle errors","messageBody":"The ordering of the import statements is wrong.\n\nTherefore rerodering is required to pass checkstyle\n","fileTypesAndContributionMap":{"functional-code":{"insertions":2,"deletions":1}}}]},{"date":"2021-03-15","commitResults":[{"hash":"c8060e118ba6e517ad115063967df42fe5325987","messageTitle":"Add Profile Images","messageBody":"As a user, I would like to display profile images beside the person details in the addressbook\n\nThis is so that I can personalise and remember my contacts better. Some of the contacts would be using wordpress accounts\nor have online avatars. I would want these contacts profiles to be automatically loaded. If there is a connection error, it should display an empty profiile picture.\n\nLets-\nAdd functionality to load the images from web using the Gravatar API\n\nNOTE-\nSlight implementation details to note as well as future directions\n- Loading times take a while as connecting to the url takes some time\n- May need to implement caching\n- May need to set default profile picture and pass the choice to user in USER_PREFS in case connection fails\n- May need to touch up GUI\n","fileTypesAndContributionMap":{"functional-code":{"insertions":129,"deletions":0},"other":{"insertions":3,"deletions":0}}}]},{"date":"2021-03-16","commitResults":[{"hash":"219329f3979f40e8ceeaa797a08edd1b9d3dab87","messageTitle":"Reset checkstyle file","messageBody":"","fileTypesAndContributionMap":{"functional-code":{"insertions":4,"deletions":0},"other":{"insertions":130,"deletions":130},"test-code":{"insertions":4,"deletions":0}}},{"hash":"37f323126807a585033377ce7ad87f1392369708","messageTitle":"Fix checkstyle file","messageBody":"checkstyle file seems to be modified from previous commits\n","fileTypesAndContributionMap":{"functional-code":{"insertions":4,"deletions":14},"test-code":{"insertions":21,"deletions":0}}},{"hash":"cd31c8a486277634c9b37f8f8c9d408e13ef0fcd","messageTitle":"Fix checkstyle errors","messageBody":"This is necessary to pass CI.\n\nNOTE: Before Committing, make sure to fix all checkstyle errors first!\n","fileTypesAndContributionMap":{"functional-code":{"insertions":99,"deletions":85},"test-code":{"insertions":4,"deletions":3}}},{"hash":"48d54aee08f9cfbc2d8e5623ff39fa9f0e3d95c2","messageTitle":"Fix checkstyle errors for test","messageBody":"Needed to pass CI\n","fileTypesAndContributionMap":{"test-code":{"insertions":227,"deletions":176}}}]},{"date":"2021-03-17","commitResults":[{"hash":"cd30d1317ae63210dad77d250e3253992ba2f125","messageTitle":"Implement Delete Meetings functionality","messageBody":"So far user is unable to delete meetings\n\nThis is an important functionality for the user\n\nLets\n- Implement the Parser, Command classes respectively\n","fileTypesAndContributionMap":{"functional-code":{"insertions":76,"deletions":1}}},{"hash":"78230c4c973fd1b2745454d37b5f4867a1eb9b4a","messageTitle":"Add Test for Delete Meeting Parser","messageBody":"Add tests to ensure the new parser class is covered.\n\nAdditionally, refactored the test variable name\n","fileTypesAndContributionMap":{"functional-code":{"insertions":8,"deletions":0},"test-code":{"insertions":89,"deletions":55}}},{"hash":"4c519458063b477809bef4fce0a56b22b78fbb2a","messageTitle":"Add Changes and  Predicate","messageBody":"Some minor leftovers from AddressBook have to be cleared. Following the Delete Person tests carefully,\nsome classes should be introduced like Predicate classes for checking keywords in meeting names. Some\nmeeting test util functions are also ported over to be able to aid in testing meetings.\n\nLets\n-Add an extension to Predicate, to check for certain keywords in meeting names.\n","fileTypesAndContributionMap":{"functional-code":{"insertions":65,"deletions":9},"test-code":{"insertions":39,"deletions":15}}},{"hash":"ac925ed0af75ff1296435f32ff94a7c3cd229953","messageTitle":"Add Integration / Unit tests for Delete Meeting","messageBody":"Delete Meeting Command is lacking unit tests.\n\nLet\u0027s-\nAdd unit integration tests for command.\n","fileTypesAndContributionMap":{"test-code":{"insertions":93,"deletions":0}}},{"hash":"9e374480ee9d3cc2866b5712e300122f323f1b75","messageTitle":"Fix CheckStyle to pass CI","messageBody":"fix checkstyle in order to pass CI for add delete meeting functionality.\n","fileTypesAndContributionMap":{"functional-code":{"insertions":7,"deletions":6},"test-code":{"insertions":35,"deletions":78}}}]}],"skinnychenpi":[{"date":"2021-02-25","commitResults":[{"hash":"09d8c0c4e27d49b32089eafeaea74b72599eb508","messageTitle":"ChenYuheng Finish AboutUs.md","messageBody":"","fileTypesAndContributionMap":{"docs":{"insertions":4,"deletions":32}}},{"hash":"979e9465433fab5cca87fc6a97010ed1369fe00c","messageTitle":"ChenYuheng Update UserGuide.md on Assigning Priority.","messageBody":"","fileTypesAndContributionMap":{"docs":{"insertions":9,"deletions":0}}}]},{"date":"2021-02-28","commitResults":[{"hash":"9f2f4c58172e4d041dbfa27ef2787c3593ab2a74","messageTitle":"Renew the DG","messageBody":"","fileTypesAndContributionMap":{"docs":{"insertions":19,"deletions":6}}}]},{"date":"2021-03-05","commitResults":[{"hash":"136a2201365c2d51f2f47b4a13b2cbd78a79fa0f","messageTitle":"Now I modified UG and _config.yml, we should pay attention to whether the team TP dashboard indicates job done.","messageBody":"","fileTypesAndContributionMap":{"docs":{"insertions":3,"deletions":3}}},{"hash":"3259377b348e836dc0d67ab6fb9fc4c48defee7c","messageTitle":"Modify on DG, requires further modification.","messageBody":"","fileTypesAndContributionMap":{"docs":{"insertions":32,"deletions":11}}}]},{"date":"2021-03-11","commitResults":[{"hash":"7f2be0f779121895e364221853693b93fceee3f7","messageTitle":"Now add the meetings to the models, haven\u0027t tested yet.","messageBody":"","fileTypesAndContributionMap":{"functional-code":{"insertions":510,"deletions":0},"test-code":{"insertions":0,"deletions":1}}},{"hash":"9088dff117a2beb6f0d11240d1c855fc311ee1cd","messageTitle":"Finish adding the meetings into the models and they passed the test(only within models)","messageBody":"","fileTypesAndContributionMap":{"functional-code":{"insertions":24,"deletions":8},"test-code":{"insertions":600,"deletions":0}}},{"hash":"66b9e4806aed51f676fa04cf4e6a5131c9976eab","messageTitle":"Modify the UG so that it can pass the CI check.","messageBody":"","fileTypesAndContributionMap":{"docs":{"insertions":3,"deletions":3}}},{"hash":"06f6e9e4f1ab0c78b0098637a092ed18a0f82b00","messageTitle":"Modify DG to pass CI.","messageBody":"","fileTypesAndContributionMap":{"docs":{"insertions":2,"deletions":2}}},{"hash":"2852cf063d9a07455ec07a43a8086eaed93c04b8","messageTitle":"Modify DG to pass CI.","messageBody":"","fileTypesAndContributionMap":{"docs":{"insertions":1,"deletions":1}}}]},{"date":"2021-03-14","commitResults":[{"hash":"aacb741699011c28279378bdbab91e524fe2b6a2","messageTitle":"Change the class names and the package names.","messageBody":"","fileTypesAndContributionMap":{"functional-code":{"insertions":95,"deletions":33},"other":{"insertions":237,"deletions":211},"test-code":{"insertions":33,"deletions":35}}}]},{"date":"2021-03-15","commitResults":[{"hash":"6d1c332219288afe4a3d8b08bdf745cf9cebbcea","messageTitle":"A lot modification.","messageBody":"","fileTypesAndContributionMap":{"functional-code":{"insertions":545,"deletions":151},"other":{"insertions":324,"deletions":288},"docs":{"insertions":14,"deletions":14},"test-code":{"insertions":482,"deletions":125}}},{"hash":"110281d8ec0519cdb25b99c56f56a9fbcaa2fb50","messageTitle":"Now is able to add meetings into the APP and the UI will show the result. Only add AddMeetingCommandParser, there are still works todo.","messageBody":"","fileTypesAndContributionMap":{"test-code":{"insertions":1,"deletions":1}}}]}],"hengyiqun":[{"date":"2021-02-25","commitResults":[{"hash":"0f4665c9e6e8a14e5c696ecc9823674d8395bbbb","messageTitle":"Update image and github link for Yi Qun.","messageBody":"","fileTypesAndContributionMap":{"docs":{"insertions":5,"deletions":43}}},{"hash":"d5bbf35f3a63b29dfaf367b50861a36b92520c64","messageTitle":"Format AboutUs to reflect Yi Qun\u0027s github and portfolio on one line.","messageBody":"","fileTypesAndContributionMap":{"docs":{"insertions":0,"deletions":1}}}]},{"date":"2021-03-04","commitResults":[{"hash":"1fc094d705b88bbd060077de4e6a7570259fd9b6","messageTitle":"Add link to Yi Qun\u0027s portfolio and updated Yi Qun\u0027s image name in AboutUs.md to the required format","messageBody":"","fileTypesAndContributionMap":{"docs":{"insertions":49,"deletions":3}}},{"hash":"9dee3e0b24febe04c627b4eb0e207ece99b12332","messageTitle":"Update UserGuide to include the option for users to assign contacts to group","messageBody":"User should also be able to find contacts based on groups\n","fileTypesAndContributionMap":{"docs":{"insertions":2,"deletions":2}}}]},{"date":"2021-03-12","commitResults":[{"hash":"5afc642c40316fc8f66282ace96d4fe925785245","messageTitle":"Update description of find feature in User Guide","messageBody":"","fileTypesAndContributionMap":{"docs":{"insertions":3,"deletions":2}}}]},{"date":"2021-03-14","commitResults":[{"hash":"e1d14c56c387f0a005a103fa4b36b8ceb3b8fdf2","messageTitle":"Refractor tag to group","messageBody":"","fileTypesAndContributionMap":{"functional-code":{"insertions":221,"deletions":221},"test-code":{"insertions":142,"deletions":142}}},{"hash":"db69756268fd2318325f2b6f06c3f211f981a8e2","messageTitle":"Refractor tag to group and update user guide","messageBody":"","fileTypesAndContributionMap":{"docs":{"insertions":12,"deletions":12},"test-code":{"insertions":71,"deletions":76}}},{"hash":"14baefc37d5e2d67bb593e5410db80ba817061fe","messageTitle":"Allow white spaces in groups","messageBody":"","fileTypesAndContributionMap":{"functional-code":{"insertions":1,"deletions":1}}}]},{"date":"2021-03-15","commitResults":[{"hash":"7fec421fdd4cccf01b128ecbbb11f55f905df0b5","messageTitle":"Create FindGroupCommand, FindGroupCommandParser and GroupContainsKeywordPredicate to allow users to search by group with the command findg","messageBody":"","fileTypesAndContributionMap":{"functional-code":{"insertions":123,"deletions":0}}},{"hash":"2fa9f9990793a3fff45b513ebe46b327aff50fdb","messageTitle":"Add FindGroupCommandTest to test if the FindGroupCommand works according to expectations. Add new persons in TypicalPersons.java and typicalPersonsAddressBooks.json","messageBody":"","fileTypesAndContributionMap":{"test-code":{"insertions":156,"deletions":8}}}]}]},"authorFileTypeContributionMap":{"totoyoyo":{"docs":57,"functional-code":4,"test-code":0,"other":4},"Maurice2n97":{"docs":18,"functional-code":762,"test-code":633,"other":3},"skinnychenpi":{"docs":75,"functional-code":1096,"test-code":1109,"other":1},"hengyiqun":{"docs":20,"functional-code":333,"test-code":307}},"authorContributionVariance":{"totoyoyo":343.6543,"Maurice2n97":43773.605,"skinnychenpi":184597.83,"hengyiqun":30886.074},"authorDisplayNameMap":{"totoyoyo":"CS2103-T16-2 PEER..KAEO","Maurice2n97":"CS2103-T16-2 MOK ..RICE","skinnychenpi":"CS2103-T16-2 CHEN..HENG","hengyiqun":"CS2103-T16-2 HENG.. QUN"}}
