{"authorDailyContributionsMap":{"seaniy":[{"date":"2021-03-01","commitResults":[{"hash":"514582501e34526f86b2f397cc938f2446c6de43","messageTitle":"Update UserGuide.md","messageBody":"","fileTypesAndContributionMap":{"docs":{"insertions":29,"deletions":0}}},{"hash":"9765199671fa8e6182fac2ed4df7eb0861ccea9c","messageTitle":"Update AboutUs","messageBody":"","fileTypesAndContributionMap":{"docs":{"insertions":15,"deletions":6}}}]},{"date":"2021-03-08","commitResults":[{"hash":"24cf777512710c49af6e1cfbd4bcef49cfbbf05e","messageTitle":"Update DeveloperGuide.md","messageBody":"","fileTypesAndContributionMap":{"docs":{"insertions":51,"deletions":1}}},{"hash":"9aba1e654ee5f0cb55fc1ab599294ced28d13ec7","messageTitle":"Update README.md","messageBody":"","fileTypesAndContributionMap":{"docs":{"insertions":6,"deletions":6}}}]},{"date":"2021-03-09","commitResults":[{"hash":"d83f0df8136861fbad70e5c50f2e69b4ab6f0171","messageTitle":"Update docs","messageBody":"","fileTypesAndContributionMap":{"docs":{"insertions":2,"deletions":2}}}]},{"date":"2021-03-13","commitResults":[{"hash":"c89ee23bf0d3c22c2d6f93d58aa34637bcb16d67","messageTitle":"Refactor file names and variables","messageBody":"","fileTypesAndContributionMap":{"functional-code":{"insertions":54,"deletions":54},"other":{"insertions":78,"deletions":78},"test-code":{"insertions":94,"deletions":94}}},{"hash":"d520de805f810eb6e140463a5543ebb6995c773e","messageTitle":"Add function to create plan","messageBody":"","fileTypesAndContributionMap":{"functional-code":{"insertions":131,"deletions":106},"other":{"insertions":28,"deletions":14}}},{"hash":"12a0e9b303b60c659b7001de1d9b34db6001364e","messageTitle":"Add function to add semester to plan","messageBody":"","fileTypesAndContributionMap":{"functional-code":{"insertions":230,"deletions":2}}},{"hash":"3aede5d1d172bcff6097f5abbfc2c24ede0f9832","messageTitle":"Fix test errors","messageBody":"","fileTypesAndContributionMap":{"test-code":{"insertions":18,"deletions":3}}}]},{"date":"2021-03-14","commitResults":[{"hash":"f627cad6a1ff0d13e7aad22655366674510ee3d5","messageTitle":"Fix issues after merge","messageBody":"","fileTypesAndContributionMap":{"functional-code":{"insertions":2,"deletions":2},"test-code":{"insertions":1,"deletions":1}}},{"hash":"4fd0f5e1c66c2283870ccc03d274007689063932","messageTitle":"Fix CI issues","messageBody":"","fileTypesAndContributionMap":{"functional-code":{"insertions":26,"deletions":24},"other":{"insertions":9,"deletions":16},"test-code":{"insertions":63,"deletions":681}}},{"hash":"58f1dd484b5d4ab7a90f6ea97cbea6a17917d41e","messageTitle":"Fix storage initalization bug","messageBody":"","fileTypesAndContributionMap":{"functional-code":{"insertions":10,"deletions":18}}}]},{"date":"2021-03-15","commitResults":[{"hash":"e464c12a061b104d882cc1311fe7be039b7de46c","messageTitle":"Refactor delete command files","messageBody":"","fileTypesAndContributionMap":{"functional-code":{"insertions":50,"deletions":29},"other":{"insertions":27,"deletions":23}}},{"hash":"4c3ac1df34599cf99fad5fb3633d07818ecb3295","messageTitle":"Update UI output messages","messageBody":"","fileTypesAndContributionMap":{"functional-code":{"insertions":8,"deletions":8}}},{"hash":"35d520cd69652e8196dfd46841b671d1f1c9ee89","messageTitle":"Update UI for JSON to store current semester","messageBody":"","fileTypesAndContributionMap":{"functional-code":{"insertions":33,"deletions":2}}},{"hash":"0d2eb0b8dc768cd18df9c46a565fa589155a8dd7","messageTitle":"Add delete semester functionality","messageBody":"","fileTypesAndContributionMap":{"functional-code":{"insertions":196,"deletions":33},"test-code":{"insertions":0,"deletions":364}}},{"hash":"f9d7b899eb88c95e523d875c766a8725a4258a06","messageTitle":"Update UI for plans","messageBody":"","fileTypesAndContributionMap":{"functional-code":{"insertions":9,"deletions":9},"other":{"insertions":14,"deletions":11}}}]},{"date":"2021-03-16","commitResults":[{"hash":"3251f89ab31cf92b8c9362f17831dcebf75d936f","messageTitle":"JUnit testing for Plan and Description","messageBody":"","fileTypesAndContributionMap":{"other":{"insertions":5,"deletions":7},"test-code":{"insertions":75,"deletions":74}}},{"hash":"8b1fe96a7f9bcc1d081020514687e976fc47a0f5","messageTitle":"Update command syntax","messageBody":"Update command syntax for add/delete plans, semesters and modules\n","fileTypesAndContributionMap":{"docs":{"insertions":13,"deletions":11}}},{"hash":"8f2842ad3e84c6a78e7c7559c81362cdedead3af","messageTitle":"Change add plan user guide","messageBody":" To allow adding of optional tags\n","fileTypesAndContributionMap":{"docs":{"insertions":1,"deletions":1}}}]},{"date":"2021-03-26","commitResults":[{"hash":"c83c080d4f280f0f6c93bd7940fe9a2782f4d518","messageTitle":"Fix missing moduleinfo.json file issue","messageBody":"","fileTypesAndContributionMap":{"functional-code":{"insertions":197,"deletions":9},"other":{"insertions":1,"deletions":1}}},{"hash":"7eb56197a50b3d52c719bbdecb3d824c19452c3e","messageTitle":"Add JUnit testing to several functions","messageBody":"","fileTypesAndContributionMap":{"functional-code":{"insertions":34,"deletions":4},"test-code":{"insertions":560,"deletions":19}}},{"hash":"3d8ae90928c80580ac7defdcb4d542e631518015","messageTitle":"Done JUnit testing for Add/Delete Semester commands","messageBody":"","fileTypesAndContributionMap":{"functional-code":{"insertions":2,"deletions":2},"test-code":{"insertions":388,"deletions":0}}},{"hash":"ffc79ae6782f2cf4e0834cc75552d4e3fa13b24f","messageTitle":"Fix formatting issues","messageBody":"","fileTypesAndContributionMap":{"test-code":{"insertions":0,"deletions":4}}}]},{"date":"2021-03-27","commitResults":[{"hash":"0fbb64a0184bf5c267364fd357b72e6d69f6dc09","messageTitle":"Add Semester \u0026 UniquePlanList JUnit testing","messageBody":"","fileTypesAndContributionMap":{"functional-code":{"insertions":19,"deletions":6},"other":{"insertions":16,"deletions":17},"test-code":{"insertions":366,"deletions":0}}},{"hash":"21ecddfbd7a25f5e8b4530201a8efcd1146ac38a","messageTitle":"Enable assertions in gradle","messageBody":"","fileTypesAndContributionMap":{"other":{"insertions":4,"deletions":0}}}]},{"date":"2021-03-29","commitResults":[{"hash":"b084aa1548889073dd175c75ac7a4a7a2091d81b","messageTitle":"minor changes","messageBody":"","fileTypesAndContributionMap":{"docs":{"insertions":64,"deletions":0}}},{"hash":"c64a4e2c8bf1d1a6bb36b3d1ccb19adbb209e6b5","messageTitle":"Done major refactoring","messageBody":"Change \u0027addressbook\u0027 references to \u0027moduleplanner\u0027 and \u0027address\u0027 to \u0027plan\u0027\n","fileTypesAndContributionMap":{"functional-code":{"insertions":78,"deletions":77},"other":{"insertions":782,"deletions":787},"docs":{"insertions":1,"deletions":1},"test-code":{"insertions":69,"deletions":101}}}]},{"date":"2021-03-30","commitResults":[{"hash":"582d409ea6e893fdb2a1abbdef17e6532582ff23","messageTitle":"Update Add Plan Command in DeveloperGuide","messageBody":"","fileTypesAndContributionMap":{"docs":{"insertions":92,"deletions":22}}},{"hash":"dd2db746920d6a4a323be548aa27f4e1d97ffc5a","messageTitle":"Fix checkstyle issue in DeleteModuleCommandTest","messageBody":"","fileTypesAndContributionMap":{"test-code":{"insertions":1,"deletions":1}}},{"hash":"9064f504ed08a99eebe015b3659fe7d66c7d0cae","messageTitle":"Update TypicalPlans.java","messageBody":"","fileTypesAndContributionMap":{"test-code":{"insertions":1,"deletions":1}}},{"hash":"819f8d09f6d6421c655e3568248f3c09e96fda04","messageTitle":"Update AddSemesterCommandTest.java","messageBody":"","fileTypesAndContributionMap":{"test-code":{"insertions":14,"deletions":14}}},{"hash":"922eb456de95f47f516adcd7d1a69c2a94ad25fe","messageTitle":"Update AddSemesterCommandTest.java","messageBody":"","fileTypesAndContributionMap":{"test-code":{"insertions":14,"deletions":16}}},{"hash":"d585f2b9f004e3504c5340853b28c5308182d16d","messageTitle":"Add example output with screenshots","messageBody":"For add/delete plan \u0026 semester\n","fileTypesAndContributionMap":{"docs":{"insertions":14,"deletions":2}}},{"hash":"a857844c8b572855c27cf5bc3aa350f3cd2a5837","messageTitle":"Update landing page","messageBody":"","fileTypesAndContributionMap":{"docs":{"insertions":4,"deletions":4}}}]},{"date":"2021-03-31","commitResults":[{"hash":"df66211b654cf99b1101340634a14359c13272ed","messageTitle":"Update DeveloperGuide.md","messageBody":"","fileTypesAndContributionMap":{"docs":{"insertions":1,"deletions":1}}}]},{"date":"2021-04-07","commitResults":[{"hash":"8e270ed950be5aede9196129b50a79fd8721e4e2","messageTitle":"Fix error message bug in MasterCommand","messageBody":"","fileTypesAndContributionMap":{"functional-code":{"insertions":5,"deletions":2}}},{"hash":"67368e59cf023502c53cd1e6340b66fef970b3a4","messageTitle":"Update MasterPlanCommand.java","messageBody":"","fileTypesAndContributionMap":{"functional-code":{"insertions":2,"deletions":1}}},{"hash":"c63f552cb17aa9701ecab966d4d63d7363b6c306","messageTitle":"Update MasterPlanCommand.java","messageBody":"","fileTypesAndContributionMap":{"functional-code":{"insertions":0,"deletions":1}}},{"hash":"e954ecf5475dcedc522975bd729b17fc1bc74853","messageTitle":"Update DeleteSemesterCommandTest.java","messageBody":"","fileTypesAndContributionMap":{"test-code":{"insertions":16,"deletions":16}}},{"hash":"ba431586fe398d9bd181a2cb681937c823341d80","messageTitle":"Fix error message bug in CurrentSemesterCommand","messageBody":"","fileTypesAndContributionMap":{"functional-code":{"insertions":5,"deletions":2}}},{"hash":"6e207fa36fed7ff969e808c0305ca6388dcd8225","messageTitle":"Fix several documentation bugs in UG","messageBody":"","fileTypesAndContributionMap":{"docs":{"insertions":4,"deletions":3}}},{"hash":"1b41f4c9bfea31f7ba3ccfe0004f337fc99abff1","messageTitle":"Fix error message bugs for Description \u0026 Tag","messageBody":"","fileTypesAndContributionMap":{"functional-code":{"insertions":2,"deletions":2}}},{"hash":"ad0707a072f9bbe1a2faf862cd5503f0ee846341","messageTitle":"Fix add plan command example bug","messageBody":"","fileTypesAndContributionMap":{"functional-code":{"insertions":1,"deletions":1}}}]},{"date":"2021-04-10","commitResults":[{"hash":"43e498e7c9950a3195bf24bca8a76bbcb50e81f6","messageTitle":"Add CS1010 \u0026 CS1010S to module list","messageBody":"","fileTypesAndContributionMap":{"functional-code":{"insertions":18,"deletions":3}}},{"hash":"c3574a175c53237d799839a33abd0ddedb934f15","messageTitle":"Enforce unique plan description","messageBody":"","fileTypesAndContributionMap":{"functional-code":{"insertions":8,"deletions":1}}},{"hash":"eca619929b6147e26e9c4c6cb0d23569bcd3b067","messageTitle":"Minor refactoring","messageBody":"","fileTypesAndContributionMap":{"functional-code":{"insertions":14,"deletions":14},"test-code":{"insertions":1,"deletions":1}}},{"hash":"7927eda11bfd8eaa4ea41da2d89a155a254bf07f","messageTitle":"Enforce valid semester number to be added","messageBody":"Fix CI issues\n","fileTypesAndContributionMap":{"functional-code":{"insertions":8,"deletions":3}}},{"hash":"59fa3332e95d627612bad6783759231388f91b79","messageTitle":"Update UserGuide.md","messageBody":"","fileTypesAndContributionMap":{"docs":{"insertions":1,"deletions":1}}},{"hash":"5140cefa72785c0801658d44c633cf4ac2b5ffa7","messageTitle":"Update UG link in help window","messageBody":"","fileTypesAndContributionMap":{"functional-code":{"insertions":1,"deletions":1}}}]},{"date":"2021-04-12","commitResults":[{"hash":"2b7f6c8a153223c6cde79f3bb57cd432e1abefca","messageTitle":"Minor refactoring","messageBody":"","fileTypesAndContributionMap":{"functional-code":{"insertions":1,"deletions":1}}},{"hash":"4c4814a544026f9e1e5df30b34e553bbb00236f4","messageTitle":"Update ValidateCommand.java","messageBody":"","fileTypesAndContributionMap":{"functional-code":{"insertions":1,"deletions":1}}},{"hash":"17be5424cb56d7544d86804c0d15e7d37d4ede8c","messageTitle":"Update Sean\u0027s Portfolio Page","messageBody":"","fileTypesAndContributionMap":{"docs":{"insertions":36,"deletions":2}}},{"hash":"29b700c53631d7f1a10b3e7be0ae74f03d8dbbd4","messageTitle":"Update seaniy.md","messageBody":"","fileTypesAndContributionMap":{"docs":{"insertions":2,"deletions":1}}},{"hash":"c915ca916c71f5aa9917245d06a53d4d0c464214","messageTitle":"Update seaniy.md","messageBody":"","fileTypesAndContributionMap":{"docs":{"insertions":0,"deletions":1}}},{"hash":"be791baf4ef828bd2a6d888e88796afd8e528154","messageTitle":"Update seaniy.md","messageBody":"","fileTypesAndContributionMap":{"docs":{"insertions":3,"deletions":3}}}]}],"Yihe-Harry":[{"date":"2021-03-01","commitResults":[{"hash":"5920382839d1f456cebcba0c5ba88b0149e90fc3","messageTitle":"update readme :beer:","messageBody":"","fileTypesAndContributionMap":{"docs":{"insertions":1,"deletions":0}}},{"hash":"fbb82f360c343e1086fb90f692f800258991d18c","messageTitle":"edit readme :blue_heart:","messageBody":"","fileTypesAndContributionMap":{"docs":{"insertions":9,"deletions":63}}}]},{"date":"2021-03-02","commitResults":[{"hash":"d96669d2346baec69743455c2cb7478088df63f2","messageTitle":"create Module class :beer:‘","messageBody":"","fileTypesAndContributionMap":{"functional-code":{"insertions":111,"deletions":1}}}]},{"date":"2021-03-07","commitResults":[{"hash":"c7819d8f111768ddb88f44761b19c3acc31ddb39","messageTitle":"add equal method in Module class","messageBody":"","fileTypesAndContributionMap":{"functional-code":{"insertions":26,"deletions":0}}}]},{"date":"2021-03-09","commitResults":[{"hash":"13fcad4bbfd3239e04ab0d5be8ade9e37b6de399","messageTitle":"update developer guide","messageBody":"","fileTypesAndContributionMap":{"functional-code":{"insertions":1,"deletions":1},"docs":{"insertions":4,"deletions":1}}},{"hash":"2779e145c937d551ee45659ecd285493c1df4c2e","messageTitle":"modified DG","messageBody":"","fileTypesAndContributionMap":{"functional-code":{"insertions":611,"deletions":1137},"other":{"insertions":44,"deletions":67},"docs":{"insertions":367,"deletions":466},"test-code":{"insertions":276,"deletions":1478}}},{"hash":"c905841f89b22d3983f828b72e6c445f0924c1bc","messageTitle":"update developer guide","messageBody":"","fileTypesAndContributionMap":{"docs":{"insertions":5,"deletions":3}}},{"hash":"680a628bd786b99ef412eef0846c4ce02b7919d4","messageTitle":"update aboutUs and add image","messageBody":"","fileTypesAndContributionMap":{"docs":{"insertions":14,"deletions":4}}},{"hash":"5149ef2c95f067f243a09cfaced6a28ca28081f3","messageTitle":"update aboutus and upload image","messageBody":"","fileTypesAndContributionMap":{"docs":{"insertions":14,"deletions":50}}}]},{"date":"2021-03-14","commitResults":[{"hash":"b69b9c52436ce1f346ceba1090072d7dfc0fd30e","messageTitle":"add module command","messageBody":"","fileTypesAndContributionMap":{"functional-code":{"insertions":193,"deletions":91}}},{"hash":"9bc60d5a949d7b982079afbbb912051c774462cf","messageTitle":"module creation","messageBody":"","fileTypesAndContributionMap":{"functional-code":{"insertions":306,"deletions":91},"other":{"insertions":17,"deletions":17},"test-code":{"insertions":6,"deletions":6}}},{"hash":"c27bff6c61156cc2b080c199d30c9e62510cf1d6","messageTitle":"create module","messageBody":"","fileTypesAndContributionMap":{"functional-code":{"insertions":9,"deletions":39}}}]},{"date":"2021-03-15","commitResults":[{"hash":"dd64ec6c6e5c0d015b853de3c447b55642c2dfd9","messageTitle":"create module function","messageBody":"","fileTypesAndContributionMap":{"functional-code":{"insertions":80,"deletions":146},"test-code":{"insertions":0,"deletions":13}}},{"hash":"301b090d01e0790a40bddfb9053a15ca8002f95e","messageTitle":"pass CI","messageBody":"","fileTypesAndContributionMap":{"functional-code":{"insertions":4,"deletions":4},"docs":{"insertions":36,"deletions":37}}},{"hash":"235a2145edb0a1a8165e95b6a5e8762c4fe52070","messageTitle":"fix CI","messageBody":"","fileTypesAndContributionMap":{"functional-code":{"insertions":1,"deletions":2},"docs":{"insertions":3,"deletions":3}}},{"hash":"3f53897cfe4ad8799379339c78447f47fe53d57d","messageTitle":"change checkstyle","messageBody":"","fileTypesAndContributionMap":{"functional-code":{"insertions":28,"deletions":15}}},{"hash":"6b001333d914742c813132bd3a97046e7fc5921e","messageTitle":"fix checkstyle","messageBody":"","fileTypesAndContributionMap":{"functional-code":{"insertions":13,"deletions":8}}}]},{"date":"2021-03-16","commitResults":[{"hash":"0f3da57012c4e77de6b02880418cb0c332f32a6e","messageTitle":"module storage","messageBody":"","fileTypesAndContributionMap":{"functional-code":{"insertions":121,"deletions":8}}},{"hash":"360210f2bc86a6e02c33c313d1f74a8de2879076","messageTitle":"checkstyle","messageBody":"","fileTypesAndContributionMap":{"functional-code":{"insertions":12,"deletions":20}}},{"hash":"e42ef4030ed0af8ea176b1d6402e61e4879b370b","messageTitle":"CI“","messageBody":"","fileTypesAndContributionMap":{"functional-code":{"insertions":13,"deletions":16}}}]},{"date":"2021-03-19","commitResults":[{"hash":"4f5dfb6118ba150651b6c155f19702b0b82cda2b","messageTitle":"add delete module function :beer:","messageBody":"","fileTypesAndContributionMap":{"functional-code":{"insertions":193,"deletions":17}}},{"hash":"4d7553064b35f59ab86bc8868e802faff1ae6620","messageTitle":"checkstyle","messageBody":"","fileTypesAndContributionMap":{"functional-code":{"insertions":32,"deletions":10}}},{"hash":"865fa48d37e23777b04066dc26f23b0ff5db4586","messageTitle":"checkstyle god damn it","messageBody":"","fileTypesAndContributionMap":{"functional-code":{"insertions":1,"deletions":1}}}]},{"date":"2021-03-20","commitResults":[{"hash":"b7e2f2d4a4a7dc645bc92fa12d5569cf1ec2d151","messageTitle":"add module now support lower and upper case input","messageBody":"","fileTypesAndContributionMap":{"functional-code":{"insertions":2,"deletions":1}}}]},{"date":"2021-03-21","commitResults":[{"hash":"5bd6af68e46de6bdf25bb13f1d36945dec82ac35","messageTitle":"allow user add grade when add module","messageBody":"","fileTypesAndContributionMap":{"functional-code":{"insertions":71,"deletions":35}}},{"hash":"67117f8cd3d4f980d94e4590f0159fb255d5128d","messageTitle":"checkstyle","messageBody":"","fileTypesAndContributionMap":{"functional-code":{"insertions":22,"deletions":16}}},{"hash":"6fbbea437807713c0be4c2ebcca9026e3b7a79a9","messageTitle":"checkstyle","messageBody":"","fileTypesAndContributionMap":{"functional-code":{"insertions":2,"deletions":1}}}]},{"date":"2021-03-22","commitResults":[{"hash":"6f00cdfe2ac0d302884dc395924da1dfd0fdc274","messageTitle":"bug fix for add module grade","messageBody":"","fileTypesAndContributionMap":{"functional-code":{"insertions":5,"deletions":1}}},{"hash":"5d00febf3eaa6fcf4d429865349bcd62689ce7bc","messageTitle":"add module grade bug fix","messageBody":"","fileTypesAndContributionMap":{"functional-code":{"insertions":5,"deletions":5}}}]},{"date":"2021-03-29","commitResults":[{"hash":"4cc3cf63dd60b83fc90754e813b88db99602a299","messageTitle":"module related tests","messageBody":"","fileTypesAndContributionMap":{"functional-code":{"insertions":6,"deletions":1},"docs":{"insertions":3,"deletions":4},"test-code":{"insertions":428,"deletions":1}}}]},{"date":"2021-03-30","commitResults":[{"hash":"f551b93ace7cdb1bf14f4839c00241c6125a3fb0","messageTitle":"fix mior bugs","messageBody":"","fileTypesAndContributionMap":{"functional-code":{"insertions":1,"deletions":1}}},{"hash":"f908669c076a5545c17ec985175a43abf51e72c9","messageTitle":"checkstyle","messageBody":"","fileTypesAndContributionMap":{"test-code":{"insertions":6,"deletions":7}}},{"hash":"b686c44cc6a47f6b7a32501dd86c7d593bd01fbb","messageTitle":"checkstyle","messageBody":"","fileTypesAndContributionMap":{"test-code":{"insertions":1,"deletions":2}}},{"hash":"42158a6c3f32f40de9738d3c2d2b22ebc0929380","messageTitle":"fix checkstyle","messageBody":"","fileTypesAndContributionMap":{"test-code":{"insertions":2,"deletions":2}}},{"hash":"f15994a5e8cc2b7a8fe0588d2d9b727b37df062a","messageTitle":"UG and DG update","messageBody":"","fileTypesAndContributionMap":{"docs":{"insertions":77,"deletions":1}}},{"hash":"daf57d5d61779fe23dd2304d8b1ffb62f7d4feec","messageTitle":"UG update","messageBody":"","fileTypesAndContributionMap":{"docs":{"insertions":16,"deletions":17}}},{"hash":"520b3c4288dc7b68e3f73cbc642829c3e0fa1d2c","messageTitle":"fix checkstyle","messageBody":"","fileTypesAndContributionMap":{"docs":{"insertions":3,"deletions":3}}}]},{"date":"2021-04-07","commitResults":[{"hash":"91534105de432df1a3bea6f39593eafa0892a72d","messageTitle":"bug fix for addm only error msg","messageBody":"","fileTypesAndContributionMap":{"functional-code":{"insertions":18,"deletions":1}}},{"hash":"eb5fbca74e383ede8e715a0911bb1b1ca2d843b9","messageTitle":"checkstyle","messageBody":"","fileTypesAndContributionMap":{"functional-code":{"insertions":0,"deletions":1}}},{"hash":"c6ac24c739830a440cbe3d8fee82b958dcabf1eb","messageTitle":"checkstyle","messageBody":"","fileTypesAndContributionMap":{"functional-code":{"insertions":2,"deletions":2}}},{"hash":"bec4a2603f1c25c9d5358e4bda910b085c87f083","messageTitle":"deletem error msg fix","messageBody":"","fileTypesAndContributionMap":{"functional-code":{"insertions":13,"deletions":19}}},{"hash":"21a8ea0a57d100444fe2db04ae28159a9efe58b2","messageTitle":"checkstyle","messageBody":"","fileTypesAndContributionMap":{"functional-code":{"insertions":0,"deletions":1}}}]},{"date":"2021-04-08","commitResults":[{"hash":"c9dd2f52e7f79587a23519ac1540fdb6ca6e1242","messageTitle":"change logic of addm to semester","messageBody":"","fileTypesAndContributionMap":{"functional-code":{"insertions":20,"deletions":8}}},{"hash":"6fe086c20c9d9a4d3419439172d91c56adeb2463","messageTitle":"checkstyle","messageBody":"","fileTypesAndContributionMap":{"test-code":{"insertions":1,"deletions":2}}},{"hash":"7f88a141a2b34e32fb58976750fcdcf5119f3708","messageTitle":"test fix","messageBody":"","fileTypesAndContributionMap":{"test-code":{"insertions":2,"deletions":2}}},{"hash":"d247ff99d06edde1753d1f1030bb7b12cff6ef64","messageTitle":"bug fix for deletem","messageBody":"","fileTypesAndContributionMap":{"functional-code":{"insertions":2,"deletions":0}}}]},{"date":"2021-04-11","commitResults":[{"hash":"4cdebcb5208426af5fd8ee2d87ec55c804cf09df","messageTitle":"grammer","messageBody":"","fileTypesAndContributionMap":{"functional-code":{"insertions":1,"deletions":1}}},{"hash":"9719046be8af9b601cee9395ef26af45d851ec8c","messageTitle":"user guide fix","messageBody":"","fileTypesAndContributionMap":{"docs":{"insertions":4,"deletions":0}}}]},{"date":"2021-04-12","commitResults":[{"hash":"3b2c130adbbaa087f399aeba638e4bfdd04a18f2","messageTitle":"Yihe ppp","messageBody":"","fileTypesAndContributionMap":{"docs":{"insertions":25,"deletions":0}}},{"hash":"39e8d5e70c30649fed0fcdb400c63914b602f543","messageTitle":"yihe ppp","messageBody":"","fileTypesAndContributionMap":{"docs":{"insertions":22,"deletions":5}}}]}],"douglaswja":[{"date":"2021-03-01","commitResults":[{"hash":"8a99973fc74d71c3b68a1c9d1395b511387a3a77","messageTitle":"UserGuide.md: Clear irrelevant info from user guide","messageBody":"","fileTypesAndContributionMap":{"docs":{"insertions":0,"deletions":118}}},{"hash":"0a521a747aabd5beec6a0d8f70d7609c50ef5a09","messageTitle":"Userguide: `Add/delete` Semester and Module, `info` command","messageBody":"","fileTypesAndContributionMap":{"docs":{"insertions":49,"deletions":0}}},{"hash":"85b92027e5bc134e8bafcdf64ba82ba3de4c262b","messageTitle":"AboutUs: Include Douglas portfolio, profile info, responsibilities","messageBody":"","fileTypesAndContributionMap":{"docs":{"insertions":16,"deletions":7}}},{"hash":"0b551b9cbaf8d2ee940455d68bdde535113cebaf","messageTitle":"Semester: Include class, TODO notes","messageBody":"Additionally, update the UserGuide.md.\n","fileTypesAndContributionMap":{"functional-code":{"insertions":81,"deletions":2},"docs":{"insertions":99,"deletions":92}}},{"hash":"26646a6193343c682f7db1b228cfa94c8dc84c26","messageTitle":"DeveloperGuide: Add User Stories","messageBody":"","fileTypesAndContributionMap":{"docs":{"insertions":14,"deletions":8}}},{"hash":"41d29fd34450fc2df0bb7cf5a98666b6b46115b1","messageTitle":"README.md: Update GitHub Actions build status badge and Acknowledgements","messageBody":"","fileTypesAndContributionMap":{"docs":{"insertions":4,"deletions":2}}}]},{"date":"2021-03-09","commitResults":[{"hash":"ce9850d2aab8b49da96ba88fd720d7696acff695","messageTitle":"Update Userguide typos and formatting errors","messageBody":"","fileTypesAndContributionMap":{"docs":{"insertions":12,"deletions":13}}}]},{"date":"2021-03-14","commitResults":[{"hash":"e382621898444b6096b796268d266c1e9b5f6886","messageTitle":"Add show CAP | MCs command to display summary information","messageBody":"NUS Module Planner stores user information about past semesters but does\nnot include a convenient way to access commonly-needed summary\ninformation such as the total MCs a user is doing in the current\nsemester or the users current Cumulative Average Points (CAP).\n\nThe lack of these convenience functions means that users will have to\nmanually compute this information, which could be easily computed by NUS\nModule Planner for them instead.\n\nLets include two simple commands corresponding to each of the above\nsummary statistics by creating two new comands `show cap` and `show\nmcs`.\n\nKeeping the format of these commands simple makes remembering them easy.\n","fileTypesAndContributionMap":{"functional-code":{"insertions":114,"deletions":0},"docs":{"insertions":6,"deletions":7}}},{"hash":"d5af7131ddcee0440115c156518e2909733026f4","messageTitle":"Update javadocs","messageBody":"","fileTypesAndContributionMap":{"functional-code":{"insertions":19,"deletions":1}}},{"hash":"3477e5af0bf05e18a544037326e93dd24b689588","messageTitle":"ShowCommandParser: Update Javadoc","messageBody":"","fileTypesAndContributionMap":{"functional-code":{"insertions":1,"deletions":1}}},{"hash":"95deaf091c7d4acb186411a26ccb0c41a044b715","messageTitle":"Add history, current semester, master plan","messageBody":"","fileTypesAndContributionMap":{"functional-code":{"insertions":409,"deletions":4},"docs":{"insertions":4,"deletions":10},"test-code":{"insertions":25,"deletions":0}}}]},{"date":"2021-03-15","commitResults":[{"hash":"641fb570d685bc6e1be308d0fe1893ed0f6d7b14","messageTitle":"Implement show commands","messageBody":"","fileTypesAndContributionMap":{"functional-code":{"insertions":36,"deletions":9}}},{"hash":"4154dc1ad41221944e5a571ca15bacd8b011e7f4","messageTitle":"MasterPlan: Set as an instance variable rather than a variable in modelManager","messageBody":"","fileTypesAndContributionMap":{"functional-code":{"insertions":40,"deletions":11}}},{"hash":"e790ffd1d530941e921b887a18423e584a0a855d","messageTitle":"Persist Current Semester and Master Plan information into plans.json","messageBody":"","fileTypesAndContributionMap":{"functional-code":{"insertions":48,"deletions":26}}},{"hash":"95b6e75a4256cdbf3cbf815b130d42e9a4b9879d","messageTitle":"Fix History command","messageBody":"","fileTypesAndContributionMap":{"functional-code":{"insertions":9,"deletions":4}}},{"hash":"0a0d074b2d262fbff1d04fb90cf96bc611ecf670","messageTitle":"Fix build errors","messageBody":"","fileTypesAndContributionMap":{"functional-code":{"insertions":53,"deletions":38},"other":{"insertions":10,"deletions":8}}},{"hash":"a2ad747412c4cc43fd44f48b013200627e86d80f","messageTitle":"Fix Checkstyle Whitespace","messageBody":"","fileTypesAndContributionMap":{"docs":{"insertions":37,"deletions":50}}},{"hash":"b326e8fd27ee03bfb6e5d00d0a941ad98b04b7d9","messageTitle":"Convert CRLF to LF for CI checks","messageBody":"","fileTypesAndContributionMap":{"functional-code":{"insertions":434,"deletions":434},"docs":{"insertions":5,"deletions":4}}}]},{"date":"2021-03-16","commitResults":[{"hash":"c24b1fdb93a89d876401f14818a7ef30997e8441","messageTitle":"UserGuide: Remove old semester current documentation","messageBody":"","fileTypesAndContributionMap":{"docs":{"insertions":2,"deletions":13}}}]},{"date":"2021-03-22","commitResults":[{"hash":"123731335473bffafeb1fb871a62847a33a2df08","messageTitle":"History: Create each time history command is given","messageBody":"","fileTypesAndContributionMap":{"functional-code":{"insertions":5,"deletions":11}}}]},{"date":"2021-03-29","commitResults":[{"hash":"9358581f81ca93b04e5fdce3477f9bec91b4ae62","messageTitle":"DeveloperGuide: HistoryConstructorSequenceDiagram","messageBody":"","fileTypesAndContributionMap":{"functional-code":{"insertions":1,"deletions":1},"docs":{"insertions":87,"deletions":3}}},{"hash":"a5cc0909ec448bdb6a2a2481a48e50bd12f723a5","messageTitle":"User Guide: Remove duplicates","messageBody":"","fileTypesAndContributionMap":{"docs":{"insertions":5,"deletions":61}}},{"hash":"66e37eec45a9e65c4546018bce27f1e09da1cee7","messageTitle":"Developer Guide: Add SD for History toString and Architecture","messageBody":"","fileTypesAndContributionMap":{"functional-code":{"insertions":0,"deletions":4},"docs":{"insertions":84,"deletions":10}}},{"hash":"6fbcdbbcd905a2da2aa6c38f34419970bae98432","messageTitle":"Developer Guide: Add History Class and Object Diagram","messageBody":"Additionally, update the History Architecture SD.\n","fileTypesAndContributionMap":{"docs":{"insertions":50,"deletions":14}}},{"hash":"9653852b3739f509d2f96a29742f5af8b84e0c51","messageTitle":"Developer Guide: Change colour of HistoryArchitecture SD","messageBody":"","fileTypesAndContributionMap":{"docs":{"insertions":2,"deletions":2}}},{"hash":"e76e4145289dc4d6156c80378f51057e891573e0","messageTitle":"Developer Guide: History - Fix white space","messageBody":"","fileTypesAndContributionMap":{"docs":{"insertions":2,"deletions":1}}}]},{"date":"2021-03-30","commitResults":[{"hash":"7e150382125b09b3759b069a7a723a59ac8c936d","messageTitle":"JUnit test: Parsers for MasterPlan and CurrentSem","messageBody":"","fileTypesAndContributionMap":{"functional-code":{"insertions":1,"deletions":1},"test-code":{"insertions":165,"deletions":0}}},{"hash":"9794c357202f07fd2268d623a0b99632357c5bbf","messageTitle":"JUnit: Fix checkstyle for MasterPlan and CurrentSem Parsers","messageBody":"","fileTypesAndContributionMap":{"test-code":{"insertions":26,"deletions":45}}},{"hash":"beb4d9a58eccf2a85ca4851de3212cb1fca20201","messageTitle":"User Guide: Add example images for History, Current, Master, Show","messageBody":"","fileTypesAndContributionMap":{"docs":{"insertions":23,"deletions":23}}}]},{"date":"2021-04-08","commitResults":[{"hash":"45d023efa38637b98bfe49c30789714b8bc83c3c","messageTitle":"HistoryCommand: Make Parser reject additional inputs","messageBody":"","fileTypesAndContributionMap":{"functional-code":{"insertions":42,"deletions":9}}},{"hash":"81854b8ac08013cbe75af85304f74ba8bdce49b8","messageTitle":"Increase size of text result panel from 100 to 177","messageBody":"","fileTypesAndContributionMap":{"functional-code":{"insertions":9,"deletions":11}}},{"hash":"18e1ee8dea18da507c8130e1607b90398dc24693","messageTitle":"History Command: Fix checkstyle errors","messageBody":"","fileTypesAndContributionMap":{"functional-code":{"insertions":0,"deletions":3}}}]},{"date":"2021-04-11","commitResults":[{"hash":"eb56bc53eac0103f534af1c6b8a7f7ac01293a4a","messageTitle":"History Command: Output all semesters with sem number leq current","messageBody":"","fileTypesAndContributionMap":{"functional-code":{"insertions":3,"deletions":2}}},{"hash":"e79b569569af8196d1ba0d9170705258a2312d1f","messageTitle":"Semester: Fix bug that allowed invalid semester numbers","messageBody":"","fileTypesAndContributionMap":{"functional-code":{"insertions":2,"deletions":2},"docs":{"insertions":10,"deletions":0}}},{"hash":"c618261783d6eb68554dbf1af717d37643c1316c","messageTitle":"UserGuide: Add warning against manual edit of data.json","messageBody":"","fileTypesAndContributionMap":{"docs":{"insertions":2,"deletions":0}}},{"hash":"15e9b3cca79f559e41c896e7d16174f4617c4440","messageTitle":"UserGuide: Update warning against manual edits of .json files","messageBody":"","fileTypesAndContributionMap":{"docs":{"insertions":1,"deletions":1}}},{"hash":"35391dfc932ce4a759279fcdcfbd94ef7eee9b69","messageTitle":"UserGuide: Update JAR URL and TOC","messageBody":"","fileTypesAndContributionMap":{"docs":{"insertions":1,"deletions":4}}},{"hash":"e57d75f72a9b1d1ef61ff87c1d2e038b1dc0a0cc","messageTitle":"History: Fix output format by adding new line","messageBody":"","fileTypesAndContributionMap":{"functional-code":{"insertions":1,"deletions":1}}},{"hash":"0226ca6deacd6ddc1141399d32f206ecb129019a","messageTitle":"MasterPlan: Prevent invalid PLAN_NUMBER from setting all to false","messageBody":"","fileTypesAndContributionMap":{"functional-code":{"insertions":5,"deletions":5}}},{"hash":"d072b353236fdc0c52e4ddd634454ef973dc83f6","messageTitle":"UserGuide: Update Overall Input Constraints","messageBody":"","fileTypesAndContributionMap":{"docs":{"insertions":1,"deletions":1}}},{"hash":"d75b7d5ddecb362ab03f87fa09943962ebc294f2","messageTitle":"History, Master, Current: Include Logging","messageBody":"","fileTypesAndContributionMap":{"functional-code":{"insertions":39,"deletions":11}}},{"hash":"c623daa269b119c2989ce9b5fb779d41d8f25f17","messageTitle":"Checkstyle: Fix errors","messageBody":"","fileTypesAndContributionMap":{"functional-code":{"insertions":5,"deletions":5}}},{"hash":"427e88a757a0f604b6a39f8db4e10f516b6d4e0f","messageTitle":"BugFix: Prevent reset of master plan after add/delete module","messageBody":"","fileTypesAndContributionMap":{"functional-code":{"insertions":6,"deletions":0}}}]},{"date":"2021-04-12","commitResults":[{"hash":"a417f12f26f8b7faadfcb9f6a4d58e29ec6a0079","messageTitle":"UserGuide: Update to match format of AB3","messageBody":"","fileTypesAndContributionMap":{"docs":{"insertions":177,"deletions":144}}},{"hash":"4e1a401a6ba934a512e0e5ec293c741c9400a549","messageTitle":"DeveloperGuide: Fix formatting at end of document for website ver","messageBody":"","fileTypesAndContributionMap":{"docs":{"insertions":1,"deletions":0}}},{"hash":"e484d804205cf4b1c454a72d4e44463a8933c09f","messageTitle":"Project Portfolio Page: Include Douglas Allwood PPP","messageBody":"","fileTypesAndContributionMap":{"docs":{"insertions":84,"deletions":1}}},{"hash":"6dcc2d3010e1eafa31667254a7d894a17ba75d89","messageTitle":"PPP: Shortern Douglas PPP to comply with hard page limit","messageBody":"","fileTypesAndContributionMap":{"docs":{"insertions":6,"deletions":15}}},{"hash":"27e62e56cff0f1adf911a06c1a19212a72796240","messageTitle":"PPP: Update Douglas master command PPP portion","messageBody":"","fileTypesAndContributionMap":{"docs":{"insertions":1,"deletions":1}}},{"hash":"ab8cb0c089ca60922c52369b1fc17af6c0bbdf1a","messageTitle":"PPP: Decrease size of code contributions of Douglas","messageBody":"","fileTypesAndContributionMap":{"docs":{"insertions":5,"deletions":5}}},{"hash":"2e12ccf1a3ec74d39fb7647d64ef93cb2755b107","messageTitle":"PPP: Decrease size of code contributions of Douglas again","messageBody":"","fileTypesAndContributionMap":{"docs":{"insertions":6,"deletions":15}}},{"hash":"6334897e33919fe3db04b0b206ca14c02b904917","messageTitle":"PPP: Decrease size of code contributions of Douglas again 2","messageBody":"","fileTypesAndContributionMap":{"docs":{"insertions":8,"deletions":4}}},{"hash":"e9d6e26260ccf818c811f7693adf17ac888d9108","messageTitle":"PPP: Decrease size of code contributions of Douglas again 3","messageBody":"","fileTypesAndContributionMap":{"docs":{"insertions":0,"deletions":4}}}]},{"date":"2021-04-13","commitResults":[{"hash":"0ba5810954a74683372a6ff20ba00733ae2d04b5","messageTitle":"Developer Guide: Update AB3 URLs","messageBody":"","fileTypesAndContributionMap":{"docs":{"insertions":6,"deletions":6}}}]}],"ssagit":[{"date":"2021-02-25","commitResults":[{"hash":"801399523a8f53e4b29969d5957386a78b1698ef","messageTitle":"v0","messageBody":"","fileTypesAndContributionMap":{"functional-code":{"insertions":344,"deletions":494},"other":{"insertions":99,"deletions":131},"docs":{"insertions":113,"deletions":113},"test-code":{"insertions":218,"deletions":447}}},{"hash":"6256d1c49bbc31ef297d849970e74a9615f57c59","messageTitle":"remove editCommand","messageBody":"","fileTypesAndContributionMap":{"functional-code":{"insertions":14,"deletions":367},"test-code":{"insertions":0,"deletions":112}}},{"hash":"9ec7f15e4eaeb694d2323edc0725787a7d3fff06","messageTitle":"remove email","messageBody":"","fileTypesAndContributionMap":{"functional-code":{"insertions":18,"deletions":235},"test-code":{"insertions":4,"deletions":75}}}]},{"date":"2021-02-26","commitResults":[{"hash":"13a71ee1f7c81bafb5ecc88c9c021660989e184e","messageTitle":"resolve checkstyle issues","messageBody":"","fileTypesAndContributionMap":{"functional-code":{"insertions":6,"deletions":7}}},{"hash":"8fdd1ffac750b951427e0fb4a6b0856e414004e5","messageTitle":"remove unnecessary tests","messageBody":"","fileTypesAndContributionMap":{"functional-code":{"insertions":0,"deletions":1},"test-code":{"insertions":0,"deletions":197}}},{"hash":"13ac1de0b64a1fdb72683541c000e560b824e85c","messageTitle":"remove more unnecessary tests","messageBody":"","fileTypesAndContributionMap":{"test-code":{"insertions":15,"deletions":601}}},{"hash":"5c48e1da31b5e151165d7df351fe08aa064c255f","messageTitle":"resolve checkstyle errors","messageBody":"","fileTypesAndContributionMap":{"test-code":{"insertions":10,"deletions":27}}}]},{"date":"2021-02-27","commitResults":[{"hash":"3bcdfe09ec02ef34ec75e8aa8b2946873663bd02","messageTitle":"Create ssagit.md","messageBody":"","fileTypesAndContributionMap":{"docs":{"insertions":10,"deletions":0}}},{"hash":"a114ecb7d9922bc253ee778f76774253b1d77fad","messageTitle":"Update AboutUs.md","messageBody":"","fileTypesAndContributionMap":{"docs":{"insertions":4,"deletions":5}}},{"hash":"00f17d4c52c3fe5b634c59e808517c225ae3afe9","messageTitle":"Update AboutUs.md","messageBody":"","fileTypesAndContributionMap":{"docs":{"insertions":1,"deletions":1}}}]},{"date":"2021-03-01","commitResults":[{"hash":"a2f4a87376b07284bac5e1e371445fa1c23abcc9","messageTitle":"Update README.md","messageBody":"","fileTypesAndContributionMap":{"docs":{"insertions":2,"deletions":1}}},{"hash":"8cbd2cbd8c73bcd38f248b8f0121413498e5629c","messageTitle":"Update README.md","messageBody":"","fileTypesAndContributionMap":{"docs":{"insertions":1,"deletions":1}}},{"hash":"5127ceecbb06f0bf3c5974e8a61c9af3c81fc41c","messageTitle":"Update README.md","messageBody":"","fileTypesAndContributionMap":{"docs":{"insertions":1,"deletions":1}}},{"hash":"e1dfde232253db1d143fdc82f69bcf5b6ea01699","messageTitle":"Update UserGuide.md","messageBody":"","fileTypesAndContributionMap":{"docs":{"insertions":37,"deletions":67}}},{"hash":"dffca6a746bc587cd072560c4a737f0a27613957","messageTitle":"Update DeveloperGuide.md","messageBody":"","fileTypesAndContributionMap":{"docs":{"insertions":0,"deletions":268}}},{"hash":"ce1dac5f06196f7e1263eb485eb30053bcbe4712","messageTitle":"Update DeveloperGuide.md","messageBody":"","fileTypesAndContributionMap":{"docs":{"insertions":9,"deletions":3}}},{"hash":"e99608105c8f2fc8e4ad88225ba6a60e82f1f2e6","messageTitle":"Update README.md","messageBody":"","fileTypesAndContributionMap":{"docs":{"insertions":0,"deletions":1}}}]},{"date":"2021-03-09","commitResults":[{"hash":"bbe9a765d4430cfb1b6aa76851de243da5a34398","messageTitle":"Update README.md","messageBody":"","fileTypesAndContributionMap":{"docs":{"insertions":1,"deletions":1}}},{"hash":"a69af12520c58661119174d0ef7e0ee6d14db0c4","messageTitle":"Update README.md","messageBody":"","fileTypesAndContributionMap":{"docs":{"insertions":1,"deletions":4}}},{"hash":"f08d38f0d80e2f58f6bc02a587ef2916c2f84f00","messageTitle":"Update README.md","messageBody":"","fileTypesAndContributionMap":{"docs":{"insertions":0,"deletions":1}}}]},{"date":"2021-03-13","commitResults":[{"hash":"aabf66279e41c88de1d88b2fb45860389ce92979","messageTitle":"CI test 2","messageBody":"","fileTypesAndContributionMap":{"functional-code":{"insertions":139,"deletions":139}}},{"hash":"80c1227b554c2ccd90ff6273aaab8ef81023cf8c","messageTitle":"resolve checkstyle, disable junit tests","messageBody":"","fileTypesAndContributionMap":{"functional-code":{"insertions":35,"deletions":11},"other":{"insertions":2,"deletions":0}}},{"hash":"fc2ae09707a1f0d901c2946f45ed43fb5b187f14","messageTitle":"resolve broken junit tests","messageBody":"","fileTypesAndContributionMap":{"other":{"insertions":0,"deletions":2},"test-code":{"insertions":42,"deletions":407}}}]},{"date":"2021-03-16","commitResults":[{"hash":"747d300726df2d26d23f311a64be672c1d4a3c27","messageTitle":"add validate command and some javafx stuff for plan","messageBody":"","fileTypesAndContributionMap":{"functional-code":{"insertions":147,"deletions":3}}}]},{"date":"2021-03-17","commitResults":[{"hash":"ecc80cb596a5423333d9a504ac4a49ad438502a8","messageTitle":"fix module number not updating with every added module","messageBody":"","fileTypesAndContributionMap":{"functional-code":{"insertions":71,"deletions":41}}}]},{"date":"2021-03-19","commitResults":[{"hash":"caad87310d73f878be66fe74c1c7fee36f79872b","messageTitle":"Fix validate command, now functional","messageBody":"","fileTypesAndContributionMap":{"functional-code":{"insertions":30,"deletions":7}}},{"hash":"3d5b8652d8f25095997eb929bfba3b4b7d0a9b73","messageTitle":"Fix list command","messageBody":"","fileTypesAndContributionMap":{"functional-code":{"insertions":1,"deletions":10}}},{"hash":"8bba562eeac371825dde1bbbae20ac81b6a5dea8","messageTitle":"Add TableView for list javafx","messageBody":"","fileTypesAndContributionMap":{"functional-code":{"insertions":172,"deletions":10}}}]},{"date":"2021-03-26","commitResults":[{"hash":"63457ccaab0e4c3df69d4cb2266df7c272baf282","messageTitle":"Update help command to reflect our user guide","messageBody":"","fileTypesAndContributionMap":{"functional-code":{"insertions":1,"deletions":1},"test-code":{"insertions":21,"deletions":0}}}]},{"date":"2021-03-27","commitResults":[{"hash":"173ed9bc88d022a4a4e88ac7a293ed97006ca696","messageTitle":"Add Junit tests for ValidateCommand","messageBody":"","fileTypesAndContributionMap":{"functional-code":{"insertions":2,"deletions":0},"other":{"insertions":6,"deletions":0},"test-code":{"insertions":271,"deletions":6}}}]},{"date":"2021-03-28","commitResults":[{"hash":"0a58669fc77a5f221dd1fcf7573b315430ff576f","messageTitle":"clean up and add javafx tables for list command","messageBody":"","fileTypesAndContributionMap":{"functional-code":{"insertions":54,"deletions":14}}}]},{"date":"2021-03-30","commitResults":[{"hash":"6bcbba5428b842af62cf1fddbe1b9473d9e280e9","messageTitle":"fix javafx null pointer except","messageBody":"","fileTypesAndContributionMap":{"functional-code":{"insertions":9,"deletions":7},"other":{"insertions":1,"deletions":1}}},{"hash":"7f0e4cc9ea0d488b3d2317b2297685a4fa60308a","messageTitle":"Added Dev guide for validate command","messageBody":"","fileTypesAndContributionMap":{"docs":{"insertions":134,"deletions":0}}},{"hash":"58e31bed2984b8357478b3567d83883811b9f4ab","messageTitle":"add dg stuff for validateCommand","messageBody":"","fileTypesAndContributionMap":{"functional-code":{"insertions":7087,"deletions":0},"test-code":{"insertions":3184,"deletions":0}}},{"hash":"72fb28cb5002b654ddb6614c1454cfdf95578d93","messageTitle":"UG update add all examples","messageBody":"","fileTypesAndContributionMap":{"docs":{"insertions":12,"deletions":32}}},{"hash":"673e0a9c5f276e1d5fbc23fdafc9d71e541c1d27","messageTitle":"Update UserGuide.md","messageBody":"Update quick help","fileTypesAndContributionMap":{"docs":{"insertions":4,"deletions":4}}},{"hash":"4d68107d2c573e17a01e38f487a35935c416b820","messageTitle":"Delete src/main/java/seedu/address directory","messageBody":"","fileTypesAndContributionMap":{"functional-code":{"insertions":0,"deletions":7087}}},{"hash":"e3041e46a73919633e94166de6854817b74e6c49","messageTitle":"Delete src/test/java/seedu/address directory","messageBody":"","tags":["v1.3"],"fileTypesAndContributionMap":{"test-code":{"insertions":0,"deletions":3184}}}]},{"date":"2021-03-31","commitResults":[{"hash":"237303eaf0ea96cde20de80d58b21e0f20e9e74d","messageTitle":"fix a bug with storage not updating when using validate","messageBody":"","fileTypesAndContributionMap":{"functional-code":{"insertions":5,"deletions":20}}}]},{"date":"2021-04-08","commitResults":[{"hash":"ccee8754ab6f746a79fa6d67a4e5e86d282d203c","messageTitle":"PPP and DG update 1","messageBody":"","fileTypesAndContributionMap":{"docs":{"insertions":30,"deletions":2}}},{"hash":"7836523b389605be2ff2ca20fa68f039a17fa359","messageTitle":"Update ssagit.md","messageBody":"","fileTypesAndContributionMap":{"docs":{"insertions":1,"deletions":1}}}]},{"date":"2021-04-11","commitResults":[{"hash":"d83935eb96b61359ede4b7c88732512c879d609d","messageTitle":"fix show cap","messageBody":"","fileTypesAndContributionMap":{"docs":{"insertions":2,"deletions":2}}},{"hash":"408735b441df8106507892b2174cf901aba703ce","messageTitle":"fix latest release link","messageBody":"","fileTypesAndContributionMap":{"docs":{"insertions":1,"deletions":1}}},{"hash":"d8cd385257fc554eff8ee52ed7f463617b9427d5","messageTitle":"update features in UG to match current project","messageBody":"","fileTypesAndContributionMap":{"docs":{"insertions":5,"deletions":5}}},{"hash":"1ea4601d59035f7d1ab782df4dc19d138347d5ba","messageTitle":"fix broken image link for info in UG","messageBody":"","fileTypesAndContributionMap":{"docs":{"insertions":1,"deletions":1}}},{"hash":"9f9e722f7e57447d6422729e566c28eec22a6db1","messageTitle":"provide justification for limited module num","messageBody":"","fileTypesAndContributionMap":{"docs":{"insertions":2,"deletions":0}}},{"hash":"03540ceb2033c3e22f28d4a922aadcabcdc817c2","messageTitle":"fix clear command formatting issue in UG","messageBody":"","fileTypesAndContributionMap":{"docs":{"insertions":2,"deletions":2}}},{"hash":"f835a419676c06c37d9860d2b45fdd42b8deb31e","messageTitle":"resolve bugs related to GUI resize","messageBody":"","fileTypesAndContributionMap":{"functional-code":{"insertions":2,"deletions":0}}},{"hash":"d682b1a83c540ff4df332b34424a5ad39454c746","messageTitle":"fix interaction of info and validate, also resolve issue with storage not saving isValid","messageBody":"","fileTypesAndContributionMap":{"functional-code":{"insertions":20,"deletions":7}}}]},{"date":"2021-04-12","commitResults":[{"hash":"fef9e5e5c250aaeaccdb31156333a877b8301be5","messageTitle":"clean up UG and DG, drop feature","messageBody":"","fileTypesAndContributionMap":{"functional-code":{"insertions":2,"deletions":4},"docs":{"insertions":4,"deletions":6}}},{"hash":"d9b4d1727d094b93a06e37388165154e207da2e2","messageTitle":"fix checkstyle","messageBody":"","fileTypesAndContributionMap":{"functional-code":{"insertions":1,"deletions":2}}},{"hash":"69ecdb69cd1abbf9f6ff873bafe9f98a8988f197","messageTitle":"update PPP","messageBody":"","fileTypesAndContributionMap":{"docs":{"insertions":13,"deletions":2}}},{"hash":"30e4ca9b14342aee04641bf7064756c3c0b940cc","messageTitle":"update UG link","messageBody":"","fileTypesAndContributionMap":{"docs":{"insertions":3,"deletions":1}}},{"hash":"eabc824fa55e901ac85a54d88e481379fed1463e","messageTitle":"remove \u0027contact us\u0027 in about us","messageBody":"","fileTypesAndContributionMap":{"docs":{"insertions":0,"deletions":2}}},{"hash":"63851489c358f355ec57f436bdd8249406cd8e8b","messageTitle":"fix Ui.png and minor error in PPP","messageBody":"","fileTypesAndContributionMap":{"docs":{"insertions":3,"deletions":3}}}]}],"BenedictBCJJ":[{"date":"2021-03-01","commitResults":[{"hash":"e9b005dbcbf54e5a4025962abbb63d61e71559d7","messageTitle":"Add master and current semester","messageBody":"","fileTypesAndContributionMap":{"docs":{"insertions":27,"deletions":93}}},{"hash":"a9113a06b78fb1fbc82cffddaa130f209cab38e6","messageTitle":"Re-add master and current semester","messageBody":"","fileTypesAndContributionMap":{"docs":{"insertions":21,"deletions":0}}}]},{"date":"2021-03-09","commitResults":[{"hash":"1dd24dda6d91765b4ee5bfbe60168a6b3bcd5e82","messageTitle":"Update DeveloperGuide.md","messageBody":"","fileTypesAndContributionMap":{"docs":{"insertions":8,"deletions":1}}},{"hash":"8cd099d5cd3d6fc5ea4751e6a35d268bda77253e","messageTitle":"Update AboutUs.md","messageBody":"","fileTypesAndContributionMap":{"docs":{"insertions":5,"deletions":6}}},{"hash":"4eb4f4b4bf8d6b6282672bc0fd7f87106c453abc","messageTitle":"Create benedictbcjj.md","messageBody":"","fileTypesAndContributionMap":{"docs":{"insertions":1,"deletions":0}}},{"hash":"53fe37b28c68bbdb1733dfb29151d0e4c0e67d83","messageTitle":"Update benedictbcjj.md","messageBody":"","fileTypesAndContributionMap":{"docs":{"insertions":10,"deletions":0}}}]},{"date":"2021-03-14","commitResults":[{"hash":"43c1775e30ac38ecb26868270c535a33d4186b02","messageTitle":"Add info command to parser","messageBody":"","fileTypesAndContributionMap":{"functional-code":{"insertions":50,"deletions":0}}},{"hash":"c65d0dc275836cf750f610a91b82a7122183330b","messageTitle":"Add module info to address book, cleaned up info command","messageBody":"","fileTypesAndContributionMap":{"functional-code":{"insertions":34,"deletions":25}}},{"hash":"12e2c3cfa46da4bc513c3ad0100e52ce0d6779ae","messageTitle":"create jsonmodule file to contain moduleinfo","messageBody":"","fileTypesAndContributionMap":{"functional-code":{"insertions":27,"deletions":17}}},{"hash":"7801e28504dc1ff0f7b493c73872cc8dcd60f14f","messageTitle":"Implement info command","messageBody":"","fileTypesAndContributionMap":{"functional-code":{"insertions":18,"deletions":1}}},{"hash":"7b409018d91d97ee8d673126b65a97f11e29fd21","messageTitle":"Increase size of result to be able to read moduleinfo","messageBody":"","fileTypesAndContributionMap":{"functional-code":{"insertions":2,"deletions":2}}},{"hash":"ee1724f19813499b159636ae130199a3d0150936","messageTitle":"Add info command for specified modules, docs for created classes","messageBody":"","fileTypesAndContributionMap":{"functional-code":{"insertions":82,"deletions":12}}},{"hash":"7bed7b18ec3d54b95cec72c0c4144e2005526110","messageTitle":"Pass checkstyle","messageBody":"","fileTypesAndContributionMap":{"functional-code":{"insertions":68,"deletions":19},"test-code":{"insertions":12,"deletions":6}}},{"hash":"d84c74559a3a1d189ec9e76bcf81f111fd5aa887","messageTitle":"Add infocommandparser to project","messageBody":"","fileTypesAndContributionMap":{"functional-code":{"insertions":44,"deletions":0}}}]},{"date":"2021-03-15","commitResults":[{"hash":"85b8e8bc98c2001dc42c664e8fca0728c8e04045","messageTitle":"Clean up addressbook object","messageBody":"","fileTypesAndContributionMap":{"functional-code":{"insertions":5,"deletions":7}}}]},{"date":"2021-03-16","commitResults":[{"hash":"49e75e06f0ec05c7f2ee59886274c3186189998f","messageTitle":"Add javafx panel change for infocommand","messageBody":"","fileTypesAndContributionMap":{"functional-code":{"insertions":187,"deletions":4}}},{"hash":"1785cb41b71e2c732c0d21dba49dceffec7e9223","messageTitle":"Add single module info command into javafx","messageBody":"","fileTypesAndContributionMap":{"functional-code":{"insertions":61,"deletions":35}}}]},{"date":"2021-03-27","commitResults":[{"hash":"2bdb1c7ba57d89428ccac72562795224962dadb8","messageTitle":"Add assertions to gradle build","messageBody":"","fileTypesAndContributionMap":{"other":{"insertions":4,"deletions":0}}}]},{"date":"2021-03-28","commitResults":[{"hash":"f80bfc29227c0e8d862e0507eb9b524bf4171eae","messageTitle":"Add junit for infocommand","messageBody":"","fileTypesAndContributionMap":{"functional-code":{"insertions":4,"deletions":2},"test-code":{"insertions":76,"deletions":0}}},{"hash":"91e12c1135f04f3cf3ae86053dd467b1b3471ee6","messageTitle":"Add junit for infocommandparser","messageBody":"","fileTypesAndContributionMap":{"functional-code":{"insertions":6,"deletions":2},"test-code":{"insertions":53,"deletions":0}}},{"hash":"bc3fbb8e9e8f02d78f4ad1fcaa6a3070f7f10770","messageTitle":"Fix checkstyle and add assertions","messageBody":"","fileTypesAndContributionMap":{"functional-code":{"insertions":9,"deletions":1},"test-code":{"insertions":15,"deletions":12}}},{"hash":"67c85843440da165ff744c532f637ae03630cf30","messageTitle":"Add new line/ remove trailing white spaces for CI build","messageBody":"","fileTypesAndContributionMap":{"other":{"insertions":1,"deletions":1},"docs":{"insertions":1,"deletions":1}}}]},{"date":"2021-03-30","commitResults":[{"hash":"bfa7a7c78a513435286dd9fc9b015cf49616ccba","messageTitle":"Fix some test issues and checkstyle","messageBody":"","fileTypesAndContributionMap":{"test-code":{"insertions":19,"deletions":17}}},{"hash":"c07d042744abba0d30cb8ddef0217c8a4ab8159e","messageTitle":"Fix info parser not detecting invalid input","messageBody":"","fileTypesAndContributionMap":{"functional-code":{"insertions":3,"deletions":2},"test-code":{"insertions":3,"deletions":0}}},{"hash":"59d68f1d41f91eb43bc8e42821b7c91ff1f3a315","messageTitle":"Update developer guide","messageBody":"","fileTypesAndContributionMap":{"docs":{"insertions":167,"deletions":0}}},{"hash":"069a61a0abe52667f95404309d97535152665fab","messageTitle":"Fix checkstyle","messageBody":"","fileTypesAndContributionMap":{"other":{"insertions":1,"deletions":1},"docs":{"insertions":4,"deletions":36}}},{"hash":"27de322370369abe8da74b0994473c87b4317758","messageTitle":"Revert test changes","messageBody":"","fileTypesAndContributionMap":{"test-code":{"insertions":1,"deletions":1}}},{"hash":"538083eb80878e9234a9ed065a8e538159bb50c7","messageTitle":"Add demo for info command to user guide","messageBody":"","fileTypesAndContributionMap":{"docs":{"insertions":6,"deletions":0}}}]},{"date":"2021-04-11","commitResults":[{"hash":"39ee29813d0fee5ba5da5146dcadfea1eaf88220","messageTitle":"Fix flaw in display of info command","messageBody":"","fileTypesAndContributionMap":{"functional-code":{"insertions":35,"deletions":2}}},{"hash":"689778a53a0088dbd476ff8ecc01ffab743695f6","messageTitle":"Remove test variable","messageBody":"","fileTypesAndContributionMap":{"functional-code":{"insertions":0,"deletions":1}}},{"hash":"6df89c24bef22b1ab9738a2947fbd2499d95af89","messageTitle":"Add test for infoparser with wrong format","messageBody":"","fileTypesAndContributionMap":{"test-code":{"insertions":9,"deletions":0}}}]},{"date":"2021-04-12","commitResults":[{"hash":"a2e593a3635e321f81b53fe525cadbc63bba1ba0","messageTitle":"Add logging to infocommand and infocommand parser","messageBody":"","fileTypesAndContributionMap":{"functional-code":{"insertions":26,"deletions":2}}},{"hash":"5355bf95082866b5a95f81702c1f118b8202e100","messageTitle":"Add PPP","messageBody":"","fileTypesAndContributionMap":{"docs":{"insertions":48,"deletions":2}}}]}]},"authorFileTypeContributionMap":{"seaniy":{"docs":198,"functional-code":1472,"test-code":1643,"other":5},"Yihe-Harry":{"docs":204,"functional-code":712,"test-code":431},"douglaswja":{"docs":415,"functional-code":710,"test-code":146},"ssagit":{"docs":255,"functional-code":657,"test-code":359,"other":4},"BenedictBCJJ":{"docs":203,"functional-code":497,"test-code":157,"other":5}},"authorContributionVariance":{"seaniy":131007.76,"Yihe-Harry":384819.0,"douglaswja":43751.18,"ssagit":7902072.5,"BenedictBCJJ":6472.429},"authorDisplayNameMap":{"seaniy":"CS2103-W17-1 SEAN..YANG","Yihe-Harry":"CS2103-W17-1 WANG..YIHE","douglaswja":"CS2103-W17-1 DOUG..WOOD","ssagit":"CS2103-W17-1 WANG..CHEN","BenedictBCJJ":"CS2103-W17-1 CHUA..DICT"}}
