{"authorDailyContributionsMap":{"Zaiah0505":[{"date":"2021-03-15","commitResults":[{"hash":"684b18cba9117b9107ed763e8bdf210a1da6b0af","messageTitle":"merged conflicts between Fris\u0027 import statements and the migration to iScam package","messageBody":"","fileTypesAndContributionMap":{"functional-code":{"insertions":54,"deletions":538}}},{"hash":"be1231d4475145694cdfba3a4582a8b871fe72cf","messageTitle":"Fixed FXML file failing to load because of new \"location\"-id Label","messageBody":"","fileTypesAndContributionMap":{"functional-code":{"insertions":3,"deletions":3}}},{"hash":"9229704c9f0a52cc2a3a180ecb77d7371e2f7037","messageTitle":"Renamed \"iScam\" package to \"iscam\" to conform to checkstyle package naming conventions","messageBody":"","fileTypesAndContributionMap":{"functional-code":{"insertions":117,"deletions":121},"other":{"insertions":1164,"deletions":1133},"docs":{"insertions":12,"deletions":12},"test-code":{"insertions":2,"deletions":2}}},{"hash":"87842fe6c34a133bfd17d767a03fb6f06ac32acb","messageTitle":"Removed wildcard imports to conform to checkstyle requirement","messageBody":"","fileTypesAndContributionMap":{"functional-code":{"insertions":62,"deletions":27}}},{"hash":"21b7c2c7c783b4a7c7d04ddbb46a07e4b174212c","messageTitle":"Changed feedback message for when Location information is missing","messageBody":"","fileTypesAndContributionMap":{"functional-code":{"insertions":1,"deletions":1}}}]},{"date":"2021-03-23","commitResults":[{"hash":"a516ad6cbad5d259e1115f3d4873827206883030","messageTitle":"Changed name colour in details fragment to white","messageBody":"Added new entry to DarkTheme.css for the new font style\n","fileTypesAndContributionMap":{"functional-code":{"insertions":7,"deletions":1}}},{"hash":"37a435f77619098e85199f819ed90dfdde8fb929","messageTitle":"Modified Logic and Model classes to pass ObservableClient to UI","messageBody":"Model now stores an instance of ObservableClient so that the UI can display it as it is updated\n\nProgram will no longer crash when started with an empty list of clients\n","fileTypesAndContributionMap":{"functional-code":{"insertions":25,"deletions":4}}},{"hash":"778e0a1e9ee65e650faec2a366033ac5b504cfd4","messageTitle":"Added ShowCommand to update the detailedClient in Model","messageBody":"","fileTypesAndContributionMap":{"functional-code":{"insertions":68,"deletions":7}}},{"hash":"9011b378620ab0720eeb674e346fb21e97a15983","messageTitle":"Added JavaDoc comments for ShowCommand.java","messageBody":"","fileTypesAndContributionMap":{"functional-code":{"insertions":3,"deletions":1}}},{"hash":"f23eb44470b2b8e9c0c2f4b1176ed32afafa8624","messageTitle":"Added ShowCommandParser","messageBody":"","fileTypesAndContributionMap":{"functional-code":{"insertions":30,"deletions":0}}},{"hash":"d8675563a14fb6557d8fd883f46ba2f5c75a45cf","messageTitle":"Added ShowCommand to ClientBookParser","messageBody":"Program should now be able to show the specified client in the details window\n","fileTypesAndContributionMap":{"functional-code":{"insertions":16,"deletions":7}}},{"hash":"9b4915d502af5432b9d5b2749437a3a97aadf5bc","messageTitle":"Modified ModelStub in test and removed unused ObservableClient import in MainWindow","messageBody":"","fileTypesAndContributionMap":{"functional-code":{"insertions":0,"deletions":1},"test-code":{"insertions":11,"deletions":0}}}]},{"date":"2021-03-24","commitResults":[{"hash":"cec69a749daa9757e0536f24566b21b3577e6164","messageTitle":"Added tests for ShowCommand","messageBody":"","fileTypesAndContributionMap":{"functional-code":{"insertions":12,"deletions":0},"test-code":{"insertions":99,"deletions":0}}},{"hash":"79a26d19182e3434caa8e2ba27ccc6477ea73067","messageTitle":"Fixed typo in ShowCommand\u0027s MESSAGE_USAGE string","messageBody":"","fileTypesAndContributionMap":{"functional-code":{"insertions":1,"deletions":1}}}]},{"date":"2021-03-27","commitResults":[{"hash":"9f12f47c3b774779b9fc600a215be4d467b7a30b","messageTitle":"Modified Logic and Model classes to pass ObservableClient to UI","messageBody":"Model now stores an instance of ObservableClient so that the UI can display it as it is updated\n\nProgram will no longer crash when started with an empty list of clients\n","fileTypesAndContributionMap":{"functional-code":{"insertions":5,"deletions":0}}}]},{"date":"2021-03-28","commitResults":[{"hash":"c6fe5ce32fff8674784cd51542adcf44d8dc80c2","messageTitle":"Moved ShowCommandParser out of exceptions folder because it was placed there by accident","messageBody":"","fileTypesAndContributionMap":{"functional-code":{"insertions":0,"deletions":1},"other":{"insertions":3,"deletions":1}}},{"hash":"89e037d4aa05832d5ce23e1d1e33c5d2c03849c9","messageTitle":"Added placeholder image for client details","messageBody":"","fileTypesAndContributionMap":{"functional-code":{"insertions":23,"deletions":11}}},{"hash":"754fef13245081e327304359b387fd86ac928b83","messageTitle":"Added sub-window to show list of meetings associated with a client in the client details window","messageBody":"TODO: Fix issue with using the filteredMeetingList in ShowCommand.java\n","fileTypesAndContributionMap":{"functional-code":{"insertions":35,"deletions":14}}}]},{"date":"2021-03-29","commitResults":[{"hash":"3d63b17af2993eddc71a8cba4c39f1a9d0b1d274","messageTitle":"Fixed minor checkstyle errors in ClientDetailFragment, MainWindow and ShowCommandParser","messageBody":"","fileTypesAndContributionMap":{"functional-code":{"insertions":7,"deletions":7}}},{"hash":"474e3727725e60861e17333f395935e32c88e532","messageTitle":"Fixed \"addmeet\" command causing all meetings to display in ClientDetailFragment and tags not being refreshed when multiple \"show\" commands are called","messageBody":"","fileTypesAndContributionMap":{"functional-code":{"insertions":2,"deletions":3}}},{"hash":"714b0ea87167e3c9b843417ddbebccc652f83e46","messageTitle":"Created box inside ClientDetailFragment to display client\u0027s insurance plan","messageBody":"","fileTypesAndContributionMap":{"functional-code":{"insertions":22,"deletions":2}}},{"hash":"5c45878e0670ce9d94590dde5f522a03857bfdb0","messageTitle":"Fixed issue where ClientDetailFragment does not immediately update when the displayed client is updated","messageBody":"","fileTypesAndContributionMap":{"functional-code":{"insertions":7,"deletions":2}}},{"hash":"1fe6af4a1bad8b28d76e6cfce55a566ba28b713c","messageTitle":"Reformatted code to conform with checkstyle","messageBody":"","fileTypesAndContributionMap":{"functional-code":{"insertions":2,"deletions":1}}},{"hash":"86d17a4eba3b9e23c0851e5d96605844fd049baf","messageTitle":"Fixed bug where EditCommand doesn\u0027t work if there is no client displayed in the ClientDetailFragment","messageBody":"","fileTypesAndContributionMap":{"functional-code":{"insertions":1,"deletions":1}}}]},{"date":"2021-03-30","commitResults":[{"hash":"988d75a95e383bc57c9374cc9a4e056c31310528","messageTitle":"Added Image field to Client and modified AddCommand and EditCommand to interact with it in Model.","messageBody":"Requires additional edits to function in Storage and tests to be written\n","fileTypesAndContributionMap":{"functional-code":{"insertions":126,"deletions":23}}},{"hash":"3a72383e19fa636a3af09bc5de142e30d3d2648f","messageTitle":"Modified Storage to read and write Client Image field and modified test files to account for the change","messageBody":"","fileTypesAndContributionMap":{"functional-code":{"insertions":9,"deletions":4},"test-code":{"insertions":101,"deletions":30}}},{"hash":"9aad37ffff3755ff994592cac90500c514173e7d","messageTitle":"Removed TODO statement from SampleDataUtil","messageBody":"","fileTypesAndContributionMap":{"functional-code":{"insertions":0,"deletions":1}}},{"hash":"8f5f954c85be54361c1d36848891eff44b3b1350","messageTitle":"Added title underneath ImageView in ClientDetailFragment to show name of the file being displayed, or no file if not found.","messageBody":"","fileTypesAndContributionMap":{"functional-code":{"insertions":31,"deletions":9},"test-code":{"insertions":0,"deletions":1}}},{"hash":"c4b7095fcc6fc35d95e22e521ad85e661eaa9179","messageTitle":"Changed helper text for ShowCommand in ClientDetailFragment and added (image not found) label when a linked image is not found for show","messageBody":"","fileTypesAndContributionMap":{"functional-code":{"insertions":4,"deletions":4}}}]},{"date":"2021-03-31","commitResults":[{"hash":"91c48598d90161689edbc8a809df7dc617963092","messageTitle":"Added","messageBody":"","fileTypesAndContributionMap":{"functional-code":{"insertions":8,"deletions":0}}},{"hash":"1e9ebb2eb9db128109ff0dd85a6cc92b22ff1749","messageTitle":"Fixed UI issue of spacing between image and text changing in ClientDetailFragment and improved text wrapping for image name","messageBody":"","fileTypesAndContributionMap":{"functional-code":{"insertions":5,"deletions":5}}},{"hash":"8cd862a0918590d7f9d7bd789b2f72312345febd","messageTitle":"Changed alignment of client details to CENTER_LEFT instead of TOP_LEFT","messageBody":"","fileTypesAndContributionMap":{"functional-code":{"insertions":1,"deletions":1}}}]},{"date":"2021-04-01","commitResults":[{"hash":"4370d8c866373d7bfb6e85a9f9f818fb0d4f54cf","messageTitle":"Created box inside ClientDetailFragment to display client\u0027s insurance plan","messageBody":"","fileTypesAndContributionMap":{"functional-code":{"insertions":5,"deletions":1}}},{"hash":"f7f1b5e9b8f99ae19445ac5bf44e5c2805c94530","messageTitle":"Edited User Guide","messageBody":"","fileTypesAndContributionMap":{"docs":{"insertions":10,"deletions":2}}},{"hash":"9dc77ebb518f3666f85746588c1f9a8f3b86c325","messageTitle":"Updated UiClassDiagram.jpg to reflect new UI classes","messageBody":"","fileTypesAndContributionMap":{"docs":{"insertions":1,"deletions":1}}}]},{"date":"2021-04-06","commitResults":[{"hash":"0e541b8c5b4836afe89107782f4ac70bbbff8ad7","messageTitle":"Split window further to have both meeting and client detail visible at the same time","messageBody":"","fileTypesAndContributionMap":{"functional-code":{"insertions":24,"deletions":93}}},{"hash":"d603059de6f267f166731733e87973a027e77579","messageTitle":"Added column titles and set text wrap for \"show command\" instructions","messageBody":"","fileTypesAndContributionMap":{"functional-code":{"insertions":9,"deletions":5}}},{"hash":"8ce0e9fff1807b95987fd5c233699db0989e27de","messageTitle":"Removed unused imports and modified tests to conform to checkstyle","messageBody":"","fileTypesAndContributionMap":{"functional-code":{"insertions":1,"deletions":6},"test-code":{"insertions":0,"deletions":16}}},{"hash":"e29705e3ae254a09f939492c7cf7964db506d5fb","messageTitle":"Made the ClientDetailFragment remove the currently shown client if it was deleted","messageBody":"","fileTypesAndContributionMap":{"functional-code":{"insertions":67,"deletions":40}}},{"hash":"e904d4e077267a0ebc82c7b86ecee6560d6f1b5c","messageTitle":"Added attribution for default profile image in DevGuide","messageBody":"","fileTypesAndContributionMap":{"docs":{"insertions":4,"deletions":0}}}]},{"date":"2021-04-07","commitResults":[{"hash":"64e846bd3a3fabf0b08840498f212916c07343e9","messageTitle":"Added newline for EOF in DevGuide","messageBody":"","fileTypesAndContributionMap":{"docs":{"insertions":1,"deletions":1}}},{"hash":"48c1c39b8346255fe5a8feba8b4a2889e404cb05","messageTitle":"Configured both Edit and EditMeet commands to return the same output if no fields are changed","messageBody":"","fileTypesAndContributionMap":{"functional-code":{"insertions":7,"deletions":2}}},{"hash":"423429b2eeae23789fae56f00567ad18a86b2266","messageTitle":"Modified Test case to respond to an EditCommand with no changed fields specified","messageBody":"","fileTypesAndContributionMap":{"test-code":{"insertions":1,"deletions":7}}},{"hash":"eb6df9070da87d9881b294e92e16aa09194041a5","messageTitle":"Created a list to show the plans associated with a client in ClientDetailFragment","messageBody":"","fileTypesAndContributionMap":{"functional-code":{"insertions":136,"deletions":11}}}]},{"date":"2021-04-08","commitResults":[{"hash":"db039dd749db14bd300e79c72977474c9f27bf5b","messageTitle":"Changed color of bottom border of plans to red","messageBody":"","fileTypesAndContributionMap":{"functional-code":{"insertions":7,"deletions":1}}},{"hash":"85cb8e18c1588bdfd81d3083b5b02b20f35f74f4","messageTitle":"Edited imports and comments to conform to checkstyle","messageBody":"","fileTypesAndContributionMap":{"functional-code":{"insertions":83,"deletions":64}}},{"hash":"1b6888396be0cd51c12bd6e5a94aa2d39cbded6f","messageTitle":"Modified tests so that tests will at least compile","messageBody":"","fileTypesAndContributionMap":{"functional-code":{"insertions":15,"deletions":15},"test-code":{"insertions":22,"deletions":13}}},{"hash":"05c8406fd9d3e8192b73569e5d74dcec308dba12","messageTitle":"Updated tests to match new InsurancePlan structure","messageBody":"","fileTypesAndContributionMap":{"functional-code":{"insertions":7,"deletions":5},"test-code":{"insertions":22,"deletions":26}}},{"hash":"d7a074c131c0df154631e8cb2bbf99d2dd722a19","messageTitle":"Removed debugging statement and edited tests to conform to checkstyle","messageBody":"","fileTypesAndContributionMap":{"functional-code":{"insertions":2,"deletions":3},"test-code":{"insertions":1,"deletions":2}}},{"hash":"e445f4b1899c6dee0dca050409c19ec171ef4422","messageTitle":"Added labels and separator for ClientDetailFragment.fxml","messageBody":"","fileTypesAndContributionMap":{"functional-code":{"insertions":7,"deletions":3}}},{"hash":"2d4de921145628deffca5c5b9cf753481cd43dfc","messageTitle":"Added text wrapping for CommandResult display","messageBody":"","fileTypesAndContributionMap":{"functional-code":{"insertions":4,"deletions":5}}}]},{"date":"2021-04-09","commitResults":[{"hash":"3d399f0e644ca13265c602a822512b872316f343","messageTitle":"Added tests for ShowCommandParser","messageBody":"","fileTypesAndContributionMap":{"functional-code":{"insertions":3,"deletions":0},"test-code":{"insertions":32,"deletions":0}}},{"hash":"3fdad142f21c6e4321fb2af7069ea263055c7054","messageTitle":"Modifed AddMeetingCommandParser to catch completionStatus and added tests","messageBody":"","fileTypesAndContributionMap":{"functional-code":{"insertions":2,"deletions":1},"test-code":{"insertions":176,"deletions":1}}},{"hash":"4cd67bcfed74d50e4bc0edad5e0b288e06034f14","messageTitle":"Added tests for DoneMeetingCommandParser","messageBody":"","fileTypesAndContributionMap":{"functional-code":{"insertions":3,"deletions":0},"test-code":{"insertions":64,"deletions":0}}},{"hash":"0349c9c44fcf72dc637740623fb76fcc5a18013a","messageTitle":"Added tests for EditMeetingCommandParser","messageBody":"","fileTypesAndContributionMap":{"test-code":{"insertions":213,"deletions":0}}},{"hash":"c5dcf45e75dbba01f563727a8756cbfbce35ac4e","messageTitle":"Added tests for FindMeetingCommandParser","messageBody":"","fileTypesAndContributionMap":{"test-code":{"insertions":33,"deletions":0}}},{"hash":"bac9664011a9ebc0e1cf095e71027f5f7a107ec2","messageTitle":"Removed TODO from AddMeetingCommandParserTest after confirming AddMeetingCommand does not register \"/s\" status commands","messageBody":"","fileTypesAndContributionMap":{"test-code":{"insertions":7,"deletions":1}}},{"hash":"3cf799f998c2a3a6b5dc258b22f6e231a68b9176","messageTitle":"Added tests for RelocateMeetingCommandParser","messageBody":"","fileTypesAndContributionMap":{"functional-code":{"insertions":3,"deletions":0},"test-code":{"insertions":31,"deletions":0}}},{"hash":"8155adae61ecbaf9e0f1ce57cff5301d8b6d7419","messageTitle":"Added tests for RescheduleMeetingCommandParser","messageBody":"","fileTypesAndContributionMap":{"functional-code":{"insertions":3,"deletions":0},"test-code":{"insertions":42,"deletions":0}}},{"hash":"16625aaededf4baae1d4c1f443692cd4d9b2f2c9","messageTitle":"Removed unused imports in parser tests","messageBody":"","fileTypesAndContributionMap":{"test-code":{"insertions":2,"deletions":10}}}]},{"date":"2021-04-10","commitResults":[{"hash":"505056c5c2556e709abbfb0359e21bc49a5b8910","messageTitle":"Changed import orders to match checkstyle","messageBody":"","fileTypesAndContributionMap":{"functional-code":{"insertions":1,"deletions":1},"test-code":{"insertions":16,"deletions":18}}},{"hash":"d409c593d5b608b34ae3e2b56b3fdc05c1b196ee","messageTitle":"Removed separator in ClientDetailFragment when in tooltip mode and edited DeleteCommand to remove the currently shown client if it is being shown","messageBody":"","fileTypesAndContributionMap":{"functional-code":{"insertions":10,"deletions":1}}},{"hash":"bee1236bfd303ef3a2c44be076fdec1f0f54023b","messageTitle":"Changed helper text for image and information in UserGuide.md","messageBody":"","fileTypesAndContributionMap":{"functional-code":{"insertions":1,"deletions":1},"docs":{"insertions":7,"deletions":2}}},{"hash":"a742152d1359097899177bd660a03a5242710385","messageTitle":"Modified tests to handle new DeleteCOmmand changes","messageBody":"","fileTypesAndContributionMap":{"functional-code":{"insertions":17,"deletions":3},"test-code":{"insertions":4,"deletions":2}}},{"hash":"0db70239e54cd887f24ef9548c62d1a71aa10b13","messageTitle":"Fixed checkstyle errors in ObservableClient","messageBody":"","fileTypesAndContributionMap":{"functional-code":{"insertions":7,"deletions":4}}},{"hash":"fa6ed88bd419334d90688ad53df3b31462ca3f9a","messageTitle":"Added brief text documentation for client profile images","messageBody":"","fileTypesAndContributionMap":{"docs":{"insertions":8,"deletions":1}}},{"hash":"bfb34733ece3424d3442db45bdf99f77166115a4","messageTitle":"Added diagram for ShowCommand","messageBody":"","fileTypesAndContributionMap":{"docs":{"insertions":2,"deletions":0}}},{"hash":"d7a86ddfd646d7d787cd7781b4a9638757851d3b","messageTitle":"Made ClientDetailFragment refresh when clearCommand is called","messageBody":"","fileTypesAndContributionMap":{"functional-code":{"insertions":1,"deletions":0}}}]},{"date":"2021-04-11","commitResults":[{"hash":"af0a99f6b81f2f0aa664a29269370c592f075e69","messageTitle":"Added zaiah0505.md","messageBody":"","fileTypesAndContributionMap":{"docs":{"insertions":63,"deletions":0}}},{"hash":"4b893175ae6fd2b6c6c5eac6047f800f54b8edef","messageTitle":"Added newline for EOF of zaiah","messageBody":"","fileTypesAndContributionMap":{"docs":{"insertions":2,"deletions":1}}}]}],"JodyLorah":[{"date":"2021-02-21","commitResults":[{"hash":"d54b9300b1b8cb0a7d2d6a874d3b5a6a41efce52","messageTitle":"Update AboutUs","messageBody":"","fileTypesAndContributionMap":{"functional-code":{"insertions":1,"deletions":0},"docs":{"insertions":38,"deletions":31}}},{"hash":"aed8e1f62ba5c79645346fa2e2c757aab71a8ddc","messageTitle":"Update Emails in AboutUs","messageBody":"","fileTypesAndContributionMap":{"docs":{"insertions":6,"deletions":12}}}]},{"date":"2021-03-05","commitResults":[{"hash":"c2bcbc84c94fa049dc1c04863709d6193d7a6b43","messageTitle":"Edit AboutUs page","messageBody":"","fileTypesAndContributionMap":{"docs":{"insertions":1,"deletions":1}}}]},{"date":"2021-03-08","commitResults":[{"hash":"065ccca43d895b735c3d07b6d66a71e9a53050ee","messageTitle":"Change Person Object to Client","messageBody":"","fileTypesAndContributionMap":{"functional-code":{"insertions":436,"deletions":436},"other":{"insertions":54,"deletions":54},"test-code":{"insertions":23,"deletions":20}}},{"hash":"c86ad6a46175ea6679a6a0e8bc1df5ac772c0732","messageTitle":"Edit to pass test cases","messageBody":"","fileTypesAndContributionMap":{"functional-code":{"insertions":5,"deletions":5},"other":{"insertions":150,"deletions":153},"test-code":{"insertions":596,"deletions":596}}}]},{"date":"2021-03-26","commitResults":[{"hash":"54003a8a327d551f5a7136c4b3e7fae31cb3bb82","messageTitle":"Created MeetingBookStorage and JsonMeetingBookStorage","messageBody":"","fileTypesAndContributionMap":{"functional-code":{"insertions":189,"deletions":0}}}]},{"date":"2021-03-27","commitResults":[{"hash":"895eef4955ebeeadc1f32c576dc5e1a4a9db020e","messageTitle":"Added more MeetingBook functionalities","messageBody":"","fileTypesAndContributionMap":{"functional-code":{"insertions":441,"deletions":81},"test-code":{"insertions":59,"deletions":11}}}]},{"date":"2021-03-28","commitResults":[{"hash":"0739da1b703f1c7360a2e3bbd3a552f410dc6832","messageTitle":"Packaged files into packages","messageBody":"","fileTypesAndContributionMap":{"functional-code":{"insertions":51,"deletions":31},"other":{"insertions":53,"deletions":18},"test-code":{"insertions":30,"deletions":21}}},{"hash":"526f8544d6a76de6aa7e3549f64fd9b5cf467856","messageTitle":"Got meeting storage to work","messageBody":"","fileTypesAndContributionMap":{"functional-code":{"insertions":64,"deletions":32},"test-code":{"insertions":4,"deletions":2}}},{"hash":"7251b751708e0cdf31aee64e00b498039b0ff0a2","messageTitle":"Removed print statements","messageBody":"","fileTypesAndContributionMap":{"functional-code":{"insertions":4,"deletions":3}}},{"hash":"e211893aa20854fafa28df621592454607b6cf9e","messageTitle":"Fixed broken test case","messageBody":"","fileTypesAndContributionMap":{"test-code":{"insertions":1,"deletions":0}}},{"hash":"bd7c4ccf172956c4b1e9e0f7612d296cf26a37ac","messageTitle":"Added sample meeting data","messageBody":"","fileTypesAndContributionMap":{"functional-code":{"insertions":6,"deletions":6}}}]},{"date":"2021-03-29","commitResults":[{"hash":"040f146db607b867bdfa311eb9e3cbc484e8fe9f","messageTitle":"Added some meetingbook storage test cases","messageBody":"","fileTypesAndContributionMap":{"functional-code":{"insertions":6,"deletions":3},"test-code":{"insertions":241,"deletions":0}}},{"hash":"6747953b0943dab5d8f62d8afb4f0c45db50082e","messageTitle":"Added some meetingbook storage test cases","messageBody":"","fileTypesAndContributionMap":{"test-code":{"insertions":25,"deletions":4}}},{"hash":"5b9f665a40b7ef62122cda1d98791941d3376703","messageTitle":"Added ClientBook and MeetingBook to storage of DG","messageBody":"","fileTypesAndContributionMap":{"docs":{"insertions":12,"deletions":2}}},{"hash":"b7aa8afa571148757129fd3da4acfaeaab8e1490","messageTitle":"Updated UG for clientbook and meetingbook retrieval","messageBody":"","fileTypesAndContributionMap":{"docs":{"insertions":3,"deletions":1}}}]},{"date":"2021-04-04","commitResults":[{"hash":"4b1bfd88fd8790c4c84876faa624c762f785ee83","messageTitle":"Edit storage UG","messageBody":"","fileTypesAndContributionMap":{"docs":{"insertions":3,"deletions":6}}},{"hash":"fcd50f133a2bca120c95f122d9cdae44e8d977fa","messageTitle":"Package files to packages","messageBody":"","fileTypesAndContributionMap":{"functional-code":{"insertions":70,"deletions":13},"other":{"insertions":49,"deletions":51},"docs":{"insertions":6,"deletions":6},"test-code":{"insertions":29,"deletions":17}}}]},{"date":"2021-04-05","commitResults":[{"hash":"4a3b6d0da50fa1f6f64ee42b404f5ab9b5aae532","messageTitle":"Changed exit command and added storage to LogicClassDiagram","messageBody":"","fileTypesAndContributionMap":{"functional-code":{"insertions":1,"deletions":1},"docs":{"insertions":4,"deletions":0}}},{"hash":"b1a410f5f03e24cd9c7b816678554835ea3eda75","messageTitle":"Fixed issue #224 in module\u0027s repo\u0027s forum (updated StorageClassDiagram)","messageBody":"","fileTypesAndContributionMap":{"docs":{"insertions":21,"deletions":8}}},{"hash":"ae2284dee3ea0fafe1e65b92a80dca84259893f4","messageTitle":"Added newline at end of StorageClassDiagram.puml","messageBody":"","fileTypesAndContributionMap":{"docs":{"insertions":1,"deletions":1}}},{"hash":"440a2d7eb67170c16e62ce2de125d6c96b2d0c0f","messageTitle":"Add limit to client field inputs","messageBody":"","fileTypesAndContributionMap":{"functional-code":{"insertions":163,"deletions":41},"test-code":{"insertions":42,"deletions":37}}}]},{"date":"2021-04-06","commitResults":[{"hash":"60119567a90750f9724d55ac829476bcac6c2a48","messageTitle":"Add test cases for MeetingBookStorage","messageBody":"","fileTypesAndContributionMap":{"functional-code":{"insertions":1,"deletions":1},"docs":{"insertions":7,"deletions":3},"test-code":{"insertions":200,"deletions":31}}},{"hash":"12846c3a9687d23549cf3c58ac31559ad5d7523d","messageTitle":"Add newline at EOF","messageBody":"","fileTypesAndContributionMap":{"docs":{"insertions":1,"deletions":1},"test-code":{"insertions":4,"deletions":4}}},{"hash":"4eb936d1b59d1929e19cf9e4e0efe71a69ff6e14","messageTitle":"Shifted members\u0027 pictures out to check tp progress checker","messageBody":"","fileTypesAndContributionMap":{"docs":{"insertions":6,"deletions":6}}},{"hash":"657602296bdbb67e1d80de3362af7c8fe4e068b9","messageTitle":"Update images in StorageClassDiagram and LogicClassDiagram to include updated storage","messageBody":"","fileTypesAndContributionMap":{"docs":{"insertions":1,"deletions":1}}},{"hash":"b5d75d7d4acc50ddcce7c2e30c7cac5600fc565c","messageTitle":"Done PPP","messageBody":"","fileTypesAndContributionMap":{"docs":{"insertions":48,"deletions":0}}},{"hash":"2ae89230887e9e28c25e14db3a686338e1d3d104","messageTitle":"Added EOF for PPP","messageBody":"","fileTypesAndContributionMap":{"docs":{"insertions":2,"deletions":1}}},{"hash":"e2a4de10d692e4e2734ea13d6a084abde2130409","messageTitle":"Added EOF for PPP","messageBody":"","fileTypesAndContributionMap":{"docs":{"insertions":0,"deletions":1}}}]},{"date":"2021-04-08","commitResults":[{"hash":"b799b7edfb0b1f50e6eb3a49d7dfbcec9e20dd3e","messageTitle":"Changed icon","messageBody":"","fileTypesAndContributionMap":{"functional-code":{"insertions":2,"deletions":2},"test-code":{"insertions":1,"deletions":1}}},{"hash":"abdae103c47eba72da308be104dad46a84ea322a","messageTitle":"Add attribution for iScam icon to DG","messageBody":"","fileTypesAndContributionMap":{"docs":{"insertions":1,"deletions":0}}},{"hash":"b897773498a883cf6c7825190748ad85623d5342","messageTitle":"Add newline to pass CI","messageBody":"","fileTypesAndContributionMap":{"docs":{"insertions":1,"deletions":1}}},{"hash":"af2e5365cbaa537156abb92aecbde576cbf13e6f","messageTitle":"Updated UG to include limits of inputs","messageBody":"","fileTypesAndContributionMap":{"docs":{"insertions":67,"deletions":14}}},{"hash":"362d6ce3ecd378c4f4f08316788a96633639b9f1","messageTitle":"updated ppp for test coverage","messageBody":"","fileTypesAndContributionMap":{"docs":{"insertions":1,"deletions":1}}},{"hash":"8668fc7359530711deff52394102f006c993d1ef","messageTitle":"corrected spelling mistake","messageBody":"","fileTypesAndContributionMap":{"docs":{"insertions":1,"deletions":1}}},{"hash":"c9695b269912fdcabc42f32d8431de50342308fb","messageTitle":"Added copyright details of pictures used for iScam_icon.png and person_icon.png","messageBody":"","fileTypesAndContributionMap":{"other":{"insertions":1,"deletions":1}}},{"hash":"91479d5b323a81d068c5e86d9050bbc23cafc629","messageTitle":"Updated PPP and UG","messageBody":"","fileTypesAndContributionMap":{"docs":{"insertions":13,"deletions":3}}}]},{"date":"2021-04-11","commitResults":[{"hash":"7ed4c90996f98f1305fb3c395c1d09d42c93c6ca","messageTitle":"Remove traces of addressbook in tests","messageBody":"","fileTypesAndContributionMap":{"functional-code":{"insertions":2,"deletions":1},"docs":{"insertions":6,"deletions":6},"test-code":{"insertions":22,"deletions":16}}},{"hash":"a3bea70b86e39276a829ab3990c186cbeffcba1b","messageTitle":"Deconflict with master","messageBody":"","fileTypesAndContributionMap":{"docs":{"insertions":0,"deletions":7}}},{"hash":"b7e2b3df0764a6f19380d6b71ffe81c1da193559","messageTitle":"PPP amendment","messageBody":"","fileTypesAndContributionMap":{"docs":{"insertions":1,"deletions":1}}},{"hash":"13e3414ce0611e47b3badf061728a52612b5a439","messageTitle":"PPP amendment","messageBody":"","fileTypesAndContributionMap":{"docs":{"insertions":2,"deletions":0}}},{"hash":"5c74b56c5ed888c94e6f3ff1860bcdf93c84f849","messageTitle":"PPP amendment","messageBody":"","fileTypesAndContributionMap":{"docs":{"insertions":1,"deletions":3}}},{"hash":"a3c75fe05050c41ebbac4895dfc61f988760fb8f","messageTitle":"Updated manual test cases in DG","messageBody":"","fileTypesAndContributionMap":{"docs":{"insertions":9,"deletions":7}}},{"hash":"a237c4101d311d98b0de084dee7d01130bdcb1fe","messageTitle":"Removed Launch and Shutdown","messageBody":"","fileTypesAndContributionMap":{"docs":{"insertions":0,"deletions":2}}},{"hash":"6609cf2fcd41e130ae51229e257c1690fdd06bee","messageTitle":"Amended PPP","messageBody":"","fileTypesAndContributionMap":{"docs":{"insertions":6,"deletions":1}}},{"hash":"efdfee46e651cdc73902da6c74d0eb842cb87093","messageTitle":"Amended UG","messageBody":"","fileTypesAndContributionMap":{"docs":{"insertions":1,"deletions":1}}}]}],"zoeykobe":[{"date":"2021-02-22","commitResults":[{"hash":"9d3f72ee543c49633dd9440dfd7c63768d016463","messageTitle":"Update UserGuide.md","messageBody":"Update UserGuide by replacing all \"contact\" and \"person\" to \"client\", and all \"the address book\" and \"AddressBook\" to \"iScam\"\n","fileTypesAndContributionMap":{"docs":{"insertions":35,"deletions":35}}}]},{"date":"2021-03-14","commitResults":[{"hash":"c782279587fcf66a0c47ec5f542670ba0b262ff7","messageTitle":"Rename Classes","messageBody":"Change Address to Location, AddressBook to ClientBook\n","fileTypesAndContributionMap":{"functional-code":{"insertions":158,"deletions":157},"other":{"insertions":1061,"deletions":1084},"docs":{"insertions":56,"deletions":56},"test-code":{"insertions":73,"deletions":73}}},{"hash":"bb2432d824d715035c4c6b627cebdb148c3e16da","messageTitle":"Bug Fix","messageBody":"Change all occurances of Address to Location\n","fileTypesAndContributionMap":{"functional-code":{"insertions":31,"deletions":31},"test-code":{"insertions":10,"deletions":10}}},{"hash":"5cf15d26a7b8034ef0191fc12176388de16d5cb9","messageTitle":"Update Client.java","messageBody":"Remove trailing whitespace\n","fileTypesAndContributionMap":{"functional-code":{"insertions":0,"deletions":1}}},{"hash":"b8f86ed8cdd58fb649d0db8523316fcc929ae0d9","messageTitle":"Update MainApp.java","messageBody":"Replaced import * with individual imports\n","fileTypesAndContributionMap":{"functional-code":{"insertions":10,"deletions":2}}},{"hash":"6da46c21342ef45bb1bfd7ecb19c0eb3a5d20dbe","messageTitle":"Follow Checkstyle","messageBody":"Follow checkstyle\n","fileTypesAndContributionMap":{"functional-code":{"insertions":24,"deletions":11}}},{"hash":"f27b667cb2585c1f5c3d58df74b1a114fe624dc4","messageTitle":"Change Address Occurrences","messageBody":"Changed more occurrences of Address\n","fileTypesAndContributionMap":{"functional-code":{"insertions":87,"deletions":87},"other":{"insertions":12,"deletions":12},"test-code":{"insertions":158,"deletions":158}}},{"hash":"8cec1885e5f162c0b341924e80ff4d973e1267f8","messageTitle":"Checkstyle","messageBody":"Changed imports\n","fileTypesAndContributionMap":{"functional-code":{"insertions":8,"deletions":8}}},{"hash":"832271d5999518a6a94c9b20ae967084529c0aa9","messageTitle":"More checkstyle","messageBody":"Follow checkstyle even more\n","fileTypesAndContributionMap":{"test-code":{"insertions":60,"deletions":57}}},{"hash":"2e2e96b08252dc9c20296e7c59ee021c3b364257","messageTitle":"More checkstyle again","messageBody":"Change imports again\n","fileTypesAndContributionMap":{"test-code":{"insertions":7,"deletions":7}}},{"hash":"1a9a76178aa42bafd1a3f8a1f229b9b226cfec60","messageTitle":"Update JsonSerializableClientBookTest.java","messageBody":"Fix error\n","fileTypesAndContributionMap":{"test-code":{"insertions":3,"deletions":3}}},{"hash":"cee02154efdf726657f33fed688f375d25224128","messageTitle":"More Bug Fixes","messageBody":"Please work\n","fileTypesAndContributionMap":{"functional-code":{"insertions":34,"deletions":34},"other":{"insertions":0,"deletions":0},"test-code":{"insertions":1,"deletions":1}}},{"hash":"c2452e234685b5d7d16e3a96854fd190de03bcba","messageTitle":"Change json files","messageBody":"change json files\n","fileTypesAndContributionMap":{"other":{"insertions":3,"deletions":3},"test-code":{"insertions":34,"deletions":34}}},{"hash":"bd364b0b1a0b8152e0a7c709f35bd43e31aadcec","messageTitle":"Stage the unstaged files","messageBody":"","fileTypesAndContributionMap":{"functional-code":{"insertions":484,"deletions":0}}},{"hash":"66c885aa7177075b3dc42f426355a738d90fc470","messageTitle":"Bin items","messageBody":"Add bin items that I have no idea why they exist\n","fileTypesAndContributionMap":{"other":{"insertions":556,"deletions":0}}}]},{"date":"2021-03-26","commitResults":[{"hash":"2bf7505596afbf32af53199bbf1abbb0b77a7186","messageTitle":"Update to master","messageBody":"Update to master\n","fileTypesAndContributionMap":{"other":{"insertions":112,"deletions":116}}},{"hash":"d2ffa097d605701301f3359c57577776006aa747","messageTitle":"Add Meeting Files","messageBody":"Create MeetingCard.java, MeetingListPanel.java, MeetingListCard.fxml and MeetingListPanel.fxml based off their Client counterparts\n","fileTypesAndContributionMap":{"functional-code":{"insertions":168,"deletions":0}}},{"hash":"3329837c8b3baa2199694566f24ab516c600e6c4","messageTitle":"Update Logic","messageBody":"Implement getFilteredMeetingList() in Logic\n","fileTypesAndContributionMap":{"functional-code":{"insertions":22,"deletions":1}}},{"hash":"54bbeb1f9a19fe20d6a52ccd439f7abc4a30f1b3","messageTitle":"Working Meeting List UI","messageBody":"Update list command to set client mode\nUpdate ListMeetingsCommand to set meeting mode\nAdd ObservableBoolean isClientMode to Logic and Model\nImplement ObseravleBoolean to MainWindow\nEdit MeetingCard and MeetingListCard to have proper variables\n","fileTypesAndContributionMap":{"functional-code":{"insertions":87,"deletions":12}}},{"hash":"7ac7900c922ffadc859411b6214224ef08c36016","messageTitle":"Checkstyle","messageBody":"Modify code to pass checkstyle for\n-Logic.java\n-LogicManager.java\n-Model.java\n-ModelManager.java\n-ClientCard.java\n-MainWindow.java\n-MeetingCard.java\n-MeetingListPanel.java\n-MeetingListPanel.java\n-AddCommandTest.java\n","fileTypesAndContributionMap":{"functional-code":{"insertions":19,"deletions":24},"other":{"insertions":0,"deletions":0},"test-code":{"insertions":16,"deletions":0}}},{"hash":"987c12984a623f837d4d387d8f766f8176cf009d","messageTitle":"Update guides","messageBody":"Update user and developer guide\n","fileTypesAndContributionMap":{"docs":{"insertions":47,"deletions":41}}},{"hash":"33e961f7503eea731d300d7fbea5902c14208a77","messageTitle":"Update DeveloperGuide.md","messageBody":"Remove trailing whitespaces\n","fileTypesAndContributionMap":{"docs":{"insertions":29,"deletions":29}}},{"hash":"3d8c500df40e312240da2acb4c2c5bb192e2c223","messageTitle":"CI Test 1","messageBody":"Update DG to remove whitespace from line 300\nChange MeetingListCard to MeetingCard\n","fileTypesAndContributionMap":{"functional-code":{"insertions":2,"deletions":2},"other":{"insertions":0,"deletions":0},"docs":{"insertions":1,"deletions":1}}}]},{"date":"2021-03-27","commitResults":[{"hash":"8ecc387cd554aedeac93713dba25feaa43db9b0c","messageTitle":"Update Logic","messageBody":"Implement getFilteredMeetingList() in Logic\n","fileTypesAndContributionMap":{"functional-code":{"insertions":10,"deletions":0}}},{"hash":"c175f6e69cfe8b2311308ca71d5cc445c3d021fc","messageTitle":"Working Meeting List UI","messageBody":"Update list command to set client mode\nUpdate ListMeetingsCommand to set meeting mode\nAdd ObservableBoolean isClientMode to Logic and Model\nImplement ObseravleBoolean to MainWindow\nEdit MeetingCard and MeetingListCard to have proper variables\n","fileTypesAndContributionMap":{"functional-code":{"insertions":15,"deletions":0}}},{"hash":"59d5b3156624ddc449e1b7bdba947a836dfc05e0","messageTitle":"Checkstyle","messageBody":"Modify code to pass checkstyle for\n-Logic.java\n-LogicManager.java\n-Model.java\n-ModelManager.java\n-ClientCard.java\n-MainWindow.java\n-MeetingCard.java\n-MeetingListPanel.java\n-MeetingListPanel.java\n-AddCommandTest.java\n","fileTypesAndContributionMap":{"functional-code":{"insertions":3,"deletions":3}}},{"hash":"1abfa50e6e6beb0d6fde3aa22ea64d55a9c5da59","messageTitle":"UI Improvements","messageBody":"Improve UI design of meeting list\n","fileTypesAndContributionMap":{"functional-code":{"insertions":44,"deletions":60}}},{"hash":"c8e60e15dc17f7b412debe7f83516c1f166bc44d","messageTitle":"Remove Whitespace","messageBody":"Remove whitespace in Logic, Model and DG\n","fileTypesAndContributionMap":{"functional-code":{"insertions":3,"deletions":4},"docs":{"insertions":19,"deletions":19}}},{"hash":"27484feb44a28d2dc97b332e97fad85d9ad508aa","messageTitle":"Fix Duplicate Imports","messageBody":"Remove duplicated imports and extra separation in Test files\n","fileTypesAndContributionMap":{"test-code":{"insertions":0,"deletions":9}}},{"hash":"b84900ea05142ff513bbf9238ac85c476dc90d28","messageTitle":"Separate Import statement","messageBody":"Separate import statement in test files to pass CI test\n","fileTypesAndContributionMap":{"test-code":{"insertions":3,"deletions":0}}},{"hash":"9d14a5ef1635b3bab1f69bdc37dc19c1a011e65f","messageTitle":"Update Model.java","messageBody":"Update model.java to fix error\n","fileTypesAndContributionMap":{"functional-code":{"insertions":0,"deletions":5}}}]},{"date":"2021-03-30","commitResults":[{"hash":"b03c4e4bf5b41dc8b4011f303f02ee3e33d2fbd6","messageTitle":"User Guide and Meeting Card improvements","messageBody":"-Remove seconds in Meeting Card DateTime\n-Add Completed/Not Completed to Meeting Card\n-Update UserGuide\n","fileTypesAndContributionMap":{"functional-code":{"insertions":11,"deletions":2},"docs":{"insertions":4,"deletions":2}}}]},{"date":"2021-04-06","commitResults":[{"hash":"854f1839a8f7668f01a61f1f2d2947c89d13628e","messageTitle":"UI Fixes","messageBody":"Increase ResultDisplay size and set wrap text to cards\n","fileTypesAndContributionMap":{"functional-code":{"insertions":7,"deletions":1}}},{"hash":"ccc7d3f230c81e617d5e4d521af6b0e30f902027","messageTitle":"Update UserGuide.md","messageBody":"Fix grammar errors, change phone number example in line 78 to start with 8, add in note that image should not be corrupted\n","fileTypesAndContributionMap":{"docs":{"insertions":7,"deletions":8}}},{"hash":"87e049fd5b4594b67d41a3f2afd7537f31126ee0","messageTitle":"Update to master","messageBody":"Update to master\n","fileTypesAndContributionMap":{"other":{"insertions":2,"deletions":2}}},{"hash":"dd849fd9c3b51c8adc9e96b2c0e12925a7fc1b0d","messageTitle":"Checkstyle","messageBody":"-Remove whitespace in userguide\n-Add new line at EOF for ClientListCard.fxml and MainWindow.fxml\n","fileTypesAndContributionMap":{"other":{"insertions":2,"deletions":2},"docs":{"insertions":26,"deletions":26}}}]},{"date":"2021-04-08","commitResults":[{"hash":"83aace5a2c438631d0332eabf9ab2dc7d6be5457","messageTitle":"Improve UI","messageBody":"Add Insurance Plan to Client Card\nWrapped text for all the text\n","fileTypesAndContributionMap":{"functional-code":{"insertions":15,"deletions":2}}}]},{"date":"2021-04-09","commitResults":[{"hash":"2bdbf0139e5c1d002ad8d0369d71c617f637b889","messageTitle":"PPP and Remove \"...\"","messageBody":"Add PPP into docs/team\nRemove traces of \"...\" in erorr messages\n","fileTypesAndContributionMap":{"functional-code":{"insertions":4,"deletions":4},"docs":{"insertions":44,"deletions":0}}}]},{"date":"2021-04-10","commitResults":[{"hash":"53f0ff384e65e0ad33e7d5e00a717e98e01976fa","messageTitle":"About Us page","messageBody":"Update About Us page to fix emails and portfolios\n","fileTypesAndContributionMap":{"docs":{"insertions":7,"deletions":7}}},{"hash":"b42e28f41ef6c9f1c9e1403fd4ec9b57acb1ea9b","messageTitle":"Update MeetingCard.java","messageBody":"Wrap text date for the meeting card\n","fileTypesAndContributionMap":{"functional-code":{"insertions":1,"deletions":0}}},{"hash":"0f616e588a1b2e8623874644055a5b28b6cbcf44","messageTitle":"Update DeveloperGuide.md","messageBody":"Add effort section\n","fileTypesAndContributionMap":{"docs":{"insertions":15,"deletions":0}}}]}],"Tomashiwa":[{"date":"2021-02-22","commitResults":[{"hash":"12dfd12b871d43c516d741cfa84a70c062bcf3fb","messageTitle":"Update Use Cases, NFR and Glossary","messageBody":"","fileTypesAndContributionMap":{"docs":{"insertions":196,"deletions":12}}},{"hash":"eeb46b41ce5c3e07e144f4de69db48a4fb2ec2de","messageTitle":"Add a new entry under NFR","messageBody":"","fileTypesAndContributionMap":{"docs":{"insertions":1,"deletions":0}}},{"hash":"26e808cfbfa3bb47bb0c4fb0bd127dfc35f53bfc","messageTitle":"Correct typo for NFR","messageBody":"","fileTypesAndContributionMap":{"docs":{"insertions":2,"deletions":1}}},{"hash":"5271e621dedb8cc75bfe7001e6e105638063393e","messageTitle":"Correct numbering for NFR","messageBody":"","fileTypesAndContributionMap":{"docs":{"insertions":2,"deletions":2}}},{"hash":"be76f3a6994a66beb7e09e636846dc3a22b3c8ce","messageTitle":"Change AddressBook to iScam","messageBody":"","fileTypesAndContributionMap":{"docs":{"insertions":37,"deletions":37}}}]},{"date":"2021-03-08","commitResults":[{"hash":"d03940bdf9ffabd0ea91fb9942af98916bfa1007","messageTitle":"Add Meeting and Description class","messageBody":"","fileTypesAndContributionMap":{"functional-code":{"insertions":153,"deletions":0}}}]},{"date":"2021-03-09","commitResults":[{"hash":"f77d279cb52f0229fcbc53cc4811f3d4cf87f2d9","messageTitle":"Correct checkstyling for Meeting and Description","messageBody":"","fileTypesAndContributionMap":{"functional-code":{"insertions":55,"deletions":13}}},{"hash":"ddc99be0d6c20d6ed4ea466d9076d745d97c3451","messageTitle":"Rename PersonListCard to ClientListCard","messageBody":"","fileTypesAndContributionMap":{"other":{"insertions":0,"deletions":0}}},{"hash":"d922b019cc694df67c5cb85c00048cf7ea6020ea","messageTitle":"Add placeholder validation for Description","messageBody":"","fileTypesAndContributionMap":{"functional-code":{"insertions":6,"deletions":2}}},{"hash":"79ddcfd5411bb5422ae57bece1a79ced1650fbc0","messageTitle":"Add exceptions classes for Meeting","messageBody":"","fileTypesAndContributionMap":{"functional-code":{"insertions":14,"deletions":0}}},{"hash":"8c0c76a886893576dcb77f1e1c25ed432693adf3","messageTitle":"Rename JsonAdaptedPerson to JsonAdaptedClient","messageBody":"","fileTypesAndContributionMap":{"other":{"insertions":0,"deletions":0}}},{"hash":"987337f92c398bb1174cabcf7db6e717ca92ea41","messageTitle":"Add placeholder for AddMeetingCommand and its parser","messageBody":"","fileTypesAndContributionMap":{"functional-code":{"insertions":106,"deletions":1}}},{"hash":"bd483c15c085f27d4d20164c2940a602003be379","messageTitle":"Add placeholder for DeleteMeetingCommand and its parser","messageBody":"","fileTypesAndContributionMap":{"functional-code":{"insertions":65,"deletions":0}}},{"hash":"d6ba6475b9d9eb18748a0a55125b6d2bdc2084a2","messageTitle":"Correct checkstyling for AddMeetingCommand, DeleteMeetingCommand and its parsers","messageBody":"","fileTypesAndContributionMap":{"functional-code":{"insertions":41,"deletions":18}}},{"hash":"9498c80e75c0341943e4117e143c8a69863ea16c","messageTitle":"Add EditMeetingCommand and its parser","messageBody":"","fileTypesAndContributionMap":{"functional-code":{"insertions":231,"deletions":0}}},{"hash":"64f37106dba4011c80e2537b0329db93fd6e68d8","messageTitle":"Correct checkstyling for placeholder EditMeetingCommand and its parser","messageBody":"","fileTypesAndContributionMap":{"functional-code":{"insertions":61,"deletions":19}}}]},{"date":"2021-03-10","commitResults":[{"hash":"b8e90f71bacead39889b90bf5dc003b1962aa8d1","messageTitle":"Update README.md CI Status","messageBody":"","fileTypesAndContributionMap":{"docs":{"insertions":1,"deletions":1}}}]},{"date":"2021-03-21","commitResults":[{"hash":"a1f7a47ee1f7d9c0307f8c5b45bf61f81ff8f2e6","messageTitle":"Replace Client with ClientName in Meeting and its related classes","messageBody":"","fileTypesAndContributionMap":{"functional-code":{"insertions":31,"deletions":52}}},{"hash":"c870ea5a1dac1bdf4faeee896b3274ca4f387fb6","messageTitle":"Add Meeting to Model class diagram","messageBody":"","fileTypesAndContributionMap":{"functional-code":{"insertions":1,"deletions":0},"docs":{"insertions":37,"deletions":19}}},{"hash":"9cb9bfcf309868903dc7c71f2dc0e76cb6c47b63","messageTitle":"Added meeting methods in ModelManager and its related classes","messageBody":"","fileTypesAndContributionMap":{"functional-code":{"insertions":132,"deletions":2},"test-code":{"insertions":36,"deletions":0}}},{"hash":"97681ddeb656b8c3351c8565a1d7745327bd8cb6","messageTitle":"Add saving and removing of Meeting in Add and Delete command","messageBody":"Note. Placeholder fields in parsers (Datetime, Description) needs to be implemented\n","fileTypesAndContributionMap":{"functional-code":{"insertions":30,"deletions":10}}},{"hash":"92febd4717b66564559fd1ea637d4cfaca7a57ef","messageTitle":"Add DateTime attribute class","messageBody":"","fileTypesAndContributionMap":{"functional-code":{"insertions":53,"deletions":0}}},{"hash":"2ef1b3fea8a4312885495746a3e85f624e316c6c","messageTitle":"Add parsing of DateTime and Description, Remove placeholder attributes when parsing Meeting","messageBody":"","fileTypesAndContributionMap":{"functional-code":{"insertions":42,"deletions":17}}},{"hash":"7a6d684e2873e3a6dbcad23a401c604eb49b74e9","messageTitle":"Correct usage message for AddMeetingCommand","messageBody":"","fileTypesAndContributionMap":{"functional-code":{"insertions":1,"deletions":1}}},{"hash":"b7263c7ca86502674d89b7c64cad2d7f5ad13448","messageTitle":"Update DateTime in Model UML","messageBody":"","fileTypesAndContributionMap":{"docs":{"insertions":2,"deletions":2}}},{"hash":"39c97f0065bd02803bbb732d8da9b34e1193a293","messageTitle":"Implement execution of EditMeetingCommand","messageBody":"","fileTypesAndContributionMap":{"functional-code":{"insertions":21,"deletions":5}}},{"hash":"51be8ff3c274636e523ce1c3cde1c7b587eefa43","messageTitle":"Correct checkstyle for Meeting commands and relevant classes","messageBody":"","fileTypesAndContributionMap":{"functional-code":{"insertions":37,"deletions":29},"test-code":{"insertions":3,"deletions":1}}},{"hash":"46b75907c4c05b24a019d6e29e8d93d0ef429202","messageTitle":"Add and implement ListMeetingsCommand","messageBody":"","fileTypesAndContributionMap":{"functional-code":{"insertions":42,"deletions":3}}},{"hash":"0e5115591c2268aad66a1aeaa21108a16e2b43b0","messageTitle":"Add containsIgnoreCase in StringUtil","messageBody":"","fileTypesAndContributionMap":{"functional-code":{"insertions":14,"deletions":0}}},{"hash":"20ed8f6978b05fb42f99b7bdbbc2f423599d6249","messageTitle":"Add and implement FindMeetingsCommand and relevant classes / Correct ListMeetingsCommand function names","messageBody":"","fileTypesAndContributionMap":{"functional-code":{"insertions":108,"deletions":2}}},{"hash":"c374eb3eda74494c901b2c09db3d1214fc365c2c","messageTitle":"Correct checkstyle for ListMeetings and FindMeetings / Add class description for previous classes","messageBody":"","fileTypesAndContributionMap":{"functional-code":{"insertions":75,"deletions":36},"other":{"insertions":14,"deletions":4}}}]},{"date":"2021-03-22","commitResults":[{"hash":"8c041dace2165436a00895dd0be771e2cfaeb675","messageTitle":"Add editing of completion status for EditMeeting command","messageBody":"","fileTypesAndContributionMap":{"functional-code":{"insertions":55,"deletions":17}}},{"hash":"835b234bae7ab039a82aa13ea5810a71382f8bd5","messageTitle":"Add and implement DoneMeetingCommand","messageBody":"","fileTypesAndContributionMap":{"functional-code":{"insertions":57,"deletions":0}}},{"hash":"55cadc23b64f2346a30bf13b7fbbb206ee282d91","messageTitle":"Correct checkstyle for EditMeetingCommand and DoneMeetingCommand","messageBody":"","fileTypesAndContributionMap":{"functional-code":{"insertions":35,"deletions":13}}},{"hash":"2cbde62d29e69eab83554a2d71d6b093c5e1f43e","messageTitle":"Add and implement RescheduleMeetingCommand","messageBody":"","fileTypesAndContributionMap":{"functional-code":{"insertions":100,"deletions":2}}},{"hash":"3dbf65a69acd57922ea9faaee334f8294da5ae77","messageTitle":"Add and implement RelocateMeetingCommand and related classes / Change a/ to l/ for PREFIX_LOCATION","messageBody":"","fileTypesAndContributionMap":{"functional-code":{"insertions":105,"deletions":3}}},{"hash":"0d18f21283ce9d5e9c39a24577e9b5d3b23b06d6","messageTitle":"Remove dependency on EditMeetingCommand to execute other commands","messageBody":"","fileTypesAndContributionMap":{"functional-code":{"insertions":50,"deletions":8}}},{"hash":"04ab88c689dba5c2a7f2c37371bd966468f1c1b9","messageTitle":"Correct checkstyle for DoneMeeting, RelocateMeeting and RescheduleMeeting commands","messageBody":"","fileTypesAndContributionMap":{"functional-code":{"insertions":42,"deletions":18}}}]},{"date":"2021-03-24","commitResults":[{"hash":"d54de162babcf2d69f21858824954b490c4d6ee8","messageTitle":"Extract Meetings from ClientBook to MeetingBook, Update Model and Tests for MeetingBook","messageBody":"","fileTypesAndContributionMap":{"functional-code":{"insertions":165,"deletions":80},"test-code":{"insertions":210,"deletions":30}}},{"hash":"1a85cb7e55cc516351aa478a1a8cc63f4c73c6ed","messageTitle":"Correct checkstyling for MeetingBook and its related classes","messageBody":"","fileTypesAndContributionMap":{"functional-code":{"insertions":60,"deletions":30},"test-code":{"insertions":47,"deletions":8}}},{"hash":"d3728932deb80e1924672c8a9105370d7ca53f02","messageTitle":"Correct command messages","messageBody":"","fileTypesAndContributionMap":{"functional-code":{"insertions":3,"deletions":7}}}]},{"date":"2021-03-25","commitResults":[{"hash":"80f58975db753552b3087e83f21d6da4f0bf28d1","messageTitle":"Add auto-sort by date-time for meetings","messageBody":"","fileTypesAndContributionMap":{"functional-code":{"insertions":16,"deletions":0}}},{"hash":"c919f31db89133cdcbc137949ce9d92155bb259e","messageTitle":"Extract ClientBook and MeetingBook from Model\u0027s UML","messageBody":"","fileTypesAndContributionMap":{"docs":{"insertions":88,"deletions":38}}}]},{"date":"2021-03-26","commitResults":[{"hash":"336287bad97fc4542a63c61abdabe3edcac13455","messageTitle":"Rearrange layout for Model class diagram","messageBody":"","fileTypesAndContributionMap":{"docs":{"insertions":12,"deletions":13}}},{"hash":"9d2206722391cab2b4851d05b9236be027198ff8","messageTitle":"Expands Model class diagram","messageBody":"","fileTypesAndContributionMap":{"docs":{"insertions":55,"deletions":16}}},{"hash":"8c7a4548672f87240a1148a8d2d5410ab1e77bd4","messageTitle":"Create commons package in model, Shift Name, Location, and Tag to commons page","messageBody":"","fileTypesAndContributionMap":{"functional-code":{"insertions":37,"deletions":35},"other":{"insertions":5,"deletions":4},"test-code":{"insertions":30,"deletions":26}}},{"hash":"a91cd99383ba523f7cc6dfd4188b09ab0a74947b","messageTitle":"Update import statements to reflect the introduction of commons package","messageBody":"","fileTypesAndContributionMap":{"functional-code":{"insertions":4,"deletions":4},"test-code":{"insertions":10,"deletions":7}}},{"hash":"bc6ed9b50a0f558713cfc7d0ce9dc622bdc97889","messageTitle":"Update Model component in Developer guide","messageBody":"","fileTypesAndContributionMap":{"docs":{"insertions":11,"deletions":6}}}]},{"date":"2021-03-27","commitResults":[{"hash":"5370a2783c35448d7a317faff56c82b56519a696","messageTitle":"Update use cases for meeting in DG","messageBody":"","fileTypesAndContributionMap":{"docs":{"insertions":127,"deletions":49}}},{"hash":"874f7b4112ad1cf99a3efe1c6c34406a52ee5fa5","messageTitle":"Create commons package in model, Shift Name, Location, and Tag to commons page","messageBody":"","fileTypesAndContributionMap":{"test-code":{"insertions":3,"deletions":0}}},{"hash":"08a498aef74b9a286c10f3056882b10b093820dc","messageTitle":"Update import statements to reflect the introduction of commons package","messageBody":"","fileTypesAndContributionMap":{"test-code":{"insertions":3,"deletions":0}}}]},{"date":"2021-03-28","commitResults":[{"hash":"268ba32e31ad7ec7d00e2b863a81d1fb80367429","messageTitle":"Add BookParser interface / Implement ClientBookParser and MeetingBookParser in LogicManager","messageBody":"","fileTypesAndContributionMap":{"functional-code":{"insertions":87,"deletions":84},"test-code":{"insertions":2,"deletions":1}}},{"hash":"8df2d229fc2e7a58d46a522b2b92eea09a1fbf8d","messageTitle":"Correct checkstyle for the change in parsers","messageBody":"","fileTypesAndContributionMap":{"functional-code":{"insertions":9,"deletions":18},"test-code":{"insertions":2,"deletions":2}}}]},{"date":"2021-03-29","commitResults":[{"hash":"2bfdbb4b4b31a79de037342824e613b642eee4c2","messageTitle":"Enable assertions and update title in window","messageBody":"","fileTypesAndContributionMap":{"functional-code":{"insertions":2,"deletions":2},"other":{"insertions":5,"deletions":1}}}]},{"date":"2021-03-31","commitResults":[{"hash":"54bdb52791c5e8975c3fceffb4698c21f6903110","messageTitle":"Update UG with meeting commands","messageBody":"","fileTypesAndContributionMap":{"docs":{"insertions":115,"deletions":8}}},{"hash":"690c4d0d84b9ce28b32c146c10f32fd53f26bbc0","messageTitle":"Correct editMeet section in UserGuide","messageBody":"","fileTypesAndContributionMap":{"docs":{"insertions":6,"deletions":6}}},{"hash":"6c92161ec76f63e6911dce0a392d248e454aa91c","messageTitle":"Update ClearCommand to clear meetings","messageBody":"","fileTypesAndContributionMap":{"functional-code":{"insertions":2,"deletions":0}}},{"hash":"0bdd2cdace4b5c24e8308e064a8cc0fb7f7e9a7d","messageTitle":"Correct ClearCommandTest","messageBody":"","fileTypesAndContributionMap":{"test-code":{"insertions":2,"deletions":0}}},{"hash":"c4190cf892b3bdd3012757935464fbf91c5562ab","messageTitle":"Remove all traces of AddressBook from index.md","messageBody":"","fileTypesAndContributionMap":{"docs":{"insertions":6,"deletions":6}}},{"hash":"cc5d979453d91fcab678f7a5a97714a94b4a4698","messageTitle":"Correct built .jar\u0027s name and link in help window","messageBody":"","fileTypesAndContributionMap":{"functional-code":{"insertions":1,"deletions":1},"other":{"insertions":1,"deletions":1}}},{"hash":"7352849059d2b62ef3d952f6699dd6c649f87b9e","messageTitle":"Replace UI image in index page with actual screenshot","messageBody":"","fileTypesAndContributionMap":{"docs":{"insertions":1,"deletions":1}}}]},{"date":"2021-04-01","commitResults":[{"hash":"f037d049090263d7de134ce0728cd9d45ffed486","messageTitle":"Fix saving of meeting\u0027s isDone field","messageBody":"","fileTypesAndContributionMap":{"functional-code":{"insertions":4,"deletions":2}}},{"hash":"ef4b28ca466c640138a19dd630e79fb8e3702bc9","messageTitle":"Add Image into Client package of Model\u0027s UML diagram","messageBody":"","fileTypesAndContributionMap":{"docs":{"insertions":2,"deletions":0}}},{"hash":"60b38c175c5a4fb7f5af2642790a173455123659","messageTitle":"Finalise 1.3 version number","messageBody":"","fileTypesAndContributionMap":{"functional-code":{"insertions":1,"deletions":1}}}]},{"date":"2021-04-03","commitResults":[{"hash":"892ff221a77083d19416a4a82325c213b4417621","messageTitle":"Remove MeetingList","messageBody":"The class is no longer used\n","fileTypesAndContributionMap":{"functional-code":{"insertions":0,"deletions":122}}},{"hash":"74a976d85df7181cd91f06a7f9dd22d8f7d24f0c","messageTitle":"Add MeetingTest and Correct Meeting\u0027s equals","messageBody":"","fileTypesAndContributionMap":{"functional-code":{"insertions":3,"deletions":26},"test-code":{"insertions":67,"deletions":0}}},{"hash":"ffed73a3e9dd52e3b24f994ea7c96584c4e660ac","messageTitle":"Add DateTimeTest and correct isValidDateTimeStr in DateTime","messageBody":"","fileTypesAndContributionMap":{"functional-code":{"insertions":3,"deletions":5},"test-code":{"insertions":61,"deletions":0}}},{"hash":"bb51c00d011dbc1e9d1e680005ee929f6ca3ecb3","messageTitle":"Add DescriptionTest","messageBody":"","fileTypesAndContributionMap":{"test-code":{"insertions":47,"deletions":0}}}]},{"date":"2021-04-04","commitResults":[{"hash":"18403b24af02457241d4bfd5bd5bef26a2867312","messageTitle":"Add spacing to correct feedback message for EditMeeting","messageBody":"","fileTypesAndContributionMap":{"functional-code":{"insertions":1,"deletions":1}}},{"hash":"f4b2aa241d3c0b5da96dba7dcb3aca80339d10ae","messageTitle":"Correct UG to indicate findmeet\u0027s AND search","messageBody":"","fileTypesAndContributionMap":{"docs":{"insertions":2,"deletions":2}}},{"hash":"4a4f99b4ef38e8c42316fb3a7e762e89f7b300a7","messageTitle":"Correct the loading of models to ignore date-time range check","messageBody":"","fileTypesAndContributionMap":{"functional-code":{"insertions":25,"deletions":17}}},{"hash":"59a737703526921be7a8161dece78e1c0894f8e4","messageTitle":"Correct checkstyle for isStringValidFormat","messageBody":"","fileTypesAndContributionMap":{"functional-code":{"insertions":5,"deletions":2}}},{"hash":"824759ea6f8b27636c97b0192bef228c9cb427d2","messageTitle":"Correct feedback message when editMeet makes no changes","messageBody":"","fileTypesAndContributionMap":{"functional-code":{"insertions":1,"deletions":1}}},{"hash":"1ab3aab4340d6faa84e66ced6bff793e4355eeb1","messageTitle":"Replace isDone with a CompletionStatus class / Fix bug","messageBody":"","fileTypesAndContributionMap":{"functional-code":{"insertions":127,"deletions":71},"test-code":{"insertions":17,"deletions":15}}},{"hash":"d6ac72030c357285e2e0e0619820f5bc4bca80e1","messageTitle":"Correct checkstyling for CompletionStatus and related classes","messageBody":"","fileTypesAndContributionMap":{"functional-code":{"insertions":23,"deletions":6},"test-code":{"insertions":1,"deletions":1}}},{"hash":"de5ed398a05d846d04993578b489e7714eebf97f","messageTitle":"Add checks for conflict with other meetings through date-time","messageBody":"Checks are implemented in EditMeeting and RescheduleMeeting\n","fileTypesAndContributionMap":{"functional-code":{"insertions":31,"deletions":0}}},{"hash":"db4ca4164efc0085e5a08b9700052205eeb46134","messageTitle":"Remove traces of isDone from other files","messageBody":"","fileTypesAndContributionMap":{"functional-code":{"insertions":7,"deletions":7},"test-code":{"insertions":11,"deletions":11}}},{"hash":"3fb0560a1c6c7a2e6bdca1ae16ac62a87de2005c","messageTitle":"Correct more checkstyles for EditMeeting and its related classes","messageBody":"","fileTypesAndContributionMap":{"functional-code":{"insertions":9,"deletions":6},"test-code":{"insertions":5,"deletions":0}}}]},{"date":"2021-04-05","commitResults":[{"hash":"c13cb35d5895d4821a2623382a2717c3d3a7c45d","messageTitle":"Correct editMeet to exclude the pre-edited meeting from conflict checking","messageBody":"","fileTypesAndContributionMap":{"functional-code":{"insertions":15,"deletions":12},"test-code":{"insertions":1,"deletions":1}}},{"hash":"c460f4983dd8f16d5f2af9b591c9b13f6e477971","messageTitle":"Add check for complete status when relocating a meeting","messageBody":"","fileTypesAndContributionMap":{"functional-code":{"insertions":5,"deletions":0}}},{"hash":"998533da1dd24377228b1653dfdcc00a78668125","messageTitle":"Add meeting status as a matching condition in findmeet","messageBody":"","fileTypesAndContributionMap":{"functional-code":{"insertions":26,"deletions":7}}},{"hash":"d26c0eaaedfbeae3b6f035d8f66e762eba813cb6","messageTitle":"Splits constraint message of datetime into 2 messages","messageBody":"","fileTypesAndContributionMap":{"functional-code":{"insertions":7,"deletions":5}}},{"hash":"256d467732e62d9476eb06fbaa8b4de7920dcbfe","messageTitle":"Corrects checkstyle errors caused by splitting messages","messageBody":"","fileTypesAndContributionMap":{"functional-code":{"insertions":1,"deletions":1},"test-code":{"insertions":1,"deletions":1}}},{"hash":"21f22d7b4a3f1f09ab093a62814977814b52d3d4","messageTitle":"Remove unnecessary condition to check in rescheduling","messageBody":"","fileTypesAndContributionMap":{"functional-code":{"insertions":1,"deletions":1}}},{"hash":"f2aa0240dbe291312aae844c794931ecf52bc135","messageTitle":"Correct editmeet to throw exceptions when user is trying to edit a completed meeting without setting it to incomplete first","messageBody":"","fileTypesAndContributionMap":{"functional-code":{"insertions":11,"deletions":8},"docs":{"insertions":0,"deletions":1}}},{"hash":"53ecefef143496c012ac3f26f8606cd52f39c43b","messageTitle":"Correct reschedule to reflect the same behavior as editmeet","messageBody":"","fileTypesAndContributionMap":{"functional-code":{"insertions":6,"deletions":0}}},{"hash":"92118aff53a017ae733307210c6544111ca1e3c9","messageTitle":"Correct checkstyling issues caused by editmeet and reschedule","messageBody":"","fileTypesAndContributionMap":{"functional-code":{"insertions":3,"deletions":3}}},{"hash":"c160dec7090945da61cf8d63755dc0b16823fea7","messageTitle":"Correct DateTime to display error message when invalid date is given","messageBody":"","fileTypesAndContributionMap":{"functional-code":{"insertions":6,"deletions":2}}},{"hash":"89ceba8acd0b52346388acafe72b5d71f2057ca6","messageTitle":"Correct checkstyling issue in DateTime invalid message","messageBody":"","fileTypesAndContributionMap":{"functional-code":{"insertions":3,"deletions":3}}},{"hash":"3cb86b8da61b9507d9503c2f120441d0d236fdf6","messageTitle":"Add day of week as matching condition in findmeet","messageBody":"","fileTypesAndContributionMap":{"functional-code":{"insertions":14,"deletions":1}}},{"hash":"807e06ecbad4c2c2828485c8566a0036fbcbd026","messageTitle":"Update meeting list to sort by both completion status and date-time","messageBody":"","fileTypesAndContributionMap":{"functional-code":{"insertions":7,"deletions":2}}},{"hash":"a4a288d00b87569fe54f4621758696f82c7742da","messageTitle":"Update DateTime\u0027s invalid message based on suggestion","messageBody":"","fileTypesAndContributionMap":{"functional-code":{"insertions":1,"deletions":1}}}]},{"date":"2021-04-06","commitResults":[{"hash":"fb778ac00ce8ae8f0b836c4df5ba826edc1ac60c","messageTitle":"Update MeetingTest and DateTimeTest and its verification methodsith changes from CompletionStatus","messageBody":"","fileTypesAndContributionMap":{"test-code":{"insertions":5,"deletions":5}}},{"hash":"47e1cf19263dde5c40e6189b3b02964ebc472e8c","messageTitle":"Add testing and corrected setMeetings for UniqueMeetingList /","messageBody":"Minor changes:\n- Remove extra spacing from UniqueClientList\n- Improve Description\u0027s constraint message\n- Remove the MeetingList class\n","fileTypesAndContributionMap":{"functional-code":{"insertions":25,"deletions":126},"test-code":{"insertions":196,"deletions":0}}},{"hash":"c492e7352d2799e28f2fce761f602c9dcfca4c5c","messageTitle":"Add testing for MeetingContainsKeywordsPredicate, Add defensive statement in search predicate","messageBody":"","fileTypesAndContributionMap":{"functional-code":{"insertions":10,"deletions":5},"test-code":{"insertions":251,"deletions":0}}},{"hash":"eaeaf5e4652e2e079a5e2a095a70937c0e9e1f5b","messageTitle":"Add testing for MeetingBook","messageBody":"","fileTypesAndContributionMap":{"test-code":{"insertions":129,"deletions":2}}},{"hash":"3554505fa5bf7ec10fc2e5d2c38cc3a0a0d09ab4","messageTitle":"Add testing for CompletionStatus","messageBody":"","fileTypesAndContributionMap":{"test-code":{"insertions":13,"deletions":0}}},{"hash":"7678e0780e35a68eff20b65dabc63e55e7b18103","messageTitle":"Restructure UG","messageBody":"","fileTypesAndContributionMap":{"docs":{"insertions":38,"deletions":35}}},{"hash":"7f9fc3b5ce10df3e3d9f7134e1cdb4a58d19f1b1","messageTitle":"Update meeting management section of UG","messageBody":"","fileTypesAndContributionMap":{"docs":{"insertions":60,"deletions":51}}},{"hash":"b2a0879f981260d4bd6d4a48690999103771c558","messageTitle":"Update command summary and correct command\u0027s messages","messageBody":"","fileTypesAndContributionMap":{"functional-code":{"insertions":8,"deletions":10},"docs":{"insertions":5,"deletions":5}}}]},{"date":"2021-04-07","commitResults":[{"hash":"2484078840946d654786411c3733272aba3b0257","messageTitle":"Add CompletionStatus for Model UML diagram","messageBody":"","fileTypesAndContributionMap":{"docs":{"insertions":2,"deletions":2}}},{"hash":"133958dbbe73aef1326f6e9c4f834d90357dfe5c","messageTitle":"Restructure the implementation section of DG / Wrote Meeting features","messageBody":"","fileTypesAndContributionMap":{"docs":{"insertions":110,"deletions":0}}},{"hash":"4a9478ab81f40c047b54c2f99edd2522e6f4b0a4","messageTitle":"Add AddMeetingCommand activity diagram","messageBody":"","fileTypesAndContributionMap":{"docs":{"insertions":26,"deletions":2}}},{"hash":"da933e7b966bec2cf97aafdfe570edbc8c437a70","messageTitle":"Add EditMeetingCommand activity diagram","messageBody":"","fileTypesAndContributionMap":{"docs":{"insertions":25,"deletions":2}}},{"hash":"3edc1efe97325618134038b885c7e4d7cc6c0d8b","messageTitle":"Push partial FindMeetingActivityDiagram","messageBody":"","fileTypesAndContributionMap":{"docs":{"insertions":13,"deletions":0}}},{"hash":"c17c3e51f97549440f349d129b8dfefd035bf66d","messageTitle":"Complete findMeetingCommand activity diagram / Correct other activity diagram","messageBody":"","fileTypesAndContributionMap":{"docs":{"insertions":45,"deletions":25}}},{"hash":"41a368cb11723fab78bb01cd4eafd8d85f26c7c6","messageTitle":"Add addMeetingSequenceDiagram to DG","messageBody":"","fileTypesAndContributionMap":{"docs":{"insertions":88,"deletions":1}}},{"hash":"02bad7aafeb03292225139df2ed2dbc4c8c570b5","messageTitle":"Add editMeetingCommand sequence diagram / Corrected addMeetingCommand sequence diagram arrows","messageBody":"","fileTypesAndContributionMap":{"docs":{"insertions":102,"deletions":4}}},{"hash":"a327ce66454b9f2c2059259d0a87cc129a4949a5","messageTitle":"Add findMeetingCommand sequence diagram / Add termination in other sequence diagram","messageBody":"","fileTypesAndContributionMap":{"docs":{"insertions":90,"deletions":1}}},{"hash":"9fc45b89e410a6eefcc4e68ba15661693262c8bf","messageTitle":"Correct DeleteSequenceDiagram to be no more addressbook","messageBody":"","fileTypesAndContributionMap":{"docs":{"insertions":11,"deletions":12}}},{"hash":"001b53bbb2c34ee374cde546beea9cc5ba6b25aa","messageTitle":"Fix the findmeet bug when using complete and incomplete with other keywords","messageBody":"","fileTypesAndContributionMap":{"functional-code":{"insertions":11,"deletions":15}}}]},{"date":"2021-04-09","commitResults":[{"hash":"896e3ef279fd67eb7522d68c90f943bfc8a6399d","messageTitle":"Corrects gradle\u0027s JavaFX version to align with FXML files","messageBody":"","fileTypesAndContributionMap":{"other":{"insertions":1,"deletions":1}}},{"hash":"0361160bf1b87847d9ef814b58797f05e2833c32","messageTitle":"Drafts PPP","messageBody":"","fileTypesAndContributionMap":{"docs":{"insertions":60,"deletions":0}}},{"hash":"6d3c3b8933323ed1a7f1141271f933611096b083","messageTitle":"Removes the meeting list from success message for listmeet and findmeet","messageBody":"","fileTypesAndContributionMap":{"functional-code":{"insertions":2,"deletions":20},"test-code":{"insertions":4,"deletions":19}}},{"hash":"27aac2b45590005eac9f72f47aa08625055a2e2a","messageTitle":"Corrects sample data json to work with client list","messageBody":"","fileTypesAndContributionMap":{"functional-code":{"insertions":3,"deletions":3}}},{"hash":"c86636e76717f28cf0e10e444a4547a8e2147f0c","messageTitle":"Updated PPP with extracts and PR links","messageBody":"","fileTypesAndContributionMap":{"docs":{"insertions":50,"deletions":30}}},{"hash":"09d0390a35a681c754e4ebcec81041e79956e326","messageTitle":"Add EOF to PPP","messageBody":"","fileTypesAndContributionMap":{"docs":{"insertions":2,"deletions":1}}},{"hash":"67167a292811b6097d19d8c53edeec082e1456b3","messageTitle":"Update PPP EOF","messageBody":"","fileTypesAndContributionMap":{"docs":{"insertions":2,"deletions":1}}},{"hash":"b8cc7aff64473b35abe7dbd03d76902ca430b170","messageTitle":"Add new line to resolve EOF","messageBody":"","fileTypesAndContributionMap":{"docs":{"insertions":1,"deletions":2}}},{"hash":"0d78453a2d3809312f1e06c079da32bebae93fef","messageTitle":"Change line endings to CLRF","messageBody":"","fileTypesAndContributionMap":{"docs":{"insertions":1,"deletions":2}}},{"hash":"9d00484d4d7df3ec9dd3fcdab8dec30e7bc3f8e5","messageTitle":"Remove everything in last line of PPP","messageBody":"","fileTypesAndContributionMap":{"docs":{"insertions":1,"deletions":1}}},{"hash":"c7fddbda1ba5b81c1a4ed94714445d5ea1fcef52","messageTitle":"Corrected spelling mistakes in PPP","messageBody":"","fileTypesAndContributionMap":{"docs":{"insertions":2,"deletions":2}}}]},{"date":"2021-04-10","commitResults":[{"hash":"d9cd2264bd12a40b75ac8f458602ca21094e6d7d","messageTitle":"Fix linking from AboutUs to PPP","messageBody":"","fileTypesAndContributionMap":{"docs":{"insertions":1,"deletions":1}}},{"hash":"8665278b59a57c39821e8428165c316b60918da3","messageTitle":"Update deprecated images in UG","messageBody":"","fileTypesAndContributionMap":{"docs":{"insertions":6,"deletions":4}}}]},{"date":"2021-04-11","commitResults":[{"hash":"85a58ac8fba3935eab62970f32b18cafe98b8b2e","messageTitle":"Updated the screenshots of deprecated diagrams in DG","messageBody":"","fileTypesAndContributionMap":{"docs":{"insertions":3,"deletions":3}}},{"hash":"0f76aa69aed711a40de1cd023e9521c89663a824","messageTitle":"Remove tutorial pages from DG","messageBody":"","fileTypesAndContributionMap":{"docs":{"insertions":1,"deletions":755}}},{"hash":"c984bd899cd35910b2d99543909c26621a6351c3","messageTitle":"Add newline EOF to settingUp page","messageBody":"","fileTypesAndContributionMap":{"docs":{"insertions":1,"deletions":1}}},{"hash":"7a95f746595222620b0269daf2d73f313426b321","messageTitle":"Update screenshot for showCommand in UG","messageBody":"","fileTypesAndContributionMap":{"docs":{"insertions":1,"deletions":1}}},{"hash":"961966f895c0c9e2f3e91471da16af5b9503515a","messageTitle":"Adds Manual Testing section for DG","messageBody":"","fileTypesAndContributionMap":{"docs":{"insertions":104,"deletions":31}}}]}],"Juzzanoob":[{"date":"2021-02-26","commitResults":[{"hash":"8c077e4bd1836a1a55490f39dbb3204f22ec4ec7","messageTitle":"Update README.md to accurately reflect team project information","messageBody":"","fileTypesAndContributionMap":{"docs":{"insertions":30,"deletions":10}}}]},{"date":"2021-03-14","commitResults":[{"hash":"04c3bf9c43ac41b3512ef83189fe3a7feac3f82b","messageTitle":"Add InsurancePlan.java to client folder","messageBody":"","fileTypesAndContributionMap":{"functional-code":{"insertions":35,"deletions":0}}},{"hash":"87a423aa7d25676eb54269678bd578e9d3fc093f","messageTitle":"Add InsurancePlan to Command classes and Tests","messageBody":"","fileTypesAndContributionMap":{"functional-code":{"insertions":99,"deletions":22},"test-code":{"insertions":78,"deletions":34}}},{"hash":"5b6cf143b38380284a3317c8d936adc63af6274d","messageTitle":"Modify JsonAdaptedClient to accomodate InsurancePlan","messageBody":"","fileTypesAndContributionMap":{"functional-code":{"insertions":3,"deletions":3}}}]},{"date":"2021-03-16","commitResults":[{"hash":"910632aca68980a4c7859dd496165ec3c898c1f0","messageTitle":"Modify example format to match expected format","messageBody":"","fileTypesAndContributionMap":{"functional-code":{"insertions":3,"deletions":2}}},{"hash":"6b3f46baec1ba1ed57d3d55d0c43b1cc742a43c4","messageTitle":"Modify files to adhere to checkstyle","messageBody":"","fileTypesAndContributionMap":{"functional-code":{"insertions":15,"deletions":9}}},{"hash":"4ee323038fbb77d062db57d8a4b32c51d4436f20","messageTitle":"Modify files to adhere to checkstyle","messageBody":"","fileTypesAndContributionMap":{"functional-code":{"insertions":2,"deletions":2}}},{"hash":"cfc0b9d43359610f7b3f779f0c5d7b5cd8ee2197","messageTitle":"Rename \"address book\" to \"client book\" in InsurancePlan.java javadoc description","messageBody":"","fileTypesAndContributionMap":{"functional-code":{"insertions":1,"deletions":1}}},{"hash":"cc32760468c143f644465a81a0f5a87f6448a01d","messageTitle":"Deconflict test files","messageBody":"","fileTypesAndContributionMap":{"test-code":{"insertions":24,"deletions":96}}},{"hash":"07dc936cf3d3335d988ff1ca3c1be25205616add","messageTitle":"Deconflict test files","messageBody":"","fileTypesAndContributionMap":{"test-code":{"insertions":19,"deletions":84}}},{"hash":"4ddd9e7b17e055102326527075462a8721a37dd4","messageTitle":"Modify CommandTestUtil.java to adhere to checkstyle","messageBody":"","fileTypesAndContributionMap":{"test-code":{"insertions":0,"deletions":1}}}]},{"date":"2021-03-17","commitResults":[{"hash":"43ef568ac97c4bd8be12654e9bc4d0a6b778a31d","messageTitle":"Resolve test errors","messageBody":"","fileTypesAndContributionMap":{"functional-code":{"insertions":4,"deletions":2},"test-code":{"insertions":43,"deletions":54}}},{"hash":"7278deac36f9073057f1c9ce2b84d99b363a067d","messageTitle":"Modify InsurancePlan.java to adhere to checkstyle","messageBody":"","fileTypesAndContributionMap":{"functional-code":{"insertions":1,"deletions":1}}},{"hash":"43f0c0eafb6d47f6ebe6a7491373097bcf7e3523","messageTitle":"Modify imports in test files to adhere to checkstyle","messageBody":"","fileTypesAndContributionMap":{"test-code":{"insertions":37,"deletions":3}}},{"hash":"a7913ab9f9430fa3b84ed1353235be3fead9daed","messageTitle":"Add back Isaiah\u0027s code","messageBody":"","fileTypesAndContributionMap":{"functional-code":{"insertions":193,"deletions":10}}},{"hash":"b788e9be97dc1f857101924bd8f8a7077f30d0e4","messageTitle":"Add newline at EOF for files without them","messageBody":"","fileTypesAndContributionMap":{"functional-code":{"insertions":3,"deletions":3}}}]},{"date":"2021-03-29","commitResults":[{"hash":"e38304912215a9f42ea1d82eb1368505c61d5858","messageTitle":"Update EditCommand.java to fix edit bug whereby edit doesn\u0027t work with only insurance plan edited","messageBody":"","fileTypesAndContributionMap":{"functional-code":{"insertions":1,"deletions":1}}}]},{"date":"2021-04-01","commitResults":[{"hash":"2394dd4c07a5206a5c1538f49bccb15613d83876","messageTitle":"Add new event package with java classes to implement undo redo, currently incomplete","messageBody":"","fileTypesAndContributionMap":{"functional-code":{"insertions":570,"deletions":10}}},{"hash":"735f1679fabd67ead6bcb2577aa385a74dec053f","messageTitle":"Add remaining java files to implement undo redo, only for Clients now","messageBody":"","fileTypesAndContributionMap":{"functional-code":{"insertions":133,"deletions":12},"test-code":{"insertions":8,"deletions":1}}},{"hash":"410148f26a09bcd69fbb1297e582adaf855e1278","messageTitle":"Debug undo redo for deleting clients","messageBody":"","fileTypesAndContributionMap":{"functional-code":{"insertions":20,"deletions":20}}},{"hash":"aab8257b56db4bdc2d9a627dd9e4e4ca170f9fc8","messageTitle":"Add newline at EOF of files to adhere to checkstyle","messageBody":"","fileTypesAndContributionMap":{"functional-code":{"insertions":9,"deletions":10}}},{"hash":"4d2047b50251ff85a42d5dfc7d273cd120c549d3","messageTitle":"Remove redundant imports, add javadocs for files to adhere to checkstyle","messageBody":"","fileTypesAndContributionMap":{"functional-code":{"insertions":36,"deletions":18}}}]},{"date":"2021-04-02","commitResults":[{"hash":"3771862b84f39a305943b11789704ef18c9488c2","messageTitle":"Debug undoing delete commands","messageBody":"","fileTypesAndContributionMap":{"functional-code":{"insertions":15,"deletions":3}}},{"hash":"faa17f7cc00c95a88e0723e750dac185e2bfd692","messageTitle":"Debug undo bug for adding clients","messageBody":"","fileTypesAndContributionMap":{"functional-code":{"insertions":16,"deletions":3},"test-code":{"insertions":5,"deletions":0}}},{"hash":"a918e9c1396fc3a3c00ef64b3a54b64168a4b500","messageTitle":"Fill up empty catch block in DeleteCommand.java, remove unused import in ModelManager.java","messageBody":"","fileTypesAndContributionMap":{"functional-code":{"insertions":3,"deletions":2}}},{"hash":"c4253ba4089414f0d3058f808e1860bce7b8f1ff","messageTitle":"Patch bug of clear command not working","messageBody":"","fileTypesAndContributionMap":{"functional-code":{"insertions":1,"deletions":6}}}]},{"date":"2021-04-07","commitResults":[{"hash":"08c30aafe189fd1761d56185100d0c1b0f054448","messageTitle":"Modify InsurancePlan class to allow client to have multiple Insurance Plans","messageBody":"","fileTypesAndContributionMap":{"functional-code":{"insertions":136,"deletions":51},"test-code":{"insertions":10,"deletions":4}}},{"hash":"fdcb2194719966c32c457abacba896ff13155a29","messageTitle":"Remove trailing whitespaces from UserGuide.md, jodylorah.md and JsonAdaptedClient.java for checkstyle","messageBody":"","fileTypesAndContributionMap":{"functional-code":{"insertions":1,"deletions":1},"docs":{"insertions":16,"deletions":16}}},{"hash":"11abfd76e0eea3dbb755975612075af8f3d1fc7c","messageTitle":"Add fullstop after \"i.e\" on line 247 of UserGuide.md","messageBody":"","fileTypesAndContributionMap":{"docs":{"insertions":1,"deletions":1}}},{"hash":"a2f4512fd039e492d2a602fffc5242c62bc18abf","messageTitle":"Correct grammatical mistakes in UserGuide.md","messageBody":"","fileTypesAndContributionMap":{"docs":{"insertions":27,"deletions":23}}},{"hash":"2a368fc0f6680eb1e83ab7b7d633632db780c84c","messageTitle":"Add output examples for some example commands in UserGuide.md","messageBody":"","fileTypesAndContributionMap":{"docs":{"insertions":6,"deletions":6}}}]},{"date":"2021-04-09","commitResults":[{"hash":"4f2feaf47913018f5aa92999f0a96b0ffebba83e","messageTitle":"Remove Undo/Redo from DG","messageBody":"","fileTypesAndContributionMap":{"docs":{"insertions":0,"deletions":79}}}]},{"date":"2021-04-10","commitResults":[{"hash":"9eeffba577e87d4b10cd88e64f2a777f543bf3e5","messageTitle":"Update DG text","messageBody":"","fileTypesAndContributionMap":{"docs":{"insertions":100,"deletions":11}}},{"hash":"b385add8f2b54ed37416b2b224312dbdf73079b6","messageTitle":"Add Activity Diagrams for Client Commands in DG","messageBody":"","fileTypesAndContributionMap":{"docs":{"insertions":11,"deletions":0}}},{"hash":"5a360970100d62f98a60adfff29b6ef39fcba435","messageTitle":"Add Sequence Diagrams for Client commands to DG","messageBody":"","fileTypesAndContributionMap":{"docs":{"insertions":6,"deletions":0}}}]},{"date":"2021-04-11","commitResults":[{"hash":"1e6b2e9d6251d9d7a857f139393ee2cd5224d587","messageTitle":"Rectify UML diagram errors in DG","messageBody":"","fileTypesAndContributionMap":{"docs":{"insertions":12,"deletions":12}}},{"hash":"4ce45b7f76b5178d3ab4b82b7082fa95e8344ca6","messageTitle":"Add text stating tags for clients and meetings should not contain spaces","messageBody":"","fileTypesAndContributionMap":{"docs":{"insertions":3,"deletions":3}}}]}],"frisciliasultan":[{"date":"2021-02-22","commitResults":[{"hash":"a714b0fa60caba1deddcd25c25259c68e3bb6285","messageTitle":"Update DeveloperGuide","messageBody":"","fileTypesAndContributionMap":{"docs":{"insertions":24,"deletions":13}}}]},{"date":"2021-03-02","commitResults":[{"hash":"f96560e69eeaeb8174440281f17e3c91e3cee593","messageTitle":"Remove address field","messageBody":"","fileTypesAndContributionMap":{"functional-code":{"insertions":0,"deletions":57}}},{"hash":"98c593d84f3da8e8962000ea78f4808475c00d72","messageTitle":"Remove address field from other files","messageBody":"","fileTypesAndContributionMap":{"functional-code":{"insertions":0,"deletions":1},"test-code":{"insertions":0,"deletions":13}}},{"hash":"548c017944d5d0f54254ce880caf90c8b98087d6","messageTitle":"Add RemarkCommand class","messageBody":"","fileTypesAndContributionMap":{"functional-code":{"insertions":20,"deletions":9}}},{"hash":"271f39fedc7639f96dc9a94edc535d106e59daa0","messageTitle":"Change RemarkCommand to throw exception","messageBody":"","fileTypesAndContributionMap":{"functional-code":{"insertions":13,"deletions":2}}},{"hash":"7582db38393c5c6e684aeeff881a6dee35cb5065","messageTitle":"Make RemarkCommand accept parameters","messageBody":"","fileTypesAndContributionMap":{"functional-code":{"insertions":37,"deletions":2}}},{"hash":"f423b3c9ce3154eea03a9c7f6f2b9fa69d23c495","messageTitle":"Add a new Remark class","messageBody":"","fileTypesAndContributionMap":{"functional-code":{"insertions":74,"deletions":3}}},{"hash":"a60f0a42a061d0fcddc62728aafb9716d5ec82b9","messageTitle":"Modify Person and update other usages of Person","messageBody":"","fileTypesAndContributionMap":{"functional-code":{"insertions":35,"deletions":22},"test-code":{"insertions":14,"deletions":1}}},{"hash":"cae5c111c94c8de7d772cbdd537324c115370f1c","messageTitle":"Add a new Remark class","messageBody":"","fileTypesAndContributionMap":{"functional-code":{"insertions":9,"deletions":2},"test-code":{"insertions":27,"deletions":13}}}]},{"date":"2021-03-04","commitResults":[{"hash":"8ddc82138ec7dae87629a21670c202fd71094d0c","messageTitle":"Fix tests","messageBody":"","fileTypesAndContributionMap":{"functional-code":{"insertions":31,"deletions":2},"test-code":{"insertions":103,"deletions":0}}}]},{"date":"2021-03-13","commitResults":[{"hash":"140c3d9fa77d802c88a9656e06359151f82fe685","messageTitle":"Deconflict","messageBody":"","fileTypesAndContributionMap":{"functional-code":{"insertions":0,"deletions":33}}},{"hash":"96f3f77b1b577a9a16972fdc233e09ce5f544f07","messageTitle":"Deconflict","messageBody":"","fileTypesAndContributionMap":{"functional-code":{"insertions":0,"deletions":15}}}]},{"date":"2021-03-14","commitResults":[{"hash":"dae85cf8a99678f931667f7ee401063a7fdecc5f","messageTitle":"Deconflict","messageBody":"","fileTypesAndContributionMap":{"functional-code":{"insertions":10,"deletions":181},"test-code":{"insertions":19,"deletions":277}}},{"hash":"01b92210beeda8026c4eb4fafe03fe5b6ca2feb1","messageTitle":"Add JsonAdaptedMeeting","messageBody":"","fileTypesAndContributionMap":{"functional-code":{"insertions":136,"deletions":1}}},{"hash":"ff074c350d31dfa3e872991402e0ffbbaccfec6c","messageTitle":"Add the skeleton of UniqueMeetingList.java","messageBody":"","fileTypesAndContributionMap":{"functional-code":{"insertions":163,"deletions":0}}},{"hash":"4bbe09dce02ebea224439964b448d6f038ada98e","messageTitle":"Add UniqueMeetingList.java","messageBody":"","fileTypesAndContributionMap":{"functional-code":{"insertions":77,"deletions":26}}},{"hash":"3b2ce75e1b743bdba68f7d632652a4384e8da810","messageTitle":"Fix checkstyle violations","messageBody":"","fileTypesAndContributionMap":{"functional-code":{"insertions":2,"deletions":35},"docs":{"insertions":7,"deletions":7},"test-code":{"insertions":5,"deletions":5}}},{"hash":"55f5d42e1b1af58fddb21175f99a2cffc79b6943","messageTitle":"Fix checkstyle from gradle build","messageBody":"","fileTypesAndContributionMap":{"functional-code":{"insertions":24,"deletions":10}}},{"hash":"65c7ebdd0cba7d8d4326aa3b6a655b3e55bf01b5","messageTitle":"Fix checkstyle","messageBody":"","fileTypesAndContributionMap":{"functional-code":{"insertions":8,"deletions":8}}}]},{"date":"2021-03-29","commitResults":[{"hash":"a1aa82bab1672ef6685c33009fa79a503804a299","messageTitle":"Remove remark from ClientListCard.fxml","messageBody":"","fileTypesAndContributionMap":{"other":{"insertions":0,"deletions":1}}},{"hash":"e4deb271c3a1522984aee73d9158a68dfd066511","messageTitle":"Remove remark from ClientCard.java","messageBody":"","fileTypesAndContributionMap":{"functional-code":{"insertions":0,"deletions":2}}},{"hash":"8147eb5cdfea489a7d59709572ef9a8d7c2c0e05","messageTitle":"Remove remark from CliSyntax.java","messageBody":"","fileTypesAndContributionMap":{"functional-code":{"insertions":0,"deletions":1},"test-code":{"insertions":0,"deletions":2}}},{"hash":"7c3a622d48650c389874ab86c29593f40ff99252","messageTitle":"Remove remark from ClientDetailFragment.fxml","messageBody":"","fileTypesAndContributionMap":{"functional-code":{"insertions":0,"deletions":1}}},{"hash":"3e441d98a964baa9be60b9a24272990e702bd5ad","messageTitle":"Set insurance plan to optional for add command","messageBody":"","fileTypesAndContributionMap":{"functional-code":{"insertions":12,"deletions":6}}},{"hash":"35b661b4892586301b5b6c9500246b1834e0d55b","messageTitle":"Allow editing of /ip in EditCommandParser.java","messageBody":"","fileTypesAndContributionMap":{"functional-code":{"insertions":9,"deletions":1}}},{"hash":"8136fbece0ac52fee08b3480f43e245f913cf808","messageTitle":"Add a Predicate checker to filter Client by plans in PlanContainsKeywordsPredicate.java","messageBody":"","fileTypesAndContributionMap":{"functional-code":{"insertions":31,"deletions":0}}},{"hash":"657437dadbd56f3936f8a0025dc0688790f60c1b","messageTitle":"Add FindPlansCommand class","messageBody":"","fileTypesAndContributionMap":{"functional-code":{"insertions":41,"deletions":0}}},{"hash":"b3bfde0cfe35988cabf0ed7aeea01a1ce4b8d9dd","messageTitle":"Add FindPlansCommand in ClientBookParser","messageBody":"","fileTypesAndContributionMap":{"functional-code":{"insertions":4,"deletions":0}}},{"hash":"07c5b18afb7c2df1043e509d1cce9bb6af107ff7","messageTitle":"Add Parser for FindPlansCommand","messageBody":"","fileTypesAndContributionMap":{"functional-code":{"insertions":34,"deletions":0}}},{"hash":"c5241f16feae63a7013f7eea01d21469ad3faba5","messageTitle":"Change example usage for insurance plan","messageBody":"","fileTypesAndContributionMap":{"functional-code":{"insertions":2,"deletions":2}}},{"hash":"7e7b1bb29483a00c84e52e68b31191b414f86c75","messageTitle":"Add optional before ip/INSURANCE in command usage","messageBody":"","fileTypesAndContributionMap":{"functional-code":{"insertions":1,"deletions":1}}}]},{"date":"2021-03-31","commitResults":[{"hash":"7620c91ddfa10a1482c59a6826044382036a3707","messageTitle":"Add space for example portion in MESSAGE_USAGE","messageBody":"","fileTypesAndContributionMap":{"functional-code":{"insertions":1,"deletions":1}}},{"hash":"10f6996a0952908bf687a55b9f36ad5cdbeaa573","messageTitle":"Fix edit command to show the appropriate error","messageBody":"","fileTypesAndContributionMap":{"functional-code":{"insertions":1,"deletions":1}}},{"hash":"b84873deed73a3c925e18ea44665c817d3883431","messageTitle":"Fix AddCommand to show appropriate error messages","messageBody":"","fileTypesAndContributionMap":{"functional-code":{"insertions":10,"deletions":10}}},{"hash":"c1cba18de23ea5c6b214134795f6123049c81e92","messageTitle":"Update Command Summary of UG and fix command usage","messageBody":"","fileTypesAndContributionMap":{"functional-code":{"insertions":11,"deletions":11},"docs":{"insertions":16,"deletions":6}}}]},{"date":"2021-04-01","commitResults":[{"hash":"6c2f0fe7f60933af1564c346234b2faa9587d7e0","messageTitle":"Update edit json file instructions and jar link","messageBody":"","fileTypesAndContributionMap":{"functional-code":{"insertions":2,"deletions":2},"docs":{"insertions":6,"deletions":5}}},{"hash":"f19de0f2a2365fa0e1ed17a3e3b763b23109c749","messageTitle":"Add Client Commands in User Guide","messageBody":"","fileTypesAndContributionMap":{"functional-code":{"insertions":1,"deletions":1},"docs":{"insertions":51,"deletions":9}}},{"hash":"b144e76b080d1062e58dfa58291ef9b58e30ad8c","messageTitle":"Change Ui screenshots","messageBody":"","fileTypesAndContributionMap":{"docs":{"insertions":1,"deletions":2}}},{"hash":"5ea12766fe77720625caa03a39e41c4a68cbb0e2","messageTitle":"Add User Guide for show command","messageBody":"","fileTypesAndContributionMap":{"docs":{"insertions":16,"deletions":0}}},{"hash":"de2af02bef12a8aab01d80e1cfe67a80797aa2b9","messageTitle":"Fix minor language problem","messageBody":"","fileTypesAndContributionMap":{"docs":{"insertions":1,"deletions":1}}},{"hash":"eef3eeb2b8cb182bc39e503b0e31a53afa51abaf","messageTitle":"Add ss for show command","messageBody":"","fileTypesAndContributionMap":{"docs":{"insertions":1,"deletions":1}}},{"hash":"1f4aae16a6843355096e59022228f91a2e02d740","messageTitle":"Add a tip for findmeet","messageBody":"","fileTypesAndContributionMap":{"docs":{"insertions":4,"deletions":0}}},{"hash":"b7655410ff3de242893bd14d966b3c5b1ff0fe87","messageTitle":"Fix formatting issue","messageBody":"","fileTypesAndContributionMap":{"docs":{"insertions":2,"deletions":2}}}]},{"date":"2021-04-04","commitResults":[{"hash":"e064fcd3bc3ca29572fa59cf1a02271fd7c8d01f","messageTitle":"Update clear success message to make it clearer","messageBody":"","fileTypesAndContributionMap":{"functional-code":{"insertions":1,"deletions":1}}},{"hash":"0203a3457ef1ac347b86089c91507f68784afb9a","messageTitle":"Add an error message to list command when clientbook is empty","messageBody":"","fileTypesAndContributionMap":{"functional-code":{"insertions":10,"deletions":2}}},{"hash":"c5c81ed8a93dc8d3ad11f2b9961d409ec9b706bf","messageTitle":"Fix failing command test","messageBody":"","fileTypesAndContributionMap":{"test-code":{"insertions":3,"deletions":3}}},{"hash":"5b9e728e91f35e153b3291a2d8c583b038c0defa","messageTitle":"Fix failing command test","messageBody":"","fileTypesAndContributionMap":{"test-code":{"insertions":3,"deletions":3}}},{"hash":"df3d77f6f723a32c2bdb507d84d6d0d529b42ce7","messageTitle":"Fix wrong deletemeet example in UG","messageBody":"","fileTypesAndContributionMap":{"docs":{"insertions":1,"deletions":1}}},{"hash":"3ea0828d957587b070f50b7331411171907abf35","messageTitle":"Fix checkstyle in LogicManagerTest","messageBody":"","fileTypesAndContributionMap":{"test-code":{"insertions":1,"deletions":1}}},{"hash":"8be8af74d1c08d03f9ae72286be395b778bcbe7e","messageTitle":"Fix checkstyle in LogicManagerTest","messageBody":"","fileTypesAndContributionMap":{"test-code":{"insertions":1,"deletions":1}}},{"hash":"9741fcef0d6d49d53eaf3a695f555acacc34aed7","messageTitle":"Change invalid format error message to use []","messageBody":"","fileTypesAndContributionMap":{"functional-code":{"insertions":4,"deletions":4}}}]},{"date":"2021-04-05","commitResults":[{"hash":"fa0f698a218cea25f6d18bdc7cdaf5f76ff116bc","messageTitle":"Add ParseIndexException to handle invalid index","messageBody":"","fileTypesAndContributionMap":{"functional-code":{"insertions":32,"deletions":8}}},{"hash":"037e76023b48c3c41be145744975f90ce01f198b","messageTitle":"Handle editCommand invalid index","messageBody":"","fileTypesAndContributionMap":{"functional-code":{"insertions":8,"deletions":3}}},{"hash":"903d5f695a166ed1ac5775a0369f3a2d4a0e073b","messageTitle":"Make DateTime error message clearer","messageBody":"","fileTypesAndContributionMap":{"functional-code":{"insertions":3,"deletions":3}}},{"hash":"ef67a4bb3de6dc5ba62ccd3110103fc69206b5c8","messageTitle":"Throw ParseIndexException in DeleteMeetingCommand","messageBody":"","fileTypesAndContributionMap":{"functional-code":{"insertions":8,"deletions":4}}},{"hash":"2ddb4866633ef219ac4fc5b063bf7b72e4f4a02d","messageTitle":"Throw ParseIndexException in EditMeetingCommand","messageBody":"","fileTypesAndContributionMap":{"functional-code":{"insertions":7,"deletions":2}}},{"hash":"7fe62428ef4d27befa3ff6e60eb44f4e2a31624e","messageTitle":"Add a ParseIndexException if index specified is bigger than int max value","messageBody":"","fileTypesAndContributionMap":{"functional-code":{"insertions":25,"deletions":6}}},{"hash":"8bf7b0d930a0010c079ed3364291535f9b623895","messageTitle":"Remove undo function in execute method in LogicManager","messageBody":"","fileTypesAndContributionMap":{"functional-code":{"insertions":0,"deletions":5}}},{"hash":"c3b51df62c2f7be8d523ce57184bcd02554443e0","messageTitle":"Handle NumberFormatException from isSmallerThanIntegerMaxValue","messageBody":"","fileTypesAndContributionMap":{"functional-code":{"insertions":15,"deletions":3}}},{"hash":"aba011a7faa4559617c37fb645a5d91839d93858","messageTitle":"Fix minor formatting issues","messageBody":"","fileTypesAndContributionMap":{"functional-code":{"insertions":3,"deletions":0}}},{"hash":"daa5078ebcc8b5fb5c5c7003fb3fc9a74cd0e547","messageTitle":"Fix typo from iscam to location","messageBody":"","fileTypesAndContributionMap":{"functional-code":{"insertions":2,"deletions":2}}},{"hash":"c90de476436b1faf6805f8e134104e67c121b1d9","messageTitle":"Add minor comments","messageBody":"","fileTypesAndContributionMap":{"functional-code":{"insertions":1,"deletions":0}}},{"hash":"05ff5364037091de06785530bcabc7cfbb630821","messageTitle":"Remove traces of LocationBook from tests","messageBody":"","fileTypesAndContributionMap":{"functional-code":{"insertions":1,"deletions":1},"test-code":{"insertions":30,"deletions":30}}},{"hash":"f8bd5dc388189c1fc087aa899b6b9b1481689af7","messageTitle":"Add test for FindPlansCommand","messageBody":"","fileTypesAndContributionMap":{"test-code":{"insertions":87,"deletions":0}}},{"hash":"b99de38729d4945bed148f17878536118db995d6","messageTitle":"Fix checkstyle","messageBody":"","fileTypesAndContributionMap":{"functional-code":{"insertions":1,"deletions":6}}},{"hash":"e314f74ef39785f272ac9f5e7f5b3233ca25628c","messageTitle":"Fix indentation checkstyle","messageBody":"","fileTypesAndContributionMap":{"functional-code":{"insertions":1,"deletions":1}}},{"hash":"10454eea28b5c3bd1ac680baed1e30cc99b48689","messageTitle":"Fix failing tests due to changing error message","messageBody":"","fileTypesAndContributionMap":{"test-code":{"insertions":7,"deletions":5}}},{"hash":"a92fb6c0f572dc772b6aa252de990ea06bc186f6","messageTitle":"Add AddMeetingCommandTest class","messageBody":"","fileTypesAndContributionMap":{"functional-code":{"insertions":2,"deletions":2},"test-code":{"insertions":307,"deletions":1}}},{"hash":"3253d334480baf1d4ce58fa95b00ddeb421fc160","messageTitle":"Change TypicalIndexes to Item","messageBody":"","fileTypesAndContributionMap":{"test-code":{"insertions":65,"deletions":65}}},{"hash":"0ce8a6efb5266ca213a456acb374dc04dcc2cdc5","messageTitle":"Add DeleteMeetingCommandTest","messageBody":"","fileTypesAndContributionMap":{"test-code":{"insertions":134,"deletions":9}}},{"hash":"9849a6b337919f63467743f1ada49c4c31ba3186","messageTitle":"Fix ModelStub in AddMeetingCommandTest","messageBody":"","fileTypesAndContributionMap":{"test-code":{"insertions":1,"deletions":1}}},{"hash":"0380a1f7136dd0721565af71ad17e0b2ce8d045c","messageTitle":"Add valid and invalid fields for Meeting in CommandTestUtil","messageBody":"","fileTypesAndContributionMap":{"test-code":{"insertions":42,"deletions":1}}},{"hash":"81bd27568fe5a6b963c968de01a98ae1b4eccf46","messageTitle":"Add EditMeetingDescriptorBuilder","messageBody":"","fileTypesAndContributionMap":{"test-code":{"insertions":97,"deletions":0}}},{"hash":"d532a6f6aac7e32930f68ad2b01f2ec4bf16807d","messageTitle":"Add Desc Cleo and Dan to CommandTestUtil","messageBody":"","fileTypesAndContributionMap":{"test-code":{"insertions":12,"deletions":0}}}]},{"date":"2021-04-07","commitResults":[{"hash":"af51edaafc822436e390d0eb8df919e0b9c72b38","messageTitle":"Add test for EditMeetingCommandTest","messageBody":"","fileTypesAndContributionMap":{"functional-code":{"insertions":31,"deletions":11},"test-code":{"insertions":207,"deletions":7}}},{"hash":"1b5a97cf9db6badc865d40bc83619258e4743180","messageTitle":"Add FindMeetingsCommandTest","messageBody":"","fileTypesAndContributionMap":{"test-code":{"insertions":85,"deletions":0}}},{"hash":"bf9f053718ac2e53e79b16b34b80b5d9d8fa7b91","messageTitle":"Add ListMeetingsCommandTest","messageBody":"","fileTypesAndContributionMap":{"test-code":{"insertions":55,"deletions":0}}},{"hash":"d9d48ccf13b0466a92dc94756984890e74920c39","messageTitle":"Add DoneMeetingCommandTest","messageBody":"","fileTypesAndContributionMap":{"functional-code":{"insertions":7,"deletions":0},"test-code":{"insertions":114,"deletions":1}}}]},{"date":"2021-04-08","commitResults":[{"hash":"913e185d2838abd7c072e9cddf101306dd651df6","messageTitle":"Add RelocateMeetingCommandTest and add equals, getter and setter in RelocateMeetingCommand","messageBody":"","fileTypesAndContributionMap":{"functional-code":{"insertions":25,"deletions":1},"test-code":{"insertions":161,"deletions":4}}},{"hash":"d5195ceeed8d07f2d8e76d76d0da8ce383f408de","messageTitle":"Add RescheduleMeetingCommandTest","messageBody":"","fileTypesAndContributionMap":{"functional-code":{"insertions":25,"deletions":0},"test-code":{"insertions":180,"deletions":6}}},{"hash":"b5a08f8f1440fe61a5815b7533341c0a426b0ac4","messageTitle":"Remove traces of undo and redo","messageBody":"","fileTypesAndContributionMap":{"functional-code":{"insertions":14,"deletions":676},"test-code":{"insertions":1,"deletions":2}}},{"hash":"7b8585fb52168f709d8c1003cf1ccfbab73c517e","messageTitle":"Increase EditMeetingCommandTest coverage","messageBody":"","fileTypesAndContributionMap":{"test-code":{"insertions":39,"deletions":1}}},{"hash":"ceae16ab67ce76d8ca51640926fb3eca1e497d16","messageTitle":"Add EditMeetingDescriptorTest","messageBody":"","fileTypesAndContributionMap":{"test-code":{"insertions":59,"deletions":0}}},{"hash":"5b5b84b711e1225746b0afd30d8e6cb2cea05156","messageTitle":"Remove undo/redo files and fix checkstyle","messageBody":"","fileTypesAndContributionMap":{"functional-code":{"insertions":0,"deletions":440},"test-code":{"insertions":50,"deletions":51}}},{"hash":"c0080c8a41076e9dc87d8ec4ebc54bc29bd2290f","messageTitle":"Add AddMeetingCommandIntegrationTest","messageBody":"","fileTypesAndContributionMap":{"test-code":{"insertions":48,"deletions":0}}},{"hash":"7e699133eef93ccdc35d199786fa838ef6f4ef3e","messageTitle":"Add FindPlansCommandParserTest","messageBody":"","fileTypesAndContributionMap":{"test-code":{"insertions":38,"deletions":1}}},{"hash":"67208df09cf8e7fae969cbe134381a58dc2bdd13","messageTitle":"Fix the order of import to pass checkstyle","messageBody":"","fileTypesAndContributionMap":{"test-code":{"insertions":1,"deletions":1}}}]},{"date":"2021-04-10","commitResults":[{"hash":"b6621d9086218b985b60427d0946fc2cea2fdf43","messageTitle":"Update README","messageBody":"","fileTypesAndContributionMap":{"docs":{"insertions":9,"deletions":6}}},{"hash":"d022c8f70a91690f04eb4e3aeaccfcbb2a51fbf6","messageTitle":"Update index page","messageBody":"","fileTypesAndContributionMap":{"docs":{"insertions":2,"deletions":1}}},{"hash":"5366846be5e65ebad12b0395a114379840218074","messageTitle":"Update Ui.png because it is not cropped perfectly","messageBody":"","fileTypesAndContributionMap":{"docs":{"insertions":1,"deletions":1}}},{"hash":"9870ea74bc08ca5f0df9a97f255dc0e0cf75900a","messageTitle":"Update user stories and use case for clients","messageBody":"","fileTypesAndContributionMap":{"docs":{"insertions":122,"deletions":113}}}]},{"date":"2021-04-11","commitResults":[{"hash":"30fdca0d99579b53bd94452bebdfb1d6628ce09b","messageTitle":"Add PPP","messageBody":"","fileTypesAndContributionMap":{"docs":{"insertions":66,"deletions":0}}},{"hash":"37275f9b6ed417b0b34e8c3db91aa421cd1468e5","messageTitle":"Update PPP","messageBody":"","fileTypesAndContributionMap":{"docs":{"insertions":1,"deletions":0}}},{"hash":"30c70908e064b7a772d9d823dd2b35a7059f9d6e","messageTitle":"Remove an extra bullet from value prop","messageBody":"","fileTypesAndContributionMap":{"docs":{"insertions":0,"deletions":1}}},{"hash":"5d66dc950c9a9964785a9351fa94696292dd389c","messageTitle":"Change apppointment to meeting in README","messageBody":"","fileTypesAndContributionMap":{"docs":{"insertions":1,"deletions":1}}}]}]},"authorFileTypeContributionMap":{"Zaiah0505":{"docs":88,"functional-code":1286,"test-code":1131,"other":1},"JodyLorah":{"docs":200,"functional-code":1287,"test-code":1108,"other":2},"zoeykobe":{"docs":101,"functional-code":482,"test-code":238,"other":549},"Tomashiwa":{"docs":1076,"functional-code":1818,"test-code":1087,"other":5},"Juzzanoob":{"docs":152,"functional-code":331,"test-code":134},"frisciliasultan":{"docs":246,"functional-code":486,"test-code":1744}},"authorContributionVariance":{"Zaiah0505":206629.19,"JodyLorah":130071.16,"zoeykobe":423045.66,"Tomashiwa":66237.92,"Juzzanoob":19128.365,"frisciliasultan":102691.32},"authorDisplayNameMap":{"Zaiah0505":"CS2103-W17-4 ISAI.. YEW","JodyLorah":"CS2103-W17-4 TANG..ORAH","zoeykobe":"CS2103-W17-4 ZHOU..LVIN","Tomashiwa":"CS2103-W17-4 WONG..IANG","Juzzanoob":"CS2103-W17-4 SHAU.. LOH","frisciliasultan":"CS2103-W17-4 FRIS..LTAN"}}
