{"authorDailyContributionsMap":{"Zaiah0505":[{"date":"2021-03-15","commitResults":[{"hash":"684b18cba9117b9107ed763e8bdf210a1da6b0af","messageTitle":"merged conflicts between Fris\u0027 import statements and the migration to iScam package","messageBody":"","fileTypesAndContributionMap":{"functional-code":{"insertions":54,"deletions":538}}},{"hash":"be1231d4475145694cdfba3a4582a8b871fe72cf","messageTitle":"Fixed FXML file failing to load because of new \"location\"-id Label","messageBody":"","fileTypesAndContributionMap":{"functional-code":{"insertions":2,"deletions":2}}},{"hash":"9229704c9f0a52cc2a3a180ecb77d7371e2f7037","messageTitle":"Renamed \"iScam\" package to \"iscam\" to conform to checkstyle package naming conventions","messageBody":"","fileTypesAndContributionMap":{"functional-code":{"insertions":7,"deletions":6},"other":{"insertions":1164,"deletions":1133},"docs":{"insertions":12,"deletions":12},"test-code":{"insertions":2,"deletions":2}}},{"hash":"87842fe6c34a133bfd17d767a03fb6f06ac32acb","messageTitle":"Removed wildcard imports to conform to checkstyle requirement","messageBody":"","fileTypesAndContributionMap":{"functional-code":{"insertions":62,"deletions":27}}},{"hash":"21b7c2c7c783b4a7c7d04ddbb46a07e4b174212c","messageTitle":"Changed feedback message for when Location information is missing","messageBody":"","fileTypesAndContributionMap":{"functional-code":{"insertions":1,"deletions":1}}}]},{"date":"2021-03-23","commitResults":[{"hash":"37a435f77619098e85199f819ed90dfdde8fb929","messageTitle":"Modified Logic and Model classes to pass ObservableClient to UI","messageBody":"Model now stores an instance of ObservableClient so that the UI can display it as it is updated\n\nProgram will no longer crash when started with an empty list of clients\n","fileTypesAndContributionMap":{"functional-code":{"insertions":25,"deletions":4}}},{"hash":"778e0a1e9ee65e650faec2a366033ac5b504cfd4","messageTitle":"Added ShowCommand to update the detailedClient in Model","messageBody":"","fileTypesAndContributionMap":{"functional-code":{"insertions":68,"deletions":7}}},{"hash":"9011b378620ab0720eeb674e346fb21e97a15983","messageTitle":"Added JavaDoc comments for ShowCommand.java","messageBody":"","fileTypesAndContributionMap":{"functional-code":{"insertions":3,"deletions":1}}},{"hash":"f23eb44470b2b8e9c0c2f4b1176ed32afafa8624","messageTitle":"Added ShowCommandParser","messageBody":"","fileTypesAndContributionMap":{"functional-code":{"insertions":30,"deletions":0}}},{"hash":"d8675563a14fb6557d8fd883f46ba2f5c75a45cf","messageTitle":"Added ShowCommand to ClientBookParser","messageBody":"Program should now be able to show the specified client in the details window\n","fileTypesAndContributionMap":{"functional-code":{"insertions":5,"deletions":2}}},{"hash":"9b4915d502af5432b9d5b2749437a3a97aadf5bc","messageTitle":"Modified ModelStub in test and removed unused ObservableClient import in MainWindow","messageBody":"","fileTypesAndContributionMap":{"functional-code":{"insertions":0,"deletions":1},"test-code":{"insertions":11,"deletions":0}}}]},{"date":"2021-03-24","commitResults":[{"hash":"cec69a749daa9757e0536f24566b21b3577e6164","messageTitle":"Added tests for ShowCommand","messageBody":"","fileTypesAndContributionMap":{"functional-code":{"insertions":12,"deletions":0},"test-code":{"insertions":99,"deletions":0}}},{"hash":"79a26d19182e3434caa8e2ba27ccc6477ea73067","messageTitle":"Fixed typo in ShowCommand\u0027s MESSAGE_USAGE string","messageBody":"","fileTypesAndContributionMap":{"functional-code":{"insertions":1,"deletions":1}}}]},{"date":"2021-03-27","commitResults":[{"hash":"9f12f47c3b774779b9fc600a215be4d467b7a30b","messageTitle":"Modified Logic and Model classes to pass ObservableClient to UI","messageBody":"Model now stores an instance of ObservableClient so that the UI can display it as it is updated\n\nProgram will no longer crash when started with an empty list of clients\n","fileTypesAndContributionMap":{"functional-code":{"insertions":5,"deletions":0}}}]}],"JodyLorah":[{"date":"2021-02-21","commitResults":[{"hash":"d54b9300b1b8cb0a7d2d6a874d3b5a6a41efce52","messageTitle":"Update AboutUs","messageBody":"","fileTypesAndContributionMap":{"functional-code":{"insertions":1,"deletions":0},"docs":{"insertions":38,"deletions":31}}},{"hash":"aed8e1f62ba5c79645346fa2e2c757aab71a8ddc","messageTitle":"Update Emails in AboutUs","messageBody":"","fileTypesAndContributionMap":{"docs":{"insertions":6,"deletions":12}}}]},{"date":"2021-03-05","commitResults":[{"hash":"c2bcbc84c94fa049dc1c04863709d6193d7a6b43","messageTitle":"Edit AboutUs page","messageBody":"","fileTypesAndContributionMap":{"docs":{"insertions":1,"deletions":1}}}]},{"date":"2021-03-08","commitResults":[{"hash":"065ccca43d895b735c3d07b6d66a71e9a53050ee","messageTitle":"Change Person Object to Client","messageBody":"","fileTypesAndContributionMap":{"functional-code":{"insertions":433,"deletions":433},"other":{"insertions":53,"deletions":53},"test-code":{"insertions":23,"deletions":20}}},{"hash":"c86ad6a46175ea6679a6a0e8bc1df5ac772c0732","messageTitle":"Edit to pass test cases","messageBody":"","fileTypesAndContributionMap":{"functional-code":{"insertions":5,"deletions":5},"other":{"insertions":150,"deletions":153},"test-code":{"insertions":596,"deletions":596}}}]},{"date":"2021-03-26","commitResults":[{"hash":"54003a8a327d551f5a7136c4b3e7fae31cb3bb82","messageTitle":"Created MeetingBookStorage and JsonMeetingBookStorage","messageBody":"","fileTypesAndContributionMap":{"functional-code":{"insertions":189,"deletions":0}}}]},{"date":"2021-03-27","commitResults":[{"hash":"895eef4955ebeeadc1f32c576dc5e1a4a9db020e","messageTitle":"Added more MeetingBook functionalities","messageBody":"","fileTypesAndContributionMap":{"functional-code":{"insertions":441,"deletions":81},"test-code":{"insertions":59,"deletions":11}}}]}],"zoeykobe":[{"date":"2021-02-22","commitResults":[{"hash":"9d3f72ee543c49633dd9440dfd7c63768d016463","messageTitle":"Update UserGuide.md","messageBody":"Update UserGuide by replacing all \"contact\" and \"person\" to \"client\", and all \"the address book\" and \"AddressBook\" to \"iScam\"\n","fileTypesAndContributionMap":{"docs":{"insertions":35,"deletions":35}}}]},{"date":"2021-03-14","commitResults":[{"hash":"c782279587fcf66a0c47ec5f542670ba0b262ff7","messageTitle":"Rename Classes","messageBody":"Change Address to Location, AddressBook to ClientBook\n","fileTypesAndContributionMap":{"functional-code":{"insertions":157,"deletions":156},"other":{"insertions":1061,"deletions":1084},"docs":{"insertions":56,"deletions":56},"test-code":{"insertions":73,"deletions":73}}},{"hash":"bb2432d824d715035c4c6b627cebdb148c3e16da","messageTitle":"Bug Fix","messageBody":"Change all occurances of Address to Location\n","fileTypesAndContributionMap":{"functional-code":{"insertions":31,"deletions":31},"test-code":{"insertions":10,"deletions":10}}},{"hash":"5cf15d26a7b8034ef0191fc12176388de16d5cb9","messageTitle":"Update Client.java","messageBody":"Remove trailing whitespace\n","fileTypesAndContributionMap":{"functional-code":{"insertions":0,"deletions":1}}},{"hash":"b8f86ed8cdd58fb649d0db8523316fcc929ae0d9","messageTitle":"Update MainApp.java","messageBody":"Replaced import * with individual imports\n","fileTypesAndContributionMap":{"functional-code":{"insertions":10,"deletions":2}}},{"hash":"6da46c21342ef45bb1bfd7ecb19c0eb3a5d20dbe","messageTitle":"Follow Checkstyle","messageBody":"Follow checkstyle\n","fileTypesAndContributionMap":{"functional-code":{"insertions":24,"deletions":11}}},{"hash":"f27b667cb2585c1f5c3d58df74b1a114fe624dc4","messageTitle":"Change Address Occurrences","messageBody":"Changed more occurrences of Address\n","fileTypesAndContributionMap":{"functional-code":{"insertions":87,"deletions":87},"other":{"insertions":12,"deletions":12},"test-code":{"insertions":158,"deletions":158}}},{"hash":"8cec1885e5f162c0b341924e80ff4d973e1267f8","messageTitle":"Checkstyle","messageBody":"Changed imports\n","fileTypesAndContributionMap":{"functional-code":{"insertions":8,"deletions":8}}},{"hash":"832271d5999518a6a94c9b20ae967084529c0aa9","messageTitle":"More checkstyle","messageBody":"Follow checkstyle even more\n","fileTypesAndContributionMap":{"test-code":{"insertions":60,"deletions":57}}},{"hash":"2e2e96b08252dc9c20296e7c59ee021c3b364257","messageTitle":"More checkstyle again","messageBody":"Change imports again\n","fileTypesAndContributionMap":{"test-code":{"insertions":7,"deletions":7}}},{"hash":"1a9a76178aa42bafd1a3f8a1f229b9b226cfec60","messageTitle":"Update JsonSerializableClientBookTest.java","messageBody":"Fix error\n","fileTypesAndContributionMap":{"test-code":{"insertions":3,"deletions":3}}},{"hash":"cee02154efdf726657f33fed688f375d25224128","messageTitle":"More Bug Fixes","messageBody":"Please work\n","fileTypesAndContributionMap":{"functional-code":{"insertions":34,"deletions":34},"other":{"insertions":0,"deletions":0},"test-code":{"insertions":1,"deletions":1}}},{"hash":"c2452e234685b5d7d16e3a96854fd190de03bcba","messageTitle":"Change json files","messageBody":"change json files\n","fileTypesAndContributionMap":{"other":{"insertions":3,"deletions":3},"test-code":{"insertions":34,"deletions":34}}},{"hash":"bd364b0b1a0b8152e0a7c709f35bd43e31aadcec","messageTitle":"Stage the unstaged files","messageBody":"","fileTypesAndContributionMap":{"functional-code":{"insertions":484,"deletions":0}}},{"hash":"66c885aa7177075b3dc42f426355a738d90fc470","messageTitle":"Bin items","messageBody":"Add bin items that I have no idea why they exist\n","fileTypesAndContributionMap":{"other":{"insertions":556,"deletions":0}}}]},{"date":"2021-03-26","commitResults":[{"hash":"2bf7505596afbf32af53199bbf1abbb0b77a7186","messageTitle":"Update to master","messageBody":"Update to master\n","fileTypesAndContributionMap":{"other":{"insertions":112,"deletions":116}}},{"hash":"d2ffa097d605701301f3359c57577776006aa747","messageTitle":"Add Meeting Files","messageBody":"Create MeetingCard.java, MeetingListPanel.java, MeetingListCard.fxml and MeetingListPanel.fxml based off their Client counterparts\n","fileTypesAndContributionMap":{"functional-code":{"insertions":126,"deletions":0}}},{"hash":"3329837c8b3baa2199694566f24ab516c600e6c4","messageTitle":"Update Logic","messageBody":"Implement getFilteredMeetingList() in Logic\n","fileTypesAndContributionMap":{"functional-code":{"insertions":22,"deletions":1}}},{"hash":"54bbeb1f9a19fe20d6a52ccd439f7abc4a30f1b3","messageTitle":"Working Meeting List UI","messageBody":"Update list command to set client mode\nUpdate ListMeetingsCommand to set meeting mode\nAdd ObservableBoolean isClientMode to Logic and Model\nImplement ObseravleBoolean to MainWindow\nEdit MeetingCard and MeetingListCard to have proper variables\n","fileTypesAndContributionMap":{"functional-code":{"insertions":85,"deletions":10}}},{"hash":"7ac7900c922ffadc859411b6214224ef08c36016","messageTitle":"Checkstyle","messageBody":"Modify code to pass checkstyle for\n-Logic.java\n-LogicManager.java\n-Model.java\n-ModelManager.java\n-ClientCard.java\n-MainWindow.java\n-MeetingCard.java\n-MeetingListPanel.java\n-MeetingListPanel.java\n-AddCommandTest.java\n","fileTypesAndContributionMap":{"functional-code":{"insertions":19,"deletions":24},"test-code":{"insertions":16,"deletions":0}}},{"hash":"987c12984a623f837d4d387d8f766f8176cf009d","messageTitle":"Update guides","messageBody":"Update user and developer guide\n","fileTypesAndContributionMap":{"docs":{"insertions":47,"deletions":41}}},{"hash":"33e961f7503eea731d300d7fbea5902c14208a77","messageTitle":"Update DeveloperGuide.md","messageBody":"Remove trailing whitespaces\n","fileTypesAndContributionMap":{"docs":{"insertions":29,"deletions":29}}},{"hash":"3d8c500df40e312240da2acb4c2c5bb192e2c223","messageTitle":"CI Test 1","messageBody":"Update DG to remove whitespace from line 300\nChange MeetingListCard to MeetingCard\n","fileTypesAndContributionMap":{"functional-code":{"insertions":1,"deletions":1},"docs":{"insertions":1,"deletions":1}}}]},{"date":"2021-03-27","commitResults":[{"hash":"8ecc387cd554aedeac93713dba25feaa43db9b0c","messageTitle":"Update Logic","messageBody":"Implement getFilteredMeetingList() in Logic\n","fileTypesAndContributionMap":{"functional-code":{"insertions":10,"deletions":0}}},{"hash":"c175f6e69cfe8b2311308ca71d5cc445c3d021fc","messageTitle":"Working Meeting List UI","messageBody":"Update list command to set client mode\nUpdate ListMeetingsCommand to set meeting mode\nAdd ObservableBoolean isClientMode to Logic and Model\nImplement ObseravleBoolean to MainWindow\nEdit MeetingCard and MeetingListCard to have proper variables\n","fileTypesAndContributionMap":{"functional-code":{"insertions":15,"deletions":0}}},{"hash":"59d5b3156624ddc449e1b7bdba947a836dfc05e0","messageTitle":"Checkstyle","messageBody":"Modify code to pass checkstyle for\n-Logic.java\n-LogicManager.java\n-Model.java\n-ModelManager.java\n-ClientCard.java\n-MainWindow.java\n-MeetingCard.java\n-MeetingListPanel.java\n-MeetingListPanel.java\n-AddCommandTest.java\n","fileTypesAndContributionMap":{"functional-code":{"insertions":3,"deletions":3}}},{"hash":"1abfa50e6e6beb0d6fde3aa22ea64d55a9c5da59","messageTitle":"UI Improvements","messageBody":"Improve UI design of meeting list\n","fileTypesAndContributionMap":{"functional-code":{"insertions":5,"deletions":32}}},{"hash":"c8e60e15dc17f7b412debe7f83516c1f166bc44d","messageTitle":"Remove Whitespace","messageBody":"Remove whitespace in Logic, Model and DG\n","fileTypesAndContributionMap":{"functional-code":{"insertions":3,"deletions":4},"docs":{"insertions":19,"deletions":19}}},{"hash":"27484feb44a28d2dc97b332e97fad85d9ad508aa","messageTitle":"Fix Duplicate Imports","messageBody":"Remove duplicated imports and extra separation in Test files\n","fileTypesAndContributionMap":{"test-code":{"insertions":0,"deletions":9}}},{"hash":"b84900ea05142ff513bbf9238ac85c476dc90d28","messageTitle":"Separate Import statement","messageBody":"Separate import statement in test files to pass CI test\n","fileTypesAndContributionMap":{"test-code":{"insertions":3,"deletions":0}}},{"hash":"9d14a5ef1635b3bab1f69bdc37dc19c1a011e65f","messageTitle":"Update Model.java","messageBody":"Update model.java to fix error\n","fileTypesAndContributionMap":{"functional-code":{"insertions":0,"deletions":5}}}]}],"Tomashiwa":[{"date":"2021-02-22","commitResults":[{"hash":"12dfd12b871d43c516d741cfa84a70c062bcf3fb","messageTitle":"Update Use Cases, NFR and Glossary","messageBody":"","fileTypesAndContributionMap":{"docs":{"insertions":196,"deletions":12}}},{"hash":"eeb46b41ce5c3e07e144f4de69db48a4fb2ec2de","messageTitle":"Add a new entry under NFR","messageBody":"","fileTypesAndContributionMap":{"docs":{"insertions":1,"deletions":0}}},{"hash":"26e808cfbfa3bb47bb0c4fb0bd127dfc35f53bfc","messageTitle":"Correct typo for NFR","messageBody":"","fileTypesAndContributionMap":{"docs":{"insertions":2,"deletions":1}}},{"hash":"5271e621dedb8cc75bfe7001e6e105638063393e","messageTitle":"Correct numbering for NFR","messageBody":"","fileTypesAndContributionMap":{"docs":{"insertions":2,"deletions":2}}},{"hash":"be76f3a6994a66beb7e09e636846dc3a22b3c8ce","messageTitle":"Change AddressBook to iScam","messageBody":"","fileTypesAndContributionMap":{"docs":{"insertions":37,"deletions":37}}}]},{"date":"2021-03-08","commitResults":[{"hash":"d03940bdf9ffabd0ea91fb9942af98916bfa1007","messageTitle":"Add Meeting and Description class","messageBody":"","fileTypesAndContributionMap":{"functional-code":{"insertions":153,"deletions":0}}}]},{"date":"2021-03-09","commitResults":[{"hash":"f77d279cb52f0229fcbc53cc4811f3d4cf87f2d9","messageTitle":"Correct checkstyling for Meeting and Description","messageBody":"","fileTypesAndContributionMap":{"functional-code":{"insertions":55,"deletions":13}}},{"hash":"d922b019cc694df67c5cb85c00048cf7ea6020ea","messageTitle":"Add placeholder validation for Description","messageBody":"","fileTypesAndContributionMap":{"functional-code":{"insertions":6,"deletions":2}}},{"hash":"79ddcfd5411bb5422ae57bece1a79ced1650fbc0","messageTitle":"Add exceptions classes for Meeting","messageBody":"","fileTypesAndContributionMap":{"functional-code":{"insertions":14,"deletions":0}}},{"hash":"8c0c76a886893576dcb77f1e1c25ed432693adf3","messageTitle":"Rename JsonAdaptedPerson to JsonAdaptedClient","messageBody":"","fileTypesAndContributionMap":{"other":{"insertions":0,"deletions":0}}},{"hash":"987337f92c398bb1174cabcf7db6e717ca92ea41","messageTitle":"Add placeholder for AddMeetingCommand and its parser","messageBody":"","fileTypesAndContributionMap":{"functional-code":{"insertions":106,"deletions":1}}},{"hash":"bd483c15c085f27d4d20164c2940a602003be379","messageTitle":"Add placeholder for DeleteMeetingCommand and its parser","messageBody":"","fileTypesAndContributionMap":{"functional-code":{"insertions":65,"deletions":0}}},{"hash":"d6ba6475b9d9eb18748a0a55125b6d2bdc2084a2","messageTitle":"Correct checkstyling for AddMeetingCommand, DeleteMeetingCommand and its parsers","messageBody":"","fileTypesAndContributionMap":{"functional-code":{"insertions":41,"deletions":18}}},{"hash":"9498c80e75c0341943e4117e143c8a69863ea16c","messageTitle":"Add EditMeetingCommand and its parser","messageBody":"","fileTypesAndContributionMap":{"functional-code":{"insertions":231,"deletions":0}}},{"hash":"64f37106dba4011c80e2537b0329db93fd6e68d8","messageTitle":"Correct checkstyling for placeholder EditMeetingCommand and its parser","messageBody":"","fileTypesAndContributionMap":{"functional-code":{"insertions":61,"deletions":19}}}]},{"date":"2021-03-10","commitResults":[{"hash":"b8e90f71bacead39889b90bf5dc003b1962aa8d1","messageTitle":"Update README.md CI Status","messageBody":"","fileTypesAndContributionMap":{"docs":{"insertions":1,"deletions":1}}}]},{"date":"2021-03-21","commitResults":[{"hash":"a1f7a47ee1f7d9c0307f8c5b45bf61f81ff8f2e6","messageTitle":"Replace Client with ClientName in Meeting and its related classes","messageBody":"","fileTypesAndContributionMap":{"functional-code":{"insertions":31,"deletions":52}}},{"hash":"c870ea5a1dac1bdf4faeee896b3274ca4f387fb6","messageTitle":"Add Meeting to Model class diagram","messageBody":"","fileTypesAndContributionMap":{"functional-code":{"insertions":1,"deletions":0},"docs":{"insertions":37,"deletions":19}}},{"hash":"9cb9bfcf309868903dc7c71f2dc0e76cb6c47b63","messageTitle":"Added meeting methods in ModelManager and its related classes","messageBody":"","fileTypesAndContributionMap":{"functional-code":{"insertions":132,"deletions":2},"test-code":{"insertions":36,"deletions":0}}},{"hash":"97681ddeb656b8c3351c8565a1d7745327bd8cb6","messageTitle":"Add saving and removing of Meeting in Add and Delete command","messageBody":"Note. Placeholder fields in parsers (Datetime, Description) needs to be implemented\n","fileTypesAndContributionMap":{"functional-code":{"insertions":30,"deletions":10}}},{"hash":"92febd4717b66564559fd1ea637d4cfaca7a57ef","messageTitle":"Add DateTime attribute class","messageBody":"","fileTypesAndContributionMap":{"functional-code":{"insertions":53,"deletions":0}}},{"hash":"2ef1b3fea8a4312885495746a3e85f624e316c6c","messageTitle":"Add parsing of DateTime and Description, Remove placeholder attributes when parsing Meeting","messageBody":"","fileTypesAndContributionMap":{"functional-code":{"insertions":42,"deletions":17}}},{"hash":"7a6d684e2873e3a6dbcad23a401c604eb49b74e9","messageTitle":"Correct usage message for AddMeetingCommand","messageBody":"","fileTypesAndContributionMap":{"functional-code":{"insertions":1,"deletions":1}}},{"hash":"b7263c7ca86502674d89b7c64cad2d7f5ad13448","messageTitle":"Update DateTime in Model UML","messageBody":"","fileTypesAndContributionMap":{"docs":{"insertions":2,"deletions":2}}},{"hash":"39c97f0065bd02803bbb732d8da9b34e1193a293","messageTitle":"Implement execution of EditMeetingCommand","messageBody":"","fileTypesAndContributionMap":{"functional-code":{"insertions":21,"deletions":5}}},{"hash":"51be8ff3c274636e523ce1c3cde1c7b587eefa43","messageTitle":"Correct checkstyle for Meeting commands and relevant classes","messageBody":"","fileTypesAndContributionMap":{"functional-code":{"insertions":37,"deletions":29},"test-code":{"insertions":3,"deletions":1}}},{"hash":"46b75907c4c05b24a019d6e29e8d93d0ef429202","messageTitle":"Add and implement ListMeetingsCommand","messageBody":"","fileTypesAndContributionMap":{"functional-code":{"insertions":42,"deletions":3}}},{"hash":"0e5115591c2268aad66a1aeaa21108a16e2b43b0","messageTitle":"Add containsIgnoreCase in StringUtil","messageBody":"","fileTypesAndContributionMap":{"functional-code":{"insertions":14,"deletions":0}}},{"hash":"20ed8f6978b05fb42f99b7bdbbc2f423599d6249","messageTitle":"Add and implement FindMeetingsCommand and relevant classes / Correct ListMeetingsCommand function names","messageBody":"","fileTypesAndContributionMap":{"functional-code":{"insertions":108,"deletions":2}}},{"hash":"c374eb3eda74494c901b2c09db3d1214fc365c2c","messageTitle":"Correct checkstyle for ListMeetings and FindMeetings / Add class description for previous classes","messageBody":"","fileTypesAndContributionMap":{"functional-code":{"insertions":75,"deletions":36},"other":{"insertions":14,"deletions":4}}}]},{"date":"2021-03-22","commitResults":[{"hash":"8c041dace2165436a00895dd0be771e2cfaeb675","messageTitle":"Add editing of completion status for EditMeeting command","messageBody":"","fileTypesAndContributionMap":{"functional-code":{"insertions":55,"deletions":17}}},{"hash":"835b234bae7ab039a82aa13ea5810a71382f8bd5","messageTitle":"Add and implement DoneMeetingCommand","messageBody":"","fileTypesAndContributionMap":{"functional-code":{"insertions":57,"deletions":0}}},{"hash":"55cadc23b64f2346a30bf13b7fbbb206ee282d91","messageTitle":"Correct checkstyle for EditMeetingCommand and DoneMeetingCommand","messageBody":"","fileTypesAndContributionMap":{"functional-code":{"insertions":35,"deletions":13}}},{"hash":"2cbde62d29e69eab83554a2d71d6b093c5e1f43e","messageTitle":"Add and implement RescheduleMeetingCommand","messageBody":"","fileTypesAndContributionMap":{"functional-code":{"insertions":100,"deletions":2}}},{"hash":"3dbf65a69acd57922ea9faaee334f8294da5ae77","messageTitle":"Add and implement RelocateMeetingCommand and related classes / Change a/ to l/ for PREFIX_LOCATION","messageBody":"","fileTypesAndContributionMap":{"functional-code":{"insertions":105,"deletions":3}}},{"hash":"0d18f21283ce9d5e9c39a24577e9b5d3b23b06d6","messageTitle":"Remove dependency on EditMeetingCommand to execute other commands","messageBody":"","fileTypesAndContributionMap":{"functional-code":{"insertions":50,"deletions":8}}},{"hash":"04ab88c689dba5c2a7f2c37371bd966468f1c1b9","messageTitle":"Correct checkstyle for DoneMeeting, RelocateMeeting and RescheduleMeeting commands","messageBody":"","fileTypesAndContributionMap":{"functional-code":{"insertions":42,"deletions":18}}}]},{"date":"2021-03-24","commitResults":[{"hash":"d54de162babcf2d69f21858824954b490c4d6ee8","messageTitle":"Extract Meetings from ClientBook to MeetingBook, Update Model and Tests for MeetingBook","messageBody":"","fileTypesAndContributionMap":{"functional-code":{"insertions":165,"deletions":80},"test-code":{"insertions":210,"deletions":30}}},{"hash":"1a85cb7e55cc516351aa478a1a8cc63f4c73c6ed","messageTitle":"Correct checkstyling for MeetingBook and its related classes","messageBody":"","fileTypesAndContributionMap":{"functional-code":{"insertions":60,"deletions":30},"test-code":{"insertions":47,"deletions":8}}},{"hash":"d3728932deb80e1924672c8a9105370d7ca53f02","messageTitle":"Correct command messages","messageBody":"","fileTypesAndContributionMap":{"functional-code":{"insertions":3,"deletions":7}}}]},{"date":"2021-03-25","commitResults":[{"hash":"80f58975db753552b3087e83f21d6da4f0bf28d1","messageTitle":"Add auto-sort by date-time for meetings","messageBody":"","fileTypesAndContributionMap":{"functional-code":{"insertions":16,"deletions":0}}},{"hash":"c919f31db89133cdcbc137949ce9d92155bb259e","messageTitle":"Extract ClientBook and MeetingBook from Model\u0027s UML","messageBody":"","fileTypesAndContributionMap":{"docs":{"insertions":88,"deletions":38}}}]},{"date":"2021-03-26","commitResults":[{"hash":"336287bad97fc4542a63c61abdabe3edcac13455","messageTitle":"Rearrange layout for Model class diagram","messageBody":"","fileTypesAndContributionMap":{"docs":{"insertions":12,"deletions":13}}},{"hash":"9d2206722391cab2b4851d05b9236be027198ff8","messageTitle":"Expands Model class diagram","messageBody":"","fileTypesAndContributionMap":{"docs":{"insertions":55,"deletions":16}}},{"hash":"8c7a4548672f87240a1148a8d2d5410ab1e77bd4","messageTitle":"Create commons package in model, Shift Name, Location, and Tag to commons page","messageBody":"","fileTypesAndContributionMap":{"functional-code":{"insertions":37,"deletions":35},"other":{"insertions":5,"deletions":4},"test-code":{"insertions":30,"deletions":26}}},{"hash":"a91cd99383ba523f7cc6dfd4188b09ab0a74947b","messageTitle":"Update import statements to reflect the introduction of commons package","messageBody":"","fileTypesAndContributionMap":{"functional-code":{"insertions":4,"deletions":4},"test-code":{"insertions":10,"deletions":7}}},{"hash":"bc6ed9b50a0f558713cfc7d0ce9dc622bdc97889","messageTitle":"Update Model component in Developer guide","messageBody":"","fileTypesAndContributionMap":{"docs":{"insertions":11,"deletions":6}}}]},{"date":"2021-03-27","commitResults":[{"hash":"5370a2783c35448d7a317faff56c82b56519a696","messageTitle":"Update use cases for meeting in DG","messageBody":"","fileTypesAndContributionMap":{"docs":{"insertions":127,"deletions":49}}},{"hash":"874f7b4112ad1cf99a3efe1c6c34406a52ee5fa5","messageTitle":"Create commons package in model, Shift Name, Location, and Tag to commons page","messageBody":"","fileTypesAndContributionMap":{"test-code":{"insertions":3,"deletions":0}}},{"hash":"08a498aef74b9a286c10f3056882b10b093820dc","messageTitle":"Update import statements to reflect the introduction of commons package","messageBody":"","fileTypesAndContributionMap":{"test-code":{"insertions":3,"deletions":0}}}]},{"date":"2021-03-28","commitResults":[{"hash":"268ba32e31ad7ec7d00e2b863a81d1fb80367429","messageTitle":"Add BookParser interface / Implement ClientBookParser and MeetingBookParser in LogicManager","messageBody":"","fileTypesAndContributionMap":{"functional-code":{"insertions":87,"deletions":84},"test-code":{"insertions":2,"deletions":1}}},{"hash":"8df2d229fc2e7a58d46a522b2b92eea09a1fbf8d","messageTitle":"Correct checkstyle for the change in parsers","messageBody":"","fileTypesAndContributionMap":{"functional-code":{"insertions":9,"deletions":18},"test-code":{"insertions":2,"deletions":2}}}]}],"Juzzanoob":[{"date":"2021-02-26","commitResults":[{"hash":"8c077e4bd1836a1a55490f39dbb3204f22ec4ec7","messageTitle":"Update README.md to accurately reflect team project information","messageBody":"","fileTypesAndContributionMap":{"docs":{"insertions":30,"deletions":10}}}]},{"date":"2021-03-14","commitResults":[{"hash":"04c3bf9c43ac41b3512ef83189fe3a7feac3f82b","messageTitle":"Add InsurancePlan.java to client folder","messageBody":"","fileTypesAndContributionMap":{"functional-code":{"insertions":35,"deletions":0}}},{"hash":"87a423aa7d25676eb54269678bd578e9d3fc093f","messageTitle":"Add InsurancePlan to Command classes and Tests","messageBody":"","fileTypesAndContributionMap":{"functional-code":{"insertions":99,"deletions":22},"test-code":{"insertions":78,"deletions":34}}},{"hash":"5b6cf143b38380284a3317c8d936adc63af6274d","messageTitle":"Modify JsonAdaptedClient to accomodate InsurancePlan","messageBody":"","fileTypesAndContributionMap":{"functional-code":{"insertions":3,"deletions":3}}}]},{"date":"2021-03-16","commitResults":[{"hash":"910632aca68980a4c7859dd496165ec3c898c1f0","messageTitle":"Modify example format to match expected format","messageBody":"","fileTypesAndContributionMap":{"functional-code":{"insertions":3,"deletions":2}}},{"hash":"6b3f46baec1ba1ed57d3d55d0c43b1cc742a43c4","messageTitle":"Modify files to adhere to checkstyle","messageBody":"","fileTypesAndContributionMap":{"functional-code":{"insertions":15,"deletions":9}}},{"hash":"4ee323038fbb77d062db57d8a4b32c51d4436f20","messageTitle":"Modify files to adhere to checkstyle","messageBody":"","fileTypesAndContributionMap":{"functional-code":{"insertions":2,"deletions":2}}},{"hash":"cfc0b9d43359610f7b3f779f0c5d7b5cd8ee2197","messageTitle":"Rename \"address book\" to \"client book\" in InsurancePlan.java javadoc description","messageBody":"","fileTypesAndContributionMap":{"functional-code":{"insertions":1,"deletions":1}}},{"hash":"cc32760468c143f644465a81a0f5a87f6448a01d","messageTitle":"Deconflict test files","messageBody":"","fileTypesAndContributionMap":{"test-code":{"insertions":24,"deletions":96}}},{"hash":"07dc936cf3d3335d988ff1ca3c1be25205616add","messageTitle":"Deconflict test files","messageBody":"","fileTypesAndContributionMap":{"test-code":{"insertions":19,"deletions":84}}},{"hash":"4ddd9e7b17e055102326527075462a8721a37dd4","messageTitle":"Modify CommandTestUtil.java to adhere to checkstyle","messageBody":"","fileTypesAndContributionMap":{"test-code":{"insertions":0,"deletions":1}}}]},{"date":"2021-03-17","commitResults":[{"hash":"43ef568ac97c4bd8be12654e9bc4d0a6b778a31d","messageTitle":"Resolve test errors","messageBody":"","fileTypesAndContributionMap":{"functional-code":{"insertions":4,"deletions":2},"test-code":{"insertions":43,"deletions":54}}},{"hash":"7278deac36f9073057f1c9ce2b84d99b363a067d","messageTitle":"Modify InsurancePlan.java to adhere to checkstyle","messageBody":"","fileTypesAndContributionMap":{"functional-code":{"insertions":1,"deletions":1}}},{"hash":"43f0c0eafb6d47f6ebe6a7491373097bcf7e3523","messageTitle":"Modify imports in test files to adhere to checkstyle","messageBody":"","fileTypesAndContributionMap":{"test-code":{"insertions":37,"deletions":3}}},{"hash":"a7913ab9f9430fa3b84ed1353235be3fead9daed","messageTitle":"Add back Isaiah\u0027s code","messageBody":"","fileTypesAndContributionMap":{"functional-code":{"insertions":147,"deletions":3}}},{"hash":"b788e9be97dc1f857101924bd8f8a7077f30d0e4","messageTitle":"Add newline at EOF for files without them","messageBody":"","fileTypesAndContributionMap":{"functional-code":{"insertions":2,"deletions":2}}}]}],"frisciliasultan":[{"date":"2021-02-22","commitResults":[{"hash":"a714b0fa60caba1deddcd25c25259c68e3bb6285","messageTitle":"Update DeveloperGuide","messageBody":"","fileTypesAndContributionMap":{"docs":{"insertions":24,"deletions":13}}}]},{"date":"2021-03-02","commitResults":[{"hash":"f96560e69eeaeb8174440281f17e3c91e3cee593","messageTitle":"Remove address field","messageBody":"","fileTypesAndContributionMap":{"functional-code":{"insertions":0,"deletions":57}}},{"hash":"98c593d84f3da8e8962000ea78f4808475c00d72","messageTitle":"Remove address field from other files","messageBody":"","fileTypesAndContributionMap":{"functional-code":{"insertions":0,"deletions":1},"test-code":{"insertions":0,"deletions":13}}},{"hash":"548c017944d5d0f54254ce880caf90c8b98087d6","messageTitle":"Add RemarkCommand class","messageBody":"","fileTypesAndContributionMap":{"functional-code":{"insertions":20,"deletions":9}}},{"hash":"271f39fedc7639f96dc9a94edc535d106e59daa0","messageTitle":"Change RemarkCommand to throw exception","messageBody":"","fileTypesAndContributionMap":{"functional-code":{"insertions":13,"deletions":2}}},{"hash":"7582db38393c5c6e684aeeff881a6dee35cb5065","messageTitle":"Make RemarkCommand accept parameters","messageBody":"","fileTypesAndContributionMap":{"functional-code":{"insertions":37,"deletions":2}}},{"hash":"f423b3c9ce3154eea03a9c7f6f2b9fa69d23c495","messageTitle":"Add a new Remark class","messageBody":"","fileTypesAndContributionMap":{"functional-code":{"insertions":74,"deletions":3}}},{"hash":"a60f0a42a061d0fcddc62728aafb9716d5ec82b9","messageTitle":"Modify Person and update other usages of Person","messageBody":"","fileTypesAndContributionMap":{"functional-code":{"insertions":34,"deletions":22},"test-code":{"insertions":14,"deletions":1}}},{"hash":"cae5c111c94c8de7d772cbdd537324c115370f1c","messageTitle":"Add a new Remark class","messageBody":"","fileTypesAndContributionMap":{"functional-code":{"insertions":9,"deletions":2},"test-code":{"insertions":27,"deletions":13}}}]},{"date":"2021-03-04","commitResults":[{"hash":"8ddc82138ec7dae87629a21670c202fd71094d0c","messageTitle":"Fix tests","messageBody":"","fileTypesAndContributionMap":{"functional-code":{"insertions":31,"deletions":2},"test-code":{"insertions":103,"deletions":0}}}]},{"date":"2021-03-13","commitResults":[{"hash":"140c3d9fa77d802c88a9656e06359151f82fe685","messageTitle":"Deconflict","messageBody":"","fileTypesAndContributionMap":{"functional-code":{"insertions":0,"deletions":33}}},{"hash":"96f3f77b1b577a9a16972fdc233e09ce5f544f07","messageTitle":"Deconflict","messageBody":"","fileTypesAndContributionMap":{"functional-code":{"insertions":0,"deletions":15}}}]},{"date":"2021-03-14","commitResults":[{"hash":"dae85cf8a99678f931667f7ee401063a7fdecc5f","messageTitle":"Deconflict","messageBody":"","fileTypesAndContributionMap":{"functional-code":{"insertions":10,"deletions":181},"test-code":{"insertions":19,"deletions":277}}},{"hash":"01b92210beeda8026c4eb4fafe03fe5b6ca2feb1","messageTitle":"Add JsonAdaptedMeeting","messageBody":"","fileTypesAndContributionMap":{"functional-code":{"insertions":136,"deletions":1}}},{"hash":"ff074c350d31dfa3e872991402e0ffbbaccfec6c","messageTitle":"Add the skeleton of UniqueMeetingList.java","messageBody":"","fileTypesAndContributionMap":{"functional-code":{"insertions":163,"deletions":0}}},{"hash":"4bbe09dce02ebea224439964b448d6f038ada98e","messageTitle":"Add UniqueMeetingList.java","messageBody":"","fileTypesAndContributionMap":{"functional-code":{"insertions":77,"deletions":26}}},{"hash":"3b2ce75e1b743bdba68f7d632652a4384e8da810","messageTitle":"Fix checkstyle violations","messageBody":"","fileTypesAndContributionMap":{"functional-code":{"insertions":2,"deletions":35},"docs":{"insertions":7,"deletions":7},"test-code":{"insertions":5,"deletions":5}}},{"hash":"55f5d42e1b1af58fddb21175f99a2cffc79b6943","messageTitle":"Fix checkstyle from gradle build","messageBody":"","fileTypesAndContributionMap":{"functional-code":{"insertions":24,"deletions":10}}},{"hash":"65c7ebdd0cba7d8d4326aa3b6a655b3e55bf01b5","messageTitle":"Fix checkstyle","messageBody":"","fileTypesAndContributionMap":{"functional-code":{"insertions":8,"deletions":8}}}]}]},"authorFileTypeContributionMap":{"Zaiah0505":{"docs":12,"functional-code":917,"test-code":488,"other":1},"JodyLorah":{"docs":32,"functional-code":942,"test-code":618},"zoeykobe":{"docs":101,"functional-code":553,"test-code":262,"other":552},"Tomashiwa":{"docs":407,"functional-code":1645,"test-code":321},"Juzzanoob":{"docs":28,"functional-code":200,"test-code":172},"frisciliasultan":{"docs":17,"functional-code":294,"test-code":2}},"authorContributionVariance":{"Zaiah0505":234249.81,"JodyLorah":169519.12,"zoeykobe":571804.94,"Tomashiwa":44414.215,"Juzzanoob":5609.1543,"frisciliasultan":28513.139},"authorDisplayNameMap":{"Zaiah0505":"CS2103-W17-4 ISAI.. YEW","JodyLorah":"CS2103-W17-4 TANG..ORAH","zoeykobe":"CS2103-W17-4 ZHOU..LVIN","Tomashiwa":"CS2103-W17-4 WONG..IANG","Juzzanoob":"CS2103-W17-4 SHAU.. LOH","frisciliasultan":"CS2103-W17-4 FRIS..LTAN"}}
