[{"path":"docs/DeveloperGuide.md","fileType":"docs","lines":[{"lineNumber":1,"author":{"gitId":"sjq-sohjunqi"},"content":"### Product Scope"},{"lineNumber":2,"author":{"gitId":"-"},"content":""},{"lineNumber":3,"author":{"gitId":"sjq-sohjunqi"},"content":"**Target user profile**"},{"lineNumber":4,"author":{"gitId":"sjq-sohjunqi"},"content":"  * want to start a diet"},{"lineNumber":5,"author":{"gitId":"sjq-sohjunqi"},"content":"  * track their progress against a diet plan"},{"lineNumber":6,"author":{"gitId":"sjq-sohjunqi"},"content":"  * track the macronutrients of the food consumed"},{"lineNumber":7,"author":{"gitId":"sjq-sohjunqi"},"content":"  * is comfortable with command-line interface"},{"lineNumber":8,"author":{"gitId":"-"},"content":""},{"lineNumber":9,"author":{"gitId":"sjq-sohjunqi"},"content":"**Value proposition**: quickly input daily food intake and calculate their macronutrients to check if diet plan is progressing as planned"},{"lineNumber":10,"author":{"gitId":"-"},"content":""},{"lineNumber":11,"author":{"gitId":"sjq-sohjunqi"},"content":"### User stories"},{"lineNumber":12,"author":{"gitId":"sjq-sohjunqi"},"content":"Priorities: High (must have) - `***`, Medium (nice to have) - `**`, Low (unlikely to have) - `*`"},{"lineNumber":13,"author":{"gitId":"sjq-sohjunqi"},"content":""},{"lineNumber":14,"author":{"gitId":"sjq-sohjunqi"},"content":"|Priority|   As a ...   |   I want to ...  |   So that I can​ ...   |"},{"lineNumber":15,"author":{"gitId":"sjq-sohjunqi"},"content":"|------------|------------------|----------------------|---------------------------|"},{"lineNumber":16,"author":{"gitId":"sjq-sohjunqi"},"content":"|`***`|User|Set a deadline for my diet plan|Stay on track of when the diet finishes|"},{"lineNumber":17,"author":{"gitId":"sjq-sohjunqi"},"content":"|`***`|User|Add a new diet plan|Start a new diet plan|"},{"lineNumber":18,"author":{"gitId":"sjq-sohjunqi"},"content":"|`***`|User|Delete my diet plan|Give up on the current diet plan|"},{"lineNumber":19,"author":{"gitId":"sjq-sohjunqi"},"content":"|`***`|User|Track my weight|See if the diet is working|"},{"lineNumber":20,"author":{"gitId":"sjq-sohjunqi"},"content":"|`***`|User|View a list of recommended diets|find out what to diet on as I am not sure|"},{"lineNumber":21,"author":{"gitId":"sjq-sohjunqi"},"content":"|`***`|First-time User|Skim through some example templates|Know how the application works|"},{"lineNumber":22,"author":{"gitId":"sjq-sohjunqi"},"content":"|`**`|Long-time User|See a history of my past diet|I can backtrack what diets I have been on|"},{"lineNumber":23,"author":{"gitId":"sjq-sohjunqi"},"content":"|`**`|Frequent user|Store information on the popular foods that I eat|Quickly input my intake for the day|"},{"lineNumber":24,"author":{"gitId":"sjq-sohjunqi"},"content":"|`**`|User|Customize my diet plan|Adjust my diet plan to fit my needs|"},{"lineNumber":25,"author":{"gitId":"sjq-sohjunqi"},"content":"|`**`|User with dietary requirements|Filter the list of diets to fit my dietary requirements|Choose diets that are suited to my dietary needs|"},{"lineNumber":26,"author":{"gitId":"sjq-sohjunqi"},"content":"|`*`|Social Users|See/Give reviews on diets|Know which diets are more effective for others|"},{"lineNumber":27,"author":{"gitId":"sjq-sohjunqi"},"content":"|`*`|Social Users|Connect with peers to see their dietary plans and progress|Stay up-to-date with my peers and possibly motivate myself|"},{"lineNumber":28,"author":{"gitId":"-"},"content":""},{"lineNumber":29,"author":{"gitId":"sjq-sohjunqi"},"content":"*{More to be added}*"},{"lineNumber":30,"author":{"gitId":"-"},"content":""},{"lineNumber":31,"author":{"gitId":"ssoonwee"},"content":"### Use cases"},{"lineNumber":32,"author":{"gitId":"-"},"content":""},{"lineNumber":33,"author":{"gitId":"ssoonwee"},"content":"(For all use cases below, the **Body Mass Index (BMI) Tracker** is the `BMITracker`, **Diet Plan Selector** is the `DietSelector`, **Macronutrients Tracker** is the `MacroTracker` and the **Actor** is the `user`, unless specified otherwise)"},{"lineNumber":34,"author":{"gitId":"-"},"content":""},{"lineNumber":35,"author":{"gitId":"ssoonwee"},"content":"**Use case: Calculate BMI**"},{"lineNumber":36,"author":{"gitId":"-"},"content":""},{"lineNumber":37,"author":{"gitId":"ssoonwee"},"content":"**MSS**"},{"lineNumber":38,"author":{"gitId":"-"},"content":""},{"lineNumber":39,"author":{"gitId":"ssoonwee"},"content":"1.  User keys in the weight, height and ideal weight"},{"lineNumber":40,"author":{"gitId":"ssoonwee"},"content":"2.  BMITracker calculates BMI from the user input"},{"lineNumber":41,"author":{"gitId":"ssoonwee"},"content":"3.  BMITracker updates the height, weight and BMI of the user"},{"lineNumber":42,"author":{"gitId":"-"},"content":""},{"lineNumber":43,"author":{"gitId":"ssoonwee"},"content":"    Use case ends."},{"lineNumber":44,"author":{"gitId":"-"},"content":""},{"lineNumber":45,"author":{"gitId":"ssoonwee"},"content":"**Use case: Query height and weight**"},{"lineNumber":46,"author":{"gitId":"-"},"content":""},{"lineNumber":47,"author":{"gitId":"ssoonwee"},"content":"**MSS**"},{"lineNumber":48,"author":{"gitId":"-"},"content":""},{"lineNumber":49,"author":{"gitId":"ssoonwee"},"content":"1.  User queries for height and weight"},{"lineNumber":50,"author":{"gitId":"ssoonwee"},"content":"2.  BMITracker displays information for height and weight"},{"lineNumber":51,"author":{"gitId":"-"},"content":""},{"lineNumber":52,"author":{"gitId":"ssoonwee"},"content":"    Use case ends."},{"lineNumber":53,"author":{"gitId":"-"},"content":"    "},{"lineNumber":54,"author":{"gitId":"ssoonwee"},"content":"**Use case: Update height and weight**"},{"lineNumber":55,"author":{"gitId":"-"},"content":""},{"lineNumber":56,"author":{"gitId":"ssoonwee"},"content":"**MSS**"},{"lineNumber":57,"author":{"gitId":"-"},"content":""},{"lineNumber":58,"author":{"gitId":"ssoonwee"},"content":"1.  User queries for height and weight"},{"lineNumber":59,"author":{"gitId":"ssoonwee"},"content":"2.  BMITracker displays information for height and weight"},{"lineNumber":60,"author":{"gitId":"ssoonwee"},"content":"3.  User updates the height and weight if they are different"},{"lineNumber":61,"author":{"gitId":"ssoonwee"},"content":"4.  BMITracker updates the height, weight and BMI of the user"},{"lineNumber":62,"author":{"gitId":"-"},"content":""},{"lineNumber":63,"author":{"gitId":"ssoonwee"},"content":"    Use case ends."},{"lineNumber":64,"author":{"gitId":"-"},"content":"    "},{"lineNumber":65,"author":{"gitId":"ssoonwee"},"content":"**Use case: Add food item as consumption**"},{"lineNumber":66,"author":{"gitId":"-"},"content":""},{"lineNumber":67,"author":{"gitId":"ssoonwee"},"content":"**MSS**"},{"lineNumber":68,"author":{"gitId":"-"},"content":""},{"lineNumber":69,"author":{"gitId":"ssoonwee"},"content":"1.  User keys in the date and food item with information such as its name, fats, carbos, proteins"},{"lineNumber":70,"author":{"gitId":"ssoonwee"},"content":"2.  MacroTracker keeps track of that and calculates its kilocalories"},{"lineNumber":71,"author":{"gitId":"ssoonwee"},"content":"3.  MacroTracker computes the total kilocalories for the day"},{"lineNumber":72,"author":{"gitId":"-"},"content":""},{"lineNumber":73,"author":{"gitId":"ssoonwee"},"content":"    Use case ends."},{"lineNumber":74,"author":{"gitId":"-"},"content":""},{"lineNumber":75,"author":{"gitId":"ssoonwee"},"content":"**Use case: Get diet recommendation**"},{"lineNumber":76,"author":{"gitId":"-"},"content":""},{"lineNumber":77,"author":{"gitId":"ssoonwee"},"content":"**MSS**"},{"lineNumber":78,"author":{"gitId":"-"},"content":""},{"lineNumber":79,"author":{"gitId":"ssoonwee"},"content":"1.  User requests to get a list of diet recommendation"},{"lineNumber":80,"author":{"gitId":"ssoonwee"},"content":"2.  DietSelector displays a list of diet recommendation based on user\u0027s BMI"},{"lineNumber":81,"author":{"gitId":"-"},"content":""},{"lineNumber":82,"author":{"gitId":"ssoonwee"},"content":"    Use case ends."},{"lineNumber":83,"author":{"gitId":"-"},"content":"    "},{"lineNumber":84,"author":{"gitId":"ssoonwee"},"content":"**Use case: View diet plan**"},{"lineNumber":85,"author":{"gitId":"-"},"content":""},{"lineNumber":86,"author":{"gitId":"ssoonwee"},"content":"**MSS**"},{"lineNumber":87,"author":{"gitId":"-"},"content":""},{"lineNumber":88,"author":{"gitId":"ssoonwee"},"content":"1.  User requests for a certain diet type"},{"lineNumber":89,"author":{"gitId":"ssoonwee"},"content":"2.  DietSelector displays a detailed requirement for that certain diet type"},{"lineNumber":90,"author":{"gitId":"-"},"content":""},{"lineNumber":91,"author":{"gitId":"ssoonwee"},"content":"    Use case ends."},{"lineNumber":92,"author":{"gitId":"-"},"content":"    "},{"lineNumber":93,"author":{"gitId":"ssoonwee"},"content":"**Use case: Add food item as an intake**"},{"lineNumber":94,"author":{"gitId":"-"},"content":""},{"lineNumber":95,"author":{"gitId":"-"},"content":"**MSS**"},{"lineNumber":96,"author":{"gitId":"-"},"content":""},{"lineNumber":97,"author":{"gitId":"ssoonwee"},"content":"1.  User adds a particular food item"},{"lineNumber":98,"author":{"gitId":"ssoonwee"},"content":"2.  MacroTracker tracks the food and computes the total kilo calories consumption for the day"},{"lineNumber":99,"author":{"gitId":"-"},"content":""},{"lineNumber":100,"author":{"gitId":"-"},"content":"    Use case ends."},{"lineNumber":101,"author":{"gitId":"-"},"content":"    "},{"lineNumber":102,"author":{"gitId":"-"},"content":"**Extensions**"},{"lineNumber":103,"author":{"gitId":"ssoonwee"},"content":"*  1a. The food item exists."},{"lineNumber":104,"author":{"gitId":"-"},"content":""},{"lineNumber":105,"author":{"gitId":"ssoonwee"},"content":"   * 1a1. MacroTracker updates food item details in the list of food."},{"lineNumber":106,"author":{"gitId":"-"},"content":"  "},{"lineNumber":107,"author":{"gitId":"ssoonwee"},"content":"*  1b. The food item does not exists."},{"lineNumber":108,"author":{"gitId":"-"},"content":"   "},{"lineNumber":109,"author":{"gitId":"ssoonwee"},"content":"   * 1b1. MacroTracker adds the food item into the list of food."},{"lineNumber":110,"author":{"gitId":"-"},"content":"  "},{"lineNumber":111,"author":{"gitId":"ssoonwee"},"content":"   Use case resumes at step 2. "},{"lineNumber":112,"author":{"gitId":"-"},"content":""},{"lineNumber":113,"author":{"gitId":"ssoonwee"},"content":"**Use case: Display current food intake for the day**"},{"lineNumber":114,"author":{"gitId":"-"},"content":""},{"lineNumber":115,"author":{"gitId":"-"},"content":"**MSS**"},{"lineNumber":116,"author":{"gitId":"-"},"content":""},{"lineNumber":117,"author":{"gitId":"ssoonwee"},"content":"1.  User queries a particular day intake."},{"lineNumber":118,"author":{"gitId":"ssoonwee"},"content":"2.  MacroTracker displays the summary intake for that day."},{"lineNumber":119,"author":{"gitId":"-"},"content":""},{"lineNumber":120,"author":{"gitId":"-"},"content":"    Use case ends."},{"lineNumber":121,"author":{"gitId":"-"},"content":"    "},{"lineNumber":122,"author":{"gitId":"-"},"content":"*{More to be added}*"},{"lineNumber":123,"author":{"gitId":"-"},"content":""},{"lineNumber":124,"author":{"gitId":"-"},"content":"### Non-Functional Requirements"},{"lineNumber":125,"author":{"gitId":"-"},"content":""},{"lineNumber":126,"author":{"gitId":"-"},"content":"1.  Should work on any _mainstream OS_ as long as it has Java `11` or above installed."},{"lineNumber":127,"author":{"gitId":"-"},"content":"2.  Should be able to hold up to 1000 persons without a noticeable sluggishness in performance for typical usage."},{"lineNumber":128,"author":{"gitId":"-"},"content":"3.  A user with above average typing speed for regular English text (i.e. not code, not system admin commands) should be able to accomplish most of the tasks faster using commands than using the mouse."},{"lineNumber":129,"author":{"gitId":"-"},"content":""},{"lineNumber":130,"author":{"gitId":"-"},"content":"*{More to be added}*"},{"lineNumber":131,"author":{"gitId":"-"},"content":""},{"lineNumber":132,"author":{"gitId":"-"},"content":"### Glossary"},{"lineNumber":133,"author":{"gitId":"-"},"content":""},{"lineNumber":134,"author":{"gitId":"-"},"content":"* **Mainstream OS**: Windows, Linux, Unix, OS-X"},{"lineNumber":135,"author":{"gitId":"-"},"content":""},{"lineNumber":136,"author":{"gitId":"ssoonwee"},"content":"*{More to be added}*"}],"authorContributionMap":{"sjq-sohjunqi":25,"ssoonwee":48,"-":63}},{"path":"docs/UserGuide.md","fileType":"docs","lines":[{"lineNumber":1,"author":{"gitId":"sjq-sohjunqi"},"content":"## Introduction"},{"lineNumber":2,"author":{"gitId":"-"},"content":""},{"lineNumber":3,"author":{"gitId":"sjq-sohjunqi"},"content":"DieTrack is a **desktop app with a Command-Line Interface (CLI) that allows users to easily track and maintain their meals so that they are able to maintain their ideal body weight.** If you can type fast, you’ll be able to record your meals in this app much faster than other traditional GUI-based diet tracking apps."},{"lineNumber":4,"author":{"gitId":"-"},"content":""},{"lineNumber":5,"author":{"gitId":"sjq-sohjunqi"},"content":"## Table of Contents"},{"lineNumber":6,"author":{"gitId":"sjq-sohjunqi"},"content":""},{"lineNumber":7,"author":{"gitId":"sjq-sohjunqi"},"content":"\u003c!--ts--\u003e"},{"lineNumber":8,"author":{"gitId":"sjq-sohjunqi"},"content":"* [Introduction](#introduction)"},{"lineNumber":9,"author":{"gitId":"sjq-sohjunqi"},"content":"* [Quick start](#quick-start)"},{"lineNumber":10,"author":{"gitId":"sjq-sohjunqi"},"content":"* [Features](#features)"},{"lineNumber":11,"author":{"gitId":"sjq-sohjunqi"},"content":"* [Body Mass Index (BMI) Tracker](#1-body-mass-index-bmi-tracker)"},{"lineNumber":12,"author":{"gitId":"sjq-sohjunqi"},"content":"  * [Input weight, height and ideal weight](#11-input-weight-height-and-ideal-weight)"},{"lineNumber":13,"author":{"gitId":"sjq-sohjunqi"},"content":"  * [Query weight, height and BMI](#12-query-weight-height-and-bmi)"},{"lineNumber":14,"author":{"gitId":"sjq-sohjunqi"},"content":"  * [Update weight, height and ideal weight](#13-update-weight-height-and-ideal-weight)"},{"lineNumber":15,"author":{"gitId":"sjq-sohjunqi"},"content":"* [Diet Plan Selector](#2-diet-plan-selector)"},{"lineNumber":16,"author":{"gitId":"sjq-sohjunqi"},"content":"  * [Get diet recommendations based on current BMI](#21-get-diet-recommendations-based-on-current-bmi)"},{"lineNumber":17,"author":{"gitId":"sjq-sohjunqi"},"content":"  * [View active diet plan](#22-view-active-diet-plan)"},{"lineNumber":18,"author":{"gitId":"sjq-sohjunqi"},"content":"  * [Select active diet plan](#23-select-active-diet-plan)"},{"lineNumber":19,"author":{"gitId":"sjq-sohjunqi"},"content":"* [Macronutrients Tracker](#3-macronutrients-tracker)"},{"lineNumber":20,"author":{"gitId":"sjq-sohjunqi"},"content":"  * [Input carbohydrates, fats and protein intake](#31-input-carbohydrates-fats-and-protein-intake)"},{"lineNumber":21,"author":{"gitId":"sjq-sohjunqi"},"content":"  * [List food intake for certain days](#32-list-food-intake-for-certain-days)"},{"lineNumber":22,"author":{"gitId":"sjq-sohjunqi"},"content":"* [Command summary](#command-summary)"},{"lineNumber":23,"author":{"gitId":"sjq-sohjunqi"},"content":"\u003c!--te--\u003e"},{"lineNumber":24,"author":{"gitId":"-"},"content":""},{"lineNumber":25,"author":{"gitId":"-"},"content":"--------------------------------------------------------------------------------------------------------------------"},{"lineNumber":26,"author":{"gitId":"-"},"content":""},{"lineNumber":27,"author":{"gitId":"-"},"content":"## Quick start"},{"lineNumber":28,"author":{"gitId":"-"},"content":""},{"lineNumber":29,"author":{"gitId":"-"},"content":"1. Ensure you have Java `11` or above installed in your Computer."},{"lineNumber":30,"author":{"gitId":"-"},"content":""},{"lineNumber":31,"author":{"gitId":"ssoonwee"},"content":"1. Download the latest `dietrack.jar`."},{"lineNumber":32,"author":{"gitId":"-"},"content":""},{"lineNumber":33,"author":{"gitId":"ssoonwee"},"content":"1. Copy the file to the folder you will be launching DieTrack from on a daily basis."},{"lineNumber":34,"author":{"gitId":"-"},"content":""},{"lineNumber":35,"author":{"gitId":"ssoonwee"},"content":"1. Double-click the file to start the app. The GUI similar to the below should appear in a few seconds. Note how the app contains some sample data."},{"lineNumber":36,"author":{"gitId":"-"},"content":""},{"lineNumber":37,"author":{"gitId":"-"},"content":"1. Type the command in the command box and press Enter to execute it. e.g. typing **`help`** and pressing Enter will open the help window.\u003cbr\u003e"},{"lineNumber":38,"author":{"gitId":"-"},"content":"   Some example commands you can try:"},{"lineNumber":39,"author":{"gitId":"-"},"content":"   "},{"lineNumber":40,"author":{"gitId":"ssoonwee"},"content":"   * **`bmi`**`h/150 w/70 i/75`: Initializes the current user BMI with height of 150cm, weight of 70kg and ideal weight of 75kg."},{"lineNumber":41,"author":{"gitId":"-"},"content":""},{"lineNumber":42,"author":{"gitId":"ssoonwee"},"content":"   * **`bmi`**`query`: Queries the current user\u0027s BMI with its height and weight information."},{"lineNumber":43,"author":{"gitId":"-"},"content":""},{"lineNumber":44,"author":{"gitId":"ssoonwee"},"content":"   * **`bmi`**`update h/170 w/70 i/80`: Updates the current user BMI to height of 170cm, weight of 70kg and ideal weight of 80kg."},{"lineNumber":45,"author":{"gitId":"-"},"content":""},{"lineNumber":46,"author":{"gitId":"ssoonwee"},"content":"   * **`plan`**`bmi recommended`: Queries the recommended diet plans based on user\u0027s BMI."},{"lineNumber":47,"author":{"gitId":"-"},"content":""},{"lineNumber":48,"author":{"gitId":"ssoonwee"},"content":"   * **`plan`**`t/Protein`: Queries more information of the Protein diet plan."},{"lineNumber":49,"author":{"gitId":"-"},"content":""},{"lineNumber":50,"author":{"gitId":"ssoonwee"},"content":"   * **`food`**`d/today n/tomatoes p/10 c/10 f/10`: Adds tomato consumption with protein of 10g, carbohydrates of 10g and fats of 10g to the food intake for today."},{"lineNumber":51,"author":{"gitId":"ssoonwee"},"content":"   "},{"lineNumber":52,"author":{"gitId":"ssoonwee"},"content":"   * **`food`**`query d/today`: Queries the food intake for today."},{"lineNumber":53,"author":{"gitId":"-"},"content":""},{"lineNumber":54,"author":{"gitId":"-"},"content":"1. Refer to the [Features](#features) below for details of each command."},{"lineNumber":55,"author":{"gitId":"-"},"content":""},{"lineNumber":56,"author":{"gitId":"-"},"content":"--------------------------------------------------------------------------------------------------------------------"},{"lineNumber":57,"author":{"gitId":"-"},"content":""},{"lineNumber":58,"author":{"gitId":"-"},"content":"## Features"},{"lineNumber":59,"author":{"gitId":"-"},"content":""},{"lineNumber":60,"author":{"gitId":"-"},"content":""},{"lineNumber":61,"author":{"gitId":"sjq-sohjunqi"},"content":"--------------------------------------------------------------------------------------------------------------------"},{"lineNumber":62,"author":{"gitId":"-"},"content":""},{"lineNumber":63,"author":{"gitId":"sjq-sohjunqi"},"content":"## 1. Body Mass Index (BMI) Tracker"},{"lineNumber":64,"author":{"gitId":"-"},"content":""},{"lineNumber":65,"author":{"gitId":"sjq-sohjunqi"},"content":"### 1.1 Input weight, height and ideal weight"},{"lineNumber":66,"author":{"gitId":"-"},"content":""},{"lineNumber":67,"author":{"gitId":"-"},"content":"Shows a message explaning how to access the help page."},{"lineNumber":68,"author":{"gitId":"-"},"content":""},{"lineNumber":69,"author":{"gitId":"-"},"content":"![help message](images/helpMessage.png)"},{"lineNumber":70,"author":{"gitId":"-"},"content":""},{"lineNumber":71,"author":{"gitId":"-"},"content":"Format: `help`"},{"lineNumber":72,"author":{"gitId":"-"},"content":""},{"lineNumber":73,"author":{"gitId":"-"},"content":""},{"lineNumber":74,"author":{"gitId":"sjq-sohjunqi"},"content":"### 1.2 Query weight, height and BMI"},{"lineNumber":75,"author":{"gitId":"-"},"content":""},{"lineNumber":76,"author":{"gitId":"-"},"content":"Adds a person to the address book."},{"lineNumber":77,"author":{"gitId":"-"},"content":""},{"lineNumber":78,"author":{"gitId":"-"},"content":"Format: `add n/NAME p/PHONE_NUMBER e/EMAIL a/ADDRESS [t/TAG]…​`"},{"lineNumber":79,"author":{"gitId":"-"},"content":""},{"lineNumber":80,"author":{"gitId":"-"},"content":"\u003cdiv markdown\u003d\"span\" class\u003d\"alert alert-primary\"\u003e:bulb: **Tip:**"},{"lineNumber":81,"author":{"gitId":"-"},"content":"A person can have any number of tags (including 0)"},{"lineNumber":82,"author":{"gitId":"-"},"content":"\u003c/div\u003e"},{"lineNumber":83,"author":{"gitId":"-"},"content":""},{"lineNumber":84,"author":{"gitId":"-"},"content":"Examples:"},{"lineNumber":85,"author":{"gitId":"-"},"content":"* `add n/John Doe p/98765432 e/johnd@example.com a/John street, block 123, #01-01`"},{"lineNumber":86,"author":{"gitId":"-"},"content":"* `add n/Betsy Crowe t/friend e/betsycrowe@example.com a/Newgate Prison p/1234567 t/criminal`"},{"lineNumber":87,"author":{"gitId":"-"},"content":""},{"lineNumber":88,"author":{"gitId":"sjq-sohjunqi"},"content":"### 1.3 Update weight, height and ideal weight"},{"lineNumber":89,"author":{"gitId":"-"},"content":""},{"lineNumber":90,"author":{"gitId":"-"},"content":"Shows a list of all persons in the address book."},{"lineNumber":91,"author":{"gitId":"-"},"content":""},{"lineNumber":92,"author":{"gitId":"-"},"content":"Format: `list`"},{"lineNumber":93,"author":{"gitId":"-"},"content":""},{"lineNumber":94,"author":{"gitId":"sjq-sohjunqi"},"content":"## 2. Diet Plan Selector"},{"lineNumber":95,"author":{"gitId":"-"},"content":""},{"lineNumber":96,"author":{"gitId":"-"},"content":"Edits an existing person in the address book."},{"lineNumber":97,"author":{"gitId":"-"},"content":""},{"lineNumber":98,"author":{"gitId":"-"},"content":"Format: `edit INDEX [n/NAME] [p/PHONE] [e/EMAIL] [a/ADDRESS] [t/TAG]…​`"},{"lineNumber":99,"author":{"gitId":"-"},"content":""},{"lineNumber":100,"author":{"gitId":"-"},"content":"* Edits the person at the specified `INDEX`. The index refers to the index number shown in the displayed person list. The index **must be a positive integer** 1, 2, 3, …​"},{"lineNumber":101,"author":{"gitId":"-"},"content":"* At least one of the optional fields must be provided."},{"lineNumber":102,"author":{"gitId":"-"},"content":"* Existing values will be updated to the input values."},{"lineNumber":103,"author":{"gitId":"-"},"content":"* When editing tags, the existing tags of the person will be removed i.e adding of tags is not cumulative."},{"lineNumber":104,"author":{"gitId":"-"},"content":"* You can remove all the person’s tags by typing `t/` without"},{"lineNumber":105,"author":{"gitId":"-"},"content":"    specifying any tags after it."},{"lineNumber":106,"author":{"gitId":"-"},"content":""},{"lineNumber":107,"author":{"gitId":"-"},"content":"Examples:"},{"lineNumber":108,"author":{"gitId":"-"},"content":"*  `edit 1 p/91234567 e/johndoe@example.com` Edits the phone number and email address of the 1st person to be `91234567` and `johndoe@example.com` respectively."},{"lineNumber":109,"author":{"gitId":"-"},"content":"*  `edit 2 n/Betsy Crower t/` Edits the name of the 2nd person to be `Betsy Crower` and clears all existing tags."},{"lineNumber":110,"author":{"gitId":"-"},"content":""},{"lineNumber":111,"author":{"gitId":"sjq-sohjunqi"},"content":"### 2.1 Get diet recommendations based on current BMI"},{"lineNumber":112,"author":{"gitId":"-"},"content":""},{"lineNumber":113,"author":{"gitId":"-"},"content":"Finds persons whose names contain any of the given keywords."},{"lineNumber":114,"author":{"gitId":"-"},"content":""},{"lineNumber":115,"author":{"gitId":"-"},"content":"Format: `find KEYWORD [MORE_KEYWORDS]`"},{"lineNumber":116,"author":{"gitId":"-"},"content":""},{"lineNumber":117,"author":{"gitId":"-"},"content":"* The search is case-insensitive. e.g `hans` will match `Hans`"},{"lineNumber":118,"author":{"gitId":"-"},"content":"* The order of the keywords does not matter. e.g. `Hans Bo` will match `Bo Hans`"},{"lineNumber":119,"author":{"gitId":"-"},"content":"* Only the name is searched."},{"lineNumber":120,"author":{"gitId":"-"},"content":"* Only full words will be matched e.g. `Han` will not match `Hans`"},{"lineNumber":121,"author":{"gitId":"-"},"content":"* Persons matching at least one keyword will be returned (i.e. `OR` search)."},{"lineNumber":122,"author":{"gitId":"-"},"content":"  e.g. `Hans Bo` will return `Hans Gruber`, `Bo Yang`"},{"lineNumber":123,"author":{"gitId":"-"},"content":""},{"lineNumber":124,"author":{"gitId":"-"},"content":"Examples:"},{"lineNumber":125,"author":{"gitId":"-"},"content":"* `find John` returns `john` and `John Doe`"},{"lineNumber":126,"author":{"gitId":"-"},"content":"* `find alex david` returns `Alex Yeoh`, `David Li`\u003cbr\u003e"},{"lineNumber":127,"author":{"gitId":"-"},"content":"  ![result for \u0027find alex david\u0027](images/findAlexDavidResult.png)"},{"lineNumber":128,"author":{"gitId":"-"},"content":""},{"lineNumber":129,"author":{"gitId":"sjq-sohjunqi"},"content":"### 2.2 View active diet plan"},{"lineNumber":130,"author":{"gitId":"-"},"content":""},{"lineNumber":131,"author":{"gitId":"-"},"content":"Deletes the specified person from the address book."},{"lineNumber":132,"author":{"gitId":"-"},"content":""},{"lineNumber":133,"author":{"gitId":"-"},"content":"Format: `delete INDEX`"},{"lineNumber":134,"author":{"gitId":"-"},"content":""},{"lineNumber":135,"author":{"gitId":"-"},"content":"* Deletes the person at the specified `INDEX`."},{"lineNumber":136,"author":{"gitId":"-"},"content":"* The index refers to the index number shown in the displayed person list."},{"lineNumber":137,"author":{"gitId":"-"},"content":"* The index **must be a positive integer** 1, 2, 3, …​"},{"lineNumber":138,"author":{"gitId":"-"},"content":""},{"lineNumber":139,"author":{"gitId":"-"},"content":"Examples:"},{"lineNumber":140,"author":{"gitId":"-"},"content":"* `list` followed by `delete 2` deletes the 2nd person in the address book."},{"lineNumber":141,"author":{"gitId":"-"},"content":"* `find Betsy` followed by `delete 1` deletes the 1st person in the results of the `find` command."},{"lineNumber":142,"author":{"gitId":"-"},"content":""},{"lineNumber":143,"author":{"gitId":"sjq-sohjunqi"},"content":"### 2.3 Select active diet plan"},{"lineNumber":144,"author":{"gitId":"sjq-sohjunqi"},"content":""},{"lineNumber":145,"author":{"gitId":"sjq-sohjunqi"},"content":""},{"lineNumber":146,"author":{"gitId":"sjq-sohjunqi"},"content":"## 3. Macronutrients Tracker"},{"lineNumber":147,"author":{"gitId":"-"},"content":""},{"lineNumber":148,"author":{"gitId":"-"},"content":"Clears all entries from the address book."},{"lineNumber":149,"author":{"gitId":"-"},"content":""},{"lineNumber":150,"author":{"gitId":"-"},"content":"Format: `clear`"},{"lineNumber":151,"author":{"gitId":"-"},"content":""},{"lineNumber":152,"author":{"gitId":"sjq-sohjunqi"},"content":"### 3.1 Input carbohydrates, fats and protein intake"},{"lineNumber":153,"author":{"gitId":"-"},"content":""},{"lineNumber":154,"author":{"gitId":"-"},"content":"Exits the program."},{"lineNumber":155,"author":{"gitId":"-"},"content":""},{"lineNumber":156,"author":{"gitId":"-"},"content":"Format: `exit`"},{"lineNumber":157,"author":{"gitId":"-"},"content":""},{"lineNumber":158,"author":{"gitId":"sjq-sohjunqi"},"content":"### 3.2 List food intake for certain days"},{"lineNumber":159,"author":{"gitId":"-"},"content":""},{"lineNumber":160,"author":{"gitId":"-"},"content":"AddressBook data are saved in the hard disk automatically after any command that changes the data. There is no need to save manually."},{"lineNumber":161,"author":{"gitId":"-"},"content":""},{"lineNumber":162,"author":{"gitId":"-"},"content":"--------------------------------------------------------------------------------------------------------------------"},{"lineNumber":163,"author":{"gitId":"-"},"content":""},{"lineNumber":164,"author":{"gitId":"-"},"content":"## Command summary"},{"lineNumber":165,"author":{"gitId":"-"},"content":""},{"lineNumber":166,"author":{"gitId":"-"},"content":"Action | Format, Examples"},{"lineNumber":167,"author":{"gitId":"-"},"content":"--------|------------------"},{"lineNumber":168,"author":{"gitId":"-"},"content":"**Add** | `add n/NAME p/PHONE_NUMBER e/EMAIL a/ADDRESS [t/TAG]…​` \u003cbr\u003e e.g., `add n/James Ho p/22224444 e/jamesho@example.com a/123, Clementi Rd, 1234665 t/friend t/colleague`"},{"lineNumber":169,"author":{"gitId":"-"},"content":"**Clear** | `clear`"},{"lineNumber":170,"author":{"gitId":"-"},"content":"**Delete** | `delete INDEX`\u003cbr\u003e e.g., `delete 3`"},{"lineNumber":171,"author":{"gitId":"-"},"content":"**Edit** | `edit INDEX [n/NAME] [p/PHONE_NUMBER] [e/EMAIL] [a/ADDRESS] [t/TAG]…​`\u003cbr\u003e e.g.,`edit 2 n/James Lee e/jameslee@example.com`"},{"lineNumber":172,"author":{"gitId":"-"},"content":"**Find** | `find KEYWORD [MORE_KEYWORDS]`\u003cbr\u003e e.g., `find James Jake`"},{"lineNumber":173,"author":{"gitId":"-"},"content":"**List** | `list`"},{"lineNumber":174,"author":{"gitId":"-"},"content":"**Help** | `help`"}],"authorContributionMap":{"sjq-sohjunqi":35,"ssoonwee":11,"-":128}}]
