{"authorDailyContributionsMap":{"SoonKeatNeo":[{"date":"2021-02-28","commitResults":[{"hash":"e89684b243f60b271be6380a5c59f1ed8c2df975","messageTitle":"AboutUs: Update AboutUs to include header link","messageBody":"","fileTypesAndContributionMap":{"docs":{"insertions":5,"deletions":0}}},{"hash":"22e13aebb51ba15960073f139c573ef89761293c","messageTitle":"UG: Update macronutrients tracker and fix some formatting issues","messageBody":"","fileTypesAndContributionMap":{"docs":{"insertions":18,"deletions":17}}},{"hash":"eb7250c32f388040e9615884e9d429da76e82106","messageTitle":"UG: Fix formatting issues in Macronutrients Tracker","messageBody":"","fileTypesAndContributionMap":{"docs":{"insertions":8,"deletions":7}}},{"hash":"7369d1940b703434bd2bb583ce59a68a9ca74ff2","messageTitle":"UG: Fix newline issues in macronutrients tracker","messageBody":"","fileTypesAndContributionMap":{"docs":{"insertions":4,"deletions":4}}},{"hash":"5a60b1a04fda9ce5bb7158c6c8b7929b2d32196c","messageTitle":"UG: Add newline for 3.2 expected output","messageBody":"","fileTypesAndContributionMap":{"docs":{"insertions":1,"deletions":0}}},{"hash":"81e1018b7813f9a5dfe19b3607f3e3450db651d5","messageTitle":"Docs: Update placeholder text and headers","messageBody":"","fileTypesAndContributionMap":{"docs":{"insertions":23,"deletions":17}}},{"hash":"cb88b287cc8ff19ea7340ab960cdf1be155d5663","messageTitle":"DG: Update headers and add some NFRs","messageBody":"","fileTypesAndContributionMap":{"docs":{"insertions":11,"deletions":2}}},{"hash":"71edac195315a65e7ed66cde53b018e0f2702927","messageTitle":"Docs: Remove trailing whitespace","messageBody":"","fileTypesAndContributionMap":{"docs":{"insertions":19,"deletions":19}}}]},{"date":"2021-03-07","commitResults":[{"hash":"0862bf703839493d9a196c65f698a30134e59164","messageTitle":"Add User and Bmi model classes","messageBody":"","fileTypesAndContributionMap":{"functional-code":{"insertions":213,"deletions":0},"test-code":{"insertions":48,"deletions":0}}}]},{"date":"2021-03-10","commitResults":[{"hash":"3a174728d7ac1ddb9506c4bcad3465a72d43336f","messageTitle":"User: Add Age field","messageBody":"","fileTypesAndContributionMap":{"functional-code":{"insertions":47,"deletions":2},"test-code":{"insertions":4,"deletions":0}}}]},{"date":"2021-03-14","commitResults":[{"hash":"dc0189f5ecfc48a68bc45ae3c4d87cc06ac72d15","messageTitle":"Update Model.java to remove additional field","messageBody":"","fileTypesAndContributionMap":{"functional-code":{"insertions":0,"deletions":7}}}]}],"sjq-sohjunqi":[{"date":"2021-02-27","commitResults":[{"hash":"e29f70df711a8b9261b779b4b9902f91307900d9","messageTitle":"Update user guide","messageBody":"Update user guide\n\nUser guide was previously from Address-Book3.\n\nLet\u0027s update the table of contents and headers to that of DieTrack\u0027s.\n","fileTypesAndContributionMap":{"docs":{"insertions":26,"deletions":69}}},{"hash":"c1bf82d5e6c63017df27f7b8e0f8bb12f59c3b65","messageTitle":"Update user guide","messageBody":"Update user guide.\n\nUser guide did not have a structure.\n\nLet\u0027s add a structure to the user guide by populating the table of contents.\n","fileTypesAndContributionMap":{"docs":{"insertions":21,"deletions":13}}},{"hash":"e35ee0bc2fc50a4a53794809b12452fd60777b0c","messageTitle":"Update User Guide","messageBody":"Update User Guide\n\nUser Guide table of contents had some broken links.\n\nLet\u0027s fix those links.\n","fileTypesAndContributionMap":{"docs":{"insertions":23,"deletions":23}}},{"hash":"3df1916a34ac9f9bf9b974c2bee8db4639afe108","messageTitle":"Update Developer\u0027s Guide","messageBody":"Update Developer\u0027s Guide\n\nDeveloper\u0027s Guide was missing the target users, value proposition and user stories.\n\nLet\u0027s add target user, value proposition and user stories.\n","fileTypesAndContributionMap":{"docs":{"insertions":30,"deletions":0}}},{"hash":"160dfb8657a4b72c8b6bfdab075c292ffe7a1331","messageTitle":"Update AboutUs and README UI.png","messageBody":"Update AboutUs and README UI.png\n\nAboutUs did not include the relevant details about the team and README.md was using the Ui of AddressBook.\n\nLet\u0027s include the roles and responsibilities of each team member and the update to a UI mockup of DieTrack.\n","fileTypesAndContributionMap":{"docs":{"insertions":22,"deletions":31}}}]},{"date":"2021-03-03","commitResults":[{"hash":"f99cb70b2c9967f081e7f5e25d9206c7424f1f32","messageTitle":"Update user guide and README","messageBody":"Update user guide and README\n\nUser guide was missing command summary and had a broken content-page link. README has a typo.\n\nLet\u0027s fix the aforementioned issues.\n","fileTypesAndContributionMap":{"docs":{"insertions":12,"deletions":9}}}]},{"date":"2021-03-10","commitResults":[{"hash":"2f696c5a5ff2a2b0110060238e3a096ac36ab9c8","messageTitle":"Add progress calculator","messageBody":"Add progress calculator\n\nThe user has no easy way of checking whether his food intake has been adhering to the active diet plan.\n\nLet\u0027s add a feature to generate a progress report on each day\u0027s adherence to the active diet plan.\n","fileTypesAndContributionMap":{"functional-code":{"insertions":191,"deletions":0}}},{"hash":"1365676bf03bccd2865c6a6587fb2b6934152c52","messageTitle":"Change import ordering","messageBody":"Change import ordering\n\nCI checks were failing as imports were not lexicographically ordered.\n\nLet\u0027s rearrange the imports.\n","fileTypesAndContributionMap":{"functional-code":{"insertions":2,"deletions":2}}},{"hash":"f8eee54cdd4fe1c47292ebb6b9e1b3d758dd6cd9","messageTitle":"Change import ordering","messageBody":"Change import ordering\n\nCI checks were failing as imports were not lexicographically ordered.\n\nLet\u0027s rearrange the imports.\n","fileTypesAndContributionMap":{"functional-code":{"insertions":10,"deletions":9},"other":{"insertions":3,"deletions":3}}}]},{"date":"2021-03-12","commitResults":[{"hash":"6b4516b359a4c11b69acfdc09508b248a384b469","messageTitle":"Change command format for certain commands","messageBody":"The commands for starting a new plan, listing all diet plans and displaying information about specific plans have different format. This may be confusing to the user.\n\nLet\u0027s standardize them to start with plan.\n","fileTypesAndContributionMap":{"docs":{"insertions":5,"deletions":5}}},{"hash":"ccb9dc6160cd0fd3f9d975be6433f79626238afe","messageTitle":"Change command format in command summary","messageBody":"Command summary does not match the commands above.\n\nLet\u0027s update the summary.\n","fileTypesAndContributionMap":{"docs":{"insertions":3,"deletions":3}}}]},{"date":"2021-03-13","commitResults":[{"hash":"53d1ccbfe6a221f64fb5b3f9d6036cfffb8158a5","messageTitle":"User initialization","messageBody":"DieTrack does not have user initialization procedures and is unable to record the user\u0027s information.\n\nLet\u0027s update the DieTrack to prompt the user for initialization and check if user is initialiazed before processing other commands.\n","fileTypesAndContributionMap":{"functional-code":{"insertions":379,"deletions":16}}},{"hash":"c7cc32e6966e6ed1186f72dbfdd77b5ca3d467e5","messageTitle":"Update Checkstyle","messageBody":"DieTrack failed CI checks due to checkstyle errors.\n\nLet\u0027s fix those errors.\n","fileTypesAndContributionMap":{"functional-code":{"insertions":67,"deletions":27}}},{"hash":"85a0bcde1995f14f60876ca6660cd4093438c8a3","messageTitle":"Update Checkstyle","messageBody":"DieTrack failed CI checks due to checkstyle errors.\n\nLet\u0027s fix those errors.\n","fileTypesAndContributionMap":{"functional-code":{"insertions":14,"deletions":22}}},{"hash":"1ed3ab39494d64a8d421d7bbc33beda0084c3f14","messageTitle":"Update AddCommandTest.java","messageBody":"","fileTypesAndContributionMap":{"test-code":{"insertions":11,"deletions":0}}},{"hash":"667611d5ed86a1272ec4902e78d0cc6a41529ace","messageTitle":"Update LogicManagerTest.java","messageBody":"","fileTypesAndContributionMap":{"test-code":{"insertions":23,"deletions":21}}},{"hash":"2240f661f98033eb186e770099778c1c777a4134","messageTitle":"Add BMI update and query parsing","messageBody":"DieTrack users were unable view and update their BMI after intialization.\n\nLet\u0027s add parsing for bmi_update and bmi_query.\n","fileTypesAndContributionMap":{"functional-code":{"insertions":195,"deletions":12}}},{"hash":"b7edc3e613015cce3f5c6ee8193cea063234b1b1","messageTitle":"Update AddCommandTest.java","messageBody":"","fileTypesAndContributionMap":{"test-code":{"insertions":10,"deletions":0}}},{"hash":"7ecea71a2174aea71094633046fdaabbba5b2851","messageTitle":"Update UserGuide.md","messageBody":"","fileTypesAndContributionMap":{"docs":{"insertions":9,"deletions":8}}}]},{"date":"2021-03-14","commitResults":[{"hash":"f74144c86efe467efefcfd1fc568488d69f0cbf4","messageTitle":"Update Progress Calculator to follow SLAP","messageBody":"Progress calculator had it\u0027s functionalities within 1 method.\n\nLet\u0027s compartmentalize the calculator into different functions.\n","fileTypesAndContributionMap":{"functional-code":{"insertions":152,"deletions":69}}},{"hash":"3b76ed649090fe0ea0ca72e506f499da152f2fc4","messageTitle":"Add listing of diet plans","messageBody":"","fileTypesAndContributionMap":{"functional-code":{"insertions":42,"deletions":0}}},{"hash":"dbb54246181018a7ad79fb732518348489d30d3c","messageTitle":"Add view plan details","messageBody":"","fileTypesAndContributionMap":{"functional-code":{"insertions":140,"deletions":4}}},{"hash":"164b618cbc176579757b266fa851c627fc48f55a","messageTitle":"Add active diet feature","messageBody":"","fileTypesAndContributionMap":{"functional-code":{"insertions":121,"deletions":1},"test-code":{"insertions":6,"deletions":0}}},{"hash":"090b108a04ee62ab691b6b832f86427f069c47e4","messageTitle":"Add active plan viewing","messageBody":"","fileTypesAndContributionMap":{"functional-code":{"insertions":57,"deletions":3},"test-code":{"insertions":5,"deletions":0}}},{"hash":"619d4fb593d574108b47955e2f71f1799ccc68e8","messageTitle":"Add dummy diet plan record for testing","messageBody":"","fileTypesAndContributionMap":{"functional-code":{"insertions":15,"deletions":1}}},{"hash":"270ef9f093f88cad77018cece1ad664fff5f42b7","messageTitle":"Add diet plan recommendation command","messageBody":"","fileTypesAndContributionMap":{"functional-code":{"insertions":152,"deletions":5},"test-code":{"insertions":23,"deletions":3}}},{"hash":"af864ea160cf47e43fd4104e9862d939ef38b430","messageTitle":"Update User guide","messageBody":"","fileTypesAndContributionMap":{"docs":{"insertions":18,"deletions":17}}}]}],"ssoonwee":[{"date":"2021-02-27","commitResults":[{"hash":"45175eedbb3a085156759549a02f1e5dc5c13403","messageTitle":"Update DeveloperGuide.md","messageBody":"Update use cases and glossary","fileTypesAndContributionMap":{"docs":{"insertions":59,"deletions":309}}},{"hash":"8dde7ab4c5a9ad5ea7563353cb8b6910fdbc14c1","messageTitle":"Update DeveloperGuide.md","messageBody":"Fix minor format issues","fileTypesAndContributionMap":{"docs":{"insertions":1,"deletions":1}}},{"hash":"fed49218403c7aa3326e4495d44dc4316c46cef1","messageTitle":"Update UserGuide.md","messageBody":"Update Quick Start section","fileTypesAndContributionMap":{"docs":{"insertions":11,"deletions":7}}},{"hash":"7a829bef3c3c6cde6aa7783ad809f244e42da730","messageTitle":"Update UserGuide.md","messageBody":"Remove UI image","fileTypesAndContributionMap":{"docs":{"insertions":2,"deletions":3}}}]},{"date":"2021-03-03","commitResults":[{"hash":"969ffdecc33fa0a8d8c83ce10d7e88a417617435","messageTitle":"Add Food class","messageBody":"","fileTypesAndContributionMap":{"functional-code":{"insertions":108,"deletions":0}}}]},{"date":"2021-03-04","commitResults":[{"hash":"e049e3ea5a4e64acf41eec0c5114729ed32141cc","messageTitle":"Update DeveloperGuide.md","messageBody":"Add table of content and minor edits to title cases","fileTypesAndContributionMap":{"docs":{"insertions":19,"deletions":2}}},{"hash":"61b10fbed8286502c40eda4bb481866823071951","messageTitle":"Update DeveloperGuide.md","messageBody":"Fix reference to headers","fileTypesAndContributionMap":{"docs":{"insertions":15,"deletions":15}}}]},{"date":"2021-03-06","commitResults":[{"hash":"86478897e394362514e76ba80e1bd057455e84f8","messageTitle":"Change method name to be more specific","messageBody":"","fileTypesAndContributionMap":{"functional-code":{"insertions":3,"deletions":3}}},{"hash":"ba2c09004aea3396652b83f40cc6c84dd633bf78","messageTitle":"Update JavaDocs and add comment for isUpdated","messageBody":"","fileTypesAndContributionMap":{"functional-code":{"insertions":21,"deletions":2}}}]},{"date":"2021-03-07","commitResults":[{"hash":"3f1d6a5e32d3dcd71b0ab8639e40397dbd916508","messageTitle":"Add validation check cases and test cases for Food","messageBody":"","fileTypesAndContributionMap":{"functional-code":{"insertions":39,"deletions":0},"test-code":{"insertions":52,"deletions":0}}}]},{"date":"2021-03-08","commitResults":[{"hash":"fe77fe7813472133ba66e848dfdd94fd0f2c95fb","messageTitle":"Add Parser and command feature to add food items","messageBody":"","fileTypesAndContributionMap":{"functional-code":{"insertions":292,"deletions":3}}}]},{"date":"2021-03-09","commitResults":[{"hash":"767c3b40e0e785a6875261e904ea1dbc165f0e3d","messageTitle":"Add Parser to update food item","messageBody":"","fileTypesAndContributionMap":{"functional-code":{"insertions":234,"deletions":9}}},{"hash":"1677cddef73e131330e8c204c46cc011a08b37a0","messageTitle":"Fix minor bugs for update food item parser","messageBody":"","fileTypesAndContributionMap":{"functional-code":{"insertions":19,"deletions":27}}}]},{"date":"2021-03-10","commitResults":[{"hash":"ee6392c4d3bd8b85e1dc895932fa19e4b1a18693","messageTitle":"Add Parser feature to delete food item","messageBody":"","fileTypesAndContributionMap":{"functional-code":{"insertions":131,"deletions":17}}},{"hash":"2efe1d4f6a12d4dfd144e43a30353a671cba7b87","messageTitle":"Add ListFoodItem Parser","messageBody":"","fileTypesAndContributionMap":{"functional-code":{"insertions":69,"deletions":7}}},{"hash":"1897f62cd79baac98ccd89994b3dc2a459dbb207","messageTitle":"Checkstyle main classes","messageBody":"","fileTypesAndContributionMap":{"functional-code":{"insertions":51,"deletions":60},"test-code":{"insertions":27,"deletions":0}}}]},{"date":"2021-03-11","commitResults":[{"hash":"87079ca270f769dbd428b3fc7c090eb9dedbbc90","messageTitle":"Update FoodIntakeList class query methods","messageBody":"","fileTypesAndContributionMap":{"functional-code":{"insertions":90,"deletions":7}}}]},{"date":"2021-03-12","commitResults":[{"hash":"79c482a3ff4e533c65b8c008ffb379ec2d02c191","messageTitle":"Modified some of FoodIntakeList class operations","messageBody":"","fileTypesAndContributionMap":{"functional-code":{"insertions":26,"deletions":25}}},{"hash":"718cb5bfdc000609b65ad67652ae09e72edc5a98","messageTitle":"Remove debug statements","messageBody":"","fileTypesAndContributionMap":{"functional-code":{"insertions":0,"deletions":4}}},{"hash":"9a87195eb0f3c13ee1fe8167f82c88cfcca61406","messageTitle":"Add FoodIntake Parser","messageBody":"","fileTypesAndContributionMap":{"functional-code":{"insertions":481,"deletions":56}}}]},{"date":"2021-03-13","commitResults":[{"hash":"247328902929aedf69a76393f063e25f21cb0855","messageTitle":"Fix minor bugs and messages","messageBody":"","fileTypesAndContributionMap":{"functional-code":{"insertions":43,"deletions":32}}}]},{"date":"2021-03-14","commitResults":[{"hash":"d94cac21c1524094b03f8bd79f2443072a35e715","messageTitle":"Fix minor bugs for FoodIntake Parser and messages","messageBody":"","fileTypesAndContributionMap":{"functional-code":{"insertions":30,"deletions":14}}},{"hash":"870be99ee5eea6cc6e15e3bfa8438a648e9ac8cd","messageTitle":"Remove unused import","messageBody":"","fileTypesAndContributionMap":{"functional-code":{"insertions":0,"deletions":1}}}]}],"WeiLiangLOL":[{"date":"2021-03-03","commitResults":[{"hash":"6aefc21ba4ff4c5df69cb224d3b9f9ce7feb4e48","messageTitle":"Add BMI tracker to UserGuide.md","messageBody":"","fileTypesAndContributionMap":{"docs":{"insertions":18,"deletions":13}}}]},{"date":"2021-03-10","commitResults":[{"hash":"8ceb8f8679f25e35c9f1c2a72df74c649428ded5","messageTitle":"Add Diet Plan","messageBody":"","fileTypesAndContributionMap":{"functional-code":{"insertions":177,"deletions":0},"test-code":{"insertions":46,"deletions":0}}},{"hash":"c4f1661d92a17cc986a64b78d3f5fcfe82a51e96","messageTitle":"Fix macronutrient code style","messageBody":"","fileTypesAndContributionMap":{"functional-code":{"insertions":16,"deletions":8}}},{"hash":"755ecf71fcb58a3f27008c8d9576ebc3e7d79cae","messageTitle":"Fix test cases styling","messageBody":"","fileTypesAndContributionMap":{"test-code":{"insertions":4,"deletions":4}}},{"hash":"50ac3018608ab6f6065dab8880cd2c6c4b3eddbc","messageTitle":"Fix test cases typo","messageBody":"","fileTypesAndContributionMap":{"test-code":{"insertions":4,"deletions":4}}},{"hash":"3ad71f3d7d4d0c76637d072dbff8faec2574ea9f","messageTitle":"Fix test cases math, fats -\u003e 20 to 40","messageBody":"","fileTypesAndContributionMap":{"test-code":{"insertions":1,"deletions":1}}}]},{"date":"2021-03-11","commitResults":[{"hash":"cdfafcb3e8470d3889a93c0dddf92dca04e8b82a","messageTitle":"Refactor to ObservableList","messageBody":"","fileTypesAndContributionMap":{"functional-code":{"insertions":74,"deletions":11}}},{"hash":"ff1d5421df25fb672a1a38bf5cfe225c2d6c69eb","messageTitle":"Add file saving for unique items","messageBody":"","fileTypesAndContributionMap":{"functional-code":{"insertions":309,"deletions":16},"test-code":{"insertions":58,"deletions":30}}}]},{"date":"2021-03-13","commitResults":[{"hash":"9729c9e8377d48e85e27f78ad5f5244b075a3ef5","messageTitle":"Patch model test","messageBody":"","fileTypesAndContributionMap":{"test-code":{"insertions":13,"deletions":0}}}]},{"date":"2021-03-14","commitResults":[{"hash":"d14f249fb8a4521dd112a4704f6706ca06a63e01","messageTitle":"Add storage for diet plans","messageBody":"","fileTypesAndContributionMap":{"functional-code":{"insertions":467,"deletions":23},"test-code":{"insertions":99,"deletions":47}}}]}],"jasaaanlim":[{"date":"2021-02-27","commitResults":[{"hash":"0cd5cd76f590114bd59f56856a6eda2beb46cc98","messageTitle":"Update user guide for Diet Plan Selector","messageBody":"","fileTypesAndContributionMap":{"docs":{"insertions":36,"deletions":34}}},{"hash":"6fd4aba57a99ba56ad2fa1081554fc03116f07a5","messageTitle":"Fix formatting","messageBody":"","fileTypesAndContributionMap":{"docs":{"insertions":27,"deletions":27}}},{"hash":"e7bad389578b92152cdd1624c440758ffa0bc238","messageTitle":"Fix newline format","messageBody":"","fileTypesAndContributionMap":{"docs":{"insertions":10,"deletions":10}}},{"hash":"0843a8d5460d26e0f934b3f053a3a9d0fa33d2b9","messageTitle":"Standardaise format for user guide","messageBody":"","fileTypesAndContributionMap":{"docs":{"insertions":29,"deletions":13}}}]},{"date":"2021-03-02","commitResults":[{"hash":"27837b97b947b9b4747c77457c76bffc9a710980","messageTitle":"Fix expected outcome styling (add new line)","messageBody":"","fileTypesAndContributionMap":{"docs":{"insertions":7,"deletions":0}}},{"hash":"67a166531e29dca91647cc8f71bf7f7a09da0777","messageTitle":"Add view specific diet plan to Diet Plan Selector","messageBody":"","fileTypesAndContributionMap":{"docs":{"insertions":19,"deletions":4}}},{"hash":"1ab3da1ef9874a340516cee86c1fab3031aefc8e","messageTitle":"Add example to user guide section 2.5","messageBody":"","fileTypesAndContributionMap":{"docs":{"insertions":2,"deletions":1}}}]},{"date":"2021-03-08","commitResults":[{"hash":"6ccbc329a3fb361fcc10f9723e54c52f10a9dd0b","messageTitle":"Add FoodIntake class","messageBody":"","fileTypesAndContributionMap":{"functional-code":{"insertions":21,"deletions":0}}},{"hash":"96d6fa4faed17c0489195a02baf6e40430ca81ec","messageTitle":"Add JavaDoc for FoodIntake","messageBody":"","fileTypesAndContributionMap":{"functional-code":{"insertions":10,"deletions":1}}},{"hash":"0d2fec6b4957453823c7a0014c4cf917ec5b73f9","messageTitle":"Update FoodIntake toString()","messageBody":"","fileTypesAndContributionMap":{"functional-code":{"insertions":8,"deletions":0}}},{"hash":"c7ea0eefed07f8e9485c09c54fdd625581ed5184","messageTitle":"Add FoodIntakeList class","messageBody":"","fileTypesAndContributionMap":{"functional-code":{"insertions":22,"deletions":0}}},{"hash":"71a90309a3199844209e95b03f10bf731e17b552","messageTitle":"Add JavaDocs for FoodIntakeList","messageBody":"","fileTypesAndContributionMap":{"functional-code":{"insertions":11,"deletions":0}}},{"hash":"33a19e9ca019b1c83e92de215b43f86d1bff0212","messageTitle":"Update FoodIntake and FoodIntakeList to use LocalDate instead of LocalDateTime","messageBody":"","fileTypesAndContributionMap":{"functional-code":{"insertions":9,"deletions":9}}}]},{"date":"2021-03-14","commitResults":[{"hash":"90c9c9031b35a7e792f881167aaf36e5e45472e8","messageTitle":"Add JsonAdaptedFoodIntake","messageBody":"","fileTypesAndContributionMap":{"functional-code":{"insertions":2,"deletions":0}}},{"hash":"1bd79aa45636c0110f914650cc10765af4816cd0","messageTitle":"Add JsonSerializableFoodIntakeList","messageBody":"","fileTypesAndContributionMap":{"functional-code":{"insertions":134,"deletions":1}}},{"hash":"2c5f5c94a19476c8adc49df299a578b5c51a17bb","messageTitle":"Add FoodIntakeListStorage","messageBody":"","fileTypesAndContributionMap":{"functional-code":{"insertions":45,"deletions":0}}},{"hash":"8f025bb4effe035f452a3430a4bef8c4fd2381d7","messageTitle":"Add JsonFoodIntakeListStorage","messageBody":"","fileTypesAndContributionMap":{"functional-code":{"insertions":81,"deletions":0}}},{"hash":"7adef36804f0bad8f9c4b80c8125a1c0947b07b8","messageTitle":"Add FoodIntakeList constructor without date","messageBody":"","fileTypesAndContributionMap":{"functional-code":{"insertions":8,"deletions":0}}},{"hash":"62a0b0f1613adf0e019b3317727699968bb529cb","messageTitle":"Add foodIntakeList to User","messageBody":"","fileTypesAndContributionMap":{"functional-code":{"insertions":12,"deletions":2}}},{"hash":"baed871deeb624d08fe383f8763db99c39ae077d","messageTitle":"Update dependencies","messageBody":"","fileTypesAndContributionMap":{"functional-code":{"insertions":103,"deletions":27},"test-code":{"insertions":53,"deletions":30}}},{"hash":"185bf25d619f6d2f3fe3f67c3453b006045ca413","messageTitle":"Fix checkstyle","messageBody":"","fileTypesAndContributionMap":{"test-code":{"insertions":28,"deletions":31}}},{"hash":"eb53dd122ce6a342a9864f6bb6d2ec07f8411ba0","messageTitle":"Fix CI","messageBody":"","fileTypesAndContributionMap":{"test-code":{"insertions":5,"deletions":6}}},{"hash":"1b86e6c268c33484fda2c9d2ed925dbda4ad9e8f","messageTitle":"Implement equals and hashCode in FoodIntakeList","messageBody":"","fileTypesAndContributionMap":{"functional-code":{"insertions":18,"deletions":0}}}]}]},"authorFileTypeContributionMap":{"SoonKeatNeo":{"docs":39,"functional-code":244,"test-code":52},"sjq-sohjunqi":{"docs":110,"functional-code":1394,"test-code":58},"ssoonwee":{"docs":78,"functional-code":1353,"test-code":79},"WeiLiangLOL":{"docs":8,"functional-code":997,"test-code":141},"jasaaanlim":{"docs":41,"functional-code":469,"test-code":46}},"authorContributionVariance":{"SoonKeatNeo":3565.139,"sjq-sohjunqi":53286.36,"ssoonwee":25063.273,"WeiLiangLOL":26545.607,"jasaaanlim":14746.306},"authorDisplayNameMap":{"SoonKeatNeo":"CS2103T-T12-2 NEO ..KEAT","sjq-sohjunqi":"CS2103T-T12-2 SOH ..N QI","ssoonwee":"CS2103T-T12-2 SONG.. WEE","WeiLiangLOL":"CS2103T-T12-2 KUAH..IANG","jasaaanlim":"CS2103T-T12-2 JASO..SHEN"}}
