{"authorDailyContributionsMap":{"SoonKeatNeo":[{"date":"2021-02-28","commitResults":[{"hash":"e89684b243f60b271be6380a5c59f1ed8c2df975","messageTitle":"AboutUs: Update AboutUs to include header link","messageBody":"","fileTypesAndContributionMap":{"docs":{"insertions":5,"deletions":0}}},{"hash":"22e13aebb51ba15960073f139c573ef89761293c","messageTitle":"UG: Update macronutrients tracker and fix some formatting issues","messageBody":"","fileTypesAndContributionMap":{"docs":{"insertions":18,"deletions":17}}},{"hash":"eb7250c32f388040e9615884e9d429da76e82106","messageTitle":"UG: Fix formatting issues in Macronutrients Tracker","messageBody":"","fileTypesAndContributionMap":{"docs":{"insertions":8,"deletions":7}}},{"hash":"7369d1940b703434bd2bb583ce59a68a9ca74ff2","messageTitle":"UG: Fix newline issues in macronutrients tracker","messageBody":"","fileTypesAndContributionMap":{"docs":{"insertions":4,"deletions":4}}},{"hash":"5a60b1a04fda9ce5bb7158c6c8b7929b2d32196c","messageTitle":"UG: Add newline for 3.2 expected output","messageBody":"","fileTypesAndContributionMap":{"docs":{"insertions":1,"deletions":0}}},{"hash":"81e1018b7813f9a5dfe19b3607f3e3450db651d5","messageTitle":"Docs: Update placeholder text and headers","messageBody":"","fileTypesAndContributionMap":{"docs":{"insertions":23,"deletions":17}}},{"hash":"cb88b287cc8ff19ea7340ab960cdf1be155d5663","messageTitle":"DG: Update headers and add some NFRs","messageBody":"","fileTypesAndContributionMap":{"docs":{"insertions":11,"deletions":2}}},{"hash":"71edac195315a65e7ed66cde53b018e0f2702927","messageTitle":"Docs: Remove trailing whitespace","messageBody":"","fileTypesAndContributionMap":{"docs":{"insertions":19,"deletions":19}}}]},{"date":"2021-03-07","commitResults":[{"hash":"0862bf703839493d9a196c65f698a30134e59164","messageTitle":"Add User and Bmi model classes","messageBody":"","fileTypesAndContributionMap":{"functional-code":{"insertions":213,"deletions":0},"test-code":{"insertions":48,"deletions":0}}}]},{"date":"2021-03-10","commitResults":[{"hash":"3a174728d7ac1ddb9506c4bcad3465a72d43336f","messageTitle":"User: Add Age field","messageBody":"","fileTypesAndContributionMap":{"functional-code":{"insertions":47,"deletions":2},"test-code":{"insertions":4,"deletions":0}}}]}],"sjq-sohjunqi":[{"date":"2021-02-27","commitResults":[{"hash":"e29f70df711a8b9261b779b4b9902f91307900d9","messageTitle":"Update user guide","messageBody":"Update user guide\n\nUser guide was previously from Address-Book3.\n\nLet\u0027s update the table of contents and headers to that of DieTrack\u0027s.\n","fileTypesAndContributionMap":{"docs":{"insertions":26,"deletions":69}}},{"hash":"c1bf82d5e6c63017df27f7b8e0f8bb12f59c3b65","messageTitle":"Update user guide","messageBody":"Update user guide.\n\nUser guide did not have a structure.\n\nLet\u0027s add a structure to the user guide by populating the table of contents.\n","fileTypesAndContributionMap":{"docs":{"insertions":21,"deletions":13}}},{"hash":"e35ee0bc2fc50a4a53794809b12452fd60777b0c","messageTitle":"Update User Guide","messageBody":"Update User Guide\n\nUser Guide table of contents had some broken links.\n\nLet\u0027s fix those links.\n","fileTypesAndContributionMap":{"docs":{"insertions":23,"deletions":23}}},{"hash":"3df1916a34ac9f9bf9b974c2bee8db4639afe108","messageTitle":"Update Developer\u0027s Guide","messageBody":"Update Developer\u0027s Guide\n\nDeveloper\u0027s Guide was missing the target users, value proposition and user stories.\n\nLet\u0027s add target user, value proposition and user stories.\n","fileTypesAndContributionMap":{"docs":{"insertions":30,"deletions":0}}},{"hash":"160dfb8657a4b72c8b6bfdab075c292ffe7a1331","messageTitle":"Update AboutUs and README UI.png","messageBody":"Update AboutUs and README UI.png\n\nAboutUs did not include the relevant details about the team and README.md was using the Ui of AddressBook.\n\nLet\u0027s include the roles and responsibilities of each team member and the update to a UI mockup of DieTrack.\n","fileTypesAndContributionMap":{"docs":{"insertions":22,"deletions":31}}}]},{"date":"2021-03-03","commitResults":[{"hash":"f99cb70b2c9967f081e7f5e25d9206c7424f1f32","messageTitle":"Update user guide and README","messageBody":"Update user guide and README\n\nUser guide was missing command summary and had a broken content-page link. README has a typo.\n\nLet\u0027s fix the aforementioned issues.\n","fileTypesAndContributionMap":{"docs":{"insertions":12,"deletions":9}}}]},{"date":"2021-03-10","commitResults":[{"hash":"2f696c5a5ff2a2b0110060238e3a096ac36ab9c8","messageTitle":"Add progress calculator","messageBody":"Add progress calculator\n\nThe user has no easy way of checking whether his food intake has been adhering to the active diet plan.\n\nLet\u0027s add a feature to generate a progress report on each day\u0027s adherence to the active diet plan.\n","fileTypesAndContributionMap":{"functional-code":{"insertions":191,"deletions":0}}},{"hash":"1365676bf03bccd2865c6a6587fb2b6934152c52","messageTitle":"Change import ordering","messageBody":"Change import ordering\n\nCI checks were failing as imports were not lexicographically ordered.\n\nLet\u0027s rearrange the imports.\n","fileTypesAndContributionMap":{"functional-code":{"insertions":2,"deletions":2}}},{"hash":"f8eee54cdd4fe1c47292ebb6b9e1b3d758dd6cd9","messageTitle":"Change import ordering","messageBody":"Change import ordering\n\nCI checks were failing as imports were not lexicographically ordered.\n\nLet\u0027s rearrange the imports.\n","fileTypesAndContributionMap":{"functional-code":{"insertions":10,"deletions":9},"other":{"insertions":3,"deletions":3}}}]}],"ssoonwee":[{"date":"2021-02-27","commitResults":[{"hash":"45175eedbb3a085156759549a02f1e5dc5c13403","messageTitle":"Update DeveloperGuide.md","messageBody":"Update use cases and glossary","fileTypesAndContributionMap":{"docs":{"insertions":59,"deletions":309}}},{"hash":"8dde7ab4c5a9ad5ea7563353cb8b6910fdbc14c1","messageTitle":"Update DeveloperGuide.md","messageBody":"Fix minor format issues","fileTypesAndContributionMap":{"docs":{"insertions":1,"deletions":1}}},{"hash":"fed49218403c7aa3326e4495d44dc4316c46cef1","messageTitle":"Update UserGuide.md","messageBody":"Update Quick Start section","fileTypesAndContributionMap":{"docs":{"insertions":11,"deletions":7}}},{"hash":"7a829bef3c3c6cde6aa7783ad809f244e42da730","messageTitle":"Update UserGuide.md","messageBody":"Remove UI image","fileTypesAndContributionMap":{"docs":{"insertions":2,"deletions":3}}}]},{"date":"2021-03-03","commitResults":[{"hash":"969ffdecc33fa0a8d8c83ce10d7e88a417617435","messageTitle":"Add Food class","messageBody":"","fileTypesAndContributionMap":{"functional-code":{"insertions":108,"deletions":0}}}]},{"date":"2021-03-04","commitResults":[{"hash":"e049e3ea5a4e64acf41eec0c5114729ed32141cc","messageTitle":"Update DeveloperGuide.md","messageBody":"Add table of content and minor edits to title cases","fileTypesAndContributionMap":{"docs":{"insertions":19,"deletions":2}}},{"hash":"61b10fbed8286502c40eda4bb481866823071951","messageTitle":"Update DeveloperGuide.md","messageBody":"Fix reference to headers","fileTypesAndContributionMap":{"docs":{"insertions":15,"deletions":15}}}]},{"date":"2021-03-06","commitResults":[{"hash":"86478897e394362514e76ba80e1bd057455e84f8","messageTitle":"Change method name to be more specific","messageBody":"","fileTypesAndContributionMap":{"functional-code":{"insertions":3,"deletions":3}}},{"hash":"ba2c09004aea3396652b83f40cc6c84dd633bf78","messageTitle":"Update JavaDocs and add comment for isUpdated","messageBody":"","fileTypesAndContributionMap":{"functional-code":{"insertions":21,"deletions":2}}}]},{"date":"2021-03-07","commitResults":[{"hash":"3f1d6a5e32d3dcd71b0ab8639e40397dbd916508","messageTitle":"Add validation check cases and test cases for Food","messageBody":"","fileTypesAndContributionMap":{"functional-code":{"insertions":39,"deletions":0},"test-code":{"insertions":52,"deletions":0}}}]},{"date":"2021-03-08","commitResults":[{"hash":"fe77fe7813472133ba66e848dfdd94fd0f2c95fb","messageTitle":"Add Parser and command feature to add food items","messageBody":"","fileTypesAndContributionMap":{"functional-code":{"insertions":292,"deletions":3}}}]},{"date":"2021-03-09","commitResults":[{"hash":"767c3b40e0e785a6875261e904ea1dbc165f0e3d","messageTitle":"Add Parser to update food item","messageBody":"","fileTypesAndContributionMap":{"functional-code":{"insertions":234,"deletions":9}}},{"hash":"1677cddef73e131330e8c204c46cc011a08b37a0","messageTitle":"Fix minor bugs for update food item parser","messageBody":"","fileTypesAndContributionMap":{"functional-code":{"insertions":19,"deletions":27}}}]},{"date":"2021-03-10","commitResults":[{"hash":"ee6392c4d3bd8b85e1dc895932fa19e4b1a18693","messageTitle":"Add Parser feature to delete food item","messageBody":"","fileTypesAndContributionMap":{"functional-code":{"insertions":131,"deletions":17}}},{"hash":"2efe1d4f6a12d4dfd144e43a30353a671cba7b87","messageTitle":"Add ListFoodItem Parser","messageBody":"","fileTypesAndContributionMap":{"functional-code":{"insertions":69,"deletions":7}}},{"hash":"1897f62cd79baac98ccd89994b3dc2a459dbb207","messageTitle":"Checkstyle main classes","messageBody":"","fileTypesAndContributionMap":{"functional-code":{"insertions":51,"deletions":60},"test-code":{"insertions":27,"deletions":0}}}]}],"WeiLiangLOL":[{"date":"2021-03-03","commitResults":[{"hash":"6aefc21ba4ff4c5df69cb224d3b9f9ce7feb4e48","messageTitle":"Add BMI tracker to UserGuide.md","messageBody":"","fileTypesAndContributionMap":{"docs":{"insertions":18,"deletions":13}}}]},{"date":"2021-03-10","commitResults":[{"hash":"8ceb8f8679f25e35c9f1c2a72df74c649428ded5","messageTitle":"Add Diet Plan","messageBody":"","fileTypesAndContributionMap":{"functional-code":{"insertions":177,"deletions":0},"test-code":{"insertions":46,"deletions":0}}},{"hash":"c4f1661d92a17cc986a64b78d3f5fcfe82a51e96","messageTitle":"Fix macronutrient code style","messageBody":"","fileTypesAndContributionMap":{"functional-code":{"insertions":16,"deletions":8}}},{"hash":"755ecf71fcb58a3f27008c8d9576ebc3e7d79cae","messageTitle":"Fix test cases styling","messageBody":"","fileTypesAndContributionMap":{"test-code":{"insertions":4,"deletions":4}}},{"hash":"50ac3018608ab6f6065dab8880cd2c6c4b3eddbc","messageTitle":"Fix test cases typo","messageBody":"","fileTypesAndContributionMap":{"test-code":{"insertions":4,"deletions":4}}},{"hash":"3ad71f3d7d4d0c76637d072dbff8faec2574ea9f","messageTitle":"Fix test cases math, fats -\u003e 20 to 40","messageBody":"","fileTypesAndContributionMap":{"test-code":{"insertions":1,"deletions":1}}}]},{"date":"2021-03-11","commitResults":[{"hash":"cdfafcb3e8470d3889a93c0dddf92dca04e8b82a","messageTitle":"Refactor to ObservableList","messageBody":"","fileTypesAndContributionMap":{"functional-code":{"insertions":74,"deletions":11}}},{"hash":"ff1d5421df25fb672a1a38bf5cfe225c2d6c69eb","messageTitle":"Add file saving for unique items","messageBody":"","fileTypesAndContributionMap":{"functional-code":{"insertions":309,"deletions":16},"test-code":{"insertions":58,"deletions":30}}}]}],"jasaaanlim":[{"date":"2021-02-27","commitResults":[{"hash":"0cd5cd76f590114bd59f56856a6eda2beb46cc98","messageTitle":"Update user guide for Diet Plan Selector","messageBody":"","fileTypesAndContributionMap":{"docs":{"insertions":36,"deletions":34}}},{"hash":"6fd4aba57a99ba56ad2fa1081554fc03116f07a5","messageTitle":"Fix formatting","messageBody":"","fileTypesAndContributionMap":{"docs":{"insertions":27,"deletions":27}}},{"hash":"e7bad389578b92152cdd1624c440758ffa0bc238","messageTitle":"Fix newline format","messageBody":"","fileTypesAndContributionMap":{"docs":{"insertions":10,"deletions":10}}},{"hash":"0843a8d5460d26e0f934b3f053a3a9d0fa33d2b9","messageTitle":"Standardaise format for user guide","messageBody":"","fileTypesAndContributionMap":{"docs":{"insertions":29,"deletions":13}}}]},{"date":"2021-03-02","commitResults":[{"hash":"27837b97b947b9b4747c77457c76bffc9a710980","messageTitle":"Fix expected outcome styling (add new line)","messageBody":"","fileTypesAndContributionMap":{"docs":{"insertions":7,"deletions":0}}},{"hash":"67a166531e29dca91647cc8f71bf7f7a09da0777","messageTitle":"Add view specific diet plan to Diet Plan Selector","messageBody":"","fileTypesAndContributionMap":{"docs":{"insertions":19,"deletions":4}}},{"hash":"1ab3da1ef9874a340516cee86c1fab3031aefc8e","messageTitle":"Add example to user guide section 2.5","messageBody":"","fileTypesAndContributionMap":{"docs":{"insertions":2,"deletions":1}}}]},{"date":"2021-03-08","commitResults":[{"hash":"6ccbc329a3fb361fcc10f9723e54c52f10a9dd0b","messageTitle":"Add FoodIntake class","messageBody":"","fileTypesAndContributionMap":{"functional-code":{"insertions":21,"deletions":0}}},{"hash":"96d6fa4faed17c0489195a02baf6e40430ca81ec","messageTitle":"Add JavaDoc for FoodIntake","messageBody":"","fileTypesAndContributionMap":{"functional-code":{"insertions":10,"deletions":1}}},{"hash":"0d2fec6b4957453823c7a0014c4cf917ec5b73f9","messageTitle":"Update FoodIntake toString()","messageBody":"","fileTypesAndContributionMap":{"functional-code":{"insertions":8,"deletions":0}}},{"hash":"c7ea0eefed07f8e9485c09c54fdd625581ed5184","messageTitle":"Add FoodIntakeList class","messageBody":"","fileTypesAndContributionMap":{"functional-code":{"insertions":22,"deletions":0}}},{"hash":"71a90309a3199844209e95b03f10bf731e17b552","messageTitle":"Add JavaDocs for FoodIntakeList","messageBody":"","fileTypesAndContributionMap":{"functional-code":{"insertions":11,"deletions":0}}},{"hash":"33a19e9ca019b1c83e92de215b43f86d1bff0212","messageTitle":"Update FoodIntake and FoodIntakeList to use LocalDate instead of LocalDateTime","messageBody":"","fileTypesAndContributionMap":{"functional-code":{"insertions":9,"deletions":9}}}]}]},"authorFileTypeContributionMap":{"SoonKeatNeo":{"docs":42,"functional-code":258,"test-code":52},"sjq-sohjunqi":{"docs":88,"functional-code":191,"test-code":0},"ssoonwee":{"docs":78,"functional-code":841,"test-code":79},"WeiLiangLOL":{"docs":17,"functional-code":568,"test-code":104},"jasaaanlim":{"docs":51,"functional-code":71,"test-code":0}},"authorContributionVariance":{"SoonKeatNeo":4022.8894,"sjq-sohjunqi":4930.8486,"ssoonwee":16893.479,"WeiLiangLOL":13769.964,"jasaaanlim":1875.7053},"authorDisplayNameMap":{"SoonKeatNeo":"CS2103T-T12-2 NEO ..KEAT","sjq-sohjunqi":"CS2103T-T12-2 SOH ..N QI","ssoonwee":"CS2103T-T12-2 SONG.. WEE","WeiLiangLOL":"CS2103T-T12-2 KUAH..IANG","jasaaanlim":"CS2103T-T12-2 JASO..SHEN"}}
