{"authorDailyContributionsMap":{"SoonKeatNeo":[{"date":"2021-02-28","commitResults":[{"hash":"e89684b243f60b271be6380a5c59f1ed8c2df975","messageTitle":"AboutUs: Update AboutUs to include header link","messageBody":"","fileTypesAndContributionMap":{"docs":{"insertions":5,"deletions":0}}},{"hash":"22e13aebb51ba15960073f139c573ef89761293c","messageTitle":"UG: Update macronutrients tracker and fix some formatting issues","messageBody":"","fileTypesAndContributionMap":{"docs":{"insertions":18,"deletions":17}}},{"hash":"eb7250c32f388040e9615884e9d429da76e82106","messageTitle":"UG: Fix formatting issues in Macronutrients Tracker","messageBody":"","fileTypesAndContributionMap":{"docs":{"insertions":8,"deletions":7}}},{"hash":"7369d1940b703434bd2bb583ce59a68a9ca74ff2","messageTitle":"UG: Fix newline issues in macronutrients tracker","messageBody":"","fileTypesAndContributionMap":{"docs":{"insertions":4,"deletions":4}}},{"hash":"5a60b1a04fda9ce5bb7158c6c8b7929b2d32196c","messageTitle":"UG: Add newline for 3.2 expected output","messageBody":"","fileTypesAndContributionMap":{"docs":{"insertions":1,"deletions":0}}},{"hash":"81e1018b7813f9a5dfe19b3607f3e3450db651d5","messageTitle":"Docs: Update placeholder text and headers","messageBody":"","fileTypesAndContributionMap":{"docs":{"insertions":23,"deletions":17}}},{"hash":"cb88b287cc8ff19ea7340ab960cdf1be155d5663","messageTitle":"DG: Update headers and add some NFRs","messageBody":"","fileTypesAndContributionMap":{"docs":{"insertions":11,"deletions":2}}},{"hash":"71edac195315a65e7ed66cde53b018e0f2702927","messageTitle":"Docs: Remove trailing whitespace","messageBody":"","fileTypesAndContributionMap":{"docs":{"insertions":19,"deletions":19}}}]},{"date":"2021-03-07","commitResults":[{"hash":"0862bf703839493d9a196c65f698a30134e59164","messageTitle":"Add User and Bmi model classes","messageBody":"","fileTypesAndContributionMap":{"functional-code":{"insertions":213,"deletions":0},"test-code":{"insertions":48,"deletions":0}}}]},{"date":"2021-03-10","commitResults":[{"hash":"3a174728d7ac1ddb9506c4bcad3465a72d43336f","messageTitle":"User: Add Age field","messageBody":"","fileTypesAndContributionMap":{"functional-code":{"insertions":47,"deletions":2},"test-code":{"insertions":4,"deletions":0}}}]},{"date":"2021-03-14","commitResults":[{"hash":"dc0189f5ecfc48a68bc45ae3c4d87cc06ac72d15","messageTitle":"Update Model.java to remove additional field","messageBody":"","fileTypesAndContributionMap":{"functional-code":{"insertions":0,"deletions":7}}}]},{"date":"2021-03-22","commitResults":[{"hash":"6987cbe9330368808e45aff35113847634132896","messageTitle":"[Docs] Update User Guide and docs to reflect new name","messageBody":"","fileTypesAndContributionMap":{"docs":{"insertions":10,"deletions":12}}},{"hash":"988d12cfbc31b722175d68d225ef3ecdf9407fd2","messageTitle":"[Ui] Update Ui names and links","messageBody":"","fileTypesAndContributionMap":{"functional-code":{"insertions":4,"deletions":4}}},{"hash":"795234d5b4dae145ca181c83908522920209e8ec","messageTitle":"[Storage] Add models for User storage","messageBody":"","fileTypesAndContributionMap":{"functional-code":{"insertions":144,"deletions":30}}},{"hash":"ee43e00ec7e2eab4f8b35136bd4ecf3de53cd134","messageTitle":"Fix checkstyle for user storage models","messageBody":"","fileTypesAndContributionMap":{"functional-code":{"insertions":7,"deletions":5}}}]},{"date":"2021-03-23","commitResults":[{"hash":"e493574bb7279e60db185b27f5815e382476cd81","messageTitle":"[Storage] Initial storage implementation for User class","messageBody":"","fileTypesAndContributionMap":{"functional-code":{"insertions":179,"deletions":7},"test-code":{"insertions":7,"deletions":3}}},{"hash":"6dfa6ae5b223a631ebaa42713f43adb43a549126","messageTitle":"[Gradle] Update Gradle to enable assertions","messageBody":"","fileTypesAndContributionMap":{"other":{"insertions":4,"deletions":0}}}]},{"date":"2021-03-24","commitResults":[{"hash":"660a6ec2379b930e70492958e30706d29a8efb62","messageTitle":"[Ui] Remove PersonListPanel from Ui and increase size of response box","messageBody":"","fileTypesAndContributionMap":{"functional-code":{"insertions":0,"deletions":6}}},{"hash":"c3c8a8bf564c042292ba3732859c3f42eac6162c","messageTitle":"Remove unused import","messageBody":"","fileTypesAndContributionMap":{"functional-code":{"insertions":0,"deletions":1}}}]},{"date":"2021-03-25","commitResults":[{"hash":"5c02ba7f04eb8624c18e0619ddf016d8b04bfe83","messageTitle":"[Storage] Fix user storage bug with wrong file selection","messageBody":"","fileTypesAndContributionMap":{"functional-code":{"insertions":15,"deletions":3}}},{"hash":"1b14c96b8b82e81d2e141d1a57cc4d87b37d946d","messageTitle":"[Ui] Add a new program start message","messageBody":"","fileTypesAndContributionMap":{"functional-code":{"insertions":14,"deletions":0}}},{"hash":"fc731a9237ac2482d351b63784070729e81edebe","messageTitle":"DG: Update User class documentation","messageBody":"","fileTypesAndContributionMap":{"docs":{"insertions":17,"deletions":1}}}]},{"date":"2021-03-26","commitResults":[{"hash":"d9679fab60ea9f57993bbc55647caca704af6140","messageTitle":"Fix DG formatting","messageBody":"","fileTypesAndContributionMap":{"docs":{"insertions":0,"deletions":1}}},{"hash":"9f607bf7f52d90cbbf7f061f20cc9dda63d2ee7e","messageTitle":"Fix DG formatting","messageBody":"","fileTypesAndContributionMap":{"docs":{"insertions":0,"deletions":1}}},{"hash":"eef4e2bdabcc938202f2daab3dbd2fec8dc1fd22","messageTitle":"Fix DG formatting","messageBody":"","fileTypesAndContributionMap":{"docs":{"insertions":0,"deletions":1}}}]},{"date":"2021-03-29","commitResults":[{"hash":"00df19223c2c3ab244a7d79f659b114bf15020f3","messageTitle":"Storage: Add user storage to main functionality of program","messageBody":"","fileTypesAndContributionMap":{"functional-code":{"insertions":46,"deletions":14},"test-code":{"insertions":10,"deletions":6}}}]},{"date":"2021-04-01","commitResults":[{"hash":"81ad13b28996394fe4a0c1b7b57873e9f9f8ad1f","messageTitle":"Fix bugs with the food intake list not reflected in User object on creation","messageBody":"","fileTypesAndContributionMap":{"functional-code":{"insertions":34,"deletions":8}}},{"hash":"92d814b07cd116d8aa0fc1a08ad35b94328ec665","messageTitle":"Update food intake list implementation to satisfy tests","messageBody":"","fileTypesAndContributionMap":{"functional-code":{"insertions":6,"deletions":11}}},{"hash":"7936b2f253845069849f8e8d64c0b572198ad155","messageTitle":"Fix user object not getting initialized","messageBody":"","fileTypesAndContributionMap":{"functional-code":{"insertions":1,"deletions":0}}},{"hash":"77e78455111b7cbe6b0cd4dd1133aeb0c0b39a87","messageTitle":"Update User Guide with new information for 1.3","messageBody":"","fileTypesAndContributionMap":{"docs":{"insertions":50,"deletions":38}}},{"hash":"bb3f06121a8ed4a2fd8e6dc9ddb1b1a136084426","messageTitle":"Update Bmi output to provide more information","messageBody":"","fileTypesAndContributionMap":{"functional-code":{"insertions":6,"deletions":5}}}]},{"date":"2021-04-02","commitResults":[{"hash":"456924bfb838fed1c7188c3625253e8b61fd6063","messageTitle":"Update launch message with need to clear sample data","messageBody":"","fileTypesAndContributionMap":{"functional-code":{"insertions":3,"deletions":1}}},{"hash":"d707869d281623ac0eee8f3b1dfccbb8089227d7","messageTitle":"Fix extraneous comma in newline","messageBody":"","fileTypesAndContributionMap":{"functional-code":{"insertions":1,"deletions":1}}}]}],"sjq-sohjunqi":[{"date":"2021-02-27","commitResults":[{"hash":"e29f70df711a8b9261b779b4b9902f91307900d9","messageTitle":"Update user guide","messageBody":"Update user guide\n\nUser guide was previously from Address-Book3.\n\nLet\u0027s update the table of contents and headers to that of DieTrack\u0027s.\n","fileTypesAndContributionMap":{"docs":{"insertions":26,"deletions":69}}},{"hash":"c1bf82d5e6c63017df27f7b8e0f8bb12f59c3b65","messageTitle":"Update user guide","messageBody":"Update user guide.\n\nUser guide did not have a structure.\n\nLet\u0027s add a structure to the user guide by populating the table of contents.\n","fileTypesAndContributionMap":{"docs":{"insertions":21,"deletions":13}}},{"hash":"e35ee0bc2fc50a4a53794809b12452fd60777b0c","messageTitle":"Update User Guide","messageBody":"Update User Guide\n\nUser Guide table of contents had some broken links.\n\nLet\u0027s fix those links.\n","fileTypesAndContributionMap":{"docs":{"insertions":23,"deletions":23}}},{"hash":"3df1916a34ac9f9bf9b974c2bee8db4639afe108","messageTitle":"Update Developer\u0027s Guide","messageBody":"Update Developer\u0027s Guide\n\nDeveloper\u0027s Guide was missing the target users, value proposition and user stories.\n\nLet\u0027s add target user, value proposition and user stories.\n","fileTypesAndContributionMap":{"docs":{"insertions":30,"deletions":0}}},{"hash":"160dfb8657a4b72c8b6bfdab075c292ffe7a1331","messageTitle":"Update AboutUs and README UI.png","messageBody":"Update AboutUs and README UI.png\n\nAboutUs did not include the relevant details about the team and README.md was using the Ui of AddressBook.\n\nLet\u0027s include the roles and responsibilities of each team member and the update to a UI mockup of DieTrack.\n","fileTypesAndContributionMap":{"docs":{"insertions":22,"deletions":31}}}]},{"date":"2021-03-03","commitResults":[{"hash":"f99cb70b2c9967f081e7f5e25d9206c7424f1f32","messageTitle":"Update user guide and README","messageBody":"Update user guide and README\n\nUser guide was missing command summary and had a broken content-page link. README has a typo.\n\nLet\u0027s fix the aforementioned issues.\n","fileTypesAndContributionMap":{"docs":{"insertions":12,"deletions":9}}}]},{"date":"2021-03-10","commitResults":[{"hash":"2f696c5a5ff2a2b0110060238e3a096ac36ab9c8","messageTitle":"Add progress calculator","messageBody":"Add progress calculator\n\nThe user has no easy way of checking whether his food intake has been adhering to the active diet plan.\n\nLet\u0027s add a feature to generate a progress report on each day\u0027s adherence to the active diet plan.\n","fileTypesAndContributionMap":{"functional-code":{"insertions":191,"deletions":0}}},{"hash":"1365676bf03bccd2865c6a6587fb2b6934152c52","messageTitle":"Change import ordering","messageBody":"Change import ordering\n\nCI checks were failing as imports were not lexicographically ordered.\n\nLet\u0027s rearrange the imports.\n","fileTypesAndContributionMap":{"functional-code":{"insertions":2,"deletions":2}}},{"hash":"f8eee54cdd4fe1c47292ebb6b9e1b3d758dd6cd9","messageTitle":"Change import ordering","messageBody":"Change import ordering\n\nCI checks were failing as imports were not lexicographically ordered.\n\nLet\u0027s rearrange the imports.\n","fileTypesAndContributionMap":{"functional-code":{"insertions":10,"deletions":9},"other":{"insertions":3,"deletions":3}}}]},{"date":"2021-03-12","commitResults":[{"hash":"6b4516b359a4c11b69acfdc09508b248a384b469","messageTitle":"Change command format for certain commands","messageBody":"The commands for starting a new plan, listing all diet plans and displaying information about specific plans have different format. This may be confusing to the user.\n\nLet\u0027s standardize them to start with plan.\n","fileTypesAndContributionMap":{"docs":{"insertions":5,"deletions":5}}},{"hash":"ccb9dc6160cd0fd3f9d975be6433f79626238afe","messageTitle":"Change command format in command summary","messageBody":"Command summary does not match the commands above.\n\nLet\u0027s update the summary.\n","fileTypesAndContributionMap":{"docs":{"insertions":3,"deletions":3}}}]},{"date":"2021-03-13","commitResults":[{"hash":"53d1ccbfe6a221f64fb5b3f9d6036cfffb8158a5","messageTitle":"User initialization","messageBody":"DieTrack does not have user initialization procedures and is unable to record the user\u0027s information.\n\nLet\u0027s update the DieTrack to prompt the user for initialization and check if user is initialiazed before processing other commands.\n","fileTypesAndContributionMap":{"functional-code":{"insertions":379,"deletions":16}}},{"hash":"c7cc32e6966e6ed1186f72dbfdd77b5ca3d467e5","messageTitle":"Update Checkstyle","messageBody":"DieTrack failed CI checks due to checkstyle errors.\n\nLet\u0027s fix those errors.\n","fileTypesAndContributionMap":{"functional-code":{"insertions":67,"deletions":27}}},{"hash":"85a0bcde1995f14f60876ca6660cd4093438c8a3","messageTitle":"Update Checkstyle","messageBody":"DieTrack failed CI checks due to checkstyle errors.\n\nLet\u0027s fix those errors.\n","fileTypesAndContributionMap":{"functional-code":{"insertions":14,"deletions":22}}},{"hash":"1ed3ab39494d64a8d421d7bbc33beda0084c3f14","messageTitle":"Update AddCommandTest.java","messageBody":"","fileTypesAndContributionMap":{"test-code":{"insertions":11,"deletions":0}}},{"hash":"667611d5ed86a1272ec4902e78d0cc6a41529ace","messageTitle":"Update LogicManagerTest.java","messageBody":"","fileTypesAndContributionMap":{"test-code":{"insertions":23,"deletions":21}}},{"hash":"2240f661f98033eb186e770099778c1c777a4134","messageTitle":"Add BMI update and query parsing","messageBody":"DieTrack users were unable view and update their BMI after intialization.\n\nLet\u0027s add parsing for bmi_update and bmi_query.\n","fileTypesAndContributionMap":{"functional-code":{"insertions":195,"deletions":12}}},{"hash":"b7edc3e613015cce3f5c6ee8193cea063234b1b1","messageTitle":"Update AddCommandTest.java","messageBody":"","fileTypesAndContributionMap":{"test-code":{"insertions":10,"deletions":0}}},{"hash":"7ecea71a2174aea71094633046fdaabbba5b2851","messageTitle":"Update UserGuide.md","messageBody":"","fileTypesAndContributionMap":{"docs":{"insertions":9,"deletions":8}}}]},{"date":"2021-03-14","commitResults":[{"hash":"f74144c86efe467efefcfd1fc568488d69f0cbf4","messageTitle":"Update Progress Calculator to follow SLAP","messageBody":"Progress calculator had it\u0027s functionalities within 1 method.\n\nLet\u0027s compartmentalize the calculator into different functions.\n","fileTypesAndContributionMap":{"functional-code":{"insertions":152,"deletions":69}}},{"hash":"3b76ed649090fe0ea0ca72e506f499da152f2fc4","messageTitle":"Add listing of diet plans","messageBody":"","fileTypesAndContributionMap":{"functional-code":{"insertions":42,"deletions":0}}},{"hash":"dbb54246181018a7ad79fb732518348489d30d3c","messageTitle":"Add view plan details","messageBody":"","fileTypesAndContributionMap":{"functional-code":{"insertions":140,"deletions":4}}},{"hash":"164b618cbc176579757b266fa851c627fc48f55a","messageTitle":"Add active diet feature","messageBody":"","fileTypesAndContributionMap":{"functional-code":{"insertions":121,"deletions":1},"test-code":{"insertions":6,"deletions":0}}},{"hash":"090b108a04ee62ab691b6b832f86427f069c47e4","messageTitle":"Add active plan viewing","messageBody":"","fileTypesAndContributionMap":{"functional-code":{"insertions":57,"deletions":3},"test-code":{"insertions":5,"deletions":0}}},{"hash":"619d4fb593d574108b47955e2f71f1799ccc68e8","messageTitle":"Add dummy diet plan record for testing","messageBody":"","fileTypesAndContributionMap":{"functional-code":{"insertions":15,"deletions":1}}},{"hash":"270ef9f093f88cad77018cece1ad664fff5f42b7","messageTitle":"Add diet plan recommendation command","messageBody":"","fileTypesAndContributionMap":{"functional-code":{"insertions":152,"deletions":5},"test-code":{"insertions":23,"deletions":3}}},{"hash":"af864ea160cf47e43fd4104e9862d939ef38b430","messageTitle":"Update User guide","messageBody":"","fileTypesAndContributionMap":{"docs":{"insertions":18,"deletions":17}}}]},{"date":"2021-03-20","commitResults":[{"hash":"41b5cc3cb8569b0885f0f226d0101f7f40ae40c6","messageTitle":"Update view plan command","messageBody":"","fileTypesAndContributionMap":{"functional-code":{"insertions":220,"deletions":1},"test-code":{"insertions":5,"deletions":0}}},{"hash":"53438f2159e8ad6b2b74d5009c250754ed680933","messageTitle":"Implement progress calculator command","messageBody":"","fileTypesAndContributionMap":{"functional-code":{"insertions":102,"deletions":39}}},{"hash":"c4ef51faf827512ddf7f9b1fb7f4a7920cb48579","messageTitle":"Fix checkstyle errors","messageBody":"","fileTypesAndContributionMap":{"functional-code":{"insertions":4,"deletions":5}}}]},{"date":"2021-03-22","commitResults":[{"hash":"5dea772e8ce93616672ed1d0e690f8ed6434a94f","messageTitle":"Add report summary section","messageBody":"","fileTypesAndContributionMap":{"functional-code":{"insertions":73,"deletions":18}}},{"hash":"147bbbce088a561b37cbb6634cb04b0c87643d82","messageTitle":"Change constant multipliers into final variables","messageBody":"","fileTypesAndContributionMap":{"functional-code":{"insertions":20,"deletions":5}}}]},{"date":"2021-03-23","commitResults":[{"hash":"e1307373790c86ae103e52f698bcc8ac34c581e6","messageTitle":"Fix bug with food_add command","messageBody":"","fileTypesAndContributionMap":{"functional-code":{"insertions":1,"deletions":1}}},{"hash":"c3a6098959f960c2064e40fa528bf3cd27a8a427","messageTitle":"Update formatting of progress report","messageBody":"","fileTypesAndContributionMap":{"functional-code":{"insertions":3,"deletions":3}}}]},{"date":"2021-03-27","commitResults":[{"hash":"a3ff9b6adc8b69e4b56d5dfd47ae278a49aaf246","messageTitle":"update progress report format","messageBody":"","fileTypesAndContributionMap":{"functional-code":{"insertions":18,"deletions":7}}},{"hash":"cea676f439e40a055f8d9a4bd54032948b6666bb","messageTitle":"Removal of UI PersonCard and PersonListPanel","messageBody":"","fileTypesAndContributionMap":{"functional-code":{"insertions":0,"deletions":127},"docs":{"insertions":1,"deletions":1}}},{"hash":"1942e597a634c262f01993a64f32a7b38f7358e9","messageTitle":"Revert \"Removal of UI PersonCard and PersonListPanel\"","messageBody":"This reverts commit cea676f439e40a055f8d9a4bd54032948b6666bb.\n","fileTypesAndContributionMap":{"functional-code":{"insertions":127,"deletions":0},"docs":{"insertions":1,"deletions":1}}},{"hash":"74b2fffe5ec526e16724d39b5dcf512089ec051a","messageTitle":"Revert \"Revert \"Removal of UI PersonCard and PersonListPanel\"\"","messageBody":"This reverts commit 1942e597a634c262f01993a64f32a7b38f7358e9.\n","fileTypesAndContributionMap":{"functional-code":{"insertions":0,"deletions":127},"docs":{"insertions":1,"deletions":1}}},{"hash":"c6f91196571a33e0913a79aa1a3a7045927896e7","messageTitle":"Remove Add command","messageBody":"","fileTypesAndContributionMap":{"functional-code":{"insertions":0,"deletions":131},"test-code":{"insertions":4,"deletions":636}}},{"hash":"57a5e8eca0f400b3ae363dbe10199e280b835931","messageTitle":"Revert \"Remove Add command\"","messageBody":"This reverts commit c6f91196571a33e0913a79aa1a3a7045927896e7.\n","fileTypesAndContributionMap":{"functional-code":{"insertions":131,"deletions":0},"test-code":{"insertions":636,"deletions":4}}},{"hash":"d72dfb2f935362b7ce2d2b67ee523b913d1d57f7","messageTitle":"Revert \"Revert \"Remove Add command\"\"","messageBody":"This reverts commit 57a5e8eca0f400b3ae363dbe10199e280b835931.\n","fileTypesAndContributionMap":{"functional-code":{"insertions":0,"deletions":131},"test-code":{"insertions":4,"deletions":636}}},{"hash":"733ba8a665c9a0eb32efb5a8ecc0d78f88c0371d","messageTitle":"Remove clear command","messageBody":"","fileTypesAndContributionMap":{"functional-code":{"insertions":0,"deletions":27},"test-code":{"insertions":0,"deletions":47}}},{"hash":"8027e776a5c06a958ef6628ab5e1e8edb843f429","messageTitle":"Remove Delete command","messageBody":"","fileTypesAndContributionMap":{"functional-code":{"insertions":0,"deletions":86},"test-code":{"insertions":0,"deletions":156}}},{"hash":"871cfcaaa0f641b9bede95fdfb1ee127446c1672","messageTitle":"Remove Edit command","messageBody":"","fileTypesAndContributionMap":{"functional-code":{"insertions":0,"deletions":308},"test-code":{"insertions":0,"deletions":548}}},{"hash":"0b69a52e3f8cc3eec16987ed11d068af5a3d8858","messageTitle":"Remove traces of Edit command in personUtil","messageBody":"","fileTypesAndContributionMap":{"test-code":{"insertions":0,"deletions":19}}},{"hash":"cf25a068842e509ffb7e376e6d340725c5d55918","messageTitle":"Remove Find command","messageBody":"","fileTypesAndContributionMap":{"functional-code":{"insertions":1,"deletions":37},"test-code":{"insertions":10,"deletions":132}}},{"hash":"5bf9519a6393f8bfba44839124135d3feb0dc0a7","messageTitle":"Fix gradle build issues","messageBody":"","fileTypesAndContributionMap":{"functional-code":{"insertions":0,"deletions":2},"test-code":{"insertions":2,"deletions":11}}},{"hash":"78a2bd12d8243f08e07dd993e36eb8bd255c7c60","messageTitle":"Remove Find Command","messageBody":"","fileTypesAndContributionMap":{"functional-code":{"insertions":0,"deletions":42}}},{"hash":"cf84e2ec4c14ce65547ff2e886eef16fe3487994","messageTitle":"Remove List command","messageBody":"","fileTypesAndContributionMap":{"functional-code":{"insertions":0,"deletions":28},"test-code":{"insertions":0,"deletions":58}}},{"hash":"114dc421b99cac35162924ab7272a84426ae1aa0","messageTitle":"Update progress report format","messageBody":"","fileTypesAndContributionMap":{"functional-code":{"insertions":1,"deletions":0}}}]},{"date":"2021-03-29","commitResults":[{"hash":"4219023c1e9ca65ba3a8956008167f5e808bdd99","messageTitle":"Update user guide","messageBody":"","fileTypesAndContributionMap":{"docs":{"insertions":42,"deletions":31}}},{"hash":"1e4710ca24d54b1aeb9d6e2388b31c0b9ac65e53","messageTitle":"Update UserGuide.md","messageBody":"","fileTypesAndContributionMap":{"docs":{"insertions":1,"deletions":1}}}]},{"date":"2021-03-30","commitResults":[{"hash":"4eeee314726a1b4c0d9574fb0fc544a7226d2a0a","messageTitle":"Change parameters for calculateProgress method","messageBody":"","fileTypesAndContributionMap":{"functional-code":{"insertions":5,"deletions":6}}}]},{"date":"2021-03-31","commitResults":[{"hash":"6295c68f4b4cf8a355d89df2407add90fd6434b4","messageTitle":"Add progress calculator description to developer guide","messageBody":"","fileTypesAndContributionMap":{"docs":{"insertions":100,"deletions":0}}},{"hash":"2b130289414c26e5356cdc420749f4fea2ddfc66","messageTitle":"Update DeveloperGuide.md","messageBody":"","fileTypesAndContributionMap":{"docs":{"insertions":4,"deletions":4}}},{"hash":"a57c1dba577b991755de8bf9521dbe5db56ba689","messageTitle":"Update DeveloperGuide.md","messageBody":"","fileTypesAndContributionMap":{"docs":{"insertions":4,"deletions":3}}},{"hash":"c7bb76345812f1236b1e188b11289ab8532ab67b","messageTitle":"Update DeveloperGuide.md","messageBody":"","fileTypesAndContributionMap":{"docs":{"insertions":2,"deletions":0}}},{"hash":"c5c70efd5e68066aeaeae38459ec5f9f1955058f","messageTitle":"Fix checkstyle issues","messageBody":"","fileTypesAndContributionMap":{"docs":{"insertions":29,"deletions":29}}}]},{"date":"2021-04-01","commitResults":[{"hash":"254aa5e1dd068c56055da7769bc0aa7acc5072fe","messageTitle":"Update plan details","messageBody":"","fileTypesAndContributionMap":{"functional-code":{"insertions":9,"deletions":9}}},{"hash":"50a32c887ab84ff3fc9a1b273857932216f85b14","messageTitle":"Update progress report validation","messageBody":"","fileTypesAndContributionMap":{"functional-code":{"insertions":20,"deletions":15}}},{"hash":"d22cde507c352c9d13915369bbfabf333062ecd8","messageTitle":"Accept reset command on startup","messageBody":"","fileTypesAndContributionMap":{"functional-code":{"insertions":2,"deletions":1}}},{"hash":"aa2dce049d4f8b536a85f4fea8f57f2f85c242b0","messageTitle":"Fix checkstyle","messageBody":"","fileTypesAndContributionMap":{"functional-code":{"insertions":1,"deletions":1}}},{"hash":"1f585cdfa193012887b6b72e53cc23c65e8c82dc","messageTitle":"Revert \"Change parameters for calculateProgress method\"","messageBody":"This reverts commit 4eeee314726a1b4c0d9574fb0fc544a7226d2a0a.\n","fileTypesAndContributionMap":{"functional-code":{"insertions":6,"deletions":5}}},{"hash":"2e651f12a94d77d17580532b6c39e958b13aee86","messageTitle":"Update user guide","messageBody":"","fileTypesAndContributionMap":{"docs":{"insertions":1,"deletions":1}}},{"hash":"b74615252602e19798262e0e6ba14da698af5699","messageTitle":"Update UserGuide.md","messageBody":"","fileTypesAndContributionMap":{"docs":{"insertions":1,"deletions":1}}}]},{"date":"2021-04-02","commitResults":[{"hash":"b8df6b94c49df4fdf36892ac705cc788d700e8cb","messageTitle":"Update UserGuide.md","messageBody":"","fileTypesAndContributionMap":{"docs":{"insertions":15,"deletions":14}}},{"hash":"8f8fafd983f8e2a554eb41651bce3e68c4c3fa0a","messageTitle":"Update UserGuide.md","messageBody":"","fileTypesAndContributionMap":{"docs":{"insertions":2,"deletions":2}}},{"hash":"e09b3868d6981765b454639180d18a971aa6069c","messageTitle":"Update UserGuide.md","messageBody":"","fileTypesAndContributionMap":{"docs":{"insertions":1,"deletions":1}}}]}],"ssoonwee":[{"date":"2021-02-27","commitResults":[{"hash":"45175eedbb3a085156759549a02f1e5dc5c13403","messageTitle":"Update DeveloperGuide.md","messageBody":"Update use cases and glossary","fileTypesAndContributionMap":{"docs":{"insertions":59,"deletions":309}}},{"hash":"8dde7ab4c5a9ad5ea7563353cb8b6910fdbc14c1","messageTitle":"Update DeveloperGuide.md","messageBody":"Fix minor format issues","fileTypesAndContributionMap":{"docs":{"insertions":1,"deletions":1}}},{"hash":"fed49218403c7aa3326e4495d44dc4316c46cef1","messageTitle":"Update UserGuide.md","messageBody":"Update Quick Start section","fileTypesAndContributionMap":{"docs":{"insertions":11,"deletions":7}}},{"hash":"7a829bef3c3c6cde6aa7783ad809f244e42da730","messageTitle":"Update UserGuide.md","messageBody":"Remove UI image","fileTypesAndContributionMap":{"docs":{"insertions":2,"deletions":3}}}]},{"date":"2021-03-03","commitResults":[{"hash":"969ffdecc33fa0a8d8c83ce10d7e88a417617435","messageTitle":"Add Food class","messageBody":"","fileTypesAndContributionMap":{"functional-code":{"insertions":108,"deletions":0}}}]},{"date":"2021-03-04","commitResults":[{"hash":"e049e3ea5a4e64acf41eec0c5114729ed32141cc","messageTitle":"Update DeveloperGuide.md","messageBody":"Add table of content and minor edits to title cases","fileTypesAndContributionMap":{"docs":{"insertions":19,"deletions":2}}},{"hash":"61b10fbed8286502c40eda4bb481866823071951","messageTitle":"Update DeveloperGuide.md","messageBody":"Fix reference to headers","fileTypesAndContributionMap":{"docs":{"insertions":15,"deletions":15}}}]},{"date":"2021-03-06","commitResults":[{"hash":"86478897e394362514e76ba80e1bd057455e84f8","messageTitle":"Change method name to be more specific","messageBody":"","fileTypesAndContributionMap":{"functional-code":{"insertions":3,"deletions":3}}},{"hash":"ba2c09004aea3396652b83f40cc6c84dd633bf78","messageTitle":"Update JavaDocs and add comment for isUpdated","messageBody":"","fileTypesAndContributionMap":{"functional-code":{"insertions":21,"deletions":2}}}]},{"date":"2021-03-07","commitResults":[{"hash":"3f1d6a5e32d3dcd71b0ab8639e40397dbd916508","messageTitle":"Add validation check cases and test cases for Food","messageBody":"","fileTypesAndContributionMap":{"functional-code":{"insertions":39,"deletions":0},"test-code":{"insertions":52,"deletions":0}}}]},{"date":"2021-03-08","commitResults":[{"hash":"fe77fe7813472133ba66e848dfdd94fd0f2c95fb","messageTitle":"Add Parser and command feature to add food items","messageBody":"","fileTypesAndContributionMap":{"functional-code":{"insertions":292,"deletions":3}}}]},{"date":"2021-03-09","commitResults":[{"hash":"767c3b40e0e785a6875261e904ea1dbc165f0e3d","messageTitle":"Add Parser to update food item","messageBody":"","fileTypesAndContributionMap":{"functional-code":{"insertions":234,"deletions":9}}},{"hash":"1677cddef73e131330e8c204c46cc011a08b37a0","messageTitle":"Fix minor bugs for update food item parser","messageBody":"","fileTypesAndContributionMap":{"functional-code":{"insertions":19,"deletions":27}}}]},{"date":"2021-03-10","commitResults":[{"hash":"ee6392c4d3bd8b85e1dc895932fa19e4b1a18693","messageTitle":"Add Parser feature to delete food item","messageBody":"","fileTypesAndContributionMap":{"functional-code":{"insertions":131,"deletions":17}}},{"hash":"2efe1d4f6a12d4dfd144e43a30353a671cba7b87","messageTitle":"Add ListFoodItem Parser","messageBody":"","fileTypesAndContributionMap":{"functional-code":{"insertions":69,"deletions":7}}},{"hash":"1897f62cd79baac98ccd89994b3dc2a459dbb207","messageTitle":"Checkstyle main classes","messageBody":"","fileTypesAndContributionMap":{"functional-code":{"insertions":51,"deletions":60},"test-code":{"insertions":27,"deletions":0}}}]},{"date":"2021-03-11","commitResults":[{"hash":"87079ca270f769dbd428b3fc7c090eb9dedbbc90","messageTitle":"Update FoodIntakeList class query methods","messageBody":"","fileTypesAndContributionMap":{"functional-code":{"insertions":90,"deletions":7}}}]},{"date":"2021-03-12","commitResults":[{"hash":"79c482a3ff4e533c65b8c008ffb379ec2d02c191","messageTitle":"Modified some of FoodIntakeList class operations","messageBody":"","fileTypesAndContributionMap":{"functional-code":{"insertions":26,"deletions":25}}},{"hash":"718cb5bfdc000609b65ad67652ae09e72edc5a98","messageTitle":"Remove debug statements","messageBody":"","fileTypesAndContributionMap":{"functional-code":{"insertions":0,"deletions":4}}},{"hash":"9a87195eb0f3c13ee1fe8167f82c88cfcca61406","messageTitle":"Add FoodIntake Parser","messageBody":"","fileTypesAndContributionMap":{"functional-code":{"insertions":481,"deletions":56}}}]},{"date":"2021-03-13","commitResults":[{"hash":"247328902929aedf69a76393f063e25f21cb0855","messageTitle":"Fix minor bugs and messages","messageBody":"","fileTypesAndContributionMap":{"functional-code":{"insertions":43,"deletions":32}}}]},{"date":"2021-03-14","commitResults":[{"hash":"d94cac21c1524094b03f8bd79f2443072a35e715","messageTitle":"Fix minor bugs for FoodIntake Parser and messages","messageBody":"","fileTypesAndContributionMap":{"functional-code":{"insertions":30,"deletions":14}}},{"hash":"870be99ee5eea6cc6e15e3bfa8438a648e9ac8cd","messageTitle":"Remove unused import","messageBody":"","fileTypesAndContributionMap":{"functional-code":{"insertions":0,"deletions":1}}}]},{"date":"2021-03-18","commitResults":[{"hash":"1f27fa26591a8ff78437fdaa38bcc862db42b314","messageTitle":"Remove start date for food intake list","messageBody":"","fileTypesAndContributionMap":{"functional-code":{"insertions":8,"deletions":20},"test-code":{"insertions":2,"deletions":2}}},{"hash":"843f49279d54ec2d65f203279faa5b9a161c7032","messageTitle":"Fix checkstyle for some classes","messageBody":"","fileTypesAndContributionMap":{"functional-code":{"insertions":0,"deletions":3},"test-code":{"insertions":0,"deletions":1}}},{"hash":"af29a0def1c0cc525fefb48eccc0e11aa304a1bd","messageTitle":"Fix old food intake from updating their food value","messageBody":"","fileTypesAndContributionMap":{"functional-code":{"insertions":4,"deletions":3}}},{"hash":"72251f9618a436e24b2cad1d97b6b6bd2b5a59d2","messageTitle":"Reorder Food String output","messageBody":"","fileTypesAndContributionMap":{"functional-code":{"insertions":2,"deletions":2}}},{"hash":"1c8ca3ed36da2777676aafcfa87bcee97e486d74","messageTitle":"Add functions to add new and edit food item","messageBody":"","fileTypesAndContributionMap":{"functional-code":{"insertions":147,"deletions":14}}}]},{"date":"2021-03-19","commitResults":[{"hash":"7ac7679002ebe050e350de6970151f9775ca2496","messageTitle":"Fix messages to suit new function","messageBody":"","fileTypesAndContributionMap":{"functional-code":{"insertions":5,"deletions":2}}},{"hash":"94ae6c0071e5fb41c2ce87dcf0a25d2076dad3a8","messageTitle":"Fix checkstyle","messageBody":"","fileTypesAndContributionMap":{"functional-code":{"insertions":2,"deletions":2}}}]},{"date":"2021-03-20","commitResults":[{"hash":"5fa0172feb05a309fe3523366055bab1bba35ddd","messageTitle":"Add calculator for DailyFoodIntake","messageBody":"","fileTypesAndContributionMap":{"functional-code":{"insertions":43,"deletions":0}}},{"hash":"010278e0e282bc031117dc10096af41506b5818e","messageTitle":"Modify String output for Food and FoodIntake","messageBody":"","fileTypesAndContributionMap":{"functional-code":{"insertions":2,"deletions":3}}}]},{"date":"2021-03-21","commitResults":[{"hash":"5383dfbd89fd40e1503e49a10d4a82319b862edc","messageTitle":"Add ability to segment days to get daily intake","messageBody":"","fileTypesAndContributionMap":{"functional-code":{"insertions":66,"deletions":14}}},{"hash":"21aa51f988d54c9872b7f4b7c8bdc77ad2da681a","messageTitle":"Rename classes","messageBody":"","fileTypesAndContributionMap":{"functional-code":{"insertions":85,"deletions":0},"other":{"insertions":2,"deletions":2}}},{"hash":"f40f35604ab193d50ffefc375e5e8f85b9b0d14f","messageTitle":"Refactor FoodIntakeList class","messageBody":"","fileTypesAndContributionMap":{"functional-code":{"insertions":48,"deletions":69}}},{"hash":"c9e7dadefa9307dabc927c4ec8ef11b9a43bf1f6","messageTitle":"Javadoc and checkstyle classes","messageBody":"","fileTypesAndContributionMap":{"functional-code":{"insertions":25,"deletions":16}}},{"hash":"fc3ce87c60ec0f2e7de51d96a30da79f7f80dee7","messageTitle":"Fix minor grammar error","messageBody":"","fileTypesAndContributionMap":{"functional-code":{"insertions":1,"deletions":1}}}]},{"date":"2021-03-22","commitResults":[{"hash":"592b85ca5e5261ebda7227695888610713af3b40","messageTitle":"Update UserGuide.md","messageBody":"Update user guide with food intake commands","fileTypesAndContributionMap":{"docs":{"insertions":92,"deletions":19}}},{"hash":"3820159358e167019444cd99efd4119df8b4cd1d","messageTitle":"Update UserGuide.md","messageBody":"Fix formatting error for FoodIntake commands","fileTypesAndContributionMap":{"docs":{"insertions":40,"deletions":25}}},{"hash":"865d63d681895d81da9c4bc994b5eefc1a95ded6","messageTitle":"Update UserGuide.md","messageBody":"Add food commands user guide","fileTypesAndContributionMap":{"docs":{"insertions":66,"deletions":8}}},{"hash":"40eaecfd11cc248c568018eefc5d5250f221ad3a","messageTitle":"Update UserGuide.md","messageBody":"Update quick start to factor new syntax","fileTypesAndContributionMap":{"docs":{"insertions":2,"deletions":2}}},{"hash":"eafe6b32d1a3019571509b26a602262d05fec821","messageTitle":"Update command syntaxes and messages","messageBody":"","fileTypesAndContributionMap":{"functional-code":{"insertions":32,"deletions":23}}},{"hash":"62df830cd916cdd49f8d7ba20ccb16fb6d614e4c","messageTitle":"Update UserGuide.md","messageBody":"Added update food intake function inside and amended a few other notes","fileTypesAndContributionMap":{"docs":{"insertions":30,"deletions":15}}},{"hash":"207722d1376f3f30e898534b6037636374cc3559","messageTitle":"Update UserGuide.md","messageBody":"Add update food intake command to command summary","fileTypesAndContributionMap":{"docs":{"insertions":1,"deletions":0}}}]},{"date":"2021-03-25","commitResults":[{"hash":"3fc06ec905f69253f18118a0dc9112f800534394","messageTitle":"Update DeveloperGuide.md","messageBody":"Added back older stuffs of DG","fileTypesAndContributionMap":{"docs":{"insertions":113,"deletions":0}}},{"hash":"38fbcbbba8029a419cff4d0e8f4f9e3cb00c4b3e","messageTitle":"Update DeveloperGuide.md","messageBody":"Added Food components","fileTypesAndContributionMap":{"docs":{"insertions":42,"deletions":0}}},{"hash":"9ca4629af31fcce6abda4d3d742a65f425843d21","messageTitle":"Update DeveloperGuide.md","messageBody":"Added Food Implementation details except UML diagrams","fileTypesAndContributionMap":{"docs":{"insertions":86,"deletions":15}}},{"hash":"64de406e24eea6d7cfb610c4c783220550636358","messageTitle":"Update DeveloperGuide.md","messageBody":"Update table of contents","fileTypesAndContributionMap":{"docs":{"insertions":6,"deletions":0}}}]},{"date":"2021-03-27","commitResults":[{"hash":"9a3bce239838b9eeba6fac54b7c10145fecc4aeb","messageTitle":"Update UserGuide.md","messageBody":"Minor updates for the new date restriction","fileTypesAndContributionMap":{"docs":{"insertions":9,"deletions":7}}}]},{"date":"2021-03-28","commitResults":[{"hash":"188be3ae0f5c26eeed9cdf6169938a8f31699b27","messageTitle":"Add template for first-time use","messageBody":"","fileTypesAndContributionMap":{"functional-code":{"insertions":134,"deletions":9}}},{"hash":"64a922dc66883b8e1659512435f403620240363f","messageTitle":"Fix minor grammar error","messageBody":"","fileTypesAndContributionMap":{"functional-code":{"insertions":1,"deletions":1}}},{"hash":"5722d0ea2359f191ba35f54da99de969f630a742","messageTitle":"Round double value to show in 2dp","messageBody":"","fileTypesAndContributionMap":{"functional-code":{"insertions":6,"deletions":3}}},{"hash":"e6d71c924d6ec244cc9fae56f1dddbd76bfbac60","messageTitle":"Update UserGuide.md","messageBody":"Add screenshots for various functions","fileTypesAndContributionMap":{"docs":{"insertions":33,"deletions":32}}},{"hash":"3adfe62e6cbf47c0977cbb3fa57d284e5aab9c3a","messageTitle":"Add Builder and Util for test","messageBody":"","fileTypesAndContributionMap":{"test-code":{"insertions":202,"deletions":0}}},{"hash":"3f4197d8cdfd839ca7f70ca23319153b4851d193","messageTitle":"Update checkstyle","messageBody":"","fileTypesAndContributionMap":{"test-code":{"insertions":0,"deletions":1}}},{"hash":"ef208d944ad306e6e2bceb29fc19cc76a7dc7e90","messageTitle":"Add test cases for AddFoodItemCommand","messageBody":"","fileTypesAndContributionMap":{"functional-code":{"insertions":1,"deletions":0},"test-code":{"insertions":278,"deletions":0}}}]},{"date":"2021-03-29","commitResults":[{"hash":"aaf8aa34d25d462d26398b3a18b9e40c4cf2281e","messageTitle":"Fix CI issue","messageBody":"","fileTypesAndContributionMap":{"test-code":{"insertions":10,"deletions":0}}}]},{"date":"2021-03-30","commitResults":[{"hash":"a5b74cffb246d8201566e9ed69ba4bb69cdd262d","messageTitle":"Update UserGuide.md","messageBody":"Change \u0027format\u0027 to \u0027Command Format\u0027","fileTypesAndContributionMap":{"docs":{"insertions":20,"deletions":20}}},{"hash":"ad55c75e66f14e79c773f32107d74a768f218340","messageTitle":"Update UserGuide.md","messageBody":"Add glossary for some terms and added units for some of the prefix.","fileTypesAndContributionMap":{"docs":{"insertions":28,"deletions":11}}},{"hash":"569dbf0acb87044b75f7f98b65714fcb5dd241de","messageTitle":"Update UserGuide.md","messageBody":"Add some minor description and fix note message","fileTypesAndContributionMap":{"docs":{"insertions":5,"deletions":4}}},{"hash":"ace7225b13a72bb865b5238ede906737c26b1bb8","messageTitle":"Update UserGuide.md","messageBody":"Minor term update","fileTypesAndContributionMap":{"docs":{"insertions":1,"deletions":0}}}]},{"date":"2021-03-31","commitResults":[{"hash":"c1937181c6a322afe6073000c45c573b4749d7e6","messageTitle":"Update some model diagram","messageBody":"","fileTypesAndContributionMap":{"docs":{"insertions":8,"deletions":20}}}]},{"date":"2021-04-01","commitResults":[{"hash":"5a7c33c049f8e144678abe98c7091765ffd62ff4","messageTitle":"Update some diagrams and screenshots","messageBody":"","fileTypesAndContributionMap":{"docs":{"insertions":26,"deletions":26}}}]},{"date":"2021-04-07","commitResults":[{"hash":"2d7438c88501e4aa77447198bbdb293a45470295","messageTitle":"Fix Parser to allow numeric and space intake","messageBody":"","fileTypesAndContributionMap":{"functional-code":{"insertions":5,"deletions":5}}},{"hash":"e115a1b069ebea769aa44adb92f845c59467b8aa","messageTitle":"Remove duplicated command","messageBody":"","fileTypesAndContributionMap":{"functional-code":{"insertions":2,"deletions":18}}},{"hash":"c281530ef2c3c811c463d5e70bf3634a65643581","messageTitle":"Fix JavaDoc","messageBody":"","fileTypesAndContributionMap":{"functional-code":{"insertions":2,"deletions":2}}}]}],"WeiLiangLOL":[{"date":"2021-03-03","commitResults":[{"hash":"6aefc21ba4ff4c5df69cb224d3b9f9ce7feb4e48","messageTitle":"Add BMI tracker to UserGuide.md","messageBody":"","fileTypesAndContributionMap":{"docs":{"insertions":18,"deletions":13}}}]},{"date":"2021-03-10","commitResults":[{"hash":"8ceb8f8679f25e35c9f1c2a72df74c649428ded5","messageTitle":"Add Diet Plan","messageBody":"","fileTypesAndContributionMap":{"functional-code":{"insertions":177,"deletions":0},"test-code":{"insertions":46,"deletions":0}}},{"hash":"c4f1661d92a17cc986a64b78d3f5fcfe82a51e96","messageTitle":"Fix macronutrient code style","messageBody":"","fileTypesAndContributionMap":{"functional-code":{"insertions":16,"deletions":8}}},{"hash":"755ecf71fcb58a3f27008c8d9576ebc3e7d79cae","messageTitle":"Fix test cases styling","messageBody":"","fileTypesAndContributionMap":{"test-code":{"insertions":4,"deletions":4}}},{"hash":"50ac3018608ab6f6065dab8880cd2c6c4b3eddbc","messageTitle":"Fix test cases typo","messageBody":"","fileTypesAndContributionMap":{"test-code":{"insertions":4,"deletions":4}}},{"hash":"3ad71f3d7d4d0c76637d072dbff8faec2574ea9f","messageTitle":"Fix test cases math, fats -\u003e 20 to 40","messageBody":"","fileTypesAndContributionMap":{"test-code":{"insertions":1,"deletions":1}}}]},{"date":"2021-03-11","commitResults":[{"hash":"cdfafcb3e8470d3889a93c0dddf92dca04e8b82a","messageTitle":"Refactor to ObservableList","messageBody":"","fileTypesAndContributionMap":{"functional-code":{"insertions":74,"deletions":11}}},{"hash":"ff1d5421df25fb672a1a38bf5cfe225c2d6c69eb","messageTitle":"Add file saving for unique items","messageBody":"","fileTypesAndContributionMap":{"functional-code":{"insertions":309,"deletions":16},"test-code":{"insertions":58,"deletions":30}}}]},{"date":"2021-03-13","commitResults":[{"hash":"9729c9e8377d48e85e27f78ad5f5244b075a3ef5","messageTitle":"Patch model test","messageBody":"","fileTypesAndContributionMap":{"test-code":{"insertions":13,"deletions":0}}}]},{"date":"2021-03-14","commitResults":[{"hash":"d14f249fb8a4521dd112a4704f6706ca06a63e01","messageTitle":"Add storage for diet plans","messageBody":"","fileTypesAndContributionMap":{"functional-code":{"insertions":467,"deletions":23},"test-code":{"insertions":99,"deletions":47}}}]},{"date":"2021-03-17","commitResults":[{"hash":"c1b0f5579728a2394bc44f21c7624e90929fbce9","messageTitle":"Add plan format","messageBody":"","fileTypesAndContributionMap":{"functional-code":{"insertions":7,"deletions":2}}}]},{"date":"2021-03-24","commitResults":[{"hash":"d606fa1798fe1b88088dcbd3ce2934e8d8ed6193","messageTitle":"Add diet plans to SampleDietUtil","messageBody":"","fileTypesAndContributionMap":{"functional-code":{"insertions":43,"deletions":12}}},{"hash":"90f84ae350111acc8839e328acd90fb00074f89a","messageTitle":"Fix checkstyle","messageBody":"","fileTypesAndContributionMap":{"functional-code":{"insertions":14,"deletions":17}}},{"hash":"01081b3995526032b6dcd006224480730b91074a","messageTitle":"Fix checkstyle typo","messageBody":"","fileTypesAndContributionMap":{"functional-code":{"insertions":3,"deletions":2}}}]},{"date":"2021-03-31","commitResults":[{"hash":"10bd5eb20d64061f067896d68c1be218ab5feb2a","messageTitle":"Add DietLAH! logo","messageBody":"","fileTypesAndContributionMap":{"docs":{"insertions":10,"deletions":0}}},{"hash":"b4ee828b6040db6613c3cef326d6d66e21fa8b34","messageTitle":"Align DietLAH! logo","messageBody":"","fileTypesAndContributionMap":{"docs":{"insertions":10,"deletions":8}}},{"hash":"01048fdc16b0173c232473eb9d881e0242471d8d","messageTitle":"Fix DietLAH! logo alignment","messageBody":"","fileTypesAndContributionMap":{"docs":{"insertions":6,"deletions":6}}},{"hash":"8759f69d0c4bcb7b26106ac34f3db01e4c0588a5","messageTitle":"Fix readme badges alignment","messageBody":"","fileTypesAndContributionMap":{"docs":{"insertions":8,"deletions":2}}},{"hash":"060f4c79f29b07aa1f41abba83a8d17d0e13eebc","messageTitle":"Add UG diet plans","messageBody":"","fileTypesAndContributionMap":{"functional-code":{"insertions":1,"deletions":1},"docs":{"insertions":45,"deletions":0}}},{"hash":"e27212c72075c4569eb7cf5691545b01750b6f9e","messageTitle":"Update diet plan listings","messageBody":"","fileTypesAndContributionMap":{"functional-code":{"insertions":33,"deletions":54},"docs":{"insertions":25,"deletions":9}}}]},{"date":"2021-04-01","commitResults":[{"hash":"5338764ab09517d6921ae532a79004825e637f19","messageTitle":"Fix issue with enum underscore changes","messageBody":"","fileTypesAndContributionMap":{"functional-code":{"insertions":8,"deletions":11}}},{"hash":"466c715c58a65bdfb626beffb5b6dbef12642db2","messageTitle":"Remove headers in documentation","messageBody":"","fileTypesAndContributionMap":{"docs":{"insertions":8,"deletions":4}}},{"hash":"7540dd289f7987d99b7f57384d4ebb5c78b9336d","messageTitle":"Fix h1 heading in documentation","messageBody":"","fileTypesAndContributionMap":{"docs":{"insertions":2,"deletions":2}}},{"hash":"9c22d561b4612814e0ce43a350c7b573babea8cf","messageTitle":"Add logo for index.md","messageBody":"","fileTypesAndContributionMap":{"docs":{"insertions":11,"deletions":3}}},{"hash":"72c5537a982fe1ae33483354e1864bcbba747b0c","messageTitle":"Remove title for index.md","messageBody":"","fileTypesAndContributionMap":{"docs":{"insertions":1,"deletions":1}}},{"hash":"36e1e4205ca26cfc76ce1d400d5f170863caf9f5","messageTitle":"Add all titles","messageBody":"","fileTypesAndContributionMap":{"docs":{"insertions":6,"deletions":6}}},{"hash":"c3977ea8a1880bd7955ea07322778c68e9d2c65b","messageTitle":"Add content page info","messageBody":"","fileTypesAndContributionMap":{"docs":{"insertions":34,"deletions":19}}},{"hash":"618e915237772899d3ac2152adc8ecbb9df5f418","messageTitle":"Remove comma from e.g. in UG","messageBody":"","fileTypesAndContributionMap":{"docs":{"insertions":14,"deletions":14}}}]}],"jasaaanlim":[{"date":"2021-02-27","commitResults":[{"hash":"0cd5cd76f590114bd59f56856a6eda2beb46cc98","messageTitle":"Update user guide for Diet Plan Selector","messageBody":"","fileTypesAndContributionMap":{"docs":{"insertions":36,"deletions":34}}},{"hash":"6fd4aba57a99ba56ad2fa1081554fc03116f07a5","messageTitle":"Fix formatting","messageBody":"","fileTypesAndContributionMap":{"docs":{"insertions":27,"deletions":27}}},{"hash":"e7bad389578b92152cdd1624c440758ffa0bc238","messageTitle":"Fix newline format","messageBody":"","fileTypesAndContributionMap":{"docs":{"insertions":10,"deletions":10}}},{"hash":"0843a8d5460d26e0f934b3f053a3a9d0fa33d2b9","messageTitle":"Standardaise format for user guide","messageBody":"","fileTypesAndContributionMap":{"docs":{"insertions":29,"deletions":13}}}]},{"date":"2021-03-02","commitResults":[{"hash":"27837b97b947b9b4747c77457c76bffc9a710980","messageTitle":"Fix expected outcome styling (add new line)","messageBody":"","fileTypesAndContributionMap":{"docs":{"insertions":7,"deletions":0}}},{"hash":"67a166531e29dca91647cc8f71bf7f7a09da0777","messageTitle":"Add view specific diet plan to Diet Plan Selector","messageBody":"","fileTypesAndContributionMap":{"docs":{"insertions":19,"deletions":4}}},{"hash":"1ab3da1ef9874a340516cee86c1fab3031aefc8e","messageTitle":"Add example to user guide section 2.5","messageBody":"","fileTypesAndContributionMap":{"docs":{"insertions":2,"deletions":1}}}]},{"date":"2021-03-08","commitResults":[{"hash":"6ccbc329a3fb361fcc10f9723e54c52f10a9dd0b","messageTitle":"Add FoodIntake class","messageBody":"","fileTypesAndContributionMap":{"functional-code":{"insertions":21,"deletions":0}}},{"hash":"96d6fa4faed17c0489195a02baf6e40430ca81ec","messageTitle":"Add JavaDoc for FoodIntake","messageBody":"","fileTypesAndContributionMap":{"functional-code":{"insertions":10,"deletions":1}}},{"hash":"0d2fec6b4957453823c7a0014c4cf917ec5b73f9","messageTitle":"Update FoodIntake toString()","messageBody":"","fileTypesAndContributionMap":{"functional-code":{"insertions":8,"deletions":0}}},{"hash":"c7ea0eefed07f8e9485c09c54fdd625581ed5184","messageTitle":"Add FoodIntakeList class","messageBody":"","fileTypesAndContributionMap":{"functional-code":{"insertions":22,"deletions":0}}},{"hash":"71a90309a3199844209e95b03f10bf731e17b552","messageTitle":"Add JavaDocs for FoodIntakeList","messageBody":"","fileTypesAndContributionMap":{"functional-code":{"insertions":11,"deletions":0}}},{"hash":"33a19e9ca019b1c83e92de215b43f86d1bff0212","messageTitle":"Update FoodIntake and FoodIntakeList to use LocalDate instead of LocalDateTime","messageBody":"","fileTypesAndContributionMap":{"functional-code":{"insertions":9,"deletions":9}}}]},{"date":"2021-03-14","commitResults":[{"hash":"90c9c9031b35a7e792f881167aaf36e5e45472e8","messageTitle":"Add JsonAdaptedFoodIntake","messageBody":"","fileTypesAndContributionMap":{"functional-code":{"insertions":2,"deletions":0}}},{"hash":"1bd79aa45636c0110f914650cc10765af4816cd0","messageTitle":"Add JsonSerializableFoodIntakeList","messageBody":"","fileTypesAndContributionMap":{"functional-code":{"insertions":134,"deletions":1}}},{"hash":"2c5f5c94a19476c8adc49df299a578b5c51a17bb","messageTitle":"Add FoodIntakeListStorage","messageBody":"","fileTypesAndContributionMap":{"functional-code":{"insertions":45,"deletions":0}}},{"hash":"8f025bb4effe035f452a3430a4bef8c4fd2381d7","messageTitle":"Add JsonFoodIntakeListStorage","messageBody":"","fileTypesAndContributionMap":{"functional-code":{"insertions":81,"deletions":0}}},{"hash":"7adef36804f0bad8f9c4b80c8125a1c0947b07b8","messageTitle":"Add FoodIntakeList constructor without date","messageBody":"","fileTypesAndContributionMap":{"functional-code":{"insertions":8,"deletions":0}}},{"hash":"62a0b0f1613adf0e019b3317727699968bb529cb","messageTitle":"Add foodIntakeList to User","messageBody":"","fileTypesAndContributionMap":{"functional-code":{"insertions":12,"deletions":2}}},{"hash":"baed871deeb624d08fe383f8763db99c39ae077d","messageTitle":"Update dependencies","messageBody":"","fileTypesAndContributionMap":{"functional-code":{"insertions":103,"deletions":27},"test-code":{"insertions":53,"deletions":30}}},{"hash":"185bf25d619f6d2f3fe3f67c3453b006045ca413","messageTitle":"Fix checkstyle","messageBody":"","fileTypesAndContributionMap":{"test-code":{"insertions":28,"deletions":31}}},{"hash":"eb53dd122ce6a342a9864f6bb6d2ec07f8411ba0","messageTitle":"Fix CI","messageBody":"","fileTypesAndContributionMap":{"test-code":{"insertions":5,"deletions":6}}},{"hash":"1b86e6c268c33484fda2c9d2ed925dbda4ad9e8f","messageTitle":"Implement equals and hashCode in FoodIntakeList","messageBody":"","fileTypesAndContributionMap":{"functional-code":{"insertions":18,"deletions":0}}}]},{"date":"2021-03-18","commitResults":[{"hash":"59760b2999f60701235c1e1786a80d2b362cdbcb","messageTitle":"Add FoodIntakeCommandParser","messageBody":"","fileTypesAndContributionMap":{"functional-code":{"insertions":71,"deletions":0}}},{"hash":"7460264c1a3a594956e930e4086fa02f766d148b","messageTitle":"Add UpdateFoodIntakeCommand","messageBody":"","fileTypesAndContributionMap":{"functional-code":{"insertions":79,"deletions":0}}},{"hash":"4e91dbd85d9083b66b93481b5ca61bb86e4458a0","messageTitle":"Rearrange order to match order of input into AddFoodItem and AddFoodIntake","messageBody":"","fileTypesAndContributionMap":{"functional-code":{"insertions":6,"deletions":6}}},{"hash":"a9cb2a66f87f40183b5aed2525cb300536cc1c54","messageTitle":"Add findFoodIntake() method","messageBody":"","fileTypesAndContributionMap":{"functional-code":{"insertions":27,"deletions":1}}},{"hash":"ce70b476513040bb6045ac248d93c18aae6908c1","messageTitle":"Integrate UpdateFoodIntake command","messageBody":"","fileTypesAndContributionMap":{"functional-code":{"insertions":29,"deletions":0}}},{"hash":"30d933626c87b65ae688686fc7b60c0594132934","messageTitle":"Fix checkstyle","messageBody":"","fileTypesAndContributionMap":{"functional-code":{"insertions":7,"deletions":4},"test-code":{"insertions":6,"deletions":0}}}]},{"date":"2021-03-19","commitResults":[{"hash":"2908d1cc912d48d8f5cfdf696630d4270d6dc667","messageTitle":"Update Javadoc comments","messageBody":"","fileTypesAndContributionMap":{"functional-code":{"insertions":5,"deletions":1}}},{"hash":"3129456f8aa2fd177945c0e20c2f2e8bd7c72f94","messageTitle":"Update command word to foodintakeupdate","messageBody":"","fileTypesAndContributionMap":{"functional-code":{"insertions":1,"deletions":1}}}]},{"date":"2021-03-23","commitResults":[{"hash":"39ec5fa6d0d9f65fb76e6844af5564c232d1d517","messageTitle":"Add import regex validation","messageBody":"","fileTypesAndContributionMap":{"functional-code":{"insertions":18,"deletions":2}}},{"hash":"2400dd918853682bd709d59011d2836a54b463b4","messageTitle":"Update DleteFoodIntakeCOmmand","messageBody":"","fileTypesAndContributionMap":{"functional-code":{"insertions":7,"deletions":10}}},{"hash":"def443c24c825ada6215b830c7ecd36547280b87","messageTitle":"Add food name parser for food names loaded via file","messageBody":"","fileTypesAndContributionMap":{"functional-code":{"insertions":16,"deletions":0}}},{"hash":"fc11cd72ca12a51e4b6c0ac0d48db50bf3b72cb3","messageTitle":"Add additional constructor for food intake loaded from file","messageBody":"","fileTypesAndContributionMap":{"functional-code":{"insertions":7,"deletions":0}}},{"hash":"f58b1037f35c03ba20576ba6b696ee63dea141e5","messageTitle":"Update FoodIntakeList to support duplicate food intake names","messageBody":"","fileTypesAndContributionMap":{"functional-code":{"insertions":81,"deletions":11}}},{"hash":"ab88ca69e67221b9fa4d2f5cebcb8769f59e8183","messageTitle":"Update FoodIntakeList to support duplicate food intake namesUpdate FoodIntakeList to support duplicate food intake names","messageBody":"","fileTypesAndContributionMap":{"functional-code":{"insertions":1,"deletions":0}}},{"hash":"69d18506144d6d824548e10a902f3ca8be18ee38","messageTitle":"Fix checkstyle","messageBody":"","fileTypesAndContributionMap":{"functional-code":{"insertions":21,"deletions":9}}},{"hash":"3865ede2b0d4175f5960e14d3a73ce74ce1e2e31","messageTitle":"Define duplicate count regular expression in static variable","messageBody":"","fileTypesAndContributionMap":{"functional-code":{"insertions":2,"deletions":2}}}]},{"date":"2021-03-25","commitResults":[{"hash":"259d25951585d076cc1d19c92c952bf0b0bff90d","messageTitle":"Update User Guide","messageBody":"","fileTypesAndContributionMap":{"docs":{"insertions":20,"deletions":17}}},{"hash":"3aa3d1c648d8006a4f5beb04d60f7b7decfa0b7e","messageTitle":"Update User Guide to fix sentences","messageBody":"","fileTypesAndContributionMap":{"docs":{"insertions":7,"deletions":7}}},{"hash":"4d573a2721d86120df7044eca488ea9d7b7ecea1","messageTitle":"Update Developer Guide to include FoodIntake implementation","messageBody":"","fileTypesAndContributionMap":{"docs":{"insertions":27,"deletions":0}}},{"hash":"b69f03daab2200d7a5bdb1e6398d2efce8c127e1","messageTitle":"Fix typo in Developer Guide","messageBody":"","fileTypesAndContributionMap":{"docs":{"insertions":1,"deletions":1}}},{"hash":"b8734a1d89d233415bc26ed79ac511a844c96171","messageTitle":"Fix Developer Guide styling","messageBody":"","fileTypesAndContributionMap":{"docs":{"insertions":1,"deletions":1}}},{"hash":"36749a03372698749f42c61dadc3aab10f6ef31f","messageTitle":"Add assertion and validation for FoodIntake","messageBody":"","fileTypesAndContributionMap":{"functional-code":{"insertions":6,"deletions":0}}},{"hash":"acbb5ee33da781fc4d6b584f54e797ffe3cedc03","messageTitle":"Add assertion and validation for FoodIntakeList","messageBody":"","fileTypesAndContributionMap":{"functional-code":{"insertions":15,"deletions":0}}}]},{"date":"2021-03-28","commitResults":[{"hash":"c76ce36e0a8ee0f596bc892f7ffa7b0461294630","messageTitle":"Fix image path","messageBody":"","fileTypesAndContributionMap":{"docs":{"insertions":11,"deletions":11}}},{"hash":"cc0db3c4c0e93f37d92bffd52bdb51b277458891","messageTitle":"Add initialise user","messageBody":"","fileTypesAndContributionMap":{"functional-code":{"insertions":28,"deletions":3}}},{"hash":"4e1982b5097daa82e5d73b798909b7597b4841ba","messageTitle":"Add ResetCommand","messageBody":"","fileTypesAndContributionMap":{"functional-code":{"insertions":90,"deletions":0}}},{"hash":"ea3062fd7851ebd3a88e076fc5bfc57e4e6876d8","messageTitle":"Add resetToBlank and resetToTemplate methods","messageBody":"","fileTypesAndContributionMap":{"functional-code":{"insertions":20,"deletions":0}}},{"hash":"9f15a4e7563b094b1e71db4d3ab2496e0e8cae3c","messageTitle":"Add resetToTemplate() and resetToBlan()","messageBody":"","fileTypesAndContributionMap":{"functional-code":{"insertions":18,"deletions":0}}},{"hash":"df83f2198e8d2126e4f287d005a0e80bb47125a0","messageTitle":"Add reset methods to Modelmanager","messageBody":"","fileTypesAndContributionMap":{"functional-code":{"insertions":19,"deletions":0}}},{"hash":"9aeb6f468e3dbf7070d0e88217a283d0c8652c19","messageTitle":"Add ResetCommand","messageBody":"","fileTypesAndContributionMap":{"functional-code":{"insertions":11,"deletions":2}}},{"hash":"86d29296df8194a6a46a1d58ba2afa8bb8293360","messageTitle":"Add JavaDocs","messageBody":"","fileTypesAndContributionMap":{"functional-code":{"insertions":12,"deletions":0}}},{"hash":"96bf5b3f16d5b2d1c20f4f909e42753d2fcd635c","messageTitle":"Fix Checkstyle","messageBody":"","fileTypesAndContributionMap":{"functional-code":{"insertions":16,"deletions":12}}},{"hash":"4204433a27100d712c8ede43af93fd6faaec04d5","messageTitle":"Fix resetToTemplate() and resetToBlank() methods","messageBody":"","fileTypesAndContributionMap":{"functional-code":{"insertions":9,"deletions":9}}}]},{"date":"2021-03-30","commitResults":[{"hash":"228da54cfdc2ab4d463b8f9738208e8764df05e0","messageTitle":"Add introduction","messageBody":"","fileTypesAndContributionMap":{"docs":{"insertions":5,"deletions":0}}},{"hash":"06fe4281bb61f01bab35023fdb09834a2f828e4e","messageTitle":"Add understanding the guide","messageBody":"","fileTypesAndContributionMap":{"docs":{"insertions":8,"deletions":0}}},{"hash":"146b228cdbee29448e3ea1087d18c57f48f674fc","messageTitle":"Update FoodIntake description","messageBody":"","fileTypesAndContributionMap":{"docs":{"insertions":5,"deletions":7}}},{"hash":"61b2a132d2f39ea91f7fdcfebe8abfffd0aeb7db","messageTitle":"Fix formatting","messageBody":"","fileTypesAndContributionMap":{"docs":{"insertions":1,"deletions":1}}}]},{"date":"2021-03-31","commitResults":[{"hash":"d21d8cd87e8a087f9de92fd6a11279dae87092ce","messageTitle":"Add Understanding the User Guide","messageBody":"","fileTypesAndContributionMap":{"docs":{"insertions":9,"deletions":1}}},{"hash":"7a4de75d26b1c13b305dbe1e2207592ede278ae3","messageTitle":"Update descriptions to user-centric style","messageBody":"","fileTypesAndContributionMap":{"docs":{"insertions":13,"deletions":13}}},{"hash":"73e5057286192d54860aa701c77e6e29fbf4e81b","messageTitle":"Add reset command descriptions","messageBody":"","fileTypesAndContributionMap":{"docs":{"insertions":62,"deletions":32}}},{"hash":"5be034a3dd343607a65659e7a9002c1a9ee49988","messageTitle":"Update styling and spelling","messageBody":"","fileTypesAndContributionMap":{"docs":{"insertions":6,"deletions":4}}}]},{"date":"2021-04-01","commitResults":[{"hash":"ca451606e91db60c144cdff364a31b0fec98de8d","messageTitle":"Add deleteFile method","messageBody":"","fileTypesAndContributionMap":{"functional-code":{"insertions":9,"deletions":0}}},{"hash":"818110350113b209e8c46e4d64754feb1a2c2593","messageTitle":"Add deleteUser","messageBody":"","fileTypesAndContributionMap":{"functional-code":{"insertions":37,"deletions":0}}},{"hash":"bde20833e77bc0f357375742eb5530914846dac3","messageTitle":"Fix reset to blank command","messageBody":"","fileTypesAndContributionMap":{"functional-code":{"insertions":8,"deletions":4}}},{"hash":"2981935c390a76b32b59fd514fac42d78ae120ed","messageTitle":"Remove redundant date variable in FoodIntakeList","messageBody":"","fileTypesAndContributionMap":{"functional-code":{"insertions":1,"deletions":4}}},{"hash":"9d69454c400a0d8c3d3ff537ab29c61d3395fb05","messageTitle":"Fix checkstyle: remove unused import","messageBody":"","fileTypesAndContributionMap":{"functional-code":{"insertions":0,"deletions":1}}}]}]},"authorFileTypeContributionMap":{"SoonKeatNeo":{"docs":82,"functional-code":655,"test-code":69,"other":5},"sjq-sohjunqi":{"docs":214,"functional-code":1729,"test-code":20},"ssoonwee":{"docs":308,"functional-code":1779,"test-code":542},"WeiLiangLOL":{"docs":136,"functional-code":1025,"test-code":83},"jasaaanlim":{"docs":126,"functional-code":1025,"test-code":14}},"authorContributionVariance":{"SoonKeatNeo":3867.9163,"sjq-sohjunqi":386406.75,"ssoonwee":26349.334,"WeiLiangLOL":15101.5205,"jasaaanlim":10600.0625},"authorDisplayNameMap":{"SoonKeatNeo":"CS2103T-T12-2 NEO ..KEAT","sjq-sohjunqi":"CS2103T-T12-2 SOH ..N QI","ssoonwee":"CS2103T-T12-2 SONG.. WEE","WeiLiangLOL":"CS2103T-T12-2 KUAH..IANG","jasaaanlim":"CS2103T-T12-2 JASO..SHEN"}}
