{"authorDailyContributionsMap":{"CharlesLee01":[{"date":"2021-02-27","commitResults":[{"hash":"c85c6892f0e99502aee0432ead9271232fc9abcd","messageTitle":"Edit Pawbook user guide","messageBody":"","fileTypesAndContributionMap":{"docs":{"insertions":78,"deletions":185}}},{"hash":"78f5536762755fc426d9106ce598e86e8b4c922e","messageTitle":"Update AboutUs.md","messageBody":"","fileTypesAndContributionMap":{"docs":{"insertions":5,"deletions":6}}},{"hash":"56dcd31c80921937a25d7637b91dd9d128b1336f","messageTitle":"Remove black dots and hash-tag","messageBody":"","fileTypesAndContributionMap":{"docs":{"insertions":20,"deletions":20}}}]},{"date":"2021-02-28","commitResults":[{"hash":"35b4987b884175740b95b7343c3f5e3429cd366a","messageTitle":"Edit use cases in DeveloperGuide.md","messageBody":"","fileTypesAndContributionMap":{"docs":{"insertions":251,"deletions":10}}}]},{"date":"2021-03-01","commitResults":[{"hash":"95ed8d6ef2e7c089706f46ae7f4404f07acb4aa7","messageTitle":"Update AboutUs.md","messageBody":"","fileTypesAndContributionMap":{"docs":{"insertions":1,"deletions":1}}}]},{"date":"2021-03-02","commitResults":[{"hash":"c68143d1c9e74c94d60fc9d08b4cb50e236f8875","messageTitle":"Made some changes","messageBody":"","fileTypesAndContributionMap":{"docs":{"insertions":18,"deletions":19}}}]},{"date":"2021-03-13","commitResults":[{"hash":"72c909f55e6175d70a0924792fdd19cf962d2baa","messageTitle":"Complete todo testcases in JsonUtilTest.java","messageBody":"","fileTypesAndContributionMap":{"test-code":{"insertions":38,"deletions":4}}},{"hash":"dfd86f94627994d57193804ec9a28b882e34d080","messageTitle":"Checkstyle fix","messageBody":"","fileTypesAndContributionMap":{"test-code":{"insertions":4,"deletions":4}}}]},{"date":"2021-03-20","commitResults":[{"hash":"206da2ec3444dab3bd36847b8e9a471b5acca220","messageTitle":"Add dog-related testcases and fix some bugs","messageBody":"","fileTypesAndContributionMap":{"functional-code":{"insertions":7,"deletions":6},"test-code":{"insertions":261,"deletions":2}}}]},{"date":"2021-03-25","commitResults":[{"hash":"8ef9feac9c9a322b5ef26dc86a896f60474f5e88","messageTitle":"Include edit command in DG","messageBody":"","fileTypesAndContributionMap":{"docs":{"insertions":26,"deletions":1}}}]}],"shaelynl":[{"date":"2021-02-27","commitResults":[{"hash":"bfda856c4e81ffe7740d9033d4be3aebde2cb545","messageTitle":"Add Shaelyn\u0027s profile to AboutUs","messageBody":"","fileTypesAndContributionMap":{"docs":{"insertions":4,"deletions":5}}}]},{"date":"2021-02-28","commitResults":[{"hash":"35f1b251608d7c835978326e7793ae32d7946efd","messageTitle":"Add Help command to UG and add Ui mockup","messageBody":"","fileTypesAndContributionMap":{"docs":{"insertions":6,"deletions":0}}},{"hash":"9226bf1933f01d18f5ee3c7e1cfcdbbccf4558d5","messageTitle":"Add NFR for DG","messageBody":"","fileTypesAndContributionMap":{"docs":{"insertions":5,"deletions":3}}}]},{"date":"2021-03-02","commitResults":[{"hash":"edbec9df1624d3fd1b4fb120024631695e584e63","messageTitle":"Add more NFRs","messageBody":"","fileTypesAndContributionMap":{"docs":{"insertions":1,"deletions":1}}}]},{"date":"2021-03-14","commitResults":[{"hash":"4454b3cd7871c81ab5e36c7b3c7431d0a48e8dc1","messageTitle":"Changed UniqueOwnerList to UniqueEntityList","messageBody":"","fileTypesAndContributionMap":{"functional-code":{"insertions":60,"deletions":32},"other":{"insertions":28,"deletions":26},"test-code":{"insertions":22,"deletions":21}}},{"hash":"9ed16fd66a0f77d130edf0d6f43c78ab5c663b94","messageTitle":"Changed Owner to Entity","messageBody":"","fileTypesAndContributionMap":{"functional-code":{"insertions":42,"deletions":39},"test-code":{"insertions":40,"deletions":40}}},{"hash":"c21e9e365fb73111f5cfad8bd4a63f58bd575803","messageTitle":"Remove isSameOwner and changed all previous instances to isSameEntity","messageBody":"","fileTypesAndContributionMap":{"functional-code":{"insertions":0,"deletions":13},"test-code":{"insertions":8,"deletions":8}}}]},{"date":"2021-03-17","commitResults":[{"hash":"b864111cc98dbc4b505301086a5f961a6edddf9d","messageTitle":"Add test coverage to PawbookParserTest","messageBody":"","fileTypesAndContributionMap":{"functional-code":{"insertions":2,"deletions":3},"test-code":{"insertions":23,"deletions":3}}}]},{"date":"2021-03-24","commitResults":[{"hash":"3f0f20dbaaaee17f3d60c85c8671d3df0142f7df","messageTitle":"no message","messageBody":"","fileTypesAndContributionMap":{"docs":{"insertions":1,"deletions":1}}},{"hash":"c971778105760ea65ca7e01c61777bd05bc314ee","messageTitle":"implemented drop dog from program command and fixed error message for enrol and drop","messageBody":"","fileTypesAndContributionMap":{"functional-code":{"insertions":178,"deletions":16}}},{"hash":"65a4dd3f335762be60b962eacdce21e006cb1ae2","messageTitle":"fix checkstyle","messageBody":"","fileTypesAndContributionMap":{"functional-code":{"insertions":3,"deletions":2}}},{"hash":"b4a1d34e8955b50756bec68ccd0bf6b6507cdd94","messageTitle":"resolve merge conflicts","messageBody":"","fileTypesAndContributionMap":{"functional-code":{"insertions":6,"deletions":0}}}]},{"date":"2021-03-25","commitResults":[{"hash":"356e6e99a7725ebff74abbc35e1aa655c74476bb","messageTitle":"fix error messages for enrol and drop","messageBody":"","fileTypesAndContributionMap":{"functional-code":{"insertions":55,"deletions":25}}},{"hash":"3613bca67c567390efa9044c023a6874b50cd935","messageTitle":"Update DG and add UML activity diagram for Drop Command","messageBody":"","fileTypesAndContributionMap":{"docs":{"insertions":23,"deletions":0}}},{"hash":"13fb4a7856680d090d2fc9e3970c6cc72441d590","messageTitle":"Add assertions for drop command","messageBody":"","fileTypesAndContributionMap":{"functional-code":{"insertions":6,"deletions":0}}}]}],"branzuelajohn":[{"date":"2021-03-01","commitResults":[{"hash":"91030025cc84b3799cf4df06898ba18822597e91","messageTitle":"Update John Alec\u0027s details","messageBody":"","fileTypesAndContributionMap":{"docs":{"insertions":19,"deletions":5}}},{"hash":"718ba36af5fc80ae75d9419cd0175f82ad4bc9b8","messageTitle":"Edit AboutUs.md","messageBody":"","fileTypesAndContributionMap":{"docs":{"insertions":1,"deletions":1}}},{"hash":"3ace8e9725995b86a150ce738d29225aa5abb53c","messageTitle":"Add 5 High Priority User Stories","messageBody":"","fileTypesAndContributionMap":{"docs":{"insertions":6,"deletions":6}}}]},{"date":"2021-03-02","commitResults":[{"hash":"b5d0a2abef602c2414bd1d82066fc0309fa97728","messageTitle":"Update AboutUs.md","messageBody":"","fileTypesAndContributionMap":{"docs":{"insertions":1,"deletions":1}}},{"hash":"f7e8773e96eebc68b1a075859e8320720f80053c","messageTitle":"Update Command Summary","messageBody":"","fileTypesAndContributionMap":{"docs":{"insertions":0,"deletions":4}}},{"hash":"ffc38f5df1d910cc22a69429e824e576f6d2201d","messageTitle":"Update Developer Guide","messageBody":"","fileTypesAndContributionMap":{"docs":{"insertions":20,"deletions":18}}}]},{"date":"2021-03-15","commitResults":[{"hash":"ce1a1b775550a8ab2f79c3d40b2733a98b7da361","messageTitle":"Create Dog, Breed, DateOfBirth and Sex class","messageBody":"","fileTypesAndContributionMap":{"functional-code":{"insertions":291,"deletions":0}}},{"hash":"d34ed6a152380867a2b952e48cf561a39c022e41","messageTitle":"Fix bugs and add support for Add Dog","messageBody":"","fileTypesAndContributionMap":{"functional-code":{"insertions":225,"deletions":17}}},{"hash":"77e83bd0577a400925d3675e6e9f1810b03151ed","messageTitle":"Edit AddCommand class and fixed code style in CliSyntax class","messageBody":"","fileTypesAndContributionMap":{"functional-code":{"insertions":10,"deletions":8}}},{"hash":"12986f84526796eb0150c28b125d8a3f8089655b","messageTitle":"Fix checkstyle error","messageBody":"","fileTypesAndContributionMap":{"functional-code":{"insertions":9,"deletions":2}}}]},{"date":"2021-03-21","commitResults":[{"hash":"e642b2a7d8ede4e26c2979867dbfa9c49000df1d","messageTitle":"Modify owner to store ArrayList of dog id","messageBody":"","fileTypesAndContributionMap":{"functional-code":{"insertions":57,"deletions":15},"test-code":{"insertions":8,"deletions":5}}},{"hash":"9c878dc501733a0cb269e12f5bfa3461e2efa415","messageTitle":"Fix dog ID storing","messageBody":"","fileTypesAndContributionMap":{"functional-code":{"insertions":1,"deletions":0}}},{"hash":"53ac715e02cb8b74ae8c0560d2a634477f18e3b5","messageTitle":"Fix checkstyle errors","messageBody":"","fileTypesAndContributionMap":{"functional-code":{"insertions":1,"deletions":2},"test-code":{"insertions":2,"deletions":2}}},{"hash":"5179495f65987dec8dd7c7fd9927b5ec551b58eb","messageTitle":"Add ID check in AddDogCommand","messageBody":"","fileTypesAndContributionMap":{"functional-code":{"insertions":5,"deletions":0}}},{"hash":"9872b3bae84a9d97ae95431433b39f2f9b729072","messageTitle":"Renamed idEntity to idNumber and added check if entity is instance of Owner","messageBody":"","fileTypesAndContributionMap":{"functional-code":{"insertions":18,"deletions":15},"test-code":{"insertions":1,"deletions":2}}},{"hash":"d0aa16e0799a5ce15ac4d0cdde4bddcd440a3d2e","messageTitle":"Modify owner to store ArrayList of dog id","messageBody":"","fileTypesAndContributionMap":{"functional-code":{"insertions":56,"deletions":14},"test-code":{"insertions":10,"deletions":7}}},{"hash":"db99f1e23e194ce674c94cb43fbbb783777c222e","messageTitle":"Add ID check in AddDogCommand","messageBody":"Renamed idEntity to idNumber and added check if entity is instance of Owner\n","fileTypesAndContributionMap":{"functional-code":{"insertions":23,"deletions":15},"test-code":{"insertions":1,"deletions":2}}}]},{"date":"2021-03-22","commitResults":[{"hash":"ec99d031fbb87723442b362d1f941c7de57f86f6","messageTitle":"Add Program and DateOfProgram class","messageBody":"","fileTypesAndContributionMap":{"functional-code":{"insertions":280,"deletions":0}}}]},{"date":"2021-03-23","commitResults":[{"hash":"bddd7e4ec6fb750ada3dcdcd659fc1ead89a02fd","messageTitle":"Create Program and introduce add/delete program","messageBody":"","fileTypesAndContributionMap":{"functional-code":{"insertions":314,"deletions":93}}},{"hash":"23e6a080d8d997e7a0e03cc124f68bcd65c3af94","messageTitle":"Modified program class to store Set of date of Programs","messageBody":"","fileTypesAndContributionMap":{"functional-code":{"insertions":49,"deletions":45}}},{"hash":"cea5bd22e1f60801da3088bf97d569d095e9ef33","messageTitle":"Remove methods that make Owner and Program mutable","messageBody":"","fileTypesAndContributionMap":{"functional-code":{"insertions":0,"deletions":9}}},{"hash":"b80e32774f2eca0c71a9d062943e5a5e1ffd2797","messageTitle":"Refactor DateOfProgram to Session","messageBody":"","fileTypesAndContributionMap":{"functional-code":{"insertions":34,"deletions":35},"other":{"insertions":6,"deletions":6}}},{"hash":"d99f1624ae9c2e5dd23fbba6dd5f218ec15699e0","messageTitle":"Renamed dogs to enrolledDogs and sessions to sessionsList","messageBody":"","fileTypesAndContributionMap":{"functional-code":{"insertions":9,"deletions":9}}},{"hash":"334a1efaf7d4986b1ff5f931614fff75ab308766","messageTitle":"Fixed parser for AddProgram","messageBody":"","fileTypesAndContributionMap":{"functional-code":{"insertions":9,"deletions":9}}}]},{"date":"2021-03-24","commitResults":[{"hash":"bd4e3aec19864b50013e111b7aad8eec082a5e08","messageTitle":"Add assertions to add/delete program/dog command","messageBody":"","fileTypesAndContributionMap":{"functional-code":{"insertions":5,"deletions":4}}},{"hash":"b213a490e6c30f737385e012da48e0b1df10c02f","messageTitle":"Edit assertions","messageBody":"","fileTypesAndContributionMap":{"functional-code":{"insertions":7,"deletions":7}}},{"hash":"23c525bb50d8eea4c7e08dc08b79475ae6e0e94c","messageTitle":"Edit User Guide and message usage in AddProgramCommand","messageBody":"","fileTypesAndContributionMap":{"functional-code":{"insertions":1,"deletions":1},"docs":{"insertions":1,"deletions":1}}},{"hash":"11cb27bf865a24a6bdeeb1f9c64b211b56290b6d","messageTitle":"Update AddDogCommandParser.java","messageBody":"","fileTypesAndContributionMap":{"functional-code":{"insertions":0,"deletions":1}}},{"hash":"b68ed335c737fb8de74109d6c1282223b7adf438","messageTitle":"Remove redundant assertion","messageBody":"","fileTypesAndContributionMap":{"functional-code":{"insertions":0,"deletions":1}}}]},{"date":"2021-03-25","commitResults":[{"hash":"053a1a5830aaa6a5f8ad986ba6afc14a5677da8a","messageTitle":"Add DeleteActivityDiagram","messageBody":"","fileTypesAndContributionMap":{"docs":{"insertions":28,"deletions":2}}},{"hash":"c60c48dd5fdaf09efd2a80781d0ea77d54d2d42c","messageTitle":"Edit DG","messageBody":"","fileTypesAndContributionMap":{"docs":{"insertions":4,"deletions":1}}}]}],"ZhangAnli":[{"date":"2021-02-27","commitResults":[{"hash":"a8a05fda37f914c86213e08585ef0d2c638054fb","messageTitle":"Update AboutUs for Anli","messageBody":"","fileTypesAndContributionMap":{"docs":{"insertions":10,"deletions":0}}},{"hash":"80e8e0ecea77c409c2a5b39694db4dba8de32759","messageTitle":"Fix image for About Us","messageBody":"","fileTypesAndContributionMap":{"docs":{"insertions":1,"deletions":1}}},{"hash":"1007e864eb8f18b180a6c2188d132483c9af4820","messageTitle":"Update value proposition and target user profile","messageBody":"","fileTypesAndContributionMap":{"docs":{"insertions":22,"deletions":0}}}]},{"date":"2021-02-28","commitResults":[{"hash":"c6750088272d8c5b22ffd722d5c7bf95a4cdd729","messageTitle":"Update Anli\u0027s About Us","messageBody":"","fileTypesAndContributionMap":{"docs":{"insertions":1,"deletions":2}}}]},{"date":"2021-03-02","commitResults":[{"hash":"427d0bf043ba3f8af706a84dcaf9a13294b2dd45","messageTitle":"Add user guide - delete command (#35)","messageBody":"Co-authored-by: Kou Yong Kang \u003cskykinetic@stevenkou.xyz\u003e","fileTypesAndContributionMap":{"docs":{"insertions":8,"deletions":0}}},{"hash":"f1d49d6fed3a440d9c4a39c7f1281a686d2046e9","messageTitle":"Edit UserGuide for 1.1","messageBody":"","fileTypesAndContributionMap":{"docs":{"insertions":93,"deletions":30}}},{"hash":"395a642b83883302286b4a4786af0fde1d04cee2","messageTitle":"Update README.md","messageBody":"","fileTypesAndContributionMap":{"docs":{"insertions":0,"deletions":14}}}]},{"date":"2021-03-11","commitResults":[{"hash":"1155a9998deaa01cb19680f895c719c478598b29","messageTitle":"Increase test coverage for OwnerTest.java","messageBody":"","fileTypesAndContributionMap":{"test-code":{"insertions":24,"deletions":0}}}]},{"date":"2021-03-16","commitResults":[{"hash":"282df7fad2764317e54f849949e905b5803beacb","messageTitle":"Edit Index.md to fit PawBook","messageBody":"","fileTypesAndContributionMap":{"docs":{"insertions":5,"deletions":4}}}]},{"date":"2021-03-17","commitResults":[{"hash":"f58a3e0ce3ede30a243a36bff1edd12e6b8a4278","messageTitle":"Remove methods in UniqueEntityList with Entity parameters","messageBody":"","fileTypesAndContributionMap":{"functional-code":{"insertions":14,"deletions":48},"test-code":{"insertions":23,"deletions":24}}},{"hash":"be9ff888ece1cf273c67979fae1fcfd0d847859e","messageTitle":"Refactor UniqueEntityList methods that contain Entity parameter","messageBody":"","fileTypesAndContributionMap":{"functional-code":{"insertions":31,"deletions":16},"test-code":{"insertions":42,"deletions":30}}},{"hash":"c46fe1248b0a67004ebf50b418764103c7f3d1fe","messageTitle":"Fix checkstyle errors","messageBody":"","fileTypesAndContributionMap":{"functional-code":{"insertions":16,"deletions":1},"test-code":{"insertions":2,"deletions":4}}},{"hash":"9b954097615d94a707f5b1ea96d24955287ff4f1","messageTitle":"Fix refactoring UniqueEntityList code based on team feedback","messageBody":"","fileTypesAndContributionMap":{"functional-code":{"insertions":16,"deletions":31},"test-code":{"insertions":12,"deletions":5}}},{"hash":"2ae67ad2fd37b321137d09a190eb8bf6ef7edaff","messageTitle":"Remove instances of owner mentions in Javadocs","messageBody":"","fileTypesAndContributionMap":{"functional-code":{"insertions":13,"deletions":13}}}]},{"date":"2021-03-23","commitResults":[{"hash":"66fd7a10e60720d99b5b76a64ec5f77046b3acf7","messageTitle":"Revert Find Command","messageBody":"","fileTypesAndContributionMap":{"functional-code":{"insertions":79,"deletions":0},"test-code":{"insertions":132,"deletions":0}}},{"hash":"9b907c8e26a9673a924a6225f40eb73f2e3a8d6a","messageTitle":"Implement Find Command","messageBody":"","fileTypesAndContributionMap":{"functional-code":{"insertions":4,"deletions":4},"test-code":{"insertions":14,"deletions":8}}},{"hash":"88f502bd9f5b46393a2e22797097f2168e274c4d","messageTitle":"Add View Command","messageBody":"","fileTypesAndContributionMap":{"functional-code":{"insertions":135,"deletions":4},"other":{"insertions":1,"deletions":2},"test-code":{"insertions":9,"deletions":8}}},{"hash":"40476fa38ed3c04cd671e81c0e62db524a94fa53","messageTitle":"Implement View Command","messageBody":"","fileTypesAndContributionMap":{"functional-code":{"insertions":32,"deletions":17},"test-code":{"insertions":1,"deletions":1}}},{"hash":"132c7c7cb550b237dd90d135cfa83fbf1765988d","messageTitle":"Fix minor syntax issues","messageBody":"","fileTypesAndContributionMap":{"functional-code":{"insertions":4,"deletions":4}}}]},{"date":"2021-03-24","commitResults":[{"hash":"9b1e0e47063b5f7deee93dd06e49f355ba30850d","messageTitle":"Insert Assertions in View and Find Command","messageBody":"","fileTypesAndContributionMap":{"functional-code":{"insertions":3,"deletions":3}}},{"hash":"3e5364944c60b286f9e0bd3c98b69e90bdecf6f4","messageTitle":"Fix assertions","messageBody":"","fileTypesAndContributionMap":{"functional-code":{"insertions":4,"deletions":5}}}]},{"date":"2021-03-25","commitResults":[{"hash":"2813c3b907d7a0030dfbf8095212fddaee350eaa","messageTitle":"Initialise ViewCommand in Developer Guide","messageBody":"","fileTypesAndContributionMap":{"docs":{"insertions":32,"deletions":1}}}]}],"wei-yutong":[{"date":"2021-03-02","commitResults":[{"hash":"067ee56d53b9811ad12f9386a0b8c4f7c96f686b","messageTitle":"Update Yutong\u0027s AboutUs","messageBody":"","fileTypesAndContributionMap":{"docs":{"insertions":35,"deletions":5}}},{"hash":"ffcdeca20bb8d862424e35b8014b3b7bc2fec514","messageTitle":"Update Yutong\u0027s AboutUs","messageBody":"","fileTypesAndContributionMap":{"docs":{"insertions":1,"deletions":1}}},{"hash":"4735ae2a4e9579ccb3ccbceba4d04a697628e08a","messageTitle":"Update developguide to include medium priority user stories","messageBody":"","fileTypesAndContributionMap":{"docs":{"insertions":10,"deletions":6}}},{"hash":"50af856895c914e35e4a964426a9fabc7eabe660","messageTitle":"Edit table for DG","messageBody":"","fileTypesAndContributionMap":{"docs":{"insertions":0,"deletions":5}}},{"hash":"43dfe02e617217e31baa3b6db6da3071248785d8","messageTitle":"Add Exit for userguide","messageBody":"","fileTypesAndContributionMap":{"docs":{"insertions":1,"deletions":1}}},{"hash":"80e5cdf0abd3f3849b497f13b1df69a7bd219551","messageTitle":"Update AboutUs and add .md for teammates","messageBody":"","fileTypesAndContributionMap":{"docs":{"insertions":99,"deletions":54}}},{"hash":"e545db14a2faeaabd680ff0a8a844f77897be59e","messageTitle":"Remove whitespaces","messageBody":"","fileTypesAndContributionMap":{"docs":{"insertions":41,"deletions":41}}}]},{"date":"2021-03-07","commitResults":[{"hash":"5bfc43724f5fb864a6a04e2297f6c964fa2a5810","messageTitle":"Rename person to owner on project wide scale","messageBody":"","fileTypesAndContributionMap":{"functional-code":{"insertions":350,"deletions":350},"docs":{"insertions":112,"deletions":112},"test-code":{"insertions":618,"deletions":618}}},{"hash":"a6fe78ecaa3facd461845d68dfea2cb2ad584ee6","messageTitle":"Rename file names containing person to owner","messageBody":"","fileTypesAndContributionMap":{"other":{"insertions":0,"deletions":0}}}]},{"date":"2021-03-16","commitResults":[{"hash":"7f34557993b365c4a1efdd8d639b112066632556","messageTitle":"Update help command","messageBody":"","fileTypesAndContributionMap":{"functional-code":{"insertions":1,"deletions":1}}}]},{"date":"2021-03-17","commitResults":[{"hash":"ef8e9e333168df01e6dd50239464efda1d0229ae","messageTitle":"Add test util and test coverage for Dog commands","messageBody":"","fileTypesAndContributionMap":{"functional-code":{"insertions":1,"deletions":2},"other":{"insertions":1,"deletions":1},"test-code":{"insertions":773,"deletions":0}}}]},{"date":"2021-03-24","commitResults":[{"hash":"cf03754ff88ac6c2664c00ac64fb3e9d21a275b3","messageTitle":"Implement Enrol command, error present for entity type","messageBody":"","fileTypesAndContributionMap":{"functional-code":{"insertions":152,"deletions":2}}},{"hash":"2138d412f7a797fd8b97d5f8f05d411a9a3500e4","messageTitle":"Edit arguments matcher in PawbookParser to fix parsing entity issue.","messageBody":"","fileTypesAndContributionMap":{"functional-code":{"insertions":1,"deletions":1}}},{"hash":"71a9d120fdc438e82b7153aa6714af756b472189","messageTitle":"Update CheckStyle","messageBody":"","fileTypesAndContributionMap":{"functional-code":{"insertions":41,"deletions":20}}}]},{"date":"2021-03-25","commitResults":[{"hash":"5a6dc501608c164b074b1abc7ba0bef356180d2a","messageTitle":"Add developer guide documentation for enrol command","messageBody":"","fileTypesAndContributionMap":{"docs":{"insertions":26,"deletions":0}}},{"hash":"42c31e2212d4fb0d5b1c366aee1580a156d1bc96","messageTitle":"Add assertions for enrol command","messageBody":"","fileTypesAndContributionMap":{"functional-code":{"insertions":4,"deletions":0}}}]}],"kouyk":[{"date":"2021-02-28","commitResults":[{"hash":"46e0bb911f09c05fe1b83ded005d7652293fb889","messageTitle":"Update Yong Kang\u0027s details","messageBody":"","fileTypesAndContributionMap":{"docs":{"insertions":30,"deletions":3}}},{"hash":"64ac230b1c2e5fd744fc436802578cb594654e47","messageTitle":"Reduce repetitions and extraneous use cases","messageBody":"","fileTypesAndContributionMap":{"docs":{"insertions":20,"deletions":172}}}]},{"date":"2021-03-02","commitResults":[{"hash":"a735254fe0bedfcd10f24a1f323c1dec501ec8b0","messageTitle":"Update README.md to match project","messageBody":"","fileTypesAndContributionMap":{"docs":{"insertions":4,"deletions":10}}},{"hash":"59686ff62a2ad788d129eda92d95699ec69ac622","messageTitle":"UG: Update list command","messageBody":"","fileTypesAndContributionMap":{"docs":{"insertions":17,"deletions":3}}}]},{"date":"2021-03-03","commitResults":[{"hash":"3cc40449331bdb416767ff2ec17f6d0676a08e16","messageTitle":"Format UserGuide.md","messageBody":"","fileTypesAndContributionMap":{"docs":{"insertions":38,"deletions":47}}}]},{"date":"2021-03-05","commitResults":[{"hash":"61535b513adb3824110e1782443f09cd11067a6b","messageTitle":"Rename package to dog.pawbook","messageBody":"","fileTypesAndContributionMap":{"other":{"insertions":749,"deletions":748},"docs":{"insertions":11,"deletions":11},"test-code":{"insertions":4,"deletions":3}}},{"hash":"b2b6707b011efa30f936df2ef464412e1a89800e","messageTitle":"Change output jar filename","messageBody":"","fileTypesAndContributionMap":{"other":{"insertions":4,"deletions":2}}},{"hash":"6d086dd66a1c5accb17568352fcbee8bb5b90d68","messageTitle":"Prevent clear command from being parsed","messageBody":"","fileTypesAndContributionMap":{"functional-code":{"insertions":0,"deletions":4}}},{"hash":"6ce0607d15c825de8a3df3ed30ff9e7b1770c3f1","messageTitle":"Remove clear command and related usages in tests","messageBody":"","fileTypesAndContributionMap":{"functional-code":{"insertions":0,"deletions":23},"test-code":{"insertions":1,"deletions":40}}}]},{"date":"2021-03-06","commitResults":[{"hash":"622c08eea1c59a108626e1dd93bfe4cd88be5a25","messageTitle":"Rename AddressBookParser to PawbookParser","messageBody":"","fileTypesAndContributionMap":{"functional-code":{"insertions":4,"deletions":4},"other":{"insertions":3,"deletions":3}}},{"hash":"51c1f669c41ac732b552b98c7499fab85a04d429","messageTitle":"Rename log files and save files to pawbook.*","messageBody":"","fileTypesAndContributionMap":{"functional-code":{"insertions":2,"deletions":2}}}]},{"date":"2021-03-10","commitResults":[{"hash":"3bee65954d88a58837c76d987340a9057e2453b0","messageTitle":"Introduce entity keyword for add command","messageBody":"Add in second keyword parsing\n","fileTypesAndContributionMap":{"functional-code":{"insertions":27,"deletions":4},"test-code":{"insertions":3,"deletions":3}}},{"hash":"7fdfd38807a67b28060d2901fe1db78cae649f89","messageTitle":"Introduce entity keyword for delete command","messageBody":"","fileTypesAndContributionMap":{"functional-code":{"insertions":17,"deletions":1},"test-code":{"insertions":2,"deletions":2}}}]},{"date":"2021-03-11","commitResults":[{"hash":"0f9d4e64e55cbad2c51032469fa698418a4b1083","messageTitle":"Prevent list command from being parsed","messageBody":"","fileTypesAndContributionMap":{"functional-code":{"insertions":0,"deletions":4}}},{"hash":"521c693f1d4a90ea9c6ddab8827108e6096f11b5","messageTitle":"Remove list command and related usages","messageBody":"","fileTypesAndContributionMap":{"functional-code":{"insertions":0,"deletions":24},"test-code":{"insertions":3,"deletions":49}}},{"hash":"9b852a131aba4b38589f9998a66ad03cdb9db20e","messageTitle":"Disable parsing of edit command","messageBody":"","fileTypesAndContributionMap":{"functional-code":{"insertions":0,"deletions":4}}},{"hash":"fff5eee27c2184e11749a648e0310bfc91b18743","messageTitle":"Remove parser for edit command","messageBody":"","fileTypesAndContributionMap":{"functional-code":{"insertions":0,"deletions":82},"test-code":{"insertions":0,"deletions":210}}},{"hash":"92647a1c583e612e32b423ea5ccbb2d528b8780f","messageTitle":"Remove edit command and related tests","messageBody":"","fileTypesAndContributionMap":{"functional-code":{"insertions":0,"deletions":226},"test-code":{"insertions":0,"deletions":367}}},{"hash":"1857f59150e249f094178c9078334e7fdd909ffa","messageTitle":"Prevent parsing of find command","messageBody":"","fileTypesAndContributionMap":{"functional-code":{"insertions":0,"deletions":4}}},{"hash":"2c0359e0c66b5f07968a19e0dce44cd13d0ffc3c","messageTitle":"Remove parser for find command","messageBody":"","fileTypesAndContributionMap":{"functional-code":{"insertions":0,"deletions":33},"test-code":{"insertions":0,"deletions":34}}},{"hash":"df27de44174536354749fe1636d50ba129914476","messageTitle":"Remove find command and related tests","messageBody":"","fileTypesAndContributionMap":{"functional-code":{"insertions":0,"deletions":42},"test-code":{"insertions":0,"deletions":97}}}]},{"date":"2021-03-12","commitResults":[{"hash":"9a8d21efae1e2c574e46fb550bcea68d2270af7b","messageTitle":"Refactor owner and introduce entity as base","messageBody":"Also update add command and related parsers for better abstraction.\n","fileTypesAndContributionMap":{"functional-code":{"insertions":254,"deletions":125},"other":{"insertions":51,"deletions":65},"docs":{"insertions":1,"deletions":1},"test-code":{"insertions":49,"deletions":48}}},{"hash":"6b09cb990dc0cc6f060ac457002f6763db3eb616","messageTitle":"Rename DeleteCommand to DeleteOwnerCommand","messageBody":"","fileTypesAndContributionMap":{"functional-code":{"insertions":10,"deletions":10},"other":{"insertions":23,"deletions":22},"test-code":{"insertions":5,"deletions":4}}},{"hash":"03b7318efa6516095eefb2bbef57dd0dc3b33c65","messageTitle":"Extract super class of DeleteOwnerCommand","messageBody":"","fileTypesAndContributionMap":{"functional-code":{"insertions":15,"deletions":5},"test-code":{"insertions":2,"deletions":2}}},{"hash":"f188290427b9e083e3c8e551d0b9d7bf10b53e94","messageTitle":"Rename DeleteCommandParser to DeleteOwnerCommandParser","messageBody":"","fileTypesAndContributionMap":{"functional-code":{"insertions":1,"deletions":1},"other":{"insertions":1,"deletions":1},"test-code":{"insertions":1,"deletions":1}}},{"hash":"d7019db4f227bd91a397293f362c5224b9a0ccbd","messageTitle":"Extract superclass of DeleteOwnerCommandParser","messageBody":"","fileTypesAndContributionMap":{"functional-code":{"insertions":37,"deletions":8}}},{"hash":"0812f8493a0d0c2add07a33bd9bbf62d9a8907c7","messageTitle":"Use general delete usage text for DeleteCommand parsing error","messageBody":"","fileTypesAndContributionMap":{"functional-code":{"insertions":4,"deletions":3}}}]},{"date":"2021-03-14","commitResults":[{"hash":"3de810539f8b23ff5baf302a2e3a16b3e6017637","messageTitle":"Simplify JsonUtilTest methods","messageBody":"","fileTypesAndContributionMap":{"test-code":{"insertions":26,"deletions":18}}}]},{"date":"2021-03-16","commitResults":[{"hash":"7c7e7f7b6e6dcdaec14f06c8c3f71d8abd20d808","messageTitle":"Make Entity handle the display card body text","messageBody":"Originally the OwnerCard will manually retrieve each property (address, email, etc) manually. As a lot of these properties are specific to the type of Entity, this is not ideal for abstraction purposes. Thus it is necessary to let Entity class be able to return the properties and reduce reliance on the specific classes.\n","fileTypesAndContributionMap":{"functional-code":{"insertions":27,"deletions":10}}},{"hash":"caf73597cc991c80ee0e9fc3e6748b3701174f66","messageTitle":"Switch to Entity instead of Owner for storage and AddressBook","messageBody":"AddressBook no longer stores an addressbook of owners, but it is an\naddressbook that can contain all entity types. Storage related classes\nand tests are also updated as well to reflect the new changes.\n","fileTypesAndContributionMap":{"functional-code":{"insertions":251,"deletions":210},"other":{"insertions":53,"deletions":40},"docs":{"insertions":1,"deletions":1},"test-code":{"insertions":131,"deletions":98}}},{"hash":"811627c007a3d44cd7790114533fe887117ddb06","messageTitle":"Enable storage of dogs","messageBody":"","fileTypesAndContributionMap":{"functional-code":{"insertions":117,"deletions":51}}},{"hash":"ad4e1f35a8c84bfa552204806bff7361e7afea45","messageTitle":"Rename Owner related fxml","messageBody":"","fileTypesAndContributionMap":{"functional-code":{"insertions":2,"deletions":2}}}]},{"date":"2021-03-17","commitResults":[{"hash":"312887af8010295a66dec3fe9ed2bb5f966eda15","messageTitle":"Integrate ID into application","messageBody":"The ID is unique across all entities since all of them are stored in the\nsame container and thus naturally they will not clash. Current\nimplementation is by using a list of pairs. This allows for the UI\nportion of the code to be adapted to use the new ID instead of the\nvisible list index.\n\nFuture work will include recording the list of dog owned by one single\nowner. This will also necessitate a check right after import from any\nother list. Tests coverage also dropped by a lot, there is huge amount\nof test code that can be updated or newly written.\n","fileTypesAndContributionMap":{"functional-code":{"insertions":209,"deletions":75},"other":{"insertions":4,"deletions":4},"test-code":{"insertions":117,"deletions":121}}},{"hash":"2db9de7a4f3c2144ee78ae28b205392b19a18b08","messageTitle":"Verify that the ID requested to be deleted is indeed an owner","messageBody":"","fileTypesAndContributionMap":{"functional-code":{"insertions":9,"deletions":1}}},{"hash":"bdfe2328cda561d5be29568ca03cdeb926ac0823","messageTitle":"Make it possible to delete dogs as well","messageBody":"","fileTypesAndContributionMap":{"functional-code":{"insertions":101,"deletions":1}}},{"hash":"75361221bc8681701dfaf691347ec18e80d7e0e4","messageTitle":"Documentation update","messageBody":"","fileTypesAndContributionMap":{"functional-code":{"insertions":4,"deletions":3}}}]},{"date":"2021-03-20","commitResults":[{"hash":"baf846f3899946899f717f4fee3775d341955c38","messageTitle":"Correct errors from copy-pasting","messageBody":"","fileTypesAndContributionMap":{"test-code":{"insertions":9,"deletions":9}}}]},{"date":"2021-03-21","commitResults":[{"hash":"802422199f3e41c7b74b7848ba1b8f6d021aefe6","messageTitle":"Refactor JsonAdaptedEntity into individual child classes","messageBody":"Originally JsonAdaptedEntity is a single class that represents all types\nof entities. This caused a lot of restrictions since every entity has\nother unique attributes that cannot be easily captured this way,\nnecessitating an additional method to return the extra attributes. It\nadded additional complexity when restoring the entities from json while\nintroducing an extra method that no other parts of the program uses.\n\nThe solution here is to create the child classes, JsonAdaptedOwner and\nJsonAdaptedEntity. Jackson is able to store this additional information\nwith a few more annotations. This makes all of the JSON adaptation of\nthe various entities mirror their counterparts. Also the JSON file has\nbeen renamed to \"pawbook.json\" as well, aligning with the project name\nalong with the actual content and avoiding the potential conflicts with\nthe previous file format.\n","fileTypesAndContributionMap":{"functional-code":{"insertions":253,"deletions":128}}},{"hash":"f1af70e3c42a684d3c588d4afb1cb9bb2b94c1eb","messageTitle":"Remove getOtherPropertiesAsDict method from entities","messageBody":"The getOtherPropertiesAsDict method was introduced for JsonAdaptedEntity\nto be able to be able to represent every entity and retrieve all of\ntheir type specific attributes. Now that the JSON adapted version are\nparallel versions of the original entities, the method is now redundant.\n","fileTypesAndContributionMap":{"functional-code":{"insertions":0,"deletions":29}}},{"hash":"446641232f9fcdd100601bf3006c631bea07ce2d","messageTitle":"Rename and fix JsonAdaptedEntityOwnerTest to JsonAdaptedOwnerTest","messageBody":"","fileTypesAndContributionMap":{"other":{"insertions":23,"deletions":34}}},{"hash":"0e1b68527dee2328b6de1f9aa4a152d8b8e1c84a","messageTitle":"Update all json test files to follow new file format","messageBody":"","fileTypesAndContributionMap":{"test-code":{"insertions":59,"deletions":83}}},{"hash":"85b1f578faada49f04254f16c879e5865e363980","messageTitle":"Enable assertions in build.gradle","messageBody":"","fileTypesAndContributionMap":{"other":{"insertions":4,"deletions":0}}},{"hash":"20544582845754e3901e000a84a490f2a47e36b2","messageTitle":"Bump version to v1.2.1 for trial release","messageBody":"","fileTypesAndContributionMap":{"functional-code":{"insertions":1,"deletions":1},"other":{"insertions":1,"deletions":1}}},{"hash":"40f2271c73ccc22091912ea7b8c55f1abdedb96d","messageTitle":"Replace owner and dog string literals","messageBody":"There are a lot of string literals of owners and dogs in the code,\nalongside the same constant being defined multiple times. This is less\nthan ideal and it will be better to define it only in one place and use\nit throughout the code.\n","fileTypesAndContributionMap":{"functional-code":{"insertions":43,"deletions":35},"test-code":{"insertions":2,"deletions":2}}},{"hash":"b79499adb3d56ffb99f94fbd30ef1ca7dc8d4da4","messageTitle":"Replace owner and dog string literals","messageBody":"There are a lot of string literals of owners and dogs in the code,\nalongside the same constant being defined multiple times. This is less\nthan ideal and it will be better to define it only in one place and use\nit throughout the code.\n","fileTypesAndContributionMap":{"functional-code":{"insertions":42,"deletions":34},"test-code":{"insertions":2,"deletions":2}}},{"hash":"b8d843472ba7e2694ee5520b4af15c92dd7d0265","messageTitle":"Fix ID check implementation and tighten criteria for similar entities","messageBody":"","fileTypesAndContributionMap":{"functional-code":{"insertions":110,"deletions":77},"other":{"insertions":2,"deletions":2},"test-code":{"insertions":45,"deletions":133}}},{"hash":"61aed018ca323dbcd9dfdcc2fae5f92b8c127e7b","messageTitle":"Sync data structure of JsonAdaptedOwner with Owner","messageBody":"Owner now records the IDs of the dogs owned, JsonAdaptedOwner needs to\ndo the same so that all these information will be stored in the json\nfile as well.\n","fileTypesAndContributionMap":{"functional-code":{"insertions":18,"deletions":2},"test-code":{"insertions":32,"deletions":20}}},{"hash":"91282c545951f02ad4da7e5434412a4c8b8aac5a","messageTitle":"Move UniqueEntityList one level higher","messageBody":"UniqueEntityList is no longer UniqueOwnerList, and therefore should not\nbe parked under the Owner package.\n","fileTypesAndContributionMap":{"functional-code":{"insertions":1,"deletions":1},"other":{"insertions":1,"deletions":2},"test-code":{"insertions":1,"deletions":0}}},{"hash":"d8c35691eefdc9baa148a085a3dcafec14099604","messageTitle":"Update DG to explain add/delete and fix ModelClassDiagram","messageBody":"","fileTypesAndContributionMap":{"docs":{"insertions":81,"deletions":37}}}]},{"date":"2021-03-22","commitResults":[{"hash":"35bff106e0a663bb178259132f888cd302647fff","messageTitle":"Update JsonAdaptedOwner to ensure that the dog IDs are stored","messageBody":"","fileTypesAndContributionMap":{"functional-code":{"insertions":1,"deletions":0}}}]},{"date":"2021-03-23","commitResults":[{"hash":"1855cb5a185935c79a0dab2e8595305ac3764c25","messageTitle":"Fix formatting and minor refactoring","messageBody":"","fileTypesAndContributionMap":{"functional-code":{"insertions":63,"deletions":48},"test-code":{"insertions":6,"deletions":6}}}]},{"date":"2021-03-24","commitResults":[{"hash":"246e60996f246c3a1ca4e292d8cfc8771b65594a","messageTitle":"Ensure that referenced IDs are all valid upon import","messageBody":"Owners store the IDs of the dogs they own and dogs store the ID of their\nowner. While the application is running it should be guaranteed that\nall of these information is kept updated and always valid. But there is\nno guarantee when importing from an external source.\n\nIt is therefore necessary verify that all the dog IDs referenced by an\nowner are valid dogs in the list and all owner IDs reference by a dog\nare valid owners. There is also a need to verify that these links are\nmutual.\n","fileTypesAndContributionMap":{"functional-code":{"insertions":99,"deletions":8}}},{"hash":"d27d797282bf039410d6a710bc0287df1021e7ad","messageTitle":"Enforce reference checks when editing entities","messageBody":"","fileTypesAndContributionMap":{"functional-code":{"insertions":23,"deletions":4},"test-code":{"insertions":40,"deletions":50}}},{"hash":"8a832205d374ffa59f80549abc2fb494b6fb2a86","messageTitle":"Verify for Program entities as well","messageBody":"","fileTypesAndContributionMap":{"functional-code":{"insertions":28,"deletions":7}}},{"hash":"03fae67d78a49fcc323498634ef625eb37cbbfd8","messageTitle":"Register program into Jackson","messageBody":"Program was not declared as a subtype of JsonAdaptedEntity, thus Jackson\nis not able to parse it.\n","fileTypesAndContributionMap":{"functional-code":{"insertions":3,"deletions":1}}},{"hash":"128b05cc5dc6a489bdcdd57bb6d4e8937e334bdb","messageTitle":"Revert \"Merge pull request #101 from kouyk/57-disable-list-command\"","messageBody":"This reverts commit 82b5796538876e6a98a9046a4b5bae3ff807300b, reversing\nchanges made to 8b6bdc85cb27cf38cb1cb2fd21cf3a2e9f59e331.\n","fileTypesAndContributionMap":{"functional-code":{"insertions":28,"deletions":0},"test-code":{"insertions":49,"deletions":3}}},{"hash":"ae97e0d11a615e68005771de1da4249786b6291c","messageTitle":"Enable listing of specified entity type","messageBody":"","fileTypesAndContributionMap":{"functional-code":{"insertions":67,"deletions":7},"test-code":{"insertions":14,"deletions":4}}},{"hash":"773d0a5d447219fede46792d6ef69d7018e47579","messageTitle":"Instantiate a predicate for each entity type","messageBody":"","fileTypesAndContributionMap":{"functional-code":{"insertions":44,"deletions":7}}},{"hash":"b9a94881c86df9cdf5310bdd67bdd128a5a730ce","messageTitle":"Remove .gradle/ that shouldn\u0027t exist","messageBody":"","fileTypesAndContributionMap":{"functional-code":{"insertions":0,"deletions":18}}},{"hash":"65e738d2c9f914839d8b26bf4c8c5fb7b1012016","messageTitle":"Allow an unfiltered entity list to be retrieved","messageBody":"","fileTypesAndContributionMap":{"functional-code":{"insertions":13,"deletions":10},"test-code":{"insertions":9,"deletions":0}}},{"hash":"c673be64aa0d5b3ed4aa31ef3ca0eba5a174ab96","messageTitle":"Remove the use of Index class and just use Integer","messageBody":"Perform necessary alterations on related entities during delete\n\nRefactor delete commands for better OOP\n","fileTypesAndContributionMap":{"functional-code":{"insertions":171,"deletions":191},"test-code":{"insertions":43,"deletions":209}}},{"hash":"a42755f49376d149ef5996c0a9dfcbea7daa9f1d","messageTitle":"Resolve more merge conflicts","messageBody":"","fileTypesAndContributionMap":{"functional-code":{"insertions":20,"deletions":22}}},{"hash":"9dc9beee84815c1a237a5b2a32017a8759883b9f","messageTitle":"Generalise parser abstract class for better abstraction","messageBody":"","fileTypesAndContributionMap":{"functional-code":{"insertions":3,"deletions":3},"other":{"insertions":2,"deletions":2}}},{"hash":"e5ce9ad969469f7cc5f171c54319a37512602139","messageTitle":"Reduce boilerplate code in EnrolCommandParser","messageBody":"","fileTypesAndContributionMap":{"functional-code":{"insertions":1,"deletions":26}}}]},{"date":"2021-03-25","commitResults":[{"hash":"e302c1394030110e63a6f032b98af7738a38e976","messageTitle":"Revert \"Merge pull request #103 from kouyk/100-disable-edit-command\"","messageBody":"This reverts commit 33f98c75a2b829ada9c1393add82696ce0b5c2c6, reversing\nchanges made to 82b5796538876e6a98a9046a4b5bae3ff807300b.\n","fileTypesAndContributionMap":{"functional-code":{"insertions":319,"deletions":0},"test-code":{"insertions":531,"deletions":0}}},{"hash":"e58d62bf7ecae5bc1018275197d796f720c17616","messageTitle":"Abstract prefixed command parsers further","messageBody":"Previously when CommandWithPrefixParser was generalised out of\nAddCommandParser, it catered to the needs of commands that use prefixes,\nout of which some are compulsory prefixes and has preamble. Some\ncommands like edit do not have compulsory prefixes or preamble, thus it\nis necessary to further simplify it for such use cases.\n","fileTypesAndContributionMap":{"functional-code":{"insertions":47,"deletions":31}}},{"hash":"c419754b0786cb05febe50b217fa78f413b552b6","messageTitle":"Abstract base class out of the original EditCommand class","messageBody":"","fileTypesAndContributionMap":{"functional-code":{"insertions":272,"deletions":46},"other":{"insertions":89,"deletions":136},"docs":{"insertions":1,"deletions":1},"test-code":{"insertions":11,"deletions":12}}},{"hash":"065c86c46e9347944a2945ce6c29fe18a4574f63","messageTitle":"Insert missing checks for Owner and Dog equality","messageBody":"","fileTypesAndContributionMap":{"functional-code":{"insertions":4,"deletions":2}}},{"hash":"97370a12687b5b6a0ff2e8c1aee58c4a9290e9ea","messageTitle":"Simplify absolute path for parseInt","messageBody":"","fileTypesAndContributionMap":{"functional-code":{"insertions":1,"deletions":1}}}]},{"date":"2021-03-26","commitResults":[{"hash":"237f1eb4ee569143b6b3cc28cbd818667450d8dc","messageTitle":"Relax the linkage checks since workaround is equally unsafe","messageBody":"","fileTypesAndContributionMap":{"functional-code":{"insertions":1,"deletions":4}}},{"hash":"dc8d5f36be3f597e17f5318714e6ef36a4ca98c7","messageTitle":"Throw exception when ID not in valid format","messageBody":"","fileTypesAndContributionMap":{"functional-code":{"insertions":14,"deletions":31}}},{"hash":"39c935a88a8326eff49579de29fdd7f93d1b26e2","messageTitle":"Allow editing of dogs","messageBody":"","fileTypesAndContributionMap":{"functional-code":{"insertions":363,"deletions":51},"test-code":{"insertions":23,"deletions":10}}},{"hash":"dde7e75f62d2fb3b5f6350389c82b621fcc06e6f","messageTitle":"Allow editing of programs","messageBody":"","fileTypesAndContributionMap":{"functional-code":{"insertions":216,"deletions":18},"test-code":{"insertions":1,"deletions":1}}},{"hash":"73d8b3bef94c58abe35e0be2245ea3c70ff4f4a4","messageTitle":"Fix session and dog list not saving","messageBody":"","fileTypesAndContributionMap":{"functional-code":{"insertions":76,"deletions":17}}}]}]},"authorFileTypeContributionMap":{"CharlesLee01":{"docs":123,"functional-code":7,"test-code":232},"shaelynl":{"docs":33,"functional-code":333,"test-code":45},"branzuelajohn":{"docs":65,"functional-code":954,"test-code":6},"ZhangAnli":{"docs":88,"functional-code":180,"test-code":110},"wei-yutong":{"docs":260,"functional-code":149,"test-code":681},"kouyk":{"docs":157,"functional-code":2901,"test-code":1239,"other":8}},"authorContributionVariance":{"CharlesLee01":6153.3394,"shaelynl":5109.62,"branzuelajohn":21211.064,"ZhangAnli":8881.527,"wei-yutong":140864.47,"kouyk":252596.14},"authorDisplayNameMap":{"CharlesLee01":"CS2103T-T10-1 CHAR..N TA","shaelynl":"CS2103T-T10-1 LAM ..ELYN","branzuelajohn":"CS2103T-T10-1 JOHN..UELA","ZhangAnli":"CS2103T-T10-1 ZHAN..ANLI","wei-yutong":"CS2103T-T10-1 WEI ..TONG","kouyk":"CS2103T-T10-1 KOU ..KANG"}}
