{"authorDailyContributionsMap":{"CharlesLee01":[{"date":"2021-02-27","commitResults":[{"hash":"c85c6892f0e99502aee0432ead9271232fc9abcd","messageTitle":"Edit Pawbook user guide","messageBody":"","fileTypesAndContributionMap":{"docs":{"insertions":78,"deletions":185}}},{"hash":"78f5536762755fc426d9106ce598e86e8b4c922e","messageTitle":"Update AboutUs.md","messageBody":"","fileTypesAndContributionMap":{"docs":{"insertions":5,"deletions":6}}},{"hash":"56dcd31c80921937a25d7637b91dd9d128b1336f","messageTitle":"Remove black dots and hash-tag","messageBody":"","fileTypesAndContributionMap":{"docs":{"insertions":20,"deletions":20}}}]},{"date":"2021-02-28","commitResults":[{"hash":"35b4987b884175740b95b7343c3f5e3429cd366a","messageTitle":"Edit use cases in DeveloperGuide.md","messageBody":"","fileTypesAndContributionMap":{"docs":{"insertions":251,"deletions":10}}}]},{"date":"2021-03-01","commitResults":[{"hash":"95ed8d6ef2e7c089706f46ae7f4404f07acb4aa7","messageTitle":"Update AboutUs.md","messageBody":"","fileTypesAndContributionMap":{"docs":{"insertions":1,"deletions":1}}}]},{"date":"2021-03-02","commitResults":[{"hash":"c68143d1c9e74c94d60fc9d08b4cb50e236f8875","messageTitle":"Made some changes","messageBody":"","fileTypesAndContributionMap":{"docs":{"insertions":18,"deletions":19}}}]},{"date":"2021-03-13","commitResults":[{"hash":"72c909f55e6175d70a0924792fdd19cf962d2baa","messageTitle":"Complete todo testcases in JsonUtilTest.java","messageBody":"","fileTypesAndContributionMap":{"test-code":{"insertions":38,"deletions":4}}},{"hash":"dfd86f94627994d57193804ec9a28b882e34d080","messageTitle":"Checkstyle fix","messageBody":"","fileTypesAndContributionMap":{"test-code":{"insertions":4,"deletions":4}}}]}],"shaelynl":[{"date":"2021-02-27","commitResults":[{"hash":"bfda856c4e81ffe7740d9033d4be3aebde2cb545","messageTitle":"Add Shaelyn\u0027s profile to AboutUs","messageBody":"","fileTypesAndContributionMap":{"docs":{"insertions":4,"deletions":5}}}]},{"date":"2021-02-28","commitResults":[{"hash":"35f1b251608d7c835978326e7793ae32d7946efd","messageTitle":"Add Help command to UG and add Ui mockup","messageBody":"","fileTypesAndContributionMap":{"docs":{"insertions":6,"deletions":0}}},{"hash":"9226bf1933f01d18f5ee3c7e1cfcdbbccf4558d5","messageTitle":"Add NFR for DG","messageBody":"","fileTypesAndContributionMap":{"docs":{"insertions":5,"deletions":3}}}]},{"date":"2021-03-02","commitResults":[{"hash":"edbec9df1624d3fd1b4fb120024631695e584e63","messageTitle":"Add more NFRs","messageBody":"","fileTypesAndContributionMap":{"docs":{"insertions":1,"deletions":1}}}]},{"date":"2021-03-14","commitResults":[{"hash":"4454b3cd7871c81ab5e36c7b3c7431d0a48e8dc1","messageTitle":"Changed UniqueOwnerList to UniqueEntityList","messageBody":"","fileTypesAndContributionMap":{"functional-code":{"insertions":60,"deletions":32},"other":{"insertions":28,"deletions":26},"test-code":{"insertions":22,"deletions":21}}},{"hash":"9ed16fd66a0f77d130edf0d6f43c78ab5c663b94","messageTitle":"Changed Owner to Entity","messageBody":"","fileTypesAndContributionMap":{"functional-code":{"insertions":42,"deletions":39},"test-code":{"insertions":40,"deletions":40}}},{"hash":"c21e9e365fb73111f5cfad8bd4a63f58bd575803","messageTitle":"Remove isSameOwner and changed all previous instances to isSameEntity","messageBody":"","fileTypesAndContributionMap":{"functional-code":{"insertions":0,"deletions":13},"test-code":{"insertions":8,"deletions":8}}}]}],"branzuelajohn":[{"date":"2021-03-01","commitResults":[{"hash":"91030025cc84b3799cf4df06898ba18822597e91","messageTitle":"Update John Alec\u0027s details","messageBody":"","fileTypesAndContributionMap":{"docs":{"insertions":19,"deletions":5}}},{"hash":"718ba36af5fc80ae75d9419cd0175f82ad4bc9b8","messageTitle":"Edit AboutUs.md","messageBody":"","fileTypesAndContributionMap":{"docs":{"insertions":1,"deletions":1}}},{"hash":"3ace8e9725995b86a150ce738d29225aa5abb53c","messageTitle":"Add 5 High Priority User Stories","messageBody":"","fileTypesAndContributionMap":{"docs":{"insertions":6,"deletions":6}}}]},{"date":"2021-03-02","commitResults":[{"hash":"b5d0a2abef602c2414bd1d82066fc0309fa97728","messageTitle":"Update AboutUs.md","messageBody":"","fileTypesAndContributionMap":{"docs":{"insertions":1,"deletions":1}}},{"hash":"f7e8773e96eebc68b1a075859e8320720f80053c","messageTitle":"Update Command Summary","messageBody":"","fileTypesAndContributionMap":{"docs":{"insertions":0,"deletions":4}}},{"hash":"ffc38f5df1d910cc22a69429e824e576f6d2201d","messageTitle":"Update Developer Guide","messageBody":"","fileTypesAndContributionMap":{"docs":{"insertions":20,"deletions":18}}}]},{"date":"2021-03-15","commitResults":[{"hash":"ce1a1b775550a8ab2f79c3d40b2733a98b7da361","messageTitle":"Create Dog, Breed, DateOfBirth and Sex class","messageBody":"","fileTypesAndContributionMap":{"functional-code":{"insertions":291,"deletions":0}}},{"hash":"d34ed6a152380867a2b952e48cf561a39c022e41","messageTitle":"Fix bugs and add support for Add Dog","messageBody":"","fileTypesAndContributionMap":{"functional-code":{"insertions":225,"deletions":17}}},{"hash":"77e83bd0577a400925d3675e6e9f1810b03151ed","messageTitle":"Edit AddCommand class and fixed code style in CliSyntax class","messageBody":"","fileTypesAndContributionMap":{"functional-code":{"insertions":10,"deletions":8}}},{"hash":"12986f84526796eb0150c28b125d8a3f8089655b","messageTitle":"Fix checkstyle error","messageBody":"","fileTypesAndContributionMap":{"functional-code":{"insertions":9,"deletions":2}}}]}],"ZhangAnli":[{"date":"2021-02-27","commitResults":[{"hash":"a8a05fda37f914c86213e08585ef0d2c638054fb","messageTitle":"Update AboutUs for Anli","messageBody":"","fileTypesAndContributionMap":{"docs":{"insertions":10,"deletions":0}}},{"hash":"80e8e0ecea77c409c2a5b39694db4dba8de32759","messageTitle":"Fix image for About Us","messageBody":"","fileTypesAndContributionMap":{"docs":{"insertions":1,"deletions":1}}},{"hash":"1007e864eb8f18b180a6c2188d132483c9af4820","messageTitle":"Update value proposition and target user profile","messageBody":"","fileTypesAndContributionMap":{"docs":{"insertions":22,"deletions":0}}}]},{"date":"2021-02-28","commitResults":[{"hash":"c6750088272d8c5b22ffd722d5c7bf95a4cdd729","messageTitle":"Update Anli\u0027s About Us","messageBody":"","fileTypesAndContributionMap":{"docs":{"insertions":1,"deletions":2}}}]},{"date":"2021-03-02","commitResults":[{"hash":"427d0bf043ba3f8af706a84dcaf9a13294b2dd45","messageTitle":"Add user guide - delete command (#35)","messageBody":"Co-authored-by: Kou Yong Kang \u003cskykinetic@stevenkou.xyz\u003e","fileTypesAndContributionMap":{"docs":{"insertions":8,"deletions":0}}},{"hash":"f1d49d6fed3a440d9c4a39c7f1281a686d2046e9","messageTitle":"Edit UserGuide for 1.1","messageBody":"","fileTypesAndContributionMap":{"docs":{"insertions":93,"deletions":30}}},{"hash":"395a642b83883302286b4a4786af0fde1d04cee2","messageTitle":"Update README.md","messageBody":"","fileTypesAndContributionMap":{"docs":{"insertions":0,"deletions":14}}}]},{"date":"2021-03-11","commitResults":[{"hash":"1155a9998deaa01cb19680f895c719c478598b29","messageTitle":"Increase test coverage for OwnerTest.java","messageBody":"","fileTypesAndContributionMap":{"test-code":{"insertions":24,"deletions":0}}}]},{"date":"2021-03-16","commitResults":[{"hash":"282df7fad2764317e54f849949e905b5803beacb","messageTitle":"Edit Index.md to fit PawBook","messageBody":"","fileTypesAndContributionMap":{"docs":{"insertions":5,"deletions":4}}}]}],"wei-yutong":[{"date":"2021-03-02","commitResults":[{"hash":"067ee56d53b9811ad12f9386a0b8c4f7c96f686b","messageTitle":"Update Yutong\u0027s AboutUs","messageBody":"","fileTypesAndContributionMap":{"docs":{"insertions":35,"deletions":5}}},{"hash":"ffcdeca20bb8d862424e35b8014b3b7bc2fec514","messageTitle":"Update Yutong\u0027s AboutUs","messageBody":"","fileTypesAndContributionMap":{"docs":{"insertions":1,"deletions":1}}},{"hash":"4735ae2a4e9579ccb3ccbceba4d04a697628e08a","messageTitle":"Update developguide to include medium priority user stories","messageBody":"","fileTypesAndContributionMap":{"docs":{"insertions":10,"deletions":6}}},{"hash":"50af856895c914e35e4a964426a9fabc7eabe660","messageTitle":"Edit table for DG","messageBody":"","fileTypesAndContributionMap":{"docs":{"insertions":0,"deletions":5}}},{"hash":"43dfe02e617217e31baa3b6db6da3071248785d8","messageTitle":"Add Exit for userguide","messageBody":"","fileTypesAndContributionMap":{"docs":{"insertions":1,"deletions":1}}},{"hash":"80e5cdf0abd3f3849b497f13b1df69a7bd219551","messageTitle":"Update AboutUs and add .md for teammates","messageBody":"","fileTypesAndContributionMap":{"docs":{"insertions":99,"deletions":54}}},{"hash":"e545db14a2faeaabd680ff0a8a844f77897be59e","messageTitle":"Remove whitespaces","messageBody":"","fileTypesAndContributionMap":{"docs":{"insertions":41,"deletions":41}}}]},{"date":"2021-03-07","commitResults":[{"hash":"5bfc43724f5fb864a6a04e2297f6c964fa2a5810","messageTitle":"Rename person to owner on project wide scale","messageBody":"","fileTypesAndContributionMap":{"functional-code":{"insertions":350,"deletions":350},"docs":{"insertions":112,"deletions":112},"test-code":{"insertions":618,"deletions":618}}},{"hash":"a6fe78ecaa3facd461845d68dfea2cb2ad584ee6","messageTitle":"Rename file names containing person to owner","messageBody":"","fileTypesAndContributionMap":{"other":{"insertions":0,"deletions":0}}}]},{"date":"2021-03-16","commitResults":[{"hash":"7f34557993b365c4a1efdd8d639b112066632556","messageTitle":"Update help command","messageBody":"","fileTypesAndContributionMap":{"functional-code":{"insertions":1,"deletions":1}}}]}],"kouyk":[{"date":"2021-02-28","commitResults":[{"hash":"64ac230b1c2e5fd744fc436802578cb594654e47","messageTitle":"Reduce repetitions and extraneous use cases","messageBody":"","fileTypesAndContributionMap":{"docs":{"insertions":20,"deletions":172}}}]},{"date":"2021-03-03","commitResults":[{"hash":"3cc40449331bdb416767ff2ec17f6d0676a08e16","messageTitle":"Format UserGuide.md","messageBody":"","fileTypesAndContributionMap":{"docs":{"insertions":38,"deletions":47}}}]},{"date":"2021-03-05","commitResults":[{"hash":"61535b513adb3824110e1782443f09cd11067a6b","messageTitle":"Rename package to dog.pawbook","messageBody":"","fileTypesAndContributionMap":{"other":{"insertions":749,"deletions":748},"docs":{"insertions":11,"deletions":11},"test-code":{"insertions":4,"deletions":3}}},{"hash":"b2b6707b011efa30f936df2ef464412e1a89800e","messageTitle":"Change output jar filename","messageBody":"","fileTypesAndContributionMap":{"other":{"insertions":4,"deletions":2}}},{"hash":"6d086dd66a1c5accb17568352fcbee8bb5b90d68","messageTitle":"Prevent clear command from being parsed","messageBody":"","fileTypesAndContributionMap":{"functional-code":{"insertions":0,"deletions":4}}},{"hash":"6ce0607d15c825de8a3df3ed30ff9e7b1770c3f1","messageTitle":"Remove clear command and related usages in tests","messageBody":"","fileTypesAndContributionMap":{"functional-code":{"insertions":0,"deletions":23},"test-code":{"insertions":1,"deletions":40}}}]},{"date":"2021-03-06","commitResults":[{"hash":"622c08eea1c59a108626e1dd93bfe4cd88be5a25","messageTitle":"Rename AddressBookParser to PawbookParser","messageBody":"","fileTypesAndContributionMap":{"functional-code":{"insertions":4,"deletions":4},"other":{"insertions":3,"deletions":3}}},{"hash":"51c1f669c41ac732b552b98c7499fab85a04d429","messageTitle":"Rename log files and save files to pawbook.*","messageBody":"","fileTypesAndContributionMap":{"functional-code":{"insertions":2,"deletions":2}}}]},{"date":"2021-03-10","commitResults":[{"hash":"3bee65954d88a58837c76d987340a9057e2453b0","messageTitle":"Introduce entity keyword for add command","messageBody":"Add in second keyword parsing\n","fileTypesAndContributionMap":{"functional-code":{"insertions":27,"deletions":4},"test-code":{"insertions":3,"deletions":3}}},{"hash":"7fdfd38807a67b28060d2901fe1db78cae649f89","messageTitle":"Introduce entity keyword for delete command","messageBody":"","fileTypesAndContributionMap":{"functional-code":{"insertions":17,"deletions":1},"test-code":{"insertions":2,"deletions":2}}}]},{"date":"2021-03-11","commitResults":[{"hash":"0f9d4e64e55cbad2c51032469fa698418a4b1083","messageTitle":"Prevent list command from being parsed","messageBody":"","fileTypesAndContributionMap":{"functional-code":{"insertions":0,"deletions":4}}},{"hash":"521c693f1d4a90ea9c6ddab8827108e6096f11b5","messageTitle":"Remove list command and related usages","messageBody":"","fileTypesAndContributionMap":{"functional-code":{"insertions":0,"deletions":24},"test-code":{"insertions":3,"deletions":49}}},{"hash":"9b852a131aba4b38589f9998a66ad03cdb9db20e","messageTitle":"Disable parsing of edit command","messageBody":"","fileTypesAndContributionMap":{"functional-code":{"insertions":0,"deletions":4}}},{"hash":"fff5eee27c2184e11749a648e0310bfc91b18743","messageTitle":"Remove parser for edit command","messageBody":"","fileTypesAndContributionMap":{"functional-code":{"insertions":0,"deletions":82},"test-code":{"insertions":0,"deletions":210}}},{"hash":"92647a1c583e612e32b423ea5ccbb2d528b8780f","messageTitle":"Remove edit command and related tests","messageBody":"","fileTypesAndContributionMap":{"functional-code":{"insertions":0,"deletions":226},"test-code":{"insertions":0,"deletions":367}}},{"hash":"1857f59150e249f094178c9078334e7fdd909ffa","messageTitle":"Prevent parsing of find command","messageBody":"","fileTypesAndContributionMap":{"functional-code":{"insertions":0,"deletions":4}}},{"hash":"2c0359e0c66b5f07968a19e0dce44cd13d0ffc3c","messageTitle":"Remove parser for find command","messageBody":"","fileTypesAndContributionMap":{"functional-code":{"insertions":0,"deletions":33},"test-code":{"insertions":0,"deletions":34}}},{"hash":"df27de44174536354749fe1636d50ba129914476","messageTitle":"Remove find command and related tests","messageBody":"","fileTypesAndContributionMap":{"functional-code":{"insertions":0,"deletions":42},"test-code":{"insertions":0,"deletions":97}}}]},{"date":"2021-03-12","commitResults":[{"hash":"9a8d21efae1e2c574e46fb550bcea68d2270af7b","messageTitle":"Refactor owner and introduce entity as base","messageBody":"Also update add command and related parsers for better abstraction.\n","fileTypesAndContributionMap":{"functional-code":{"insertions":254,"deletions":125},"other":{"insertions":51,"deletions":65},"docs":{"insertions":1,"deletions":1},"test-code":{"insertions":49,"deletions":48}}},{"hash":"6b09cb990dc0cc6f060ac457002f6763db3eb616","messageTitle":"Rename DeleteCommand to DeleteOwnerCommand","messageBody":"","fileTypesAndContributionMap":{"functional-code":{"insertions":10,"deletions":10},"other":{"insertions":23,"deletions":22},"test-code":{"insertions":5,"deletions":4}}},{"hash":"03b7318efa6516095eefb2bbef57dd0dc3b33c65","messageTitle":"Extract super class of DeleteOwnerCommand","messageBody":"","fileTypesAndContributionMap":{"functional-code":{"insertions":15,"deletions":5},"test-code":{"insertions":2,"deletions":2}}},{"hash":"f188290427b9e083e3c8e551d0b9d7bf10b53e94","messageTitle":"Rename DeleteCommandParser to DeleteOwnerCommandParser","messageBody":"","fileTypesAndContributionMap":{"functional-code":{"insertions":1,"deletions":1},"other":{"insertions":1,"deletions":1},"test-code":{"insertions":1,"deletions":1}}},{"hash":"d7019db4f227bd91a397293f362c5224b9a0ccbd","messageTitle":"Extract superclass of DeleteOwnerCommandParser","messageBody":"","fileTypesAndContributionMap":{"functional-code":{"insertions":37,"deletions":8}}},{"hash":"0812f8493a0d0c2add07a33bd9bbf62d9a8907c7","messageTitle":"Use general delete usage text for DeleteCommand parsing error","messageBody":"","fileTypesAndContributionMap":{"functional-code":{"insertions":4,"deletions":3}}}]},{"date":"2021-03-14","commitResults":[{"hash":"3de810539f8b23ff5baf302a2e3a16b3e6017637","messageTitle":"Simplify JsonUtilTest methods","messageBody":"","fileTypesAndContributionMap":{"test-code":{"insertions":26,"deletions":18}}}]}]},"authorFileTypeContributionMap":{"CharlesLee01":{"docs":97,"functional-code":0,"test-code":17},"shaelynl":{"docs":10,"functional-code":110,"test-code":77},"branzuelajohn":{"docs":33,"functional-code":514,"test-code":0},"ZhangAnli":{"docs":71,"functional-code":0,"test-code":24},"wei-yutong":{"docs":245,"functional-code":159,"test-code":313},"kouyk":{"docs":49,"functional-code":577,"test-code":352,"other":4}},"authorContributionVariance":{"CharlesLee01":5908.9434,"shaelynl":5294.0176,"branzuelajohn":11664.33,"ZhangAnli":810.3509,"wei-yutong":173941.17,"kouyk":152663.17},"authorDisplayNameMap":{"CharlesLee01":"CS2103T-T10-1 CHAR..N TA","shaelynl":"CS2103T-T10-1 LAM ..ELYN","branzuelajohn":"CS2103T-T10-1 JOHN..UELA","ZhangAnli":"CS2103T-T10-1 ZHAN..ANLI","wei-yutong":"CS2103T-T10-1 WEI ..TONG","kouyk":"CS2103T-T10-1 KOU ..KANG"}}
