{"authorDailyContributionsMap":{"KnitidCeladon23":[{"date":"2021-03-02","commitResults":[{"hash":"b75f58f4d495233d485aaaa54718ed7e91a78c5f","messageTitle":"Update aboutus.md, add kennychew.jpg and kennychew.md","messageBody":"","fileTypesAndContributionMap":{"docs":{"insertions":11,"deletions":6}}},{"hash":"b487a3eb12f43bd2bfaf87d0e06b6aed002afe33","messageTitle":"Add schedule command to userguide.md and fix syntax","messageBody":"","fileTypesAndContributionMap":{"docs":{"insertions":28,"deletions":12}}},{"hash":"be3bb99def1c729b83baa113779894d23978c52c","messageTitle":"Update target user profile and value proposition in DeveloperGuide.md","messageBody":"","fileTypesAndContributionMap":{"docs":{"insertions":6,"deletions":2}}},{"hash":"2e2183c8c1b8ae26e8e0e89bc9586a7f6f9e6371","messageTitle":"Add use case for scheduling in DeveloperGuide.md","messageBody":"","fileTypesAndContributionMap":{"docs":{"insertions":45,"deletions":2}}},{"hash":"def47dfd73e386391e2706248eb7035241ecbf5f","messageTitle":"Resolve CI issues","messageBody":"","fileTypesAndContributionMap":{"docs":{"insertions":2,"deletions":3}}}]},{"date":"2021-03-28","commitResults":[{"hash":"544aeac7b17d1e6babac03ea06633ff81047c0c9","messageTitle":"Update filter command information and change AddressBook instances to Link.me","messageBody":"","fileTypesAndContributionMap":{"docs":{"insertions":18,"deletions":7}}},{"hash":"676e94805610130fd398e454c3b77884aa6ddbfb","messageTitle":"Change all instances of Person and Contact to Client","messageBody":"","fileTypesAndContributionMap":{"docs":{"insertions":36,"deletions":36}}},{"hash":"a4b1113f783dc7ea55707c08fe55796c697ee186","messageTitle":"Add more \"personal\" language, add more interactive pronouns","messageBody":"","fileTypesAndContributionMap":{"docs":{"insertions":27,"deletions":26}}}]}],"Shuyang0":[{"date":"2021-03-02","commitResults":[{"hash":"e268c3dfff2bb4ba6c42000d96700ac0b504797e","messageTitle":"Update AboutUs","messageBody":"","fileTypesAndContributionMap":{"docs":{"insertions":4,"deletions":5}}},{"hash":"d039cc58d2dd5e1cf2507e9356f79e7f5d7ba2e7","messageTitle":"Update UG \"add\" function","messageBody":"","fileTypesAndContributionMap":{"docs":{"insertions":3,"deletions":3}}},{"hash":"bf6ab748ed00c50f9a577523a180f16fa0ed37f3","messageTitle":"Add user stories to DG","messageBody":"","fileTypesAndContributionMap":{"docs":{"insertions":11,"deletions":10}}}]},{"date":"2021-03-04","commitResults":[{"hash":"a1c6b105ce1f39d3c3d6a88c7658fcab3dbb2dcf","messageTitle":"Add all user stories to DG","messageBody":"","fileTypesAndContributionMap":{"docs":{"insertions":41,"deletions":9}}},{"hash":"071e4a2dde4b0a4c11075f579e1928e3dda853ed","messageTitle":"Update AboutUs to include portfolio","messageBody":"","fileTypesAndContributionMap":{"docs":{"insertions":47,"deletions":0}}}]},{"date":"2021-03-11","commitResults":[{"hash":"e47b1fc3a33c8ec48e8653f28787d2a0e451edf3","messageTitle":"Add Birthday class","messageBody":"","fileTypesAndContributionMap":{"functional-code":{"insertions":58,"deletions":0}}},{"hash":"377d91d2fd1d5182f9392d05c69f694888cff0ef","messageTitle":"Fix Birthday class styling","messageBody":"","fileTypesAndContributionMap":{"functional-code":{"insertions":2,"deletions":2}}}]},{"date":"2021-03-17","commitResults":[{"hash":"2d0862c1e2ba02e2e6c18b6e056171094f66de0a","messageTitle":"Add Gender and Birthdate fields","messageBody":"","fileTypesAndContributionMap":{"functional-code":{"insertions":292,"deletions":87}}},{"hash":"e0305ba233e94c47c067af82be3e53a0c0c2d5da","messageTitle":"Add and update tests to support Gender \u0026 Birthdate","messageBody":"","fileTypesAndContributionMap":{"test-code":{"insertions":389,"deletions":112}}},{"hash":"ee09c39b64508319943d3c56caf49a31a1b51305","messageTitle":"Resolve CI issues","messageBody":"","fileTypesAndContributionMap":{"functional-code":{"insertions":2,"deletions":2}}}]},{"date":"2021-03-23","commitResults":[{"hash":"8c1ece8f15b41aeed1e07885b7fade1dd0111081","messageTitle":"Enable assertions in build.gradle","messageBody":"","fileTypesAndContributionMap":{"other":{"insertions":4,"deletions":0}}}]},{"date":"2021-03-24","commitResults":[{"hash":"6268e6761272e85ccac2bbc4095c1c01d5393e15","messageTitle":"Update DG to reflect v1.2 implementation","messageBody":"","fileTypesAndContributionMap":{"docs":{"insertions":25,"deletions":29}}},{"hash":"13f80a311eea135044db0370f6d8bd3f03867b5c","messageTitle":"Add assertions to Gender and Birthdate","messageBody":"","fileTypesAndContributionMap":{"functional-code":{"insertions":3,"deletions":0}}},{"hash":"eab3109b846153820ab82663519274310a45d013","messageTitle":"Update version in MainApp","messageBody":"","fileTypesAndContributionMap":{"functional-code":{"insertions":1,"deletions":1}}},{"hash":"0fe99c4aa52f5aa6a28ab0fba1e3cbc90795d4fb","messageTitle":"Update build.gradle","messageBody":"","fileTypesAndContributionMap":{"other":{"insertions":1,"deletions":1}}}]},{"date":"2021-03-28","commitResults":[{"hash":"3ec3a3a3fc88537416c6a8685f9fb4fd600658cd","messageTitle":"Update UG","messageBody":"","fileTypesAndContributionMap":{"docs":{"insertions":145,"deletions":43}}},{"hash":"6847a77b7e62bd2d8168b2df23a2c380db5c5ab7","messageTitle":"Update DG","messageBody":"","fileTypesAndContributionMap":{"docs":{"insertions":53,"deletions":195}}}]},{"date":"2021-03-29","commitResults":[{"hash":"052cfe40c4d2258b974e4fb5df4dab9920e2c011","messageTitle":"Update and fix issues with UG and DG","messageBody":"","fileTypesAndContributionMap":{"docs":{"insertions":135,"deletions":171}}}]}],"georgepwhuang":[{"date":"2021-03-02","commitResults":[{"hash":"850881b0032ad6cdbcbedca86f18d49ee2618f8a","messageTitle":"Add Information about Huang Po-Wei","messageBody":"Added information on Huang, Po-Wei to AboutUs and added photo as well as\ntemporary holder for portfolio.\n","fileTypesAndContributionMap":{"docs":{"insertions":50,"deletions":4}}},{"hash":"74a2bfd39ae8ee7fb5e2bb8e3b99574dd41fc230","messageTitle":"Update Basic Information of the Project","messageBody":"Enabled CI tracking to reflect the current state of the project.\n\nUpdated README.md to reflect our project.\n","fileTypesAndContributionMap":{"docs":{"insertions":8,"deletions":10}}},{"hash":"1de94db9b92c96403c0d4553847b369ae95175ba","messageTitle":"Update User Guide for the Filter command","messageBody":"The filter command is added to the User Guide.\n\nUser Guide links and general introduction updated to reflect the Link.me project.\n","fileTypesAndContributionMap":{"docs":{"insertions":20,"deletions":2}}},{"hash":"2d2c82e086f5deefcbadd94a0446317164f7299e","messageTitle":"Update Developer Guide for User Cases","messageBody":"User cases are added to the Developer\u0027s Guide\n\nIndex page is edited to reflect the current project.\n","fileTypesAndContributionMap":{"docs":{"insertions":115,"deletions":11}}}]},{"date":"2021-03-03","commitResults":[{"hash":"539e4d7dcba3b60020f90b90f079f92d8c4689b3","messageTitle":"Update UG to erase traces of AB3","messageBody":"","fileTypesAndContributionMap":{"functional-code":{"insertions":1,"deletions":1},"docs":{"insertions":16,"deletions":19}}}]},{"date":"2021-03-08","commitResults":[{"hash":"646b96e8f0e372361806091b51fce57be945e83b","messageTitle":"Create empty Meeting class","messageBody":"An empty Meeting class is needed for cross-team implementations without merge conflicts.\n","fileTypesAndContributionMap":{"functional-code":{"insertions":5,"deletions":0}}}]},{"date":"2021-03-10","commitResults":[{"hash":"69f39455fcea8139f4b13bfcda137dd6d4660126","messageTitle":"Add Meeting Class","messageBody":"Meeting Class supports datetime usage.\n","fileTypesAndContributionMap":{"functional-code":{"insertions":66,"deletions":0},"test-code":{"insertions":60,"deletions":0}}},{"hash":"dd8f4186422b19d0a37b66e36c7deeeb8ac54068","messageTitle":"Add Schedule Command","messageBody":"Created ScheduleCommand and relevant parsing classes and methods.\n\nChanged Person to spawn a copy of itself with a meeting with the\naddMeeting method.\n","fileTypesAndContributionMap":{"functional-code":{"insertions":131,"deletions":1},"other":{"insertions":3,"deletions":5}}},{"hash":"9600f0043e8ac38cf858200fe53a7bf25569f364","messageTitle":"Update JUnit Tests","messageBody":"PersonTests, as well as ScheduleCommandTests and\nScheduleCommandParserTests are added.\n\nFixed usability in ScheduleCommandParser to allow exception handling.\n","fileTypesAndContributionMap":{"functional-code":{"insertions":28,"deletions":8},"test-code":{"insertions":193,"deletions":2}}},{"hash":"e8c879d82385f6bcf2f72736a0133ca3169e75c3","messageTitle":"Add UI Support for Meetings","messageBody":"\"No Meetings Scheduled\" displayed for no meetings for now\n","fileTypesAndContributionMap":{"functional-code":{"insertions":10,"deletions":2}}},{"hash":"56d90d66bc7e6ddc15afa73beb89e4c02c74c2cf","messageTitle":"Add Storage Support for Meetings","messageBody":"Fixed minot bugs and added new tests.\n","fileTypesAndContributionMap":{"functional-code":{"insertions":23,"deletions":8},"test-code":{"insertions":71,"deletions":12}}},{"hash":"f955ec566c6465b3d2df0066d00576225fbe14bf","messageTitle":"Change Code Quality to fit CheckStyle","messageBody":"","fileTypesAndContributionMap":{"functional-code":{"insertions":22,"deletions":14},"test-code":{"insertions":50,"deletions":41}}}]},{"date":"2021-03-15","commitResults":[{"hash":"d8aa6ce3722127b450f6796c6bed99fcd6d98e31","messageTitle":"Add support for unscheduling meetings","messageBody":"Updated UG to match syntax and add unscheduling support.\n","fileTypesAndContributionMap":{"functional-code":{"insertions":4,"deletions":1},"docs":{"insertions":21,"deletions":4},"test-code":{"insertions":1,"deletions":1}}}]},{"date":"2021-03-16","commitResults":[{"hash":"9b37087e9e9febf3c77297273a615e5df3ae9594","messageTitle":"Change Meeting to Comparable","messageBody":"Update Meeting Class to allow future implementations for Meeting Lists.\n\nChanged UI displays for unscheduling, and replaced null value handlings\nwith Optionals.\n","fileTypesAndContributionMap":{"functional-code":{"insertions":17,"deletions":9},"test-code":{"insertions":7,"deletions":4}}}]},{"date":"2021-03-17","commitResults":[{"hash":"fc3eafdbe92a524840c425c2f2c6918d25920865","messageTitle":"Fix bug in meeting erasure during edit","messageBody":"Fix bug where editing a person would erase planned meetings.\n\nUpdated method name from addMeeting to setMeeting for clearer usage\n","fileTypesAndContributionMap":{"functional-code":{"insertions":3,"deletions":3},"test-code":{"insertions":3,"deletions":3}}}]},{"date":"2021-03-23","commitResults":[{"hash":"73c2e8c79b7782322a9bb2a6f14f937fcda1a6d6","messageTitle":"Include Meeting Display In Order of Time","messageBody":"Add List of Meetings displayed on right side of screen\n\nTesting to be added on next commit.\n\nReason of Implementation of Meeting under Person:\n\nThe Meeting List is implemented via TreeMap with the key being\nMeeting and the value being Person.\n\nWhen we edit the person contacts, the meeting key is still easily\naccessible as the meeting does not change despite the person changing.\n\nIf we edit the meeting, as meetings can only be added onto a particular\nperson, the prechanged and postchanged meetings are both accessible.\n\nIf Person is implemented under Meeting, then everytime we edit a person,\nwe would have to iterate through the meeting list to change the person.\n\nHence, even though this creates implementation restrictions on our code,\nwe\u0027ve decided to implement the Meeting as an attribute to Person for the\ntime being.\n\nSide Note:\n\nOptional obejcts are opened by get() rather than a safer function is\ndue to method mapping in the Optional has lead to bugs in various\noccasions.\n","fileTypesAndContributionMap":{"functional-code":{"insertions":317,"deletions":3}}},{"hash":"48288f52a2944ebff6817775c280ba5d5b4d998b","messageTitle":"Add JUnit Tests for Meeting UI Implementation","messageBody":"Fixed minor bugs.\n\nIncreased code quality.\n","fileTypesAndContributionMap":{"functional-code":{"insertions":32,"deletions":50},"test-code":{"insertions":271,"deletions":0}}},{"hash":"1af7677d3a78f3de212b07a306b498f0b1ec3343","messageTitle":"Fix bugs for clear command and meeting clash display","messageBody":"Fixed minor bugs.\n\nIncreased code quality.\n","fileTypesAndContributionMap":{"functional-code":{"insertions":27,"deletions":17},"test-code":{"insertions":20,"deletions":18}}},{"hash":"1c7419addb9c8430517902ba70d395aa9bcc47ab","messageTitle":"Update DG for Schedule Command","messageBody":"","fileTypesAndContributionMap":{"docs":{"insertions":201,"deletions":10}}}]},{"date":"2021-03-24","commitResults":[{"hash":"ef33e5a5a2554588e38a1dab47408a7f0cb99076","messageTitle":"Adjust UI Display Settings","messageBody":"The panel distribution of the client and meeting list displays are\nadjusted.\n\nFXML files cleaned to enhance readability.\n\nExtra logging added.\n","fileTypesAndContributionMap":{"functional-code":{"insertions":1,"deletions":0}}}]},{"date":"2021-03-28","commitResults":[{"hash":"8e30ab16f842111aee627c2cafe970eabc602df8","messageTitle":"Add support for notifications","messageBody":"Implemented notifications as Alerts.\n\nAdded JUnit Tests for notification support.\n\nChanged Optional implementations to take advantage of stream usage.\n\nAdd safeguards for scheduling and Meeting List editing, including\nreconstruction after a damaging transaction.\n","fileTypesAndContributionMap":{"functional-code":{"insertions":181,"deletions":14},"docs":{"insertions":11,"deletions":12},"test-code":{"insertions":110,"deletions":7}}},{"hash":"6b321c42b4b839fe533a2adcf488d0c638c75390","messageTitle":"Edit UG to include new notification feature","messageBody":"Tweak UI\n","fileTypesAndContributionMap":{"functional-code":{"insertions":1,"deletions":1},"docs":{"insertions":15,"deletions":0}}},{"hash":"05b896e32fed77c1fb5bebe658b1fd66fe4c3cb7","messageTitle":"Updated Documentations","messageBody":"Updated UG and DG\n","fileTypesAndContributionMap":{"docs":{"insertions":32,"deletions":22}}}]}],"HuaiZe":[{"date":"2021-03-02","commitResults":[{"hash":"40bb60280e7b5969ee1223de591daa98f0c2f9bb","messageTitle":"Add docs/team/huaize.md","messageBody":"","fileTypesAndContributionMap":{"docs":{"insertions":46,"deletions":0}}},{"hash":"e524d45c8aa719235d2034a943f9a330f3df9717","messageTitle":"Edit AboutUs.md","messageBody":"","fileTypesAndContributionMap":{"docs":{"insertions":7,"deletions":9}}},{"hash":"398cb039a429b7931d994e29949325a19327a929","messageTitle":"Modify documentation for edit feature in docs/UserGuide.md","messageBody":"","fileTypesAndContributionMap":{"docs":{"insertions":4,"deletions":1}}},{"hash":"13ef348c09606d953b3ab80e86b3a5fe7d2af8d4","messageTitle":"Add NFRs in docs/DeveloperGuide.md","messageBody":"","fileTypesAndContributionMap":{"docs":{"insertions":12,"deletions":2}}}]},{"date":"2021-03-03","commitResults":[{"hash":"05286ed73cbb5eb63a9449cd577b6b4c5c44244c","messageTitle":"Change instances of \"AddressBook\" to \"Link.me\"","messageBody":"","fileTypesAndContributionMap":{"docs":{"insertions":4,"deletions":4}}},{"hash":"495f17c5fdda2a1a161470d3bc3dea197b2065e4","messageTitle":"Revert \"Change instances of \"AddressBook\" to \"Link.me\"\"","messageBody":"This reverts commit 05286ed73cbb5eb63a9449cd577b6b4c5c44244c.\n","fileTypesAndContributionMap":{"docs":{"insertions":4,"deletions":4}}}]},{"date":"2021-03-17","commitResults":[{"hash":"b84c44ffd8fc7f04b8471b56d94032910bf519ec","messageTitle":"Edit syntax for add and edit commands in user guide","messageBody":"","fileTypesAndContributionMap":{"docs":{"insertions":10,"deletions":8}}},{"hash":"0b8860f6eec9c87f079cfc18eb81066c531465a2","messageTitle":"Create InsurancePlan and InsurancePremium classes","messageBody":"","fileTypesAndContributionMap":{"functional-code":{"insertions":118,"deletions":0}}},{"hash":"6757cfac41bfeea02475431cbc7027999a3667ee","messageTitle":"Revert \"Edit syntax for add and edit commands in user guide\"","messageBody":"This reverts commit b84c44ffd8fc7f04b8471b56d94032910bf519ec.\n","fileTypesAndContributionMap":{"docs":{"insertions":8,"deletions":10}}},{"hash":"566ee858ea7d44b989db5b3de0007322fb6fcf48","messageTitle":"Revert \"Create InsurancePlan and InsurancePremium classes\"","messageBody":"This reverts commit 0b8860f6eec9c87f079cfc18eb81066c531465a2.\n","fileTypesAndContributionMap":{"functional-code":{"insertions":0,"deletions":118}}},{"hash":"9c5c01f91e573a28a0405f2d277f47e8ec4aa43c","messageTitle":"Edit syntax for add and edit commands in user guide","messageBody":"","fileTypesAndContributionMap":{"docs":{"insertions":10,"deletions":8}}},{"hash":"2cef666d125824f44b072c05bd28370ac36951fc","messageTitle":"Revert \"Revert \"Create InsurancePlan and InsurancePremium classes\"\"","messageBody":"This reverts commit 566ee858ea7d44b989db5b3de0007322fb6fcf48.\n","fileTypesAndContributionMap":{"functional-code":{"insertions":118,"deletions":0}}},{"hash":"8eed58a978883dd73ffd1e364a97c470cf4bdb9e","messageTitle":"Revert \"Revert \"Revert \"Create InsurancePlan and InsurancePremium classes\"\"\"","messageBody":"This reverts commit 2cef666d125824f44b072c05bd28370ac36951fc.\n","fileTypesAndContributionMap":{"functional-code":{"insertions":0,"deletions":118}}},{"hash":"0b495e14a68e3a21ae5c79be60f71d369c956c9b","messageTitle":"Add InsurancePlanName and InsurancePremium classes","messageBody":"","fileTypesAndContributionMap":{"functional-code":{"insertions":118,"deletions":0}}},{"hash":"1a27b4229f35f95a192899ae8396ce0590026f2e","messageTitle":"Add support for InsurancePlanName and InsurancePremium for add command","messageBody":"","fileTypesAndContributionMap":{"functional-code":{"insertions":84,"deletions":12}}},{"hash":"0f5ee7a71c888a97699b49f78a5ef4c6ac1b9a86","messageTitle":"Add support for InsurancePlanName and InsurancePremium for edit command","messageBody":"","fileTypesAndContributionMap":{"functional-code":{"insertions":70,"deletions":7}}},{"hash":"4efdfa6412bd748fc60497b0de42d66046e30eb7","messageTitle":"Edit PersonCard.java and PersonListCard.fxml to display insurance plan name and premium on GUI","messageBody":"","fileTypesAndContributionMap":{"functional-code":{"insertions":16,"deletions":0}}},{"hash":"1e28993fb058c2b30169b7f8de165363cf2bcf7b","messageTitle":"Edit JsonAdaptedPerson.java to support InsurancePlanName and InsurancePremium","messageBody":"","fileTypesAndContributionMap":{"functional-code":{"insertions":31,"deletions":2}}},{"hash":"9945b5464b513e26136e39338d26decac3c83161","messageTitle":"Fix checkstyle violations","messageBody":"","fileTypesAndContributionMap":{"functional-code":{"insertions":20,"deletions":11}}}]},{"date":"2021-03-29","commitResults":[{"hash":"7675b835c5ce57017c9184bb7a84f7a2bb3d4610","messageTitle":"Edit errors in UG Add plan command in UG","messageBody":"","fileTypesAndContributionMap":{"docs":{"insertions":68,"deletions":46}}}]}]},"authorFileTypeContributionMap":{"KnitidCeladon23":{"docs":74,"functional-code":0,"test-code":0},"Shuyang0":{"docs":270,"functional-code":286,"test-code":338,"other":6},"georgepwhuang":{"docs":326,"functional-code":810,"test-code":686},"HuaiZe":{"docs":108,"functional-code":323,"test-code":166}},"authorContributionVariance":{"KnitidCeladon23":881.0534,"Shuyang0":25442.79,"georgepwhuang":39920.434,"HuaiZe":20331.879},"authorDisplayNameMap":{"KnitidCeladon23":"CS2103T-W12-3 KENN..YANG","Shuyang0":"CS2103T-W12-3 LIU ..YANG","georgepwhuang":"CS2103T-W12-3 HUAN.. WEI","HuaiZe":"CS2103T-W12-3 KOH ..I ZE"}}
