{"authorDailyContributionsMap":{"clarlzx":[{"date":"2021-03-02","commitResults":[{"hash":"77577363053761fbc8e1a574af96ad50f2f0bded","messageTitle":"Update README.md to fit project details","messageBody":"","fileTypesAndContributionMap":{"docs":{"insertions":6,"deletions":11}}},{"hash":"b8c7a2c2c61f3f9785cfbd3ad427aeacf5cfcf42","messageTitle":"Revert \"Update README.md to fit project details\"","messageBody":"This reverts commit 77577363053761fbc8e1a574af96ad50f2f0bded.\n","fileTypesAndContributionMap":{"docs":{"insertions":11,"deletions":6}}},{"hash":"a13e9a3ab84024fa63db3c1021dddf877eaf1b4c","messageTitle":"Update README.md","messageBody":"","fileTypesAndContributionMap":{"docs":{"insertions":6,"deletions":11}}}]},{"date":"2021-03-11","commitResults":[{"hash":"cecbbb8ba52c21eeb6856ea3bd38ced14644e374","messageTitle":"Add test to test expected result for improved FindCommand","messageBody":"","fileTypesAndContributionMap":{"test-code":{"insertions":6,"deletions":0}}}]},{"date":"2021-03-15","commitResults":[{"hash":"99fd17de839639fc89abade11fde8a888a8d8a87","messageTitle":"Allow find command by incomplete word","messageBody":"* Edit containsWordIgnoreCase function in StringUtil class\n* Edit tests relevant to changes\n* Add additional tests to test find by incomplete words\n","fileTypesAndContributionMap":{"functional-code":{"insertions":13,"deletions":2},"test-code":{"insertions":65,"deletions":7}}},{"hash":"f2f11d73d39f12c8bbb3a827f0e85bb0da172116","messageTitle":"Amend style of code","messageBody":"","fileTypesAndContributionMap":{"test-code":{"insertions":0,"deletions":1}}},{"hash":"467a49467849babf99c91d326966d04165f6e454","messageTitle":"Amend style of code","messageBody":"","fileTypesAndContributionMap":{"functional-code":{"insertions":1,"deletions":2},"test-code":{"insertions":7,"deletions":7}}}]},{"date":"2021-03-22","commitResults":[{"hash":"1a87d73aeae8b9eec11127140523cde4ef205940","messageTitle":"Amend user guide for find command","messageBody":"","fileTypesAndContributionMap":{"docs":{"insertions":1,"deletions":1}}},{"hash":"0f7b9a6c88f3fd210623fd0b43c411980a1c4786","messageTitle":"Amend user guide for find command","messageBody":"","fileTypesAndContributionMap":{"docs":{"insertions":2,"deletions":1}}}]},{"date":"2021-03-24","commitResults":[{"hash":"7f5be87fadfba0927481ce6d3295ea49d2b62df5","messageTitle":"Enable assertions","messageBody":"","fileTypesAndContributionMap":{"other":{"insertions":4,"deletions":0}}},{"hash":"80314f2a0735dfd307d319990303f8dca6762524","messageTitle":"AboutUs and Picture change","messageBody":"","fileTypesAndContributionMap":{"docs":{"insertions":2,"deletions":2}}},{"hash":"63c855263f4d39105d5b8d22a69826dbbb7938e9","messageTitle":"Revert \"Enable assertions\"","messageBody":"This reverts commit 7f5be87fadfba0927481ce6d3295ea49d2b62df5.\n","fileTypesAndContributionMap":{"other":{"insertions":0,"deletions":4}}}]},{"date":"2021-03-25","commitResults":[{"hash":"ee935bb8f10eb64ecd602cc30abe81bf4d49e0de","messageTitle":"Edit DevelopGuide with diagrams illustrating architecture of Appointment","messageBody":"","fileTypesAndContributionMap":{"docs":{"insertions":234,"deletions":0}}},{"hash":"60430ab7a38e2e4534f0c31930726f45fcbffea3","messageTitle":"Edit style","messageBody":"","fileTypesAndContributionMap":{"docs":{"insertions":5,"deletions":3}}},{"hash":"3a38872ee9edc0112945899db440a049279778f4","messageTitle":"Edit style","messageBody":"","fileTypesAndContributionMap":{"docs":{"insertions":3,"deletions":3}}},{"hash":"cd46f25a1e415a64c7866619c69fbb3a54e58661","messageTitle":"Update AppointmentWithModelClassDiagram.puml","messageBody":"","fileTypesAndContributionMap":{"docs":{"insertions":1,"deletions":1}}},{"hash":"c9a8d9025ffd36e846ed7f61dc48f35ffaf71dda","messageTitle":"Update AppointmentWithLogicClassDiagram.puml","messageBody":"","fileTypesAndContributionMap":{"docs":{"insertions":1,"deletions":1}}},{"hash":"0bada9562b33a3eb8092f264281553178101df91","messageTitle":"Update AppointmentClassDiagram.puml","messageBody":"","fileTypesAndContributionMap":{"docs":{"insertions":1,"deletions":1}}},{"hash":"fe7eb9b9c7e001f008a725254b675013fa21bca4","messageTitle":"Update AppointmentCommandClassDiagram.puml","messageBody":"","fileTypesAndContributionMap":{"docs":{"insertions":1,"deletions":1}}},{"hash":"a5bb9a4c7c3bd78d79d7e10745b2b99598f078d6","messageTitle":"Separate Export and Import feature","messageBody":"","fileTypesAndContributionMap":{"docs":{"insertions":6,"deletions":1}}},{"hash":"402bff606aa5ab9a44b6dca8c35e5319d62e5c6a","messageTitle":"Add Assertion","messageBody":"","fileTypesAndContributionMap":{"functional-code":{"insertions":1,"deletions":0}}}]},{"date":"2021-03-27","commitResults":[{"hash":"760ff97407351bd4afe8ca1944ef167c93a16a15","messageTitle":"Add and edit Class diagrams for appointment","messageBody":"","fileTypesAndContributionMap":{"docs":{"insertions":154,"deletions":20}}},{"hash":"fe943ea7533172aa3f814b5a86c8075158d24768","messageTitle":"Add diagrams to developer guide","messageBody":"","fileTypesAndContributionMap":{"docs":{"insertions":3,"deletions":1}}},{"hash":"9fe826be73a6f91a8ae24ce81d0c01dd525f3b97","messageTitle":"Edit AppointmentClassDiagram and AppointmentWithModelClassDiagram","messageBody":"","fileTypesAndContributionMap":{"docs":{"insertions":10,"deletions":7}}},{"hash":"227ee6b001d5e767a695041ceae30594ab31412b","messageTitle":"Edit UserPrefs","messageBody":"","fileTypesAndContributionMap":{"functional-code":{"insertions":18,"deletions":3}}},{"hash":"0f4146657f41bf0f1f160b2a1bd1907326639c9e","messageTitle":"Add files for model component of Appointment","messageBody":"","fileTypesAndContributionMap":{"functional-code":{"insertions":425,"deletions":1},"other":{"insertions":2,"deletions":2}}},{"hash":"450642770ca1bc2a0d57504b0d71f7fc2fbf570a","messageTitle":"Edit refactored files","messageBody":"","fileTypesAndContributionMap":{"functional-code":{"insertions":13,"deletions":15},"docs":{"insertions":1,"deletions":1},"test-code":{"insertions":14,"deletions":12}}},{"hash":"ec01c6ed597fa6aa16ef0639b00c1acf732ac02f","messageTitle":"Edit style","messageBody":"","fileTypesAndContributionMap":{"functional-code":{"insertions":16,"deletions":17},"test-code":{"insertions":8,"deletions":6}}}]},{"date":"2021-03-28","commitResults":[{"hash":"b557933b94ba8a10b99cf05ee711c0ebf2c80a74","messageTitle":"Create DateTime class for dateTime attribute of Appointment","messageBody":"","fileTypesAndContributionMap":{"functional-code":{"insertions":75,"deletions":3}}},{"hash":"d13ab9634df23bec6e42423fa702ab1ecc1c9cca","messageTitle":"Edit Model and ModelManager with appointment-related methods","messageBody":"","fileTypesAndContributionMap":{"functional-code":{"insertions":149,"deletions":8}}},{"hash":"649a968259c5cab77406b99cef58e43780a7ac83","messageTitle":"Create UI components for Appointment","messageBody":"","fileTypesAndContributionMap":{"functional-code":{"insertions":8,"deletions":0}}},{"hash":"2d9689e929bcfce824c9f27866e780b58cdf92d5","messageTitle":"Solve merge conflicts","messageBody":"","fileTypesAndContributionMap":{"functional-code":{"insertions":22,"deletions":42},"test-code":{"insertions":92,"deletions":44}}},{"hash":"91ff8fee09dc5dd3ea7f6c099595a5bd9e3c4ee3","messageTitle":"Add UI component","messageBody":"","fileTypesAndContributionMap":{"functional-code":{"insertions":261,"deletions":28}}},{"hash":"4e1a9583a74b5dbcb2eac19b9782415396ec81df","messageTitle":"Edit style","messageBody":"","fileTypesAndContributionMap":{"functional-code":{"insertions":1,"deletions":1}}},{"hash":"851ccb1abe43e5992e2b147a033f968122332cc3","messageTitle":"Add title to each column in UI","messageBody":"","fileTypesAndContributionMap":{"functional-code":{"insertions":18,"deletions":0}}}]},{"date":"2021-03-31","commitResults":[{"hash":"79b9cc618a426dee8d6cfee7471d8418f96e8595","messageTitle":"Improve UI","messageBody":"","fileTypesAndContributionMap":{"functional-code":{"insertions":442,"deletions":36}}},{"hash":"5c8738274252a57d636ea34e6fa3a800fcf1aac7","messageTitle":"Remove assertion","messageBody":"","fileTypesAndContributionMap":{"functional-code":{"insertions":0,"deletions":1}}},{"hash":"db558cb9ee9f987def9bd4655440d5f245482826","messageTitle":"Change theme for HeliBook","messageBody":"","fileTypesAndContributionMap":{"functional-code":{"insertions":143,"deletions":290}}},{"hash":"b3ff0c3d9f606de7420bddc7c2c878a1d1238e1f","messageTitle":"Create both light and dark theme","messageBody":"","fileTypesAndContributionMap":{"functional-code":{"insertions":244,"deletions":104},"other":{"insertions":24,"deletions":0}}},{"hash":"ab18d84b03c81ed1427465bbde28118d945c16fe","messageTitle":"Change options to Options class attributes","messageBody":"","fileTypesAndContributionMap":{"functional-code":{"insertions":12,"deletions":9},"test-code":{"insertions":20,"deletions":0}}},{"hash":"9712a746bba7758ea2556191be4713db8a4d055d","messageTitle":"Edit style","messageBody":"","fileTypesAndContributionMap":{"functional-code":{"insertions":3,"deletions":3}}},{"hash":"bc206c102bbde9a50ab8ca97323a3a12d62be6f8","messageTitle":"Add theme command to UserGuide","messageBody":"","fileTypesAndContributionMap":{"docs":{"insertions":17,"deletions":0}}}]},{"date":"2021-04-01","commitResults":[{"hash":"c0fc531cb4f35542f2b2cf8d3c24d753f8fbab7e","messageTitle":"Add tests and fix bugs","messageBody":"","fileTypesAndContributionMap":{"functional-code":{"insertions":12,"deletions":0},"test-code":{"insertions":53,"deletions":0}}},{"hash":"b951f4cc095885f795c834e87f83bb82ad299dcc","messageTitle":"Add tests for ThemeCommand and ThemeCommandParser","messageBody":"","fileTypesAndContributionMap":{"functional-code":{"insertions":7,"deletions":0},"test-code":{"insertions":33,"deletions":9}}}]},{"date":"2021-04-02","commitResults":[{"hash":"56eaf214d79f087c4a724bbbbd63c855179ae913","messageTitle":"Edit UserGuide","messageBody":"","fileTypesAndContributionMap":{"docs":{"insertions":3,"deletions":3}}},{"hash":"f39d72379c914b34d2c8dcf09c18a678693a3ab2","messageTitle":"Fix bug in Appointment class that prevented tags from being shown in result display window","messageBody":"","fileTypesAndContributionMap":{"functional-code":{"insertions":9,"deletions":9}}},{"hash":"bbe997543c4f01c98f32f3ae55a28110c2904e70","messageTitle":"Edit toString method of Contact and Appointment class","messageBody":"","fileTypesAndContributionMap":{"functional-code":{"insertions":4,"deletions":2}}},{"hash":"f875619bd6fb27ddb940447324ef76b09c2275ad","messageTitle":"Rename stylesheet files for light theme","messageBody":"","fileTypesAndContributionMap":{"functional-code":{"insertions":2,"deletions":2},"other":{"insertions":0,"deletions":0}}},{"hash":"19b6ba60dacb662e86670e0a98472fbacefb09ac","messageTitle":"Create css style for favourite icon in Dark and Light theme","messageBody":"","fileTypesAndContributionMap":{"functional-code":{"insertions":22,"deletions":6}}},{"hash":"7f4248e55df666757ec258d14583d62e5b3378f1","messageTitle":"Fix some bugs in FindCommand and FindAppointmentCommand class","messageBody":"","fileTypesAndContributionMap":{"functional-code":{"insertions":6,"deletions":7}}},{"hash":"3f9cabfbe7905a95a55440a811210e20c2a14983","messageTitle":"Edit style","messageBody":"","fileTypesAndContributionMap":{"functional-code":{"insertions":0,"deletions":2}}},{"hash":"079cc6092a59db3af674dccc0358e021fefca84b","messageTitle":"Edit style","messageBody":"","fileTypesAndContributionMap":{"functional-code":{"insertions":1,"deletions":1}}},{"hash":"8ee0d80526a8cb004e1a3aa8a2afcf4bc799b4ba","messageTitle":"Edit EditAppt error message","messageBody":"","fileTypesAndContributionMap":{"functional-code":{"insertions":2,"deletions":2}}},{"hash":"002b79b8e4761c21f123e2a5d6967979d761bd47","messageTitle":"Edit style","messageBody":"","fileTypesAndContributionMap":{"functional-code":{"insertions":0,"deletions":2}}}]},{"date":"2021-04-07","commitResults":[{"hash":"3f034932cf4fa00bfd4d9938b8e68f2463b77ac7","messageTitle":"Save theme to UserPrefs","messageBody":"","fileTypesAndContributionMap":{"functional-code":{"insertions":17,"deletions":1}}}]},{"date":"2021-04-08","commitResults":[{"hash":"4ba4562a8f9a7e25d8b1ee6dd55fa176f79393a1","messageTitle":"Edit css files so that errors will appear red","messageBody":"","fileTypesAndContributionMap":{"functional-code":{"insertions":12,"deletions":4}}},{"hash":"5e80eb12bb6081cc5d1e73ff914cb4228e3ed93e","messageTitle":"Edit Project Portfolio Page","messageBody":"","fileTypesAndContributionMap":{"docs":{"insertions":12,"deletions":3}}},{"hash":"a7d0041708a577b5826f503bebcbee542859f01a","messageTitle":"Remove error message for duplicate options","messageBody":"","fileTypesAndContributionMap":{"functional-code":{"insertions":0,"deletions":11},"test-code":{"insertions":5,"deletions":3}}},{"hash":"7df3bade065d4322f2f27802bed412386267e0ae","messageTitle":"Remove status foot bar * Remove StatusBarFooter class * Remove fxml file for StatusBarFooter * Remove all mentions of StatusBarFooter class from UML Diagrams * Remove style for status foot bar from theme","messageBody":"","fileTypesAndContributionMap":{"functional-code":{"insertions":10,"deletions":337},"docs":{"insertions":1,"deletions":9}}},{"hash":"a36191f556869a2eca12c4eb5553be595e4185ec","messageTitle":"Edit style","messageBody":"","fileTypesAndContributionMap":{"functional-code":{"insertions":1,"deletions":1}}}]},{"date":"2021-04-10","commitResults":[{"hash":"0ec6b5d34b658d8bde3cdb1cae43510ae78866bd","messageTitle":"Edit DateTime class to detect more wrong dates","messageBody":"","fileTypesAndContributionMap":{"functional-code":{"insertions":65,"deletions":6},"test-code":{"insertions":107,"deletions":8}}},{"hash":"5201fd3757f5eeae2a0d1015035e2b6b5d5327fb","messageTitle":"Edit style","messageBody":"","fileTypesAndContributionMap":{"functional-code":{"insertions":5,"deletions":5},"test-code":{"insertions":3,"deletions":4}}},{"hash":"5f03ec52bcf3c3227eb0d81af2b1ae1e5b69296d","messageTitle":"Add more explanation for implementation of isValidFormat method in DateTime class","messageBody":"","fileTypesAndContributionMap":{"functional-code":{"insertions":3,"deletions":0}}},{"hash":"8fb4e2b762584c004782a0a51857949a1a99e072","messageTitle":"Change UI for expired Appointments","messageBody":"","fileTypesAndContributionMap":{"functional-code":{"insertions":8,"deletions":1},"docs":{"insertions":13,"deletions":0}}},{"hash":"f71fd27017fed9c8d2101e371927314dd6980c2b","messageTitle":"Improve coding standard for ContactCard class","messageBody":"","fileTypesAndContributionMap":{"functional-code":{"insertions":4,"deletions":0}}},{"hash":"3ff304b93149512ad1e50c33d7da2e9335aad053","messageTitle":"Change the word HeliBook to ParentPal","messageBody":"","fileTypesAndContributionMap":{"functional-code":{"insertions":3,"deletions":2}}},{"hash":"0360b88ddc2c713308a13e3c2d3b5ff344efdf9b","messageTitle":"Update UML diagram for Appointment\u0027s Model component","messageBody":"","fileTypesAndContributionMap":{"docs":{"insertions":12,"deletions":15}}},{"hash":"169654fef6337e3f393a8ae5905eb76689b932dd","messageTitle":"Edit EditCommand to change Contacts in Appointment objects","messageBody":"","fileTypesAndContributionMap":{"functional-code":{"insertions":50,"deletions":13},"test-code":{"insertions":96,"deletions":0}}},{"hash":"56a130fdf5a8c8dbcb1297fd3724e252a43484a0","messageTitle":"Edit style","messageBody":"","fileTypesAndContributionMap":{"functional-code":{"insertions":2,"deletions":1},"test-code":{"insertions":1,"deletions":1}}}]}],"nicoleang09":[{"date":"2021-03-01","commitResults":[{"hash":"a0949c72c964403f5070f46c423217b8d4914e31","messageTitle":"Add non-functional requirements to developer guide","messageBody":"","fileTypesAndContributionMap":{"docs":{"insertions":11,"deletions":0}}}]},{"date":"2021-03-02","commitResults":[{"hash":"4930040324c0db2ef0bed4baf78362556f14dfbe","messageTitle":"Edit NFRs","messageBody":"","fileTypesAndContributionMap":{"docs":{"insertions":6,"deletions":8}}},{"hash":"287a71c3e7b7e74d2891eb19413e781495f1efd6","messageTitle":"Update glossary in DG","messageBody":"","fileTypesAndContributionMap":{"docs":{"insertions":5,"deletions":1}}}]},{"date":"2021-03-09","commitResults":[{"hash":"68e438d8014d38a3b35cfdbc51058969ed2564df","messageTitle":"Edit HelpCommand logic to display summary of commands","messageBody":"","fileTypesAndContributionMap":{"functional-code":{"insertions":58,"deletions":1}}},{"hash":"49ebcf7c80e3ea3c2af6e62136af9f0b8230635d","messageTitle":"Edit content of help window","messageBody":"","fileTypesAndContributionMap":{"functional-code":{"insertions":24,"deletions":9}}},{"hash":"f2bf2b43768e5bd1d5c74017ebeaaefd79409a1d","messageTitle":"Edit help window to display summary of commands and link to full user guide","messageBody":"","fileTypesAndContributionMap":{"functional-code":{"insertions":20,"deletions":15}}}]},{"date":"2021-03-11","commitResults":[{"hash":"822f0d7e641e389875069e01cc1db2b239f06ac9","messageTitle":"Run checkstyle for HelpCommand class","messageBody":"","fileTypesAndContributionMap":{"functional-code":{"insertions":8,"deletions":12}}},{"hash":"9c8d3bf420c4df26e8321c341a22645ce5f02b26","messageTitle":"Run checkstyle on HelpWindow class","messageBody":"","fileTypesAndContributionMap":{"functional-code":{"insertions":2,"deletions":5}}},{"hash":"aa028408c416b4353e2227ace7dd1b2808f6efea","messageTitle":"Run checkstyle on MainWindow class","messageBody":"","fileTypesAndContributionMap":{"functional-code":{"insertions":10,"deletions":10}}}]},{"date":"2021-03-12","commitResults":[{"hash":"8f56b82f2cf136df9d7833f418e0779a7a0a7265","messageTitle":"Fix help window UI and change user guide URL","messageBody":"","fileTypesAndContributionMap":{"functional-code":{"insertions":52,"deletions":25},"test-code":{"insertions":6,"deletions":5}}},{"hash":"b9beb4585f44659c3ee12f6003e27207d6cda3c4","messageTitle":"Correct feedback message to user for help command and remove unnecessary logs","messageBody":"","fileTypesAndContributionMap":{"functional-code":{"insertions":3,"deletions":2}}},{"hash":"02cb6d930bcc7b3ee3b744ebf39e9de45b0ead1a","messageTitle":"Fix help command feedback message","messageBody":"","fileTypesAndContributionMap":{"functional-code":{"insertions":17,"deletions":3},"test-code":{"insertions":5,"deletions":6}}},{"hash":"475f6d1b1dd0860c4391b16b7c749316974fb2c2","messageTitle":"Extend help command to search for information on specific commands","messageBody":"","fileTypesAndContributionMap":{"functional-code":{"insertions":158,"deletions":1}}}]},{"date":"2021-03-13","commitResults":[{"hash":"a213c340109d2a840ca862dcd2adb2808595a2db","messageTitle":"Allow heading in help window to be changed to match what is displayed","messageBody":"","fileTypesAndContributionMap":{"functional-code":{"insertions":17,"deletions":9}}},{"hash":"b4b6748cc49c1fc954ba99effea8eab709f8985f","messageTitle":"Edit format of plain text","messageBody":"","fileTypesAndContributionMap":{"functional-code":{"insertions":13,"deletions":5}}},{"hash":"0390e6c7e40046c146bf130e7c03044ea96a6fc5","messageTitle":"Edit help command message usage and handle invalid commands","messageBody":"","fileTypesAndContributionMap":{"functional-code":{"insertions":25,"deletions":6}}},{"hash":"8ede2b1926ffa5e8d989594634f97bafa1842f9c","messageTitle":"Update unit tests for HelpCommand and HelpCommandParser","messageBody":"","fileTypesAndContributionMap":{"functional-code":{"insertions":12,"deletions":5},"test-code":{"insertions":50,"deletions":5}}},{"hash":"212e83d420da5f64a9a3a793a83f6f59c1c2db1b","messageTitle":"Make code more readable","messageBody":"","fileTypesAndContributionMap":{"functional-code":{"insertions":104,"deletions":104},"test-code":{"insertions":2,"deletions":3}}},{"hash":"93cf25502a3cba7fc3c610719a53fdce90767a51","messageTitle":"Edit help command test in AddressBookParserTest","messageBody":"","fileTypesAndContributionMap":{"test-code":{"insertions":1,"deletions":1}}}]},{"date":"2021-03-15","commitResults":[{"hash":"be640f6c75718fc4393c4818fac896d0a6ace529","messageTitle":"Change appearance of help window","messageBody":"","fileTypesAndContributionMap":{"functional-code":{"insertions":145,"deletions":16}}},{"hash":"7a41a65b71cf9d3acdb07e582c16e75c401066cf","messageTitle":"Edit user guide to display correctly in help window and set max width for help window","messageBody":"","fileTypesAndContributionMap":{"functional-code":{"insertions":1,"deletions":1},"docs":{"insertions":7,"deletions":5}}},{"hash":"242bb9b2520dd1e05a841dd6734997f4524b8125","messageTitle":"Add unit test for markdown to plain text converter class and edit help command parser test","messageBody":"","fileTypesAndContributionMap":{"test-code":{"insertions":49,"deletions":4}}},{"hash":"5832d8d71371ff5b593f61720251f549fd694462","messageTitle":"Add newline at end of DarkThemeHelpWindow.css","messageBody":"","fileTypesAndContributionMap":{"functional-code":{"insertions":1,"deletions":1}}},{"hash":"113f1de5f4cddd3703d41b5df4db64d16956a532","messageTitle":"Fix help command to be able to work in jar file","messageBody":"","fileTypesAndContributionMap":{"functional-code":{"insertions":247,"deletions":4}}}]},{"date":"2021-03-16","commitResults":[{"hash":"5878561f4ae3698c788211d15c5bcea028fe1b0e","messageTitle":"Fix error handling for help command and update unit tests accordingly","messageBody":"","fileTypesAndContributionMap":{"functional-code":{"insertions":16,"deletions":9},"test-code":{"insertions":21,"deletions":16}}}]},{"date":"2021-03-23","commitResults":[{"hash":"a4ecd6f77ebdff6fbbf8ba645892b36632e43bcb","messageTitle":"Draft section on help implementation","messageBody":"","fileTypesAndContributionMap":{"docs":{"insertions":245,"deletions":0}}},{"hash":"9ed82243d64580c310d504bd2ec9c5221c98df12","messageTitle":"Edit section on help implementation in developer guide","messageBody":"","fileTypesAndContributionMap":{"docs":{"insertions":14,"deletions":14}}}]},{"date":"2021-03-24","commitResults":[{"hash":"aba5ec9c812bd96d5590b60879f103d17ebac743","messageTitle":"Finalise DG help implementation draft","messageBody":"","fileTypesAndContributionMap":{"functional-code":{"insertions":1,"deletions":0},"docs":{"insertions":38,"deletions":37}}},{"hash":"f04ca986abab17d37701e12842a46c4c90dff42d","messageTitle":"Remove assert false in MainWindow class","messageBody":"","fileTypesAndContributionMap":{"functional-code":{"insertions":0,"deletions":1}}}]},{"date":"2021-03-27","commitResults":[{"hash":"99da5b5f076f4b5635739757e189530a3568ea73","messageTitle":"Set up appointment storage","messageBody":"","fileTypesAndContributionMap":{"functional-code":{"insertions":620,"deletions":58},"test-code":{"insertions":117,"deletions":3}}},{"hash":"1345893d0b90fd8e5d61dc4e79a9aef80164a03b","messageTitle":"Edit storage to work with edited model components","messageBody":"","fileTypesAndContributionMap":{"functional-code":{"insertions":126,"deletions":47}}},{"hash":"f0d900a8d3f51918e0819643d358721e4b837e46","messageTitle":"Fix LogicManagerTest and overload ModelManager constructor so tests can work","messageBody":"","fileTypesAndContributionMap":{"functional-code":{"insertions":4,"deletions":0},"test-code":{"insertions":4,"deletions":2}}},{"hash":"258c3c7c4cb2a0011513c00263729a709df640b3","messageTitle":"Fix tests","messageBody":"","fileTypesAndContributionMap":{"test-code":{"insertions":33,"deletions":12}}},{"hash":"30a7076dbb4d36764149800870e313925495e770","messageTitle":"Edit LogicManager to save appointment book","messageBody":"","fileTypesAndContributionMap":{"functional-code":{"insertions":6,"deletions":0}}},{"hash":"1214f3b7fd5d55e672cdc4e4f0f83429c787b971","messageTitle":"Fix checkstyle in tests","messageBody":"","fileTypesAndContributionMap":{"test-code":{"insertions":45,"deletions":47}}}]},{"date":"2021-03-28","commitResults":[{"hash":"50c67e155e8e07c85a5a39bb58d81510d745ad56","messageTitle":"Implement logic to handle appointments","messageBody":"","fileTypesAndContributionMap":{"functional-code":{"insertions":409,"deletions":60},"other":{"insertions":15,"deletions":3},"test-code":{"insertions":36,"deletions":0}}},{"hash":"149caaeda89ee9182f438b2a20cc67c81c26d305","messageTitle":"Update user guide for appointment commands","messageBody":"","fileTypesAndContributionMap":{"docs":{"insertions":43,"deletions":0}}},{"hash":"82c34d659d413ceb0346453ae2634c612ed80e3f","messageTitle":"Allow adding contacts when creating events","messageBody":"","fileTypesAndContributionMap":{"functional-code":{"insertions":7,"deletions":3}}},{"hash":"a059c834f6378f17f41fc4b1621cde19b75b3d16","messageTitle":"Update user guide for addAppt","messageBody":"","fileTypesAndContributionMap":{"docs":{"insertions":4,"deletions":1}}},{"hash":"14b531e3913cc0f083aac215fee6afb32fcf1cfe","messageTitle":"Edit coding style to pass checkstyle","messageBody":"","fileTypesAndContributionMap":{"functional-code":{"insertions":0,"deletions":12}}},{"hash":"554e69d2c4a4e685846d198c71db41b76d2fdf6b","messageTitle":"Change default view of appointment list to be sorted by date of appointment","messageBody":"","fileTypesAndContributionMap":{"functional-code":{"insertions":24,"deletions":1}}},{"hash":"14b5cce615263f69a5b5fbfdb67e771fc166c09d","messageTitle":"Update add appointment usage message","messageBody":"","fileTypesAndContributionMap":{"functional-code":{"insertions":3,"deletions":3}}},{"hash":"1e1be76e0cdd8320864cf1965ec5f82b5aef9621","messageTitle":"Fix LogicManager style and AddCommandTest","messageBody":"","fileTypesAndContributionMap":{"functional-code":{"insertions":0,"deletions":2},"test-code":{"insertions":25,"deletions":10}}},{"hash":"76a27e762456364b26c9682266952ec22468138a","messageTitle":"Make minor coding style amendments","messageBody":"","fileTypesAndContributionMap":{"functional-code":{"insertions":1,"deletions":0}}},{"hash":"e3e5be43a44b2cbf253a76eee3ef8057d2243e92","messageTitle":"Fix addAppt to throw errors if contact index is invalid","messageBody":"","fileTypesAndContributionMap":{"functional-code":{"insertions":20,"deletions":21}}},{"hash":"f03ecfe6fc86cf9018448bef9713b78cd62ca74d","messageTitle":"Add unit tests for AddAppointmentCommand","messageBody":"","fileTypesAndContributionMap":{"test-code":{"insertions":339,"deletions":0}}},{"hash":"e26e139186c6e5e54bb084861aa552ba5f7478b1","messageTitle":"Add unit tests for AddAppointmentCommandParser","messageBody":"","fileTypesAndContributionMap":{"functional-code":{"insertions":2,"deletions":2},"test-code":{"insertions":142,"deletions":2}}},{"hash":"5a9b71d6b356d7c8fa49a2f0d5f9048b4bf3982b","messageTitle":"Add unit tests for AddAppointmentCommand integration and edit AddAppointmentCommandParserTest","messageBody":"","fileTypesAndContributionMap":{"test-code":{"insertions":100,"deletions":16}}}]},{"date":"2021-03-29","commitResults":[{"hash":"9ca6ba3ae1fa2c09ff30be66ef44a17f839d4da2","messageTitle":"Fix all fields present test in AppAppointmentCommandParserTest","messageBody":"","fileTypesAndContributionMap":{"test-code":{"insertions":10,"deletions":9}}},{"hash":"4db09cd5822e290569ac21fbc4a6f2bb84d149dd","messageTitle":"Fix model stub in AddAppointmentCommandTest","messageBody":"","fileTypesAndContributionMap":{"test-code":{"insertions":6,"deletions":1}}},{"hash":"46fbb98725e29c012c1d3143471806fdd639daad","messageTitle":"Update help to read from latest copy of UG","messageBody":"","fileTypesAndContributionMap":{"functional-code":{"insertions":108,"deletions":31}}},{"hash":"fd81497751e13dfbabedd381c7ab904eeb70546a","messageTitle":"Add support for parsing warning divs in user guide","messageBody":"","fileTypesAndContributionMap":{"functional-code":{"insertions":3,"deletions":0}}},{"hash":"17536294cf94d389e3364ded451291931b71eb6d","messageTitle":"Update sample appointment data","messageBody":"","fileTypesAndContributionMap":{"functional-code":{"insertions":11,"deletions":6}}},{"hash":"3fc9914c5de9c8f9f2fbde9a18904599eccc8665","messageTitle":"Clean up code edited when implementing appointment storage","messageBody":"","fileTypesAndContributionMap":{"functional-code":{"insertions":23,"deletions":104},"test-code":{"insertions":2,"deletions":0}}},{"hash":"016d2500e94f2c03ee5d606ac12652ac7a1a3a23","messageTitle":"Fix JsonAppointmentBookStorage tests","messageBody":"","fileTypesAndContributionMap":{"test-code":{"insertions":72,"deletions":46}}},{"hash":"b231d5e67924d310ab51dab62afbd7487f1fdbad","messageTitle":"Clean up code edited when implementing appointment logic","messageBody":"","fileTypesAndContributionMap":{"functional-code":{"insertions":4,"deletions":5}}},{"hash":"0973f8cb531fc063d55451d74b674fe3b91b8374","messageTitle":"Update usage example for addAppt","messageBody":"","fileTypesAndContributionMap":{"functional-code":{"insertions":5,"deletions":5}}}]},{"date":"2021-03-30","commitResults":[{"hash":"22755b09cbf879c0d6779863d20ae128ef70231d","messageTitle":"Update user guide with appointment commands and separate features into appointment, contact, and general commands","messageBody":"","fileTypesAndContributionMap":{"docs":{"insertions":45,"deletions":23}}},{"hash":"a50f0da947190d6b67980ad6525ec94bb51ef25f","messageTitle":"Update help command to read from re-formatted UG","messageBody":"","fileTypesAndContributionMap":{"functional-code":{"insertions":23,"deletions":7},"test-code":{"insertions":1,"deletions":1}}},{"hash":"7df045d4365794d5f795433b782184975e25848d","messageTitle":"Update UG copy that help command reads from","messageBody":"","fileTypesAndContributionMap":{"functional-code":{"insertions":171,"deletions":44}}},{"hash":"b7cf65c38c16a6b96e354580a9642b05f86259c5","messageTitle":"Fix appointment book storage test","messageBody":"","fileTypesAndContributionMap":{"test-code":{"insertions":12,"deletions":35}}},{"hash":"57c7e86678185b61f3af0de8b3b9a8a54f76eda4","messageTitle":"Change sample data to be more relevant to purpose of HeliBook","messageBody":"","fileTypesAndContributionMap":{"functional-code":{"insertions":53,"deletions":26},"test-code":{"insertions":2,"deletions":2}}}]},{"date":"2021-03-31","commitResults":[{"hash":"ab3cbe7a5d4df349f3e498424bff56eb397384c5","messageTitle":"Prevent sorting contacts/appointments from saving an incomplete address/appointment book","messageBody":"","fileTypesAndContributionMap":{"functional-code":{"insertions":37,"deletions":13}}},{"hash":"d4315ac712e4dae03c9b9178ad45cf08a82569e5","messageTitle":"Edit model stubs in test classes to implement new Model methods","messageBody":"","fileTypesAndContributionMap":{"test-code":{"insertions":12,"deletions":0}}}]},{"date":"2021-04-02","commitResults":[{"hash":"f5e0c3b04dfc3a1e3a49db8de4e3f08603bbee8c","messageTitle":"Edit user guide and update help command","messageBody":"","fileTypesAndContributionMap":{"functional-code":{"insertions":75,"deletions":17},"docs":{"insertions":4,"deletions":3}}},{"hash":"ad4507e3a7659be391760ecbe2338595a1238e98","messageTitle":"Fix ordering appointments on startup","messageBody":"","fileTypesAndContributionMap":{"functional-code":{"insertions":2,"deletions":0}}},{"hash":"868c9b4c1354e7dd3363396294100008bf26503a","messageTitle":"Fix help command with no specified commands not working in jar file","messageBody":"","fileTypesAndContributionMap":{"functional-code":{"insertions":23,"deletions":22}}}]},{"date":"2021-04-05","commitResults":[{"hash":"e76049004d55dbe81931c7d03fa200939d9ebde5","messageTitle":"Extract out comparator classes in SortCommand class into separate new classes","messageBody":"","fileTypesAndContributionMap":{"functional-code":{"insertions":36,"deletions":21}}},{"hash":"226d6392c549cff4823315cace4befa493f306e6","messageTitle":"Create AddressBookSettings class","messageBody":"","fileTypesAndContributionMap":{"functional-code":{"insertions":48,"deletions":0}}},{"hash":"5165edc34dab24ed22c20e3c2887d9344eba7959","messageTitle":"Change comparator in AddressBookSettings into a string rather than a comparator object","messageBody":"","fileTypesAndContributionMap":{"functional-code":{"insertions":122,"deletions":15}}}]},{"date":"2021-04-06","commitResults":[{"hash":"97f0fefd75eef66d14a4eab55c81a2f668facdbd","messageTitle":"Update add command model stub with new model methods","messageBody":"","fileTypesAndContributionMap":{"test-code":{"insertions":44,"deletions":2}}},{"hash":"0ddf6dae00d0065ba5e95ed9e25e977890b898ad","messageTitle":"Maintain filtered list after sorting","messageBody":"","fileTypesAndContributionMap":{"functional-code":{"insertions":24,"deletions":7}}},{"hash":"2552d6e009154ef832cd07e1a837f5662749a6a4","messageTitle":"Delete unused code","messageBody":"","fileTypesAndContributionMap":{"functional-code":{"insertions":1,"deletions":3}}},{"hash":"af2dfc6a438ad2a19c5e0ba5c7fb533d162e8b87","messageTitle":"Fix add contact not sorting","messageBody":"","fileTypesAndContributionMap":{"functional-code":{"insertions":1,"deletions":0}}},{"hash":"3a938a388c6347e9a120176fa13a8ac31fabac0a","messageTitle":"Ensure that default sort is used when user preferences are not found","messageBody":"","fileTypesAndContributionMap":{"functional-code":{"insertions":11,"deletions":5}}},{"hash":"e0e7bfb211956061d2099c0a986be2e4ed32f9bf","messageTitle":"Fix style of code","messageBody":"","fileTypesAndContributionMap":{"functional-code":{"insertions":9,"deletions":18}}},{"hash":"f8e0cd779e7a5a1815fe6d8d68fc675d0e48ce9a","messageTitle":"Fix model stubs","messageBody":"","fileTypesAndContributionMap":{"test-code":{"insertions":10,"deletions":0}}}]},{"date":"2021-04-07","commitResults":[{"hash":"19c811ee257abb35495a3a47d1afd9e6dd9cd811","messageTitle":"Fix getComparator method in AddressBookSettings to throw exception if invalid comparator is passed into it","messageBody":"","fileTypesAndContributionMap":{"functional-code":{"insertions":4,"deletions":1}}},{"hash":"0d411d08d2833d7636ed8196bdcefb9767329967","messageTitle":"Create appointment book builder","messageBody":"","fileTypesAndContributionMap":{"test-code":{"insertions":34,"deletions":0}}},{"hash":"b249241ebd933c6276876806ab734e3c7888b5b1","messageTitle":"Add tests for model sorting methods","messageBody":"","fileTypesAndContributionMap":{"test-code":{"insertions":181,"deletions":1}}},{"hash":"d77a793f05372fc4c2b8133e321a5260aed7a877","messageTitle":"Edit tests for model sorting methods","messageBody":"","fileTypesAndContributionMap":{"test-code":{"insertions":7,"deletions":10}}},{"hash":"106d4a63cb771b3d1e0aa46f0045546cd897557c","messageTitle":"Validate comparator before setting in address book settings","messageBody":"","fileTypesAndContributionMap":{"functional-code":{"insertions":17,"deletions":1}}},{"hash":"b2444b90b6d903514075017269bf8f6247176885","messageTitle":"Add address book settings tests","messageBody":"","fileTypesAndContributionMap":{"test-code":{"insertions":83,"deletions":0}}},{"hash":"05034854251f2e395855cbc1abb456b19bce505d","messageTitle":"Add address book settings related tests to model manager tests","messageBody":"","fileTypesAndContributionMap":{"test-code":{"insertions":14,"deletions":0}}},{"hash":"abee204e85db74b38634df4983af4c37f976fa52","messageTitle":"Fix edit command test to match new model","messageBody":"","fileTypesAndContributionMap":{"test-code":{"insertions":2,"deletions":0}}},{"hash":"9ecf4c5efa500b5ee092b1e625392f42fac84194","messageTitle":"Fix style","messageBody":"","fileTypesAndContributionMap":{"test-code":{"insertions":5,"deletions":8}}},{"hash":"23f0fa982356f2e580c65bbee468c78e071c1bbc","messageTitle":"Update sort UG with updated behaviour","messageBody":"","fileTypesAndContributionMap":{"docs":{"insertions":10,"deletions":0}}},{"hash":"550b315c5dc100308356116327c84b607572e311","messageTitle":"Separate ParentPalStorage interface into AddressBookStorage and AppointmentBookStorage interfaces","messageBody":"","fileTypesAndContributionMap":{"functional-code":{"insertions":48,"deletions":114}}},{"hash":"8e18c1e22fb494ccbe6cd03ff8dbd702bcbe1f04","messageTitle":"Separate ParentPalStorage interface into AddressBookStorage and AppointmentBookStorage interfaces","messageBody":"","fileTypesAndContributionMap":{"other":{"insertions":2,"deletions":39}}},{"hash":"fdd9b0d7f48b4ef56d9451b13d9d7805c0197292","messageTitle":"Fix showing full list after editing","messageBody":"","fileTypesAndContributionMap":{"functional-code":{"insertions":2,"deletions":4}}},{"hash":"016757cc7cbf1867430a6de7b83dba4e8acbf428","messageTitle":"Fix edit command test to match new behaviour","messageBody":"","fileTypesAndContributionMap":{"test-code":{"insertions":10,"deletions":1}}},{"hash":"bd824b924f196612b35fc30fc02bc08d4a8dcdbd","messageTitle":"Make corrections to user guide regarding sort command","messageBody":"","fileTypesAndContributionMap":{"docs":{"insertions":5,"deletions":4}}}]},{"date":"2021-04-08","commitResults":[{"hash":"09f98cee0799e51ced1830fca3afd21475556654","messageTitle":"Draft PPP","messageBody":"","fileTypesAndContributionMap":{"docs":{"insertions":30,"deletions":5}}}]},{"date":"2021-04-09","commitResults":[{"hash":"5390b2c65ca86988cf07de746f79177edaf3066f","messageTitle":"Update DG appointment storage class diagram","messageBody":"","fileTypesAndContributionMap":{"docs":{"insertions":16,"deletions":13}}},{"hash":"33391bb5faf0c8162fc5434ebcac5d5651274914","messageTitle":"Make minor edits to appointment implementation section","messageBody":"","fileTypesAndContributionMap":{"docs":{"insertions":6,"deletions":6}}},{"hash":"1cb566f7990f66c6f4cccd21b2f785eb011a5c7a","messageTitle":"Update UG copy with find and findAppt info","messageBody":"","fileTypesAndContributionMap":{"functional-code":{"insertions":39,"deletions":22}}},{"hash":"2321c1f83ca6cfdb6f62fc521e5aeb2903e614f4","messageTitle":"Update UG for help and addAppt","messageBody":"","fileTypesAndContributionMap":{"functional-code":{"insertions":19,"deletions":11},"docs":{"insertions":10,"deletions":2}}},{"hash":"f69be17eccb1f82026b1af10693a34f63fd5fcb5","messageTitle":"Edit features notes box to fit new behaviour of ParentPal","messageBody":"","fileTypesAndContributionMap":{"docs":{"insertions":2,"deletions":2}}},{"hash":"c52c21b09de0e6939a7fcc60585eeed3f042be95","messageTitle":"Fix help command parser to accept multiple specified commands, but only take the last one","messageBody":"","fileTypesAndContributionMap":{"functional-code":{"insertions":3,"deletions":34},"docs":{"insertions":3,"deletions":2},"test-code":{"insertions":7,"deletions":13}}},{"hash":"05c384d7c809ce8fa40476b158475c94f87245d5","messageTitle":"Change appointment proposed implementation to implementation","messageBody":"","fileTypesAndContributionMap":{"docs":{"insertions":1,"deletions":1}}},{"hash":"6a688977b697029ef4a9f8590e5c86603c7925d9","messageTitle":"Minor changes to UG help section","messageBody":"","fileTypesAndContributionMap":{"functional-code":{"insertions":2,"deletions":2},"docs":{"insertions":2,"deletions":2}}},{"hash":"d0c0f42722d7a407e75037f93b8dd9efe86a04b7","messageTitle":"Update UG copy","messageBody":"","fileTypesAndContributionMap":{"functional-code":{"insertions":67,"deletions":50}}}]},{"date":"2021-04-11","commitResults":[{"hash":"bee16a047c2d05f4428628dd5f6bc176c99e9aef","messageTitle":"Update UG copy","messageBody":"","fileTypesAndContributionMap":{"functional-code":{"insertions":60,"deletions":43}}},{"hash":"4bf3ca4f5f97459de0f27ac590e94271cdf874e7","messageTitle":"Make help window scrollable and format light theme url button","messageBody":"","fileTypesAndContributionMap":{"functional-code":{"insertions":104,"deletions":10}}},{"hash":"c24211f619f88d9b9e6dedd1651a31a0c8bfc875","messageTitle":"Format UG copy to remove \u003ccode\u003e and \u003cbr\u003e tags","messageBody":"","fileTypesAndContributionMap":{"functional-code":{"insertions":3,"deletions":3}}},{"hash":"d9443e30f35ed7e291e462fc2ba3ff40c5a168de","messageTitle":"Make help command throw command exception if UG copy is not found","messageBody":"","fileTypesAndContributionMap":{"functional-code":{"insertions":6,"deletions":7}}},{"hash":"6fa9ff94edd78a67448a2b5392fe3e916d04b32f","messageTitle":"Add newline at EOF for help window CSS files","messageBody":"","fileTypesAndContributionMap":{"functional-code":{"insertions":2,"deletions":2}}},{"hash":"061b62d8b3984928efdb2690cdc0a71e4236268f","messageTitle":"Update DG","messageBody":"","fileTypesAndContributionMap":{"docs":{"insertions":41,"deletions":25}}}]}],"mechastriker3":[{"date":"2021-03-02","commitResults":[{"hash":"dca1e1ef85128e4718c9df28330c8b38e6d48154","messageTitle":"Edit AboutUs.md","messageBody":"","fileTypesAndContributionMap":{"docs":{"insertions":34,"deletions":31}}},{"hash":"4789110ca1950cf075106eca0ddddd82b48d61dd","messageTitle":"Edit AboutUs.md","messageBody":"","fileTypesAndContributionMap":{"docs":{"insertions":1,"deletions":1}}},{"hash":"aa4d8af1968de10d1d68a8bb9c367eebf8103a4d","messageTitle":"Revert \"Update AboutUs.md\"","messageBody":"","fileTypesAndContributionMap":{"docs":{"insertions":31,"deletions":34}}},{"hash":"dc5531347d698fc5939d4f8a4fa153c555c01865","messageTitle":"Edit AboutUs.md","messageBody":"","fileTypesAndContributionMap":{"docs":{"insertions":0,"deletions":1}}},{"hash":"fcf691af5c17b9a4b275feefc423f707606120d4","messageTitle":"Edit AboutUs.md","messageBody":"","fileTypesAndContributionMap":{"docs":{"insertions":230,"deletions":0}}}]},{"date":"2021-03-17","commitResults":[{"hash":"4baa2cdeaa6f42442dc34b6c0b9b6a01ef6f30ee","messageTitle":"Add adding of incomplete contacts","messageBody":"","fileTypesAndContributionMap":{"functional-code":{"insertions":47,"deletions":5}}},{"hash":"c99a2c60d6cdf879e5176f2f82f95784898458d8","messageTitle":"Fix checkstyle","messageBody":"","fileTypesAndContributionMap":{"functional-code":{"insertions":1,"deletions":1}}},{"hash":"c055ff1543d61410ed5310d457d691e72402112b","messageTitle":"Fix checkstyle","messageBody":"","fileTypesAndContributionMap":{"functional-code":{"insertions":1,"deletions":1}}},{"hash":"10d769f0ecd8c58c07aa1ee5b115c2d60f513a00","messageTitle":"Fix parse_compulsoryFieldMissing_failure","messageBody":"","fileTypesAndContributionMap":{"test-code":{"insertions":11,"deletions":11}}}]},{"date":"2021-03-25","commitResults":[{"hash":"bb6c04e3b9c36e8ea1f3ddaef0252c63619d644b","messageTitle":"Update DeveloperGuide.md for adding incomplete contacts.","messageBody":"","fileTypesAndContributionMap":{"docs":{"insertions":29,"deletions":0}}}]},{"date":"2021-03-29","commitResults":[{"hash":"bfdf60e42cbd426d87dcf15914520685b3e1a350","messageTitle":"Add find contacts by tags","messageBody":"","fileTypesAndContributionMap":{"functional-code":{"insertions":149,"deletions":12}}},{"hash":"78ee836248181d6f72c0f570bf8146c83b4c5dcc","messageTitle":"add delete multiple contacts at once","messageBody":"","fileTypesAndContributionMap":{"functional-code":{"insertions":50,"deletions":13},"test-code":{"insertions":26,"deletions":11}}},{"hash":"dbe58c404db7d70422bbe48d8c52949aa1035e71","messageTitle":"fix index shifting issue with multiple delete","messageBody":"","fileTypesAndContributionMap":{"functional-code":{"insertions":16,"deletions":5}}},{"hash":"ec4a39ebbcd76f294ae668540614e877421a4300","messageTitle":"fix confirmation message","messageBody":"","fileTypesAndContributionMap":{"functional-code":{"insertions":5,"deletions":7}}},{"hash":"d651448bcca2d41a25419b513ee7a86e9207c88e","messageTitle":"Fix checkstyle","messageBody":"","fileTypesAndContributionMap":{"other":{"insertions":12,"deletions":12},"test-code":{"insertions":8,"deletions":8}}},{"hash":"a76e7ef632769f718c35cc083abd041fbdda8ae0","messageTitle":"Fix checkstyle","messageBody":"","fileTypesAndContributionMap":{"other":{"insertions":2,"deletions":2}}},{"hash":"1f2ca679a4346d46e2279eff3f4fc7247bfa9ffe","messageTitle":"fix checkstyle.xml suppressions.xml","messageBody":"","fileTypesAndContributionMap":{"functional-code":{"insertions":1,"deletions":1},"other":{"insertions":4,"deletions":4}}}]},{"date":"2021-03-30","commitResults":[{"hash":"5854e1e099587307b51e03159a7026c8b926c86d","messageTitle":"Add find Appointment by name","messageBody":"","fileTypesAndContributionMap":{"functional-code":{"insertions":195,"deletions":23}}},{"hash":"c23f32fbb9dd0f87dd42f6f5700dabaa65628bc9","messageTitle":"fix checkstyle","messageBody":"","fileTypesAndContributionMap":{"functional-code":{"insertions":7,"deletions":11}}},{"hash":"fb9a08509a6158becd7c23d8360d57a236436a36","messageTitle":"Update find Appointment by name","messageBody":"","fileTypesAndContributionMap":{"functional-code":{"insertions":30,"deletions":15}}},{"hash":"748277a227c4b53ed9b65b70d73e194292237712","messageTitle":"Remove n/ as a parameter for find appt by name FindAppointmentCommandParser","messageBody":"","fileTypesAndContributionMap":{"functional-code":{"insertions":2,"deletions":10}}},{"hash":"a0b04a3cd89aacadb1a0e5d85ab096c1dfa07935","messageTitle":"Remove unused import","messageBody":"","fileTypesAndContributionMap":{"functional-code":{"insertions":0,"deletions":1}}},{"hash":"22a5fb1b2ba0c53cd75a911bbc7dca57615b9c06","messageTitle":"Add find by address","messageBody":"","fileTypesAndContributionMap":{"functional-code":{"insertions":72,"deletions":2}}},{"hash":"04643c6bff7c53d945c8adbe4532ba51c5298643","messageTitle":"Refactor appt predicate classes to extend from one class","messageBody":"","fileTypesAndContributionMap":{"functional-code":{"insertions":47,"deletions":34}}},{"hash":"38e17fbf566c2a250047d1cc8b2f48a81367418b","messageTitle":"Add find by date","messageBody":"","fileTypesAndContributionMap":{"functional-code":{"insertions":2,"deletions":2}}},{"hash":"60c168dab3931a4991dbab9ca704c1fa00e1bf1f","messageTitle":"Add find by match any fields","messageBody":"","fileTypesAndContributionMap":{"functional-code":{"insertions":10,"deletions":14}}},{"hash":"f018ba87c662519d3c11055fdb41397057881f6a","messageTitle":"Add find by match any fields","messageBody":"","fileTypesAndContributionMap":{"functional-code":{"insertions":2,"deletions":1}}},{"hash":"06d9f7e21ed54e8f6471876e3eab23be4285a272","messageTitle":"Add find by contacts","messageBody":"","fileTypesAndContributionMap":{"functional-code":{"insertions":34,"deletions":1}}},{"hash":"d76aff8a77842ab8332f950530419db0b8aad8ae","messageTitle":"Fix find by contacts","messageBody":"","fileTypesAndContributionMap":{"functional-code":{"insertions":11,"deletions":5}}},{"hash":"e0f6969924b38790542ad4fc89fb10244f6f0d97","messageTitle":"Fix checkstyle","messageBody":"","fileTypesAndContributionMap":{"functional-code":{"insertions":5,"deletions":6}}}]},{"date":"2021-03-31","commitResults":[{"hash":"958a01a3684d5aa95578fd8a41d5e1998527ae12","messageTitle":"Change to open URL instead of copy to clipboard in HelpWindow.java","messageBody":"","fileTypesAndContributionMap":{"functional-code":{"insertions":17,"deletions":2}}},{"hash":"14d0292513bae96725f1bd09eeeb7d21d09da37e","messageTitle":"Fix Checkstyle","messageBody":"","fileTypesAndContributionMap":{"functional-code":{"insertions":2,"deletions":2}}},{"hash":"f5ba99965b74868b92df25536630804c2babfa95","messageTitle":"Change to use String instead of a Option class in Find and FindAppt","messageBody":"","fileTypesAndContributionMap":{"functional-code":{"insertions":13,"deletions":53}}},{"hash":"5bbe73d0d36ad76fb748db9b15e2357b10d05a30","messageTitle":"Change Person equals to be by tag and name only","messageBody":"","fileTypesAndContributionMap":{"functional-code":{"insertions":1,"deletions":5}}},{"hash":"5adcadaa9a604cf09524b2716bc515a27eddae68","messageTitle":"update test cases for Person","messageBody":"","fileTypesAndContributionMap":{"functional-code":{"insertions":2,"deletions":1},"test-code":{"insertions":20,"deletions":6}}},{"hash":"70b45182d7e1e8d3cc417c05385bace0061f827d","messageTitle":"update test cases for Person","messageBody":"","fileTypesAndContributionMap":{"functional-code":{"insertions":7,"deletions":2},"test-code":{"insertions":18,"deletions":5}}},{"hash":"a45ce4848752b91fc9b065012184ee674fe4481b","messageTitle":"Add test cases for Person TagMatch predicate","messageBody":"","fileTypesAndContributionMap":{"test-code":{"insertions":87,"deletions":1}}},{"hash":"a8d5e9b19f3e083065c82c8a57d1481d48f36621","messageTitle":"Add find by address","messageBody":"","fileTypesAndContributionMap":{"functional-code":{"insertions":94,"deletions":20}}},{"hash":"4dbb30acaaf86d1de93d971542fc34117e4e89fe","messageTitle":"Add find contacts by phone, email, any","messageBody":"","fileTypesAndContributionMap":{"functional-code":{"insertions":88,"deletions":28}}},{"hash":"5e5a3807ba03aad98a0e4e9d9e13bb48f0387828","messageTitle":"Edit usage message","messageBody":"","fileTypesAndContributionMap":{"functional-code":{"insertions":21,"deletions":22}}},{"hash":"de1d4013f1b013fd7ec0f2840ecdef1ab556b215","messageTitle":"fix test cases for find","messageBody":"","fileTypesAndContributionMap":{"functional-code":{"insertions":9,"deletions":8},"test-code":{"insertions":4,"deletions":2}}},{"hash":"5d02284f2bdf5c25469cb065c40d22fcb752ab6c","messageTitle":"Fix checkstyle","messageBody":"","fileTypesAndContributionMap":{"test-code":{"insertions":0,"deletions":2}}}]},{"date":"2021-04-01","commitResults":[{"hash":"a58e7aa1353100879459d42b1a44e201c0430a5e","messageTitle":"Fix find by tag","messageBody":"","fileTypesAndContributionMap":{"functional-code":{"insertions":1,"deletions":1}}},{"hash":"56054f0075222c564256f2f62ed91ea24030fdc4","messageTitle":"Fix find by tag","messageBody":"","fileTypesAndContributionMap":{"functional-code":{"insertions":16,"deletions":13},"test-code":{"insertions":1,"deletions":1}}},{"hash":"765f84ac4b443234a56cacabdd01aca74e83b03a","messageTitle":"Refactor predicates into predicate package","messageBody":"","fileTypesAndContributionMap":{"functional-code":{"insertions":20,"deletions":16},"other":{"insertions":29,"deletions":13},"test-code":{"insertions":7,"deletions":5}}}]},{"date":"2021-04-02","commitResults":[{"hash":"52863a859c2765d1f6375e3fe1c26aa529d39faf","messageTitle":"Add find appointment by child","messageBody":"","fileTypesAndContributionMap":{"functional-code":{"insertions":62,"deletions":5}}},{"hash":"c63de9d9f9eac799bed7d78bd93870bd7a4d83bf","messageTitle":"Fix checkstyle","messageBody":"","fileTypesAndContributionMap":{"functional-code":{"insertions":13,"deletions":16},"test-code":{"insertions":2,"deletions":2}}},{"hash":"0dbe17358d43647e2b6967795be574526b829fee","messageTitle":"Fix checkstyle","messageBody":"","fileTypesAndContributionMap":{"functional-code":{"insertions":0,"deletions":1}}},{"hash":"f8b14aa6cdb99ab129773d6dafb73e8bae88a42f","messageTitle":"Update UserGuide.md for find and findAppt","messageBody":"","fileTypesAndContributionMap":{"functional-code":{"insertions":1,"deletions":1},"docs":{"insertions":43,"deletions":16}}},{"hash":"7f0775d096dcf4640f417468140fc4bc98e2f0a0","messageTitle":"Update Docs from HeliBook to ParentPal","messageBody":"","fileTypesAndContributionMap":{"functional-code":{"insertions":2,"deletions":2},"docs":{"insertions":4,"deletions":4}}},{"hash":"3185ad048b3e9f91755e5059710eccecf29b6f3f","messageTitle":"Update README.md","messageBody":"","fileTypesAndContributionMap":{"docs":{"insertions":2,"deletions":1}}}]},{"date":"2021-04-03","commitResults":[{"hash":"49935e70869ca393811a1b452477755a867fa348","messageTitle":"Fix find by tag","messageBody":"","fileTypesAndContributionMap":{"functional-code":{"insertions":12,"deletions":12},"test-code":{"insertions":2,"deletions":0}}}]},{"date":"2021-04-09","commitResults":[{"hash":"89c06b8b8e05a4f0817788069d3a4ab5560f72e6","messageTitle":"Handle find and findappt option exceptions","messageBody":"","fileTypesAndContributionMap":{"functional-code":{"insertions":133,"deletions":12}}},{"hash":"f57def641b4d290b73c65d890c34201c19a090f0","messageTitle":"Edit find and findAppt help message","messageBody":"","fileTypesAndContributionMap":{"functional-code":{"insertions":19,"deletions":4}}},{"hash":"c1ca34524abf22e14290610669f81339d461b436","messageTitle":"Fix checkstyle","messageBody":"","fileTypesAndContributionMap":{"functional-code":{"insertions":2,"deletions":1}}},{"hash":"5c7c929f0feb0988a9cffcefaf05f74f764252b2","messageTitle":"Fix checkstyle","messageBody":"","fileTypesAndContributionMap":{"functional-code":{"insertions":2,"deletions":2}}},{"hash":"970650ae26d35e34114f8619c25f9d14b0cf96fc","messageTitle":"Fix checkstyle","messageBody":"","fileTypesAndContributionMap":{"functional-code":{"insertions":1,"deletions":1}}},{"hash":"94e7d4af44400bb6107f4b10f760a5a6bf22b16f","messageTitle":"Fix checkstyle","messageBody":"","fileTypesAndContributionMap":{"functional-code":{"insertions":14,"deletions":8}}},{"hash":"194c127af9f9b44e5ab468aa243ed49db580b723","messageTitle":"Fix error message","messageBody":"","fileTypesAndContributionMap":{"functional-code":{"insertions":2,"deletions":2}}},{"hash":"3a83b6863eac9da657fa824479837fedb5ae869a","messageTitle":"Edit UG find screenshot","messageBody":"","fileTypesAndContributionMap":{"functional-code":{"insertions":1,"deletions":1},"docs":{"insertions":3,"deletions":2}}},{"hash":"e32e0af19585cfab724ad82cd4a5607dd44c7525","messageTitle":"Add example for findAppt and find","messageBody":"","fileTypesAndContributionMap":{"docs":{"insertions":3,"deletions":3}}},{"hash":"fbd05343d26d835012015a48bcc0534b05d23a7e","messageTitle":"Add testcode for FindAppointmentCommand","messageBody":"","fileTypesAndContributionMap":{"functional-code":{"insertions":7,"deletions":0},"test-code":{"insertions":190,"deletions":1}}}]},{"date":"2021-04-10","commitResults":[{"hash":"47c111a9ad56c0693d8d2695d8f64ae9dafb6dbf","messageTitle":"Edit testcases","messageBody":"","fileTypesAndContributionMap":{"functional-code":{"insertions":2,"deletions":2},"test-code":{"insertions":128,"deletions":17}}},{"hash":"89161a3cb9be397fa20234f16e6c185f964257c3","messageTitle":"fix exceptions","messageBody":"","fileTypesAndContributionMap":{"functional-code":{"insertions":12,"deletions":0},"test-code":{"insertions":14,"deletions":13}}},{"hash":"40d96c0ad60a6fb5728fa66d2d466105869cfab7","messageTitle":"add testcase for findAppt","messageBody":"","fileTypesAndContributionMap":{"test-code":{"insertions":3,"deletions":0}}},{"hash":"b880feed53631aad78c5572068776b8365e7c8bf","messageTitle":"add testcase for find","messageBody":"","fileTypesAndContributionMap":{"functional-code":{"insertions":5,"deletions":8},"test-code":{"insertions":119,"deletions":8}}},{"hash":"bfc16aeee39110031b7763b02745a21deb484999","messageTitle":"edit testcases","messageBody":"","fileTypesAndContributionMap":{"functional-code":{"insertions":11,"deletions":4},"test-code":{"insertions":9,"deletions":1}}},{"hash":"aa280b0630d1b94456432b0739bb7457b9205037","messageTitle":"Add initial PPP draft","messageBody":"","fileTypesAndContributionMap":{"docs":{"insertions":15,"deletions":7}}}]}],"Stratostorm":[{"date":"2021-03-01","commitResults":[{"hash":"2737689e413fc96a0437c407ad69cde0304135ad","messageTitle":"Update UserGuide to inclue proposed changes to be implemented","messageBody":"","fileTypesAndContributionMap":{"docs":{"insertions":50,"deletions":6}}}]},{"date":"2021-03-03","commitResults":[{"hash":"f29ad6b11daa6c5ed93329b948ebffc8db0e9494","messageTitle":"Replace references to AB3 with HeliBook","messageBody":"","fileTypesAndContributionMap":{"docs":{"insertions":6,"deletions":6}}}]},{"date":"2021-03-08","commitResults":[{"hash":"e15a609a9459d29b9909c009cf91f9053960f3d8","messageTitle":"Replace instances of AB3 with HeliBook in the index page, add acknowledgement to original AB3","messageBody":"","fileTypesAndContributionMap":{"docs":{"insertions":6,"deletions":5}}},{"hash":"1fcb2d291f5662c36a8e45ad1647ec2e08baee93","messageTitle":"Fix minor formatting error on index","messageBody":"","fileTypesAndContributionMap":{"docs":{"insertions":1,"deletions":1}}}]},{"date":"2021-03-10","commitResults":[{"hash":"c02a5b28d1dcc15964da47eea3d33ed86c20eba4","messageTitle":"Add TagCommand class","messageBody":"","fileTypesAndContributionMap":{"functional-code":{"insertions":63,"deletions":0}}},{"hash":"7c2b04913ad02f0799bf2f4c48a5e9d60235267b","messageTitle":"Fix link to new releases in UserGuide, replace name of archive for new builds with \u0027helibook.jar\u0027","messageBody":"","fileTypesAndContributionMap":{"other":{"insertions":1,"deletions":1},"docs":{"insertions":1,"deletions":1}}}]},{"date":"2021-03-11","commitResults":[{"hash":"c030b4f86d04c16e6b004ee0ccd1df381830166f","messageTitle":"Implement working basic Tag command","messageBody":"","fileTypesAndContributionMap":{"functional-code":{"insertions":58,"deletions":11}}},{"hash":"a9c9cd96bd0e65557c1ea53bd3f946d464675a10","messageTitle":"Optimise imports","messageBody":"","fileTypesAndContributionMap":{"functional-code":{"insertions":0,"deletions":4}}},{"hash":"eaad8dddedad4e21e591fdadb83a7bb8c757fcc9","messageTitle":"Fix formatting issues","messageBody":"","fileTypesAndContributionMap":{"functional-code":{"insertions":9,"deletions":3}}},{"hash":"14354ac8d73be1e7de7761dae7efcf5d41e2f876","messageTitle":"Add javadoc comments","messageBody":"","fileTypesAndContributionMap":{"functional-code":{"insertions":12,"deletions":2}}}]},{"date":"2021-03-13","commitResults":[{"hash":"756575e17d69ba117ef0092902a1adf65b87e21d","messageTitle":"Add basic test","messageBody":"","fileTypesAndContributionMap":{"test-code":{"insertions":40,"deletions":0}}}]},{"date":"2021-03-15","commitResults":[{"hash":"fd81b2c43b2c6498d6f2dce60849e97ae01a32c9","messageTitle":"Add option to replace to TagCommand","messageBody":"","fileTypesAndContributionMap":{"functional-code":{"insertions":63,"deletions":9},"docs":{"insertions":4,"deletions":4},"test-code":{"insertions":0,"deletions":1}}},{"hash":"04a60eb3a590e0bd4d85f86b2c3d73df1b6103cd","messageTitle":"Fix minor formatting issue","messageBody":"","fileTypesAndContributionMap":{"functional-code":{"insertions":1,"deletions":1}}}]},{"date":"2021-03-17","commitResults":[{"hash":"6fcda8cbad9a52157b0a53dc75afe03a0daba9eb","messageTitle":"Fix bug with tag replacing regardless of option","messageBody":"","fileTypesAndContributionMap":{"functional-code":{"insertions":1,"deletions":1}}},{"hash":"67ad76040172b9117e9379130d523e3f673e844b","messageTitle":"Add test for replacing tag","messageBody":"","fileTypesAndContributionMap":{"test-code":{"insertions":16,"deletions":0}}}]},{"date":"2021-03-22","commitResults":[{"hash":"5456865f129fb7db843aebae9d414a7b7164aece","messageTitle":"Make the \u0027option\u0027 more clear, remove [coming soon] from implemented features","messageBody":"","fileTypesAndContributionMap":{"docs":{"insertions":12,"deletions":12}}}]},{"date":"2021-03-23","commitResults":[{"hash":"13dfc36903227abbf77e6290fea4223841544ef2","messageTitle":"Add exit to command summary","messageBody":"","fileTypesAndContributionMap":{"docs":{"insertions":1,"deletions":0}}},{"hash":"c3bd3763b679470a3b2058a92ea822499c6bd17f","messageTitle":"Add instructions to exporting and importing","messageBody":"","fileTypesAndContributionMap":{"docs":{"insertions":10,"deletions":2}}},{"hash":"09d29742c4c00ebf972b9bbe5471e168cfe833a1","messageTitle":"Change introduction to mention appointment tracking","messageBody":"","fileTypesAndContributionMap":{"docs":{"insertions":1,"deletions":1}}},{"hash":"a105510e0f6edd1dfcb1483f030af6bd06f56693","messageTitle":"Add new type of Tag, ChildTag, allow add and edit to now accept new prefix ct/ to add or edit contacts with child tags. Change GUI to express child tags in different colors. Change storage to allow storing of ChildTag to data instead of reverting it to just a Tag when stored.","messageBody":"","fileTypesAndContributionMap":{"functional-code":{"insertions":131,"deletions":16}}},{"hash":"20128dd579666667a900cc87c83bf9fa81b4a725","messageTitle":"Change syntax of prefix to tc/ instead of ct/. Change some of the error messages to represent the new format inclusive of child tags.","messageBody":"","fileTypesAndContributionMap":{"functional-code":{"insertions":11,"deletions":3}}},{"hash":"0790fbc12706effd101606ab1a4b4077ab0fbc68","messageTitle":"Optimize imports","messageBody":"","fileTypesAndContributionMap":{"functional-code":{"insertions":0,"deletions":1}}},{"hash":"5982bbf0e1c1aad16edc14780356f6d638835448","messageTitle":"Update test json files to be inline with new storage format","messageBody":"","fileTypesAndContributionMap":{"test-code":{"insertions":20,"deletions":5}}},{"hash":"9dba3e0f4b19732e707d760c0b506e1a6c378210","messageTitle":"Fix style","messageBody":"","fileTypesAndContributionMap":{"test-code":{"insertions":2,"deletions":1}}}]},{"date":"2021-03-24","commitResults":[{"hash":"15e9846abdf8c8d6ac83fa3e11cca0b2100f0558","messageTitle":"Minor readability improvement","messageBody":"","fileTypesAndContributionMap":{"functional-code":{"insertions":7,"deletions":2}}},{"hash":"34b6c1a6750d11948dfb175870a5879f8281f39c","messageTitle":"Enable assertions","messageBody":"","fileTypesAndContributionMap":{"other":{"insertions":4,"deletions":0}}},{"hash":"712a3a911c252dd778b63c77174e822355a9a29b","messageTitle":"Fix typo in AboutUs, change image for Stratostorm","messageBody":"","fileTypesAndContributionMap":{"docs":{"insertions":1,"deletions":1}}},{"hash":"1ffad9bebfda2b277ce91a8d8d641aba6244cd77","messageTitle":"Add changes relating to ChildTags including a FAQ explaining the difference between them and regular Tags","messageBody":"","fileTypesAndContributionMap":{"docs":{"insertions":16,"deletions":19}}},{"hash":"c3748efa18a8c156477d9ebe6f495bd1d4124c76","messageTitle":"Add newline to EOF","messageBody":"","fileTypesAndContributionMap":{"docs":{"insertions":1,"deletions":1}}}]},{"date":"2021-03-25","commitResults":[{"hash":"1afea6de4ec68d6ff144277fc127a25b372969f4","messageTitle":"Update DG with first draft of details for the Tag command and the structure of tags","messageBody":"","fileTypesAndContributionMap":{"docs":{"insertions":55,"deletions":0}}},{"hash":"88b41c4c9b26f0ef88614a42584c6f5cdc2bc663","messageTitle":"Clear by tag functionality","messageBody":"","fileTypesAndContributionMap":{"functional-code":{"insertions":63,"deletions":4}}}]},{"date":"2021-03-27","commitResults":[{"hash":"f128c57c25c4f24445c61b917eedfde28a2c2853","messageTitle":"Update with new clear by tag function","messageBody":"","fileTypesAndContributionMap":{"docs":{"insertions":15,"deletions":4}}},{"hash":"4426214bf221bd2c17efbe172980836c7436536e","messageTitle":"Fix styling issues","messageBody":"","fileTypesAndContributionMap":{"functional-code":{"insertions":12,"deletions":7}}}]},{"date":"2021-03-28","commitResults":[{"hash":"4043712bdccbb81f08c917c388d1da89faa58241","messageTitle":"Fix typo, make ClearCommand#execute more readable","messageBody":"","fileTypesAndContributionMap":{"functional-code":{"insertions":4,"deletions":2}}},{"hash":"d5545082d0fbc32fa3b46fb7547fd3c73a792171","messageTitle":"Prepare UI to accept tags","messageBody":"","fileTypesAndContributionMap":{"functional-code":{"insertions":82,"deletions":51}}}]},{"date":"2021-03-29","commitResults":[{"hash":"38ad764fc5745a02e92435153e08ff9a349f4ca6","messageTitle":"Initial setup for tag implementation to appointments","messageBody":"","fileTypesAndContributionMap":{"functional-code":{"insertions":18,"deletions":7}}},{"hash":"bc35a395855f7a9aca7430a7fb5d0fc89accc1cf","messageTitle":"Allow adding of child tags to appointments via addAppt","messageBody":"","fileTypesAndContributionMap":{"functional-code":{"insertions":33,"deletions":13}}},{"hash":"419dbdce3164df560b49ff3ad4c40d11456dca88","messageTitle":"Fix style issues","messageBody":"","fileTypesAndContributionMap":{"functional-code":{"insertions":15,"deletions":11}}},{"hash":"66edff139da4a3f5a606a5f56e734a15102e3840","messageTitle":"Make comments in UiUtil clearer","messageBody":"","fileTypesAndContributionMap":{"functional-code":{"insertions":3,"deletions":3}}},{"hash":"c98a7e70ccb969f44a44baca4a4b3298f1f205c5","messageTitle":"Implement EditAppt","messageBody":"","fileTypesAndContributionMap":{"functional-code":{"insertions":365,"deletions":0}}},{"hash":"3da192835f6aa030d34fbf49c83317225749fa01","messageTitle":"Fix bug in testutil","messageBody":"","fileTypesAndContributionMap":{"test-code":{"insertions":5,"deletions":1}}}]},{"date":"2021-03-30","commitResults":[{"hash":"73371bf0ca2361986ac59929d5e8db6a908794c2","messageTitle":"Update UserGuide.md","messageBody":"Fix a typo in the introduction","fileTypesAndContributionMap":{"docs":{"insertions":1,"deletions":1}}},{"hash":"adf5841f8a2a05015bf814367042f567c1a80434","messageTitle":"Fix checkstyle errors","messageBody":"","fileTypesAndContributionMap":{"functional-code":{"insertions":0,"deletions":1}}}]},{"date":"2021-03-31","commitResults":[{"hash":"247bc0fd2016088e5181fcfb166af5d1c6cbcab1","messageTitle":"Implement listAppt","messageBody":"","fileTypesAndContributionMap":{"functional-code":{"insertions":30,"deletions":0}}},{"hash":"f057128ac4f175409f6e8e7493acbbe5822dffa1","messageTitle":"Update UserGuide","messageBody":"","fileTypesAndContributionMap":{"docs":{"insertions":80,"deletions":44}}},{"hash":"b3b5b9c8ef70f1db39127d4ab47166df25034832","messageTitle":"Fix critical bug with constant names","messageBody":"","fileTypesAndContributionMap":{"functional-code":{"insertions":2,"deletions":2}}}]},{"date":"2021-04-01","commitResults":[{"hash":"5688310558e5026a42a56728aea708401bdb4e95","messageTitle":"Change messages to refer to contacts rather than persons","messageBody":"","fileTypesAndContributionMap":{"functional-code":{"insertions":19,"deletions":19}}},{"hash":"83ef029c3849eea4aa8efa320b075cc07a02e404","messageTitle":"Change all references of HeliBook with ParentPal","messageBody":"","fileTypesAndContributionMap":{"functional-code":{"insertions":9,"deletions":9},"other":{"insertions":5,"deletions":5},"docs":{"insertions":32,"deletions":32}}},{"hash":"23d1d50b43eace06689c27bd78c64f45d70e1bda","messageTitle":"Replace all references of Person to Contact","messageBody":"","fileTypesAndContributionMap":{"functional-code":{"insertions":641,"deletions":638},"other":{"insertions":256,"deletions":226},"docs":{"insertions":129,"deletions":129},"test-code":{"insertions":622,"deletions":595}}},{"hash":"ce8d79d7f1279315a4c2ec46c1c6750294eb6231","messageTitle":"Fix merge conflicts when stashing","messageBody":"","fileTypesAndContributionMap":{"functional-code":{"insertions":3,"deletions":3},"test-code":{"insertions":79,"deletions":134}}},{"hash":"f003a13a5687f946e011fa1beb3331604098c0fc","messageTitle":"Fix bug with UI themes","messageBody":"","fileTypesAndContributionMap":{"functional-code":{"insertions":10,"deletions":6}}},{"hash":"e078ec41e2940030c8f0e4339bbf8b0b05b5ff11","messageTitle":"Fix style issues","messageBody":"","fileTypesAndContributionMap":{"test-code":{"insertions":17,"deletions":12}}}]},{"date":"2021-04-05","commitResults":[{"hash":"a832e96f77547e13b2008627db2d68e76392590c","messageTitle":"Fix typos and issues in the UG","messageBody":"","fileTypesAndContributionMap":{"docs":{"insertions":19,"deletions":23}}},{"hash":"fb46853a6d48ba9eec53cfd2b9a9a46053a61a49","messageTitle":"Fix editAppt command summary","messageBody":"","fileTypesAndContributionMap":{"docs":{"insertions":1,"deletions":1}}},{"hash":"8c85a5a744a641dbdff769f1123736e609649e5e","messageTitle":"Fix inaccuracy in FAQ","messageBody":"","fileTypesAndContributionMap":{"docs":{"insertions":1,"deletions":1}}}]},{"date":"2021-04-06","commitResults":[{"hash":"42045f1abac0b374917110abb87246136aa7dca2","messageTitle":"Replace error messages in cases of invalid indexes to be consistent","messageBody":"","fileTypesAndContributionMap":{"functional-code":{"insertions":12,"deletions":22}}},{"hash":"bc4cf5cf1c8a61998ca7f212ff16ef9901b9bbf0","messageTitle":"Change clear command to now check for clash with existing appointment. Tags can now contain whitespaces.","messageBody":"","fileTypesAndContributionMap":{"functional-code":{"insertions":79,"deletions":25}}}]},{"date":"2021-04-07","commitResults":[{"hash":"4b28f1c93b44e06149feaa46ae9877d22f12f49b","messageTitle":"Fix several bugs with changes","messageBody":"","fileTypesAndContributionMap":{"functional-code":{"insertions":718,"deletions":6},"docs":{"insertions":53,"deletions":0},"test-code":{"insertions":33,"deletions":7}}},{"hash":"2365186743c5e52efa74535e2511c87a40be3d96","messageTitle":"Add newline to puml files","messageBody":"","fileTypesAndContributionMap":{"docs":{"insertions":4,"deletions":4}}},{"hash":"e8402a35e7065fc972ece6269fee46f54bdcf445","messageTitle":"Remove strange appearance of duplicate files","messageBody":"","fileTypesAndContributionMap":{"functional-code":{"insertions":0,"deletions":185}}},{"hash":"91ad033b6ce7aff754155bfd8712bbc431b40440","messageTitle":"Delete more mysteriously appearing files","messageBody":"","fileTypesAndContributionMap":{"functional-code":{"insertions":0,"deletions":321},"test-code":{"insertions":0,"deletions":25}}},{"hash":"5c827b67f9972252d4706c636d8371291d24e3cd","messageTitle":"Optimise ordering of tags","messageBody":"","fileTypesAndContributionMap":{"functional-code":{"insertions":2,"deletions":2}}}]},{"date":"2021-04-08","commitResults":[{"hash":"4c39e144de0072f14fb8601d5ce59a33cc069636","messageTitle":"Should now be able to add Tag and ChildTag with the same name","messageBody":"","fileTypesAndContributionMap":{"functional-code":{"insertions":2,"deletions":1}}}]},{"date":"2021-04-10","commitResults":[{"hash":"8500af7d0b6f6d225ffd5a8756c1f1b46a975356","messageTitle":"Fix some of the puml diagrams","messageBody":"","fileTypesAndContributionMap":{"docs":{"insertions":22,"deletions":17}}},{"hash":"36e4809be92564b40f9a3a46c8a9458a86f028dc","messageTitle":"Update DG to include introduction, update DG tag section with diagrams","messageBody":"","fileTypesAndContributionMap":{"docs":{"insertions":79,"deletions":8}}},{"hash":"ccab1a63709929c649dea6fde57f1d23c13ad927","messageTitle":"Add small introduction to Design section, remove data archiving section","messageBody":"","fileTypesAndContributionMap":{"docs":{"insertions":1,"deletions":7}}},{"hash":"71dad2452b598154e690f9f7b4b6633b8fe2d829","messageTitle":"Change option for tag from rt to replace","messageBody":"","fileTypesAndContributionMap":{"functional-code":{"insertions":3,"deletions":1},"docs":{"insertions":5,"deletions":3}}},{"hash":"7837e0f64d2aeee8e757b552cbfbf4fc31248f86","messageTitle":"Minor modification to UG introduction","messageBody":"","fileTypesAndContributionMap":{"docs":{"insertions":1,"deletions":1}}}]},{"date":"2021-04-11","commitResults":[{"hash":"4dd04e5d324f32fa659b8e028759b19e38c0ad8c","messageTitle":"Remove numbering from diagram","messageBody":"","fileTypesAndContributionMap":{"docs":{"insertions":0,"deletions":2}}},{"hash":"3f3b5b05b070dac996ebe3550b9cf043e7b55e9e","messageTitle":"Add more tests to EditAppointmentCommandParser, add basic tests to EditAppointmentCommand","messageBody":"","fileTypesAndContributionMap":{"functional-code":{"insertions":1,"deletions":1},"test-code":{"insertions":253,"deletions":0}}},{"hash":"3e12375bf3569f9a3eb4ba2f8074e09ee8d5bc07","messageTitle":"Fix styling","messageBody":"","fileTypesAndContributionMap":{"test-code":{"insertions":1,"deletions":0}}}]}],"edelinetenges":[{"date":"2021-03-02","commitResults":[{"hash":"63bf3f81892f12030d687fda30c7e6e94b2eb134","messageTitle":"Add user stories","messageBody":"","fileTypesAndContributionMap":{"docs":{"insertions":34,"deletions":0}}},{"hash":"da76cf1e5bd913553116ebeef1e18670887f0983","messageTitle":"Add target user profile and value proposition","messageBody":"","fileTypesAndContributionMap":{"docs":{"insertions":6,"deletions":3}}},{"hash":"155f20ec2773145477e8cc2587bbe7d969785bfb","messageTitle":"Add use cases","messageBody":"","fileTypesAndContributionMap":{"docs":{"insertions":55,"deletions":4}}},{"hash":"0f2acf3efde69968e7c705fcab33f3b060ce37ff","messageTitle":"Add labels to use cases","messageBody":"","fileTypesAndContributionMap":{"docs":{"insertions":3,"deletions":3}}}]},{"date":"2021-03-16","commitResults":[{"hash":"ca2d8bca66be0be676470f7de27ffa8e1ce15f0d","messageTitle":"Sort alphabetically","messageBody":"","fileTypesAndContributionMap":{"functional-code":{"insertions":54,"deletions":11}}}]},{"date":"2021-03-18","commitResults":[{"hash":"3164a4ad2241e11134b9ffbe7f144af1c9413931","messageTitle":"Edit style","messageBody":"","fileTypesAndContributionMap":{"functional-code":{"insertions":6,"deletions":7},"test-code":{"insertions":6,"deletions":0}}}]},{"date":"2021-03-21","commitResults":[{"hash":"d6b3934ef57b0c7c81dce613312c5ccca4fe860f","messageTitle":"Parse sort arguments for name and date","messageBody":"","fileTypesAndContributionMap":{"functional-code":{"insertions":56,"deletions":8}}},{"hash":"b38063f5f3a1a9aeb0bc8beed740561a3af1b61f","messageTitle":"Update sort messages","messageBody":"","fileTypesAndContributionMap":{"functional-code":{"insertions":5,"deletions":2}}},{"hash":"eed90fb264ac5bb29bc52ec814654e80eb674d5a","messageTitle":"Add TimeAdded to Person, implement sort date","messageBody":"","fileTypesAndContributionMap":{"functional-code":{"insertions":98,"deletions":24},"test-code":{"insertions":29,"deletions":10}}},{"hash":"baf5d26e6cc0b5416960b18aeb8dcd7692ed0ee3","messageTitle":"Update tests to include time added","messageBody":"","fileTypesAndContributionMap":{"test-code":{"insertions":38,"deletions":16}}}]},{"date":"2021-03-23","commitResults":[{"hash":"cbf838a820eab934d971a8fa6e7c5029bf94c958","messageTitle":"Sort using options","messageBody":"","fileTypesAndContributionMap":{"functional-code":{"insertions":32,"deletions":17},"docs":{"insertions":6,"deletions":6}}},{"hash":"413295ad88125189b3a129c7fd0e7fb7ac55ea12","messageTitle":"Improve style","messageBody":"","fileTypesAndContributionMap":{"functional-code":{"insertions":3,"deletions":3}}},{"hash":"bb8c894e16cc75031d004eb866cfe405ec2dcd04","messageTitle":"Fix minor naming","messageBody":"","fileTypesAndContributionMap":{"functional-code":{"insertions":5,"deletions":7}}},{"hash":"c73f51825322a8e4b916af639fb8a4b7e3c13c39","messageTitle":"Add sort command description to Developer Guide","messageBody":"","fileTypesAndContributionMap":{"docs":{"insertions":21,"deletions":0}}},{"hash":"550ae4aaa82e0b22c8be1607f2f7f405581cdc1a","messageTitle":"Add some steps to sort command in Developer Guide","messageBody":"","fileTypesAndContributionMap":{"docs":{"insertions":9,"deletions":0}}}]},{"date":"2021-03-24","commitResults":[{"hash":"4dd19a2c5898fae0d7ccaa5b2db31f10b39dd83a","messageTitle":"Add sequence diagram for sort","messageBody":"","fileTypesAndContributionMap":{"docs":{"insertions":56,"deletions":1}}},{"hash":"9ed5ccddfe0e9e9018aa67d3423e50d4f9b23b4f","messageTitle":"Edit style","messageBody":"","fileTypesAndContributionMap":{"docs":{"insertions":4,"deletions":4}}},{"hash":"ab06eab2c913e89579e1c35a9f0335a337c6f737","messageTitle":"Fix constructor notation in sort sequence diagram","messageBody":"","fileTypesAndContributionMap":{"docs":{"insertions":3,"deletions":2}}}]},{"date":"2021-03-25","commitResults":[{"hash":"09b37ee6f9a283013d63e2ea884982a80bd9c9e9","messageTitle":"Add fav command to parser","messageBody":"","fileTypesAndContributionMap":{"functional-code":{"insertions":28,"deletions":11}}},{"hash":"000dbe3c506aeaeef7f5e0b7554e35503b6cffd7","messageTitle":"Add Favourite to Person, update basic ui for favourite","messageBody":"","fileTypesAndContributionMap":{"functional-code":{"insertions":168,"deletions":28},"test-code":{"insertions":55,"deletions":27}}}]},{"date":"2021-03-26","commitResults":[{"hash":"517d9f49f1b55f4ebb44e27f080ba6baf7f67d18","messageTitle":"Remove favourite","messageBody":"","fileTypesAndContributionMap":{"functional-code":{"insertions":44,"deletions":6}}},{"hash":"8fc056ef3e993dbb9d2be2d3f95410d4cceca2f6","messageTitle":"List favourited contacts","messageBody":"","fileTypesAndContributionMap":{"functional-code":{"insertions":70,"deletions":4}}},{"hash":"dff4f94c9b097ddbe85a47d5072534b6d2ada29a","messageTitle":"Update user guide with favourite command","messageBody":"","fileTypesAndContributionMap":{"docs":{"insertions":16,"deletions":0},"test-code":{"insertions":0,"deletions":1}}},{"hash":"2a149a533d54fa3848ec1365d88033dfe2f7a85e","messageTitle":"Improve favourite ui to star icons","messageBody":"","fileTypesAndContributionMap":{"functional-code":{"insertions":11,"deletions":2}}},{"hash":"1f99bb8dbc954c227f3e7584e79ac8fb2fe1e7a4","messageTitle":"Update user guide with list option and favourite notes","messageBody":"","fileTypesAndContributionMap":{"docs":{"insertions":14,"deletions":2}}},{"hash":"55d4be307b6170496ef451b43dcc17778902c6e2","messageTitle":"Remove redundant favourite label","messageBody":"","fileTypesAndContributionMap":{"functional-code":{"insertions":0,"deletions":2}}}]},{"date":"2021-03-29","commitResults":[{"hash":"6778808d4c616ef51c7493e0a19d2cbed64edb3d","messageTitle":"Edit style","messageBody":"","fileTypesAndContributionMap":{"functional-code":{"insertions":1,"deletions":1}}},{"hash":"0c045e70c4e4c361ab495d631272a370259cefd3","messageTitle":"Delete appointment by index","messageBody":"","fileTypesAndContributionMap":{"functional-code":{"insertions":35,"deletions":4}}}]},{"date":"2021-03-30","commitResults":[{"hash":"4ebaefc7ec10011b410d8a8da217320a69e34b2e","messageTitle":"Disallow deleting contacts that are involved in appointments","messageBody":"","fileTypesAndContributionMap":{"functional-code":{"insertions":67,"deletions":5}}}]},{"date":"2021-03-31","commitResults":[{"hash":"d0c5c97563844aff5f3245567b78ab8cebac324c","messageTitle":"Change message to exception","messageBody":"","fileTypesAndContributionMap":{"functional-code":{"insertions":1,"deletions":0}}},{"hash":"208695744caee9f798912892c506950feb1d190f","messageTitle":"Use CliSyntax option definitions for sort, change definitions to String","messageBody":"","fileTypesAndContributionMap":{"functional-code":{"insertions":18,"deletions":14}}},{"hash":"dccaa9aba5a511706f1a2b3a04a82647105d8551","messageTitle":"Standardise remove favourite option","messageBody":"","fileTypesAndContributionMap":{"functional-code":{"insertions":5,"deletions":4}}}]},{"date":"2021-04-01","commitResults":[{"hash":"e5d606f72e27c0ca4ec12d0cbe874ad7b50c9a53","messageTitle":"Update user guide for delete and sort command","messageBody":"","fileTypesAndContributionMap":{"docs":{"insertions":5,"deletions":1}}}]},{"date":"2021-04-07","commitResults":[{"hash":"69f69ec86649c3be0e2593fccf405be0a83889d3","messageTitle":"Check name and date for appointment duplicates","messageBody":"","fileTypesAndContributionMap":{"functional-code":{"insertions":2,"deletions":1}}},{"hash":"40b0ed5cbbdaff185de6dac7cc86721bbec262e6","messageTitle":"Abstract duplicate appointment error","messageBody":"","fileTypesAndContributionMap":{"functional-code":{"insertions":5,"deletions":4},"test-code":{"insertions":13,"deletions":11}}}]},{"date":"2021-04-08","commitResults":[{"hash":"c19a17d0bba6c4f5e7fcb2c2ca760e3bd7e359cf","messageTitle":"Allow editing to remove optional email field","messageBody":"","fileTypesAndContributionMap":{"functional-code":{"insertions":14,"deletions":5}}},{"hash":"4dec883e84ceb0c10f530e6db8bb8ad2731fd9e5","messageTitle":"Allow editing to remove optional phone and address field, check duplicate appointments by address too","messageBody":"","fileTypesAndContributionMap":{"functional-code":{"insertions":17,"deletions":4},"test-code":{"insertions":0,"deletions":3}}},{"hash":"56e2e81df056feb5bae9da37a2e49f81823e9150","messageTitle":"Update user guide for edit and addAppt","messageBody":"","fileTypesAndContributionMap":{"docs":{"insertions":6,"deletions":0}}}]},{"date":"2021-04-09","commitResults":[{"hash":"adfc55e7639a4be4be73bbef7156e866bc13853a","messageTitle":"Fix message for duplicate appointment","messageBody":"","fileTypesAndContributionMap":{"functional-code":{"insertions":1,"deletions":1}}}]},{"date":"2021-04-11","commitResults":[{"hash":"a024d063925f44b9656257d3d8f5271f87e54264","messageTitle":"Add test for FavouriteCommand","messageBody":"","fileTypesAndContributionMap":{"test-code":{"insertions":68,"deletions":0}}},{"hash":"8e78894950a35cdc99631f1a587c5b594c79507b","messageTitle":"Fix invalid command format error in FavouriteCommandParser, add equals method for FavouriteCommand","messageBody":"","fileTypesAndContributionMap":{"functional-code":{"insertions":15,"deletions":0}}},{"hash":"a04034b8ab1893dad9017b1ecc8146db8c91de9c","messageTitle":"Add tests for FavouriteCommandParser","messageBody":"","fileTypesAndContributionMap":{"test-code":{"insertions":46,"deletions":0}}},{"hash":"47ebf96d6df3a06fe4878d5938d0560ccad55ae7","messageTitle":"Add equals tests for FavouriteCommandTest","messageBody":"","fileTypesAndContributionMap":{"functional-code":{"insertions":1,"deletions":0},"test-code":{"insertions":27,"deletions":0}}},{"hash":"c7d7a85757ba5072ebd36b87ad3f9358fbd3126a","messageTitle":"Add test for listing favourites, use OPTION_FAVOURITE for list","messageBody":"","fileTypesAndContributionMap":{"functional-code":{"insertions":7,"deletions":6},"test-code":{"insertions":12,"deletions":2}}},{"hash":"da7f4747cfd249f77d998cc2201323b8d0ae4189","messageTitle":"Add test for ListCommandParser, add more tests for ListCommand","messageBody":"","fileTypesAndContributionMap":{"functional-code":{"insertions":14,"deletions":3},"test-code":{"insertions":47,"deletions":4}}},{"hash":"1c3609a2ddc805300034137f8bb4fa8ffcd9d108","messageTitle":"Add test for DeleteAppointmentCommand","messageBody":"","fileTypesAndContributionMap":{"functional-code":{"insertions":2,"deletions":2},"test-code":{"insertions":47,"deletions":0}}},{"hash":"09cc43b7166064dc8104c01de002979d9f1cba4b","messageTitle":"Add test for DeleteAppointmentCommandParser","messageBody":"","fileTypesAndContributionMap":{"functional-code":{"insertions":17,"deletions":2},"test-code":{"insertions":31,"deletions":0}}},{"hash":"a7470d6439fa9f4bdfd70b3047c47384476a4ae6","messageTitle":"Fix style","messageBody":"","fileTypesAndContributionMap":{"functional-code":{"insertions":0,"deletions":1},"test-code":{"insertions":20,"deletions":18}}}]}]},"authorFileTypeContributionMap":{"clarlzx":{"docs":364,"functional-code":1395,"test-code":416},"nicoleang09":{"docs":411,"functional-code":2006,"test-code":1138},"mechastriker3":{"docs":363,"functional-code":888,"test-code":553},"Stratostorm":{"docs":478,"functional-code":1583,"test-code":1070,"other":4},"edelinetenges":{"docs":172,"functional-code":517,"test-code":363}},"authorContributionVariance":{"clarlzx":58363.848,"nicoleang09":70557.016,"mechastriker3":19872.068,"Stratostorm":278850.78,"edelinetenges":6722.8413},"authorDisplayNameMap":{"clarlzx":"CS2103T-W13-3 CLAR.. XIN","nicoleang09":"CS2103T-W13-3 ANG ..COLE","mechastriker3":"CS2103T-W13-3 LIAO..PENG","Stratostorm":"CS2103T-W13-3 HUAN..CONG","edelinetenges":"CS2103T-W13-3 EDEL..NGES"}}
