{"authorDailyContributionsMap":{"natosy":[{"date":"2021-02-25","commitResults":[{"hash":"7f1f0ce2eee6c0079a335e954293987a0655a25f","messageTitle":"Add target user profile, value proposition and user stories to DG","messageBody":"","fileTypesAndContributionMap":{"docs":{"insertions":48,"deletions":223}}}]},{"date":"2021-02-27","commitResults":[{"hash":"f494e36975a094525b33ed27ba091f15e4f94261","messageTitle":"Add natosy personal details in AboutUs","messageBody":"","fileTypesAndContributionMap":{"docs":{"insertions":46,"deletions":4}}}]},{"date":"2021-03-11","commitResults":[{"hash":"b715cc75ccd3ac6441e87f6416eeeeb32d5e4c53","messageTitle":"Create Statistic  models","messageBody":"","fileTypesAndContributionMap":{"functional-code":{"insertions":133,"deletions":0}}}]},{"date":"2021-03-16","commitResults":[{"hash":"d186fa5f0bf71be8431008dde493151030b7a5ca","messageTitle":"Move statistics to logic package","messageBody":"","fileTypesAndContributionMap":{"other":{"insertions":5,"deletions":5}}}]},{"date":"2021-03-21","commitResults":[{"hash":"61e701dd76b9f6a8190a7af541ce4ef2c818fc94","messageTitle":"Remove extra statistics classes","messageBody":"","fileTypesAndContributionMap":{"functional-code":{"insertions":0,"deletions":97},"other":{"insertions":1,"deletions":1}}}]},{"date":"2021-03-22","commitResults":[{"hash":"99656c74552a9f9bcc01f71c95efe6d008b77d88","messageTitle":"Implement method to obtain past 6 months of spendings","messageBody":"","fileTypesAndContributionMap":{"functional-code":{"insertions":54,"deletions":34}}}]},{"date":"2021-03-23","commitResults":[{"hash":"2a2ae59395d061bb0ebb6938cbf81aae848b4d0b","messageTitle":"Add javadocs","messageBody":"","fileTypesAndContributionMap":{"functional-code":{"insertions":11,"deletions":1}}},{"hash":"f7e64861c9593d1de131beef22ea39c7c6aa34ba","messageTitle":"Move instantiation of Statistics object to BudgetBabyLogicManager class","messageBody":"","fileTypesAndContributionMap":{"functional-code":{"insertions":18,"deletions":7}}},{"hash":"7e2a304a2f1a5dd264ee3d4d737f3ddfd7d876f3","messageTitle":"Update getPastMonthStatistics method to return List of MonthStatistics objects instead of a String","messageBody":"","fileTypesAndContributionMap":{"functional-code":{"insertions":34,"deletions":11}}},{"hash":"b0e1196614f6e1a3bfd077532d219a7060f16307","messageTitle":"Change method signature in Logic","messageBody":"","fileTypesAndContributionMap":{"functional-code":{"insertions":2,"deletions":2}}},{"hash":"a0a9cb1f207d70027c1966e5431df8b14e2d13ff","messageTitle":"Add assertion","messageBody":"","fileTypesAndContributionMap":{"functional-code":{"insertions":2,"deletions":0}}},{"hash":"0925b03356d79e0be4947df6f9904a4a56fe4f64","messageTitle":"Change variable names in DG","messageBody":"","fileTypesAndContributionMap":{"docs":{"insertions":92,"deletions":92}}},{"hash":"e5aaa9fb9cb9cbf730fe2d545881c0f1f51fb20e","messageTitle":"Update Developer Guide","messageBody":"","fileTypesAndContributionMap":{"docs":{"insertions":11,"deletions":8}}}]},{"date":"2021-03-25","commitResults":[{"hash":"2d16a007f3b2eb4f1ddc26ca97cae6e20e436a68","messageTitle":"Implement method for viewing top 5 categories spent for every month","messageBody":"","fileTypesAndContributionMap":{"functional-code":{"insertions":79,"deletions":22}}}]},{"date":"2021-03-27","commitResults":[{"hash":"7398a1f25e6fa85f6d697ae1552d5ca3f93e1638","messageTitle":"Add Asssertion","messageBody":"","fileTypesAndContributionMap":{"functional-code":{"insertions":1,"deletions":0}}}]},{"date":"2021-03-28","commitResults":[{"hash":"5ae9e44cb47852d39c9d478c157e4638a343a49d","messageTitle":" Fix inconsistencies in features section and move tips into HTML alert div","messageBody":"","fileTypesAndContributionMap":{"docs":{"insertions":23,"deletions":23}}},{"hash":"41ca5be341fc9508ea4aa4ce0f030a3a382b2bb4","messageTitle":"Move tips into HTML alert div","messageBody":"","fileTypesAndContributionMap":{"docs":{"insertions":17,"deletions":19}}},{"hash":"e97b099b1e248695340c0b26099a798299be9684","messageTitle":"Edit tips and command summary","messageBody":"","fileTypesAndContributionMap":{"docs":{"insertions":79,"deletions":60}}},{"hash":"9f2b504486ef7a78cdfdba859fa398114ad49421","messageTitle":"Change ul to - and remove section duplicates","messageBody":"","fileTypesAndContributionMap":{"docs":{"insertions":15,"deletions":34}}},{"hash":"0871d7abb160d14f80925227c81c762c2a33c819","messageTitle":"Fix typo","messageBody":"","fileTypesAndContributionMap":{"docs":{"insertions":1,"deletions":1}}},{"hash":"cfba47ce1d9690d39b76826b9ce1afc322ad4031","messageTitle":"Change div markdown","messageBody":"","fileTypesAndContributionMap":{"docs":{"insertions":13,"deletions":12}}}]},{"date":"2021-03-29","commitResults":[{"hash":"74f629432cd7f4edaa7cddd4994b363e1fd08b85","messageTitle":"Implement exit command","messageBody":"","fileTypesAndContributionMap":{"functional-code":{"insertions":23,"deletions":0}}},{"hash":"9709f5e832eb450a7e3118c089bb12061e27cc04","messageTitle":"Fix checkstyle","messageBody":"","fileTypesAndContributionMap":{"functional-code":{"insertions":1,"deletions":1}}},{"hash":"7d5a6c27d7424e9e76254c43fd9dd4fe9790ae8e","messageTitle":"Change tag to category","messageBody":"","fileTypesAndContributionMap":{"docs":{"insertions":3,"deletions":3}}},{"hash":"07175f8ba187d7dd9068c27bcf504cf8381b96eb","messageTitle":"Add elaboration to commands and usage","messageBody":"","fileTypesAndContributionMap":{"docs":{"insertions":23,"deletions":28}}}]},{"date":"2021-03-31","commitResults":[{"hash":"03cea2fe4391c5fca0bdfd200aa6428a29633b69","messageTitle":"Change exit message","messageBody":"","fileTypesAndContributionMap":{"functional-code":{"insertions":1,"deletions":1}}},{"hash":"10c3a000f621249e4752c3a55b4c75f48fd66dd8","messageTitle":"Implement month statistics UI window","messageBody":"","fileTypesAndContributionMap":{"functional-code":{"insertions":163,"deletions":30}}},{"hash":"865b67bd023c54ec5047c6864d16a806a200d634","messageTitle":"Remove extra imports","messageBody":"","fileTypesAndContributionMap":{"functional-code":{"insertions":4,"deletions":6}}}]}],"yuheem":[{"date":"2021-02-25","commitResults":[{"hash":"054bda44681bd2dc195f807873f46d4d2a5f13e1","messageTitle":"Add Yu Heem\u0027s personal details to AboutUs","messageBody":"","fileTypesAndContributionMap":{"docs":{"insertions":50,"deletions":4}}}]},{"date":"2021-02-28","commitResults":[{"hash":"a782599a0cd1200b1b1103bc0652aa8d8f265b5c","messageTitle":"Update readme content to match team project","messageBody":"","fileTypesAndContributionMap":{"docs":{"insertions":21,"deletions":12}}},{"hash":"165916b50f2ae7cb21e8b01331709c5d876b3610","messageTitle":"Fix readme formatting","messageBody":"","fileTypesAndContributionMap":{"docs":{"insertions":2,"deletions":2}}},{"hash":"28559b147cf53e946484a0ee109fa894c4618add","messageTitle":"Add UI mockup to readme","messageBody":"","fileTypesAndContributionMap":{"docs":{"insertions":2,"deletions":0}}},{"hash":"a588e957fa1b4738a0e46605055781930d48cb09","messageTitle":"Update site index to reflect changes in readme","messageBody":"","fileTypesAndContributionMap":{"docs":{"insertions":20,"deletions":7}}}]},{"date":"2021-03-01","commitResults":[{"hash":"0319ff6331a4a5fa8d32b2077518196a97aa5a02","messageTitle":"Fix path to UI image in index.md","messageBody":"","fileTypesAndContributionMap":{"docs":{"insertions":1,"deletions":1}}}]},{"date":"2021-03-11","commitResults":[{"hash":"02c1df9a742cfa6512df27ab3b2cdf0f3ba9bc16","messageTitle":"Budget: add comments to class and methods","messageBody":"","fileTypesAndContributionMap":{"functional-code":{"insertions":34,"deletions":0}}},{"hash":"5b3bfc31a2d44fa545e8349c4990c733cdfe281d","messageTitle":"Budget: add additional constructor with comments","messageBody":"","fileTypesAndContributionMap":{"functional-code":{"insertions":9,"deletions":1}}},{"hash":"4416bb154535b7436eebda312a8b7d755240b4de","messageTitle":"Budget: update visibility of attributes","messageBody":"","fileTypesAndContributionMap":{"functional-code":{"insertions":2,"deletions":2}}},{"hash":"0f900ded652dd31a45a1cbe68e066652303738db","messageTitle":"Budget: update class comment","messageBody":"","fileTypesAndContributionMap":{"functional-code":{"insertions":3,"deletions":1}}},{"hash":"2ffd011976d2e97e97ce61847544a6b3e2d4e37e","messageTitle":"Budget: add unit tests","messageBody":"","fileTypesAndContributionMap":{"test-code":{"insertions":32,"deletions":0}}},{"hash":"3f4b6c57f1ec0b1ebbed5bb4d2826aa523f410bb","messageTitle":"Budget: add equals method","messageBody":"","fileTypesAndContributionMap":{"functional-code":{"insertions":7,"deletions":0}}},{"hash":"32f3d7b484f3c0629adcaecde76334ae7722e286","messageTitle":"SetBudgetCommand: add to commands","messageBody":"","fileTypesAndContributionMap":{"functional-code":{"insertions":35,"deletions":0}}},{"hash":"4f11923f8d365dcd858402e7e96d66db016ffe47","messageTitle":"SetBudgetCommandParser: add to parser","messageBody":"","fileTypesAndContributionMap":{"functional-code":{"insertions":14,"deletions":0}}},{"hash":"126e1697ad1ec4456f759ab7ab8f292a3b50938b","messageTitle":"BudgetTracker: add tracking for Budget","messageBody":"","fileTypesAndContributionMap":{"functional-code":{"insertions":30,"deletions":0}}},{"hash":"db3c2d8117e81ea0bb39261d9cdbb2b6f1e4f4dc","messageTitle":"SetBudgetCommand: add comments","messageBody":"","fileTypesAndContributionMap":{"functional-code":{"insertions":7,"deletions":0}}},{"hash":"32a0299737c01cc98072fda8afad77e20ffe876e","messageTitle":"Add missing comments","messageBody":"","fileTypesAndContributionMap":{"functional-code":{"insertions":17,"deletions":0}}},{"hash":"0cf4d0fe46190ec0640ae86daa22c7d0ad3cb681","messageTitle":"SetBudgetCommandParser: fix checkstyle errors","messageBody":"","fileTypesAndContributionMap":{"functional-code":{"insertions":1,"deletions":1}}},{"hash":"2da7aa1635134f342ce169720748c10c27eeb1d0","messageTitle":"BudgetTest: fix checkstyle errors","messageBody":"","fileTypesAndContributionMap":{"test-code":{"insertions":1,"deletions":1}}}]},{"date":"2021-03-15","commitResults":[{"hash":"c87a186a14433859537410941b7861b106644cd2","messageTitle":"Budget: update constraints for valid amount","messageBody":"","fileTypesAndContributionMap":{"functional-code":{"insertions":4,"deletions":3}}}]},{"date":"2021-03-16","commitResults":[{"hash":"d9fe5c480d7ee58b146819830dc3a38b16cece71","messageTitle":"UniqueMonthList: update setBudget","messageBody":"","fileTypesAndContributionMap":{"functional-code":{"insertions":10,"deletions":4}}},{"hash":"da4104c44b3288dbf5321f3ee9995e44f20e45e7","messageTitle":"UniqueMonthList: update adding new month to default to budget of previous month","messageBody":"","fileTypesAndContributionMap":{"functional-code":{"insertions":12,"deletions":2}}},{"hash":"5aa5ca08a61171ed47a118489b60a48474151b7a","messageTitle":"FinancialRecordList: add method to calculate total expenses","messageBody":"","fileTypesAndContributionMap":{"functional-code":{"insertions":16,"deletions":0}}},{"hash":"b5a9bab5bc193ccfc2c1bf038a0f3567a4db33c6","messageTitle":"Month: add method to get remaining budget","messageBody":"","fileTypesAndContributionMap":{"functional-code":{"insertions":7,"deletions":0}}},{"hash":"e25c4fb9c24d504eacb6788062a6a88e21ae59f1","messageTitle":"Update user guide","messageBody":"","fileTypesAndContributionMap":{"docs":{"insertions":16,"deletions":9}}},{"hash":"6cf5d6a509bb5e7db212d49fe17054d75459b2e0","messageTitle":"Update user guide to reflect changes in v1.2","messageBody":"","fileTypesAndContributionMap":{"docs":{"insertions":4,"deletions":4}}}]},{"date":"2021-03-23","commitResults":[{"hash":"a78e047f32ed10b456ac885b87e71e662002565a","messageTitle":"Add BudgetBabyLogicClassDiagram.puml","messageBody":"","fileTypesAndContributionMap":{"docs":{"insertions":64,"deletions":0}}},{"hash":"d0100f9a0c2fcf13fefdfcbae8dc8833e126087d","messageTitle":"Updated BudgetBabyLogicClassDiagram.puml","messageBody":"","fileTypesAndContributionMap":{"docs":{"insertions":1,"deletions":1}}},{"hash":"61acdcd610c5815a96894800bf456b79431a5189","messageTitle":"Add design of Logic component to DG","messageBody":"","fileTypesAndContributionMap":{"docs":{"insertions":73,"deletions":120}}},{"hash":"48534a3d60aff7cc4518902692a6bcdf8664d5b9","messageTitle":"Rename files","messageBody":"","fileTypesAndContributionMap":{"docs":{"insertions":0,"deletions":0}}},{"hash":"9c8a11be2f672bc2a5809dd1df217b5f9b697d4d","messageTitle":"Add AddFinacialRecordSequenceDiagram.puml","messageBody":"","fileTypesAndContributionMap":{"docs":{"insertions":69,"deletions":69}}},{"hash":"4a5a441cb4646502353ab7100c4c5c706e1d4f49","messageTitle":"Add sequence of interactions in the Logic component to DG","messageBody":"","fileTypesAndContributionMap":{"docs":{"insertions":8,"deletions":1}}}]},{"date":"2021-03-24","commitResults":[{"hash":"2eee542bce8e4ba24133afec6167fe759b5afd41","messageTitle":"Resolve duplicate sections for design in DG","messageBody":"","fileTypesAndContributionMap":{"docs":{"insertions":70,"deletions":101}}}]},{"date":"2021-03-28","commitResults":[{"hash":"6385253894a1d78908ef6e5ce9b38e00cdc0cb1b","messageTitle":"Improve language, style and tone of UG","messageBody":"","fileTypesAndContributionMap":{"docs":{"insertions":60,"deletions":88}}}]},{"date":"2021-03-30","commitResults":[{"hash":"dcacfc6a572adc336b5469235c37dba18d0bdf16","messageTitle":"Logic: add help command","messageBody":"","fileTypesAndContributionMap":{"functional-code":{"insertions":20,"deletions":0}}},{"hash":"771cac80853da40107258c4cf166fa6c3bba0602","messageTitle":"Logic: update parser to handle help command","messageBody":"","fileTypesAndContributionMap":{"functional-code":{"insertions":4,"deletions":1}}}]},{"date":"2021-03-31","commitResults":[{"hash":"951b398674fff2dbddc6865e73e52f0de7fba82c","messageTitle":"Commons: update Index to implement Comparable","messageBody":"","fileTypesAndContributionMap":{"functional-code":{"insertions":17,"deletions":1}}},{"hash":"4366b789a57df29094cbd3640a2e959d64a03a74","messageTitle":"Logic: add multiple deletion","messageBody":"","fileTypesAndContributionMap":{"functional-code":{"insertions":41,"deletions":13}}},{"hash":"cb6c41fa5b39a21cac5e55d5651ed2e6229ccf3f","messageTitle":"Logic: fix help command result","messageBody":"","fileTypesAndContributionMap":{"functional-code":{"insertions":1,"deletions":1}}}]}],"eksinyue":[{"date":"2021-03-02","commitResults":[{"hash":"d012be5db866e4bfe962184afe6c9c02548e594a","messageTitle":"Update AboutUs for Xinyue","messageBody":"","fileTypesAndContributionMap":{"docs":{"insertions":47,"deletions":5}}},{"hash":"391c172d5b4e34f26a943ae3d4abfe836b95fb36","messageTitle":"Update user guide","messageBody":"","fileTypesAndContributionMap":{"docs":{"insertions":107,"deletions":80}}},{"hash":"fe82a8b83af5072c07a5ff2234b08ddb0bc525aa","messageTitle":"Reformat user guide","messageBody":"","fileTypesAndContributionMap":{"docs":{"insertions":10,"deletions":11}}},{"hash":"c2b45147166b3a3d0ecb2091dfa3a5ca099aba86","messageTitle":"Update user guide","messageBody":"","fileTypesAndContributionMap":{"docs":{"insertions":17,"deletions":17}}},{"hash":"8361d038113f1364c3c10c0315a47b980c77970a","messageTitle":"Add small formatting changes to user guide","messageBody":"","fileTypesAndContributionMap":{"docs":{"insertions":4,"deletions":4}}},{"hash":"c72b630c582225a9f8ea4bfd995348d12b68165b","messageTitle":"Fix markdown syntax","messageBody":"","fileTypesAndContributionMap":{"docs":{"insertions":28,"deletions":7}}},{"hash":"544e48d5b889915e793718bf5d09c910eb617290","messageTitle":"Update AboutUS","messageBody":"","fileTypesAndContributionMap":{"docs":{"insertions":10,"deletions":10}}}]},{"date":"2021-03-03","commitResults":[{"hash":"3a9fbcfb07b5416b9b1ed482d0f004e5079a67b2","messageTitle":"Update personal image name","messageBody":"","fileTypesAndContributionMap":{"docs":{"insertions":1,"deletions":1}}}]},{"date":"2021-03-06","commitResults":[{"hash":"e0e8cdb0e9cd5cd2614f82c5c07d94375017ab27","messageTitle":"Rename project package","messageBody":"","fileTypesAndContributionMap":{"other":{"insertions":738,"deletions":738},"docs":{"insertions":12,"deletions":12},"test-code":{"insertions":3,"deletions":3}}},{"hash":"71f266b253d1d4e1f4fb066a12f4d60227814c56","messageTitle":"Rename project package to budgetBaby","messageBody":"","fileTypesAndContributionMap":{"other":{"insertions":738,"deletions":738},"docs":{"insertions":12,"deletions":12},"test-code":{"insertions":2,"deletions":2}}},{"hash":"0518154813493ca7419682c082e7a3c80edaa230","messageTitle":"Initialize FinancialRecord class","messageBody":"","fileTypesAndContributionMap":{"functional-code":{"insertions":23,"deletions":0}}},{"hash":"304f892452532989aa689f9cf3f5f975cdbd017f","messageTitle":"Rename package name","messageBody":"","fileTypesAndContributionMap":{"other":{"insertions":738,"deletions":738},"docs":{"insertions":12,"deletions":12},"test-code":{"insertions":2,"deletions":2}}}]},{"date":"2021-03-09","commitResults":[{"hash":"a7e227db1fe7cdeda6d2bd449348892273cd630d","messageTitle":"Add FinancialRecord and Description class","messageBody":"","fileTypesAndContributionMap":{"functional-code":{"insertions":111,"deletions":5}}},{"hash":"2fb520ae780541aba66d1c0f30dac92b10579eea","messageTitle":"Add AddFrCommand and Parser classes","messageBody":"","fileTypesAndContributionMap":{"functional-code":{"insertions":276,"deletions":12}}},{"hash":"1018bdf33981bba25ae3157963ec2b63a97fb3e6","messageTitle":"Add BudgetTracker and FinancialRecordList class","messageBody":"","fileTypesAndContributionMap":{"functional-code":{"insertions":270,"deletions":30},"test-code":{"insertions":10,"deletions":10}}},{"hash":"3c3f6e6d3762fa75c859d2084759be97932bf9c0","messageTitle":"Add BudgetBabyModel and ModelManager","messageBody":"","fileTypesAndContributionMap":{"functional-code":{"insertions":239,"deletions":0}}},{"hash":"ea9a6f75fed01ddcc3f3a7823c83ecdd80892046","messageTitle":"Add BudgetTrackerStorage and StorageManager","messageBody":"","fileTypesAndContributionMap":{"functional-code":{"insertions":160,"deletions":0}}},{"hash":"1aa6f285420eef8f514585552219cecd3c5727ac","messageTitle":"Add BudgetBabyLogic and LogicManager","messageBody":"","fileTypesAndContributionMap":{"functional-code":{"insertions":175,"deletions":18}}}]},{"date":"2021-03-10","commitResults":[{"hash":"6b1916ea31b742eceb2fe55f2e9b8af6f0f54f4f","messageTitle":"Add JsonAdaptedObject and add temp fix for UiManager","messageBody":"","fileTypesAndContributionMap":{"functional-code":{"insertions":507,"deletions":48}}},{"hash":"c96eb8691dda5c3fd671062509179b2bd659f63e","messageTitle":"Revert changes in Address book model","messageBody":"","fileTypesAndContributionMap":{"functional-code":{"insertions":9,"deletions":10},"test-code":{"insertions":5,"deletions":5}}},{"hash":"edaa61589974c034b909cb70fd62ae65db9751b9","messageTitle":"Separate ab and budgetbaby packages","messageBody":"","fileTypesAndContributionMap":{"functional-code":{"insertions":42,"deletions":67},"other":{"insertions":360,"deletions":354},"docs":{"insertions":7,"deletions":7},"test-code":{"insertions":33,"deletions":33}}},{"hash":"a3ef25d6fff1b94ce3e55084c4a81e8cdbdd4eec","messageTitle":"Fix checkstyle warnings in Main","messageBody":"","fileTypesAndContributionMap":{"functional-code":{"insertions":230,"deletions":200},"test-code":{"insertions":5,"deletions":5}}},{"hash":"92fffa4f729298b408b644ebee90b26ff167021a","messageTitle":"Resolve checkstyle warnings in Test","messageBody":"","fileTypesAndContributionMap":{"test-code":{"insertions":114,"deletions":107}}},{"hash":"69f13bea69e05d1b98b90b300e6c84accc9c4e6d","messageTitle":"Update mainClassName","messageBody":"","fileTypesAndContributionMap":{"other":{"insertions":1,"deletions":1}}},{"hash":"a6a27fca7841aa50b13eb91ae2aab6f7c0e2f7c9","messageTitle":"Move util parser class to budgetbaby logic.parser package","messageBody":"","fileTypesAndContributionMap":{"functional-code":{"insertions":30,"deletions":20},"other":{"insertions":8,"deletions":6},"test-code":{"insertions":12,"deletions":2}}},{"hash":"3acc58188d9da7e55e6f9a5af89e3c918dcf8473","messageTitle":"Fix checkstyle warnings","messageBody":"","fileTypesAndContributionMap":{"functional-code":{"insertions":7,"deletions":7},"test-code":{"insertions":3,"deletions":1}}}]},{"date":"2021-03-15","commitResults":[{"hash":"e82478ca3372994288c9583ff34b82f830a63096","messageTitle":"Add Month and UniqueMonthList models","messageBody":"","fileTypesAndContributionMap":{"functional-code":{"insertions":229,"deletions":2},"other":{"insertions":1,"deletions":1}}},{"hash":"c5e9282a0800ceb0a9b83e51a92f615b0ef5a12d","messageTitle":"Add methods to FinancialRecord and Month classes","messageBody":"","fileTypesAndContributionMap":{"functional-code":{"insertions":97,"deletions":3}}},{"hash":"35a9f7ef2fa8d2b8ac240f309632828b2de62095","messageTitle":"Update BudgetTracker model and logic classes","messageBody":"","fileTypesAndContributionMap":{"functional-code":{"insertions":251,"deletions":64}}},{"hash":"94d6e5de4860971bb3795f6ed83fd55dc2bcdbf1","messageTitle":"Add Month storage model and update model manager","messageBody":"","fileTypesAndContributionMap":{"functional-code":{"insertions":197,"deletions":29},"test-code":{"insertions":3,"deletions":3}}},{"hash":"2e06f27d829c7ca60f0280337f59fcdfff8e818a","messageTitle":"Fix minor bugs","messageBody":"","fileTypesAndContributionMap":{"functional-code":{"insertions":4,"deletions":2}}},{"hash":"c1c5011fb88d865d9996e4228ed81470e2d51b42","messageTitle":"Fix checkstyle error","messageBody":"","fileTypesAndContributionMap":{"functional-code":{"insertions":28,"deletions":31},"test-code":{"insertions":1,"deletions":1}}},{"hash":"68020d6b1061c30fe20cb1a444b93a9f6e8aabfb","messageTitle":"Add delete-fr command","messageBody":"","fileTypesAndContributionMap":{"functional-code":{"insertions":89,"deletions":1}}},{"hash":"6c4b12e9c4a7b76f9d082186b0063a0d00a1c6a2","messageTitle":"Add method showing currentDisplayMonth","messageBody":"","fileTypesAndContributionMap":{"functional-code":{"insertions":32,"deletions":1}}},{"hash":"bcfa90323bf5dd084d18c542f1068aeb0cbac335","messageTitle":"Round fr amount to 2dp","messageBody":"","fileTypesAndContributionMap":{"functional-code":{"insertions":29,"deletions":4}}}]},{"date":"2021-03-16","commitResults":[{"hash":"cd3aa2aad14543233ec6abbfc63526032dc8c9e1","messageTitle":"Update user guide to v1.2","messageBody":"","fileTypesAndContributionMap":{"docs":{"insertions":5,"deletions":5}}}]},{"date":"2021-03-23","commitResults":[{"hash":"9ab691aed07b72841fff50c5a9707284a0d9088e","messageTitle":"Remove redundant comments in FinancialRecord class","messageBody":"","fileTypesAndContributionMap":{"functional-code":{"insertions":1,"deletions":5}}},{"hash":"4c407c99eb2c41073e9a756ffdea4c90e68c09e7","messageTitle":"Add setCurrentDisplayMonth method to Model and ModelManager","messageBody":"","fileTypesAndContributionMap":{"functional-code":{"insertions":29,"deletions":16}}},{"hash":"98a4b046c6bacb7314557364a877e35099ff23b9","messageTitle":"Add ViewMonthCommand and Parser","messageBody":"","fileTypesAndContributionMap":{"functional-code":{"insertions":216,"deletions":42}}},{"hash":"3523834d3a4abbce7b3330f685987427ea29d58e","messageTitle":"Clean up ViewMonthCommandParser","messageBody":"","fileTypesAndContributionMap":{"functional-code":{"insertions":4,"deletions":23}}},{"hash":"c90972b2d2a030d1ebc1f216fdfc7d08cab24403","messageTitle":"Add event listener to filterMonthList and update filteredFinancialRecordList when month changed","messageBody":"","fileTypesAndContributionMap":{"functional-code":{"insertions":107,"deletions":42}}},{"hash":"77de53403b19db9562ad8abac6ef77c21df0c334","messageTitle":"Add temp fix for budget display panel height","messageBody":"","fileTypesAndContributionMap":{"functional-code":{"insertions":1,"deletions":0}}},{"hash":"1fdeb96755cf6fe2416aacd842f82c112ab1cef2","messageTitle":"Undo changes that make BudgetDisplay a List View","messageBody":"","fileTypesAndContributionMap":{"functional-code":{"insertions":14,"deletions":56}}},{"hash":"312eb96eb87ae6af984f77e3ec62f0d7daaa2c07","messageTitle":"Fix checkStyle errors","messageBody":"","fileTypesAndContributionMap":{"functional-code":{"insertions":13,"deletions":24},"test-code":{"insertions":7,"deletions":7}}},{"hash":"2c86bc84ab64cc310a89ae8f06bc5f43caeac584","messageTitle":"Refactor BudgetDisplay to improve code quality","messageBody":"","fileTypesAndContributionMap":{"functional-code":{"insertions":1,"deletions":5}}},{"hash":"60ea201fef1dc2754c73530368bb9c06a5bc9a72","messageTitle":"Add assertions to code","messageBody":"","fileTypesAndContributionMap":{"functional-code":{"insertions":2,"deletions":0}}},{"hash":"1bd24d9018910e532e604a4ac1b6476ce2639ca6","messageTitle":"Use AB3 DG as template","messageBody":"","fileTypesAndContributionMap":{"docs":{"insertions":113,"deletions":11}}},{"hash":"832c9e0662214337aca532e09e9789196368898b","messageTitle":"Add model class diagram","messageBody":"","fileTypesAndContributionMap":{"docs":{"insertions":35,"deletions":33}}},{"hash":"50b66dd3762af52ff2be45e8800389d2dbd43df9","messageTitle":"Initialize implementation section for financiala record and month management features","messageBody":"","fileTypesAndContributionMap":{"docs":{"insertions":13,"deletions":9}}},{"hash":"d5eafa78d47bf0755e9dddbaa3fddfe52a453e50","messageTitle":"Enable assertion in build.gradle","messageBody":"","fileTypesAndContributionMap":{"other":{"insertions":4,"deletions":0}}},{"hash":"bfa3aa6c9b23f0af9a0ac298c9053219bed2182c","messageTitle":"Update shadowJar archiveName","messageBody":"","fileTypesAndContributionMap":{"other":{"insertions":1,"deletions":1}}}]},{"date":"2021-03-28","commitResults":[{"hash":"df8368f6149dc146e66ac25e19cfd7bd15058809","messageTitle":"Update quick start of UG","messageBody":"","fileTypesAndContributionMap":{"docs":{"insertions":15,"deletions":10}}},{"hash":"bcee1e2edf8a3e3e9e3ecb445639312f7d7665fb","messageTitle":"Update help message image","messageBody":"","fileTypesAndContributionMap":{"docs":{"insertions":1,"deletions":1}}},{"hash":"1f3ea0f513781aebc39882f025af3b200352eba6","messageTitle":"Update index page links","messageBody":"","fileTypesAndContributionMap":{"docs":{"insertions":10,"deletions":10}}}]},{"date":"2021-03-29","commitResults":[{"hash":"dfb7fcfa0687dc2c599ea52110b365f444d26850","messageTitle":"Add EditFrCommand and Parser","messageBody":"","fileTypesAndContributionMap":{"functional-code":{"insertions":289,"deletions":10}}},{"hash":"d0ab02a37f741d2d20ab661a7adbf8230830a1a4","messageTitle":"Fix EditFrCommand bugs","messageBody":"","fileTypesAndContributionMap":{"functional-code":{"insertions":3,"deletions":3}}}]},{"date":"2021-03-30","commitResults":[{"hash":"1e529915d2b92ded763f101af70e35d76c26df64","messageTitle":"Add financial record of a specified date","messageBody":"","fileTypesAndContributionMap":{"functional-code":{"insertions":90,"deletions":20}}},{"hash":"05146cd77808d8b0c45d10ef60780b9fe0673364","messageTitle":"Sort the financial record list by date","messageBody":"","fileTypesAndContributionMap":{"functional-code":{"insertions":14,"deletions":3}}},{"hash":"31d3dfad96cc4473e86b1058eafefd282784debb","messageTitle":"Refresh Ui when adding financial record to a month other than current display month","messageBody":"","fileTypesAndContributionMap":{"functional-code":{"insertions":6,"deletions":7}}},{"hash":"2187cdef536e6a35c61879b0216d1d88d691a631","messageTitle":"Fix check style errors","messageBody":"","fileTypesAndContributionMap":{"functional-code":{"insertions":12,"deletions":20}}},{"hash":"bcfec4479fb832778a54d6c2bcf26df6edea9ace","messageTitle":"Update user guide","messageBody":"","fileTypesAndContributionMap":{"functional-code":{"insertions":1,"deletions":1},"docs":{"insertions":66,"deletions":38}}},{"hash":"80ef4f8bf565f238d47d337d9a46ee30bb73ffce","messageTitle":"Update edit-fr command screenshot","messageBody":"","fileTypesAndContributionMap":{"docs":{"insertions":2,"deletions":1}}},{"hash":"a4b3d5d948ddae395151641da0b194c6a29517cb","messageTitle":"Update command summary table","messageBody":"","fileTypesAndContributionMap":{"docs":{"insertions":11,"deletions":10}}},{"hash":"35d2b8cf813f0078c14482ad4e8391c35dd9ad00","messageTitle":"Enable users to edit a finanacial record\u0027s timestamp","messageBody":"","fileTypesAndContributionMap":{"functional-code":{"insertions":32,"deletions":11}}},{"hash":"aa65c9a8094bc88dd50c4c92698cd7786dd1b3d5","messageTitle":"Remove debugging message","messageBody":"","fileTypesAndContributionMap":{"functional-code":{"insertions":0,"deletions":1}}},{"hash":"5432bf4b2e9a125a089d545ef687efdcff2ce09a","messageTitle":"Refresh Ui after deleting financial records","messageBody":"","fileTypesAndContributionMap":{"functional-code":{"insertions":1,"deletions":1}}}]},{"date":"2021-03-31","commitResults":[{"hash":"93d4b47adaa8e49728f9dfe1f6492d1d9aa5d547","messageTitle":"Fix bug","messageBody":"","fileTypesAndContributionMap":{"functional-code":{"insertions":1,"deletions":1}}}]},{"date":"2021-04-05","commitResults":[{"hash":"52a7d25b4c2e8ac036c74ba9c627b3c3f287e2d8","messageTitle":"Add lower and upper bound to valid timestamp check","messageBody":"","fileTypesAndContributionMap":{"functional-code":{"insertions":11,"deletions":4}}},{"hash":"b95912fdb4778bfece46c9b7aaf0e7c692554549","messageTitle":"Change date lower bound to 1970","messageBody":"","fileTypesAndContributionMap":{"functional-code":{"insertions":13,"deletions":3},"docs":{"insertions":1,"deletions":1}}},{"hash":"49aeb572d181a78fb97036ad11e3499aaa8110f8","messageTitle":"Fix checkstyle errors","messageBody":"","fileTypesAndContributionMap":{"functional-code":{"insertions":4,"deletions":4}}},{"hash":"8f8ec3c759f149f6fec8c742cb32022bd358f1f5","messageTitle":"Add upper limit to financial record amount","messageBody":"","fileTypesAndContributionMap":{"functional-code":{"insertions":9,"deletions":4},"docs":{"insertions":2,"deletions":2}}},{"hash":"f5fba9c1e916529410e3eac079a3872b6f108f60","messageTitle":"Add limit to description characters","messageBody":"","fileTypesAndContributionMap":{"functional-code":{"insertions":3,"deletions":2}}},{"hash":"182a1975536d99763cc1989d669008b25ae4bf6e","messageTitle":"Update edit-fr index invalid error message","messageBody":"","fileTypesAndContributionMap":{"functional-code":{"insertions":3,"deletions":3}}},{"hash":"b10e35e3f8a3d55cf2e34053d086a5989afc3325","messageTitle":"Fix typo in view-month UG","messageBody":"","fileTypesAndContributionMap":{"docs":{"insertions":1,"deletions":1}}},{"hash":"97f27dfdeae32cc2cd57ff6745cb4ba744a84273","messageTitle":"Update view-month command summary","messageBody":"","fileTypesAndContributionMap":{"docs":{"insertions":1,"deletions":1}}},{"hash":"ed1d2115d2523154ec12ddb3bb51e1caa9630d46","messageTitle":"Update view-month UG","messageBody":"","fileTypesAndContributionMap":{"docs":{"insertions":2,"deletions":1}}},{"hash":"b749d02aeeed7b87d17a9bb445a1c75fa9af90b4","messageTitle":"Update MainApp comment","messageBody":"","fileTypesAndContributionMap":{"functional-code":{"insertions":4,"deletions":4}}},{"hash":"4d1c0359ec0b390bacaac0f9bab3e130114a1254","messageTitle":"Update log file name","messageBody":"","fileTypesAndContributionMap":{"functional-code":{"insertions":5,"deletions":4}}},{"hash":"fbaf6ef52ba3a6831cce40929a837f32067e57ab","messageTitle":"Draft xinyue\u0027 ppp","messageBody":"","fileTypesAndContributionMap":{"docs":{"insertions":45,"deletions":32}}},{"hash":"892ebd2324436de5c2f5d4934bd0ddb22469941b","messageTitle":"Update financial record related command feature write-up","messageBody":"","fileTypesAndContributionMap":{"docs":{"insertions":2,"deletions":4}}},{"hash":"8758910447dde9ae5126070b4607961466f3f8b7","messageTitle":"Add section title","messageBody":"","fileTypesAndContributionMap":{"docs":{"insertions":2,"deletions":0}}}]}],"deyixtan":[{"date":"2021-02-25","commitResults":[{"hash":"28c29367e94da8cac566dbcbd07485886dd73d6d","messageTitle":"Add project portfolio page","messageBody":"","fileTypesAndContributionMap":{"docs":{"insertions":1,"deletions":1}}},{"hash":"13a908ca6eeaf4ccbb67622f7c38aa48490ec2c8","messageTitle":"Update AboutUs page with personal details","messageBody":"","fileTypesAndContributionMap":{"docs":{"insertions":4,"deletions":4}}}]},{"date":"2021-03-02","commitResults":[{"hash":"3610fdb9e74b547b265c3de8f801d14f3b73d8a3","messageTitle":"Update non-functional requirements in UG","messageBody":"","fileTypesAndContributionMap":{"docs":{"insertions":5,"deletions":4}}},{"hash":"1ebc1a1cc4b2d66bf6ec4fbfcaa4093e5703d7d7","messageTitle":"Fix a sentence in DG non-functional requirements","messageBody":"","fileTypesAndContributionMap":{"docs":{"insertions":2,"deletions":2}}},{"hash":"57bee9939db49a4d65da22d9915b4d81158155ca","messageTitle":"Update glossary in UG","messageBody":"","fileTypesAndContributionMap":{"docs":{"insertions":5,"deletions":5}}},{"hash":"5091731bc15f0746a1ef737374729733b56d1f78","messageTitle":"Remove fullstops in glossary","messageBody":"","fileTypesAndContributionMap":{"docs":{"insertions":2,"deletions":2}}}]},{"date":"2021-03-10","commitResults":[{"hash":"0229176583b73661a59c3fced9099a2baf0fc3aa","messageTitle":"Update UI to display financial records","messageBody":"","fileTypesAndContributionMap":{"functional-code":{"insertions":56,"deletions":58},"other":{"insertions":18,"deletions":26}}}]},{"date":"2021-03-11","commitResults":[{"hash":"7b74313b3fb65ddd693b03c0ef3443ea8f2b6337","messageTitle":"Update application icon","messageBody":"","fileTypesAndContributionMap":{"functional-code":{"insertions":1,"deletions":1},"test-code":{"insertions":1,"deletions":1}}},{"hash":"7d144eb545c44fc72426ac34b210536d4804b654","messageTitle":"Update help url","messageBody":"","fileTypesAndContributionMap":{"functional-code":{"insertions":1,"deletions":1}}},{"hash":"1202bff4b524ddb3cf9b5471c55bc0fc5efadd19","messageTitle":"Add menu item to toggle CLI visibility","messageBody":"","fileTypesAndContributionMap":{"functional-code":{"insertions":14,"deletions":3}}},{"hash":"3cd19cb37ef6f7104d71280c60f7db385867ef2d","messageTitle":"Update GuiSettings to include CLI visibility","messageBody":"","fileTypesAndContributionMap":{"functional-code":{"insertions":30,"deletions":6},"test-code":{"insertions":6,"deletions":6}}}]},{"date":"2021-03-16","commitResults":[{"hash":"a8fc5870074bc249389ec4812eb55172e857a549","messageTitle":"Update default window size","messageBody":"","fileTypesAndContributionMap":{"functional-code":{"insertions":2,"deletions":2}}},{"hash":"5f6a6f0ae1c03aa56815d7fbb671f3edbd0e1df1","messageTitle":"Add budget panel to UI","messageBody":"","fileTypesAndContributionMap":{"functional-code":{"insertions":39,"deletions":2}}},{"hash":"2006cdd599854d24854544760d745bb5f05c4248","messageTitle":"Update FinancialRecordCard to display timestamp and categories","messageBody":"","fileTypesAndContributionMap":{"functional-code":{"insertions":15,"deletions":3}}},{"hash":"3705904797276407ed32c3f95b9e8d6378bd21f4","messageTitle":"Fix financial record categories not showing up","messageBody":"","fileTypesAndContributionMap":{"functional-code":{"insertions":16,"deletions":18}}},{"hash":"8da767650edad8adfd06d544fa265a86c102d273","messageTitle":"Update budget panel to display remaining budget","messageBody":"","fileTypesAndContributionMap":{"functional-code":{"insertions":4,"deletions":1}}},{"hash":"2437c106afc479d176ae9fa0f211d1c0acfbd39f","messageTitle":"Fix issue regarding current budget not being reflected in UI correctly","messageBody":"","fileTypesAndContributionMap":{"functional-code":{"insertions":8,"deletions":0}}}]},{"date":"2021-03-23","commitResults":[{"hash":"c42a466fec7356807f36d9a211efb85b15113032","messageTitle":"Update UI class diagram","messageBody":"","fileTypesAndContributionMap":{"docs":{"insertions":15,"deletions":11}}},{"hash":"50ecf2e8388fb69770193ea511583feddeb2d56b","messageTitle":"Update UG with updated UI class diagram","messageBody":"","fileTypesAndContributionMap":{"docs":{"insertions":3,"deletions":3}}},{"hash":"ead69f22e96169305be9c4c66bf408e11effaef5","messageTitle":"Remove NRF that mentions about the need  to specify monthly budget upon first execution","messageBody":"","fileTypesAndContributionMap":{"docs":{"insertions":2,"deletions":4}}},{"hash":"fe2b335c6797d764f20c37e7dee81b8d7a4e1a6a","messageTitle":"Fix typos in DG","messageBody":"","fileTypesAndContributionMap":{"docs":{"insertions":6,"deletions":5}}},{"hash":"97d498a2f82b36542d3a77ac96989ab41f03f6d2","messageTitle":"Update App icon with transparent background","messageBody":"","fileTypesAndContributionMap":{"functional-code":{"insertions":1,"deletions":1},"test-code":{"insertions":1,"deletions":1}}}]},{"date":"2021-03-24","commitResults":[{"hash":"e0f0e8831960735dbfdcb11437bf261183939401","messageTitle":"Add event listener for budget to update budget progressbar and financial record list","messageBody":"","fileTypesAndContributionMap":{"functional-code":{"insertions":84,"deletions":16}}}]},{"date":"2021-03-25","commitResults":[{"hash":"7f36573eb3da422d3e6131031f3f941f00bba2c3","messageTitle":"Remove combobox and add event listener to FilteredFinancialRecordList","messageBody":"","fileTypesAndContributionMap":{"functional-code":{"insertions":49,"deletions":60}}},{"hash":"a7f762bd956409fe74e099f43bbf39831e9bd844","messageTitle":"Update BudgetDisplay to show top categories","messageBody":"","fileTypesAndContributionMap":{"functional-code":{"insertions":51,"deletions":15}}}]},{"date":"2021-03-27","commitResults":[{"hash":"28cb3c67bba39df1d3a11d37adaedd3287c3c2b3","messageTitle":"Update set-bg to immediately refresh UI after command execution","messageBody":"","fileTypesAndContributionMap":{"functional-code":{"insertions":8,"deletions":8}}},{"hash":"bd998e09bfe7d32133bcfc90225bf178ea483a81","messageTitle":"Fix checkstyle error","messageBody":"","fileTypesAndContributionMap":{"functional-code":{"insertions":1,"deletions":1}}}]},{"date":"2021-03-28","commitResults":[{"hash":"3d566ab3229b9811c0b4bd80eee872803b4cac09","messageTitle":"Fix UG typos and update features with screenshots","messageBody":"","fileTypesAndContributionMap":{"docs":{"insertions":25,"deletions":52}}}]},{"date":"2021-03-30","commitResults":[{"hash":"63755c87520a93ed424195e95586e6520fcee2b0","messageTitle":"Update BudgetTracker to maintain a list of its previous states","messageBody":"","fileTypesAndContributionMap":{"functional-code":{"insertions":129,"deletions":3}}},{"hash":"64d5ad8d75a62d8ddf0e9e0d28d93aa964a48db2","messageTitle":"Update BudgetTracker to automatically update UI using observer patten","messageBody":"","fileTypesAndContributionMap":{"functional-code":{"insertions":121,"deletions":36}}},{"hash":"5b5b55205ce3465e8b2a24c18c52cf5eab330847","messageTitle":"Remove refreshUi from CommandResult","messageBody":"","fileTypesAndContributionMap":{"functional-code":{"insertions":8,"deletions":18}}},{"hash":"4137b87d4fe71f4e191593d4d579e2b996dcd503","messageTitle":"Update BudgetBabyModelManager to use VersionedBudgetTracker","messageBody":"","fileTypesAndContributionMap":{"functional-code":{"insertions":16,"deletions":16}}},{"hash":"41da4cb489973243c074ce8b69b64c06b3b4ef5d","messageTitle":"Update BudgetBabyModel with undo feature","messageBody":"","fileTypesAndContributionMap":{"functional-code":{"insertions":32,"deletions":0}}},{"hash":"e11796c654eac91286948dd0de8f646364d79337","messageTitle":"Add undo command","messageBody":"","fileTypesAndContributionMap":{"functional-code":{"insertions":80,"deletions":0}}},{"hash":"021b47b2d5bf7646dace68a6718feb1be85b9b09","messageTitle":"Fix unsafe operation and update command error log with reason","messageBody":"","fileTypesAndContributionMap":{"functional-code":{"insertions":2,"deletions":2}}},{"hash":"b59878f1bac140d13354aa93d3c4d32e2130d80e","messageTitle":"Add redo command","messageBody":"","fileTypesAndContributionMap":{"functional-code":{"insertions":128,"deletions":0}}},{"hash":"fd76a4b63a4703570ef42ed341a4adcfe7a1b211","messageTitle":"Remove statistics label in the GUI","messageBody":"","fileTypesAndContributionMap":{"functional-code":{"insertions":1,"deletions":1}}},{"hash":"26f3b6b2e46e5da399bde55e1692f96a2ce02b08","messageTitle":"Fix checkstyle","messageBody":"","fileTypesAndContributionMap":{"functional-code":{"insertions":9,"deletions":2},"test-code":{"insertions":7,"deletions":7}}},{"hash":"570b75d2cd97ce643e56c21d283ea276af5c38fe","messageTitle":"Fix CommandResult in EditFrCommand","messageBody":"","fileTypesAndContributionMap":{"functional-code":{"insertions":1,"deletions":1}}}]},{"date":"2021-03-31","commitResults":[{"hash":"dd9eaaaf59a1fe8faf0b3f438fd41635f680f44d","messageTitle":"Add command history","messageBody":"","fileTypesAndContributionMap":{"functional-code":{"insertions":40,"deletions":0}}},{"hash":"f4f786bf9faa18ec13c359ab27621959a0bacac6","messageTitle":"Add UI to display statistics for top categories","messageBody":"","fileTypesAndContributionMap":{"functional-code":{"insertions":128,"deletions":2}}}]},{"date":"2021-04-05","commitResults":[{"hash":"1183f4c382f75dfc226f6d8d94b9a0cc815afa20","messageTitle":"Update handleExit behaviour to hide Statistic windows","messageBody":"","fileTypesAndContributionMap":{"functional-code":{"insertions":2,"deletions":0}}}]},{"date":"2021-04-06","commitResults":[{"hash":"da474a076cf44d539b02142e7e921bcd3cf0245e","messageTitle":"Update UI with hotkeys to display month and category statistics window","messageBody":"","fileTypesAndContributionMap":{"functional-code":{"insertions":9,"deletions":0}}},{"hash":"a7d65cb089a1924d7aba5b2a64999237db266696","messageTitle":"Update UG invalid view-bg command with reset-filter command","messageBody":"","fileTypesAndContributionMap":{"docs":{"insertions":2,"deletions":2}}},{"hash":"c57457915d38e02381861148c7a161f5ea19cedc","messageTitle":"Update UG with valid prefixes","messageBody":"","fileTypesAndContributionMap":{"docs":{"insertions":2,"deletions":2}}},{"hash":"27748808173c7aeb31f4f4979777b06894623c3e","messageTitle":"Update storage to handle invalid month","messageBody":"","fileTypesAndContributionMap":{"functional-code":{"insertions":9,"deletions":1}}}]}],"jxrrelo":[{"date":"2021-02-25","commitResults":[{"hash":"3d99c8fedcd9da79dac42b4487a0528998f5ec12","messageTitle":"Add photo to AboutUs","messageBody":"","fileTypesAndContributionMap":{"docs":{"insertions":3,"deletions":3}}},{"hash":"390518637d0196070fbce5ef1fd024f81a3b4f72","messageTitle":"Add personal portfolio","messageBody":"","fileTypesAndContributionMap":{"docs":{"insertions":42,"deletions":0}}},{"hash":"979a81603af76f10310f5926ebea611e5b5960b7","messageTitle":"Modify AboutUs","messageBody":"","fileTypesAndContributionMap":{"docs":{"insertions":3,"deletions":3}}},{"hash":"1e1a3f526e471e2227b00885f35f115e430aa80d","messageTitle":"Add use cases to DG","messageBody":"","fileTypesAndContributionMap":{"docs":{"insertions":99,"deletions":12}}}]},{"date":"2021-03-02","commitResults":[{"hash":"52529f2ea4b213589c58c86c895d6f31ee18972e","messageTitle":"Fix wrong file names for profile pictures and portfolios","messageBody":"","fileTypesAndContributionMap":{"docs":{"insertions":3,"deletions":3}}}]},{"date":"2021-03-11","commitResults":[{"hash":"a105d92db77f70172ed1e0139c3691e2a31292f3","messageTitle":"Add default categories","messageBody":"","fileTypesAndContributionMap":{"functional-code":{"insertions":5,"deletions":0}}},{"hash":"0ee8c0b0bbd57204277cbf4c84cb5fd07079d9b4","messageTitle":"Enable FR tagging to category","messageBody":"","fileTypesAndContributionMap":{"functional-code":{"insertions":40,"deletions":24}}},{"hash":"4f15a833a963def48f0f8285e72fce4fd838ada4","messageTitle":"Update error message invalid add-fr format","messageBody":"","fileTypesAndContributionMap":{"functional-code":{"insertions":4,"deletions":6}}},{"hash":"c573562f3ee1a9dbfbc5af39458faa97e9ed967c","messageTitle":"Update category flag","messageBody":"","fileTypesAndContributionMap":{"functional-code":{"insertions":138,"deletions":162},"other":{"insertions":5,"deletions":4},"docs":{"insertions":1,"deletions":1},"test-code":{"insertions":42,"deletions":50}}},{"hash":"14542a308196a9c381ca6a4d811a56d909d15faa","messageTitle":"Fix checkstyle issues","messageBody":"","fileTypesAndContributionMap":{"functional-code":{"insertions":40,"deletions":25},"test-code":{"insertions":16,"deletions":5}}}]},{"date":"2021-03-15","commitResults":[{"hash":"0db015cb67a651699e7bba53f090a140fd0ff0a1","messageTitle":"Add method to filter FRs by category","messageBody":"","fileTypesAndContributionMap":{"functional-code":{"insertions":14,"deletions":0}}}]},{"date":"2021-03-16","commitResults":[{"hash":"d16833681b3fc329705df15eac22a2b745bf6450","messageTitle":"Fix require non null","messageBody":"","fileTypesAndContributionMap":{"functional-code":{"insertions":1,"deletions":1}}},{"hash":"37e54bf1bd0a26c7463d55ee7dedcf31901c3655","messageTitle":"Added new files to handle category-fr command","messageBody":"","fileTypesAndContributionMap":{"functional-code":{"insertions":108,"deletions":4}}},{"hash":"e1d6c4d4a0b5b4c4b325b7276ce221fa70deeac4","messageTitle":"Filter by category handler","messageBody":"","fileTypesAndContributionMap":{"functional-code":{"insertions":52,"deletions":27}}},{"hash":"41488db1ba4ca85b029aa81cb0ecf99a70285db6","messageTitle":"Fix error message formatting issue","messageBody":"","fileTypesAndContributionMap":{"functional-code":{"insertions":3,"deletions":2}}},{"hash":"4cf4e9b160fe05a186a876eaccef167ac26d416d","messageTitle":"Fix checkstyle issues","messageBody":"","fileTypesAndContributionMap":{"functional-code":{"insertions":17,"deletions":16}}},{"hash":"dea6e1d2864f63d34312747db62aca39a419c5a6","messageTitle":"Modify filter","messageBody":"","fileTypesAndContributionMap":{"functional-code":{"insertions":7,"deletions":6}}},{"hash":"3b264d3a7bd6501b723ca716011c8d0d7fb49399","messageTitle":"Update JsonSerializing for categories","messageBody":"","fileTypesAndContributionMap":{"functional-code":{"insertions":14,"deletions":10}}},{"hash":"16e33eaf58cf4af0a6fd9f96ccd84958f21dc603","messageTitle":"Fix checkstyle errors","messageBody":"","fileTypesAndContributionMap":{"functional-code":{"insertions":5,"deletions":2}}}]},{"date":"2021-03-17","commitResults":[{"hash":"f3944dd1a932a67041e5dd7695ed7f86d5dcda8e","messageTitle":"Update user and developer guides","messageBody":"","fileTypesAndContributionMap":{"docs":{"insertions":32,"deletions":32}}}]},{"date":"2021-03-23","commitResults":[{"hash":"80627a47226726b338c5ab8a4234c6206faa354b","messageTitle":"Test filter function on FRs without categories","messageBody":"","fileTypesAndContributionMap":{"functional-code":{"insertions":6,"deletions":1}}},{"hash":"2495333663af2b98012f9aaa7730a2a9a937b456","messageTitle":"Update storage class diagram","messageBody":"","fileTypesAndContributionMap":{"functional-code":{"insertions":32,"deletions":0},"docs":{"insertions":9,"deletions":9}}},{"hash":"65a0672fbeb2596c31889c693c87fab60e91fb26","messageTitle":"Update DG with storage component diagram","messageBody":"","fileTypesAndContributionMap":{"docs":{"insertions":3,"deletions":3}}},{"hash":"56e7613f72a436661d659d29fdd5dec529276900","messageTitle":"Remove category predicate file","messageBody":"","fileTypesAndContributionMap":{"functional-code":{"insertions":0,"deletions":32}}}]},{"date":"2021-03-24","commitResults":[{"hash":"9616b0aecdf4a86721d1d60e248d0e194e1dc320","messageTitle":"Update filter function to work with categories","messageBody":"","fileTypesAndContributionMap":{"functional-code":{"insertions":4,"deletions":20}}},{"hash":"9933b851b817cc181c4a79b85d6fb16410c95223","messageTitle":"Add reset filter function","messageBody":"","fileTypesAndContributionMap":{"functional-code":{"insertions":86,"deletions":9}}},{"hash":"5e3e495fb9c57c6cc2d41a38bcfb4742ddbe6331","messageTitle":"Update javadocs","messageBody":"","fileTypesAndContributionMap":{"functional-code":{"insertions":12,"deletions":8},"other":{"insertions":13,"deletions":13}}},{"hash":"fd93631c225bfc03e93ffe554c91fb36a3a01db5","messageTitle":"Fix checkstyle errors","messageBody":"","fileTypesAndContributionMap":{"functional-code":{"insertions":9,"deletions":10}}},{"hash":"d81033afb0337f2fc89837085acde55e57629ea9","messageTitle":"Update UG and DG for filter command","messageBody":"","fileTypesAndContributionMap":{"docs":{"insertions":61,"deletions":5}}},{"hash":"5928f22b17554b79d41e43cc4f919a44e867e848","messageTitle":"Update DG","messageBody":"","fileTypesAndContributionMap":{"docs":{"insertions":8,"deletions":2}}},{"hash":"bad91dd5b5cca98f0513fe7d46c905b2a3b01caf","messageTitle":"Update DG","messageBody":"","fileTypesAndContributionMap":{"docs":{"insertions":2,"deletions":0}}},{"hash":"24b4e17c89101881f80f454c324e923a57150d27","messageTitle":"Add JUnit test for reset-filter command","messageBody":"","fileTypesAndContributionMap":{"functional-code":{"insertions":1,"deletions":0},"test-code":{"insertions":59,"deletions":0}}},{"hash":"df4e0f0a2e3652f44047c088bb5a7c4527f6c882","messageTitle":"Fix checkstyle errors","messageBody":"","fileTypesAndContributionMap":{"functional-code":{"insertions":7,"deletions":1},"test-code":{"insertions":28,"deletions":28}}}]},{"date":"2021-03-27","commitResults":[{"hash":"287cc8386e7bcd8c335e785d9aa160e1e31624e1","messageTitle":"Update filter categories to search command","messageBody":"","fileTypesAndContributionMap":{"functional-code":{"insertions":176,"deletions":104}}},{"hash":"3524d1a1dc8562ace6c42c791fd5683cbf71cb30","messageTitle":"Update search-fr to find-fr and handled more exceptions","messageBody":"","fileTypesAndContributionMap":{"functional-code":{"insertions":19,"deletions":19},"other":{"insertions":14,"deletions":13}}},{"hash":"f0685a892b9c1f30ca1e53825b0cac6adaf3e24a","messageTitle":"Fix checkstyle errors and update javadocs","messageBody":"","fileTypesAndContributionMap":{"functional-code":{"insertions":15,"deletions":9}}},{"hash":"4be062fec19110dde1f2d56db68448bb5973044f","messageTitle":"Exception handling for no matching results","messageBody":"","fileTypesAndContributionMap":{"functional-code":{"insertions":32,"deletions":22}}},{"hash":"0dffc5573d0f78449256d76addbe3a2399f97af0","messageTitle":"Update find-fr to accept multiple categories as flag","messageBody":"","fileTypesAndContributionMap":{"functional-code":{"insertions":24,"deletions":20}}},{"hash":"ded540242cd94a3a4b70cd42cf775a9922d48df8","messageTitle":"Update user guide","messageBody":"","fileTypesAndContributionMap":{"functional-code":{"insertions":3,"deletions":3},"docs":{"insertions":29,"deletions":22}}},{"hash":"6bdd9968b97e4cee6bf6d238cb098f5b316d13ab","messageTitle":"Save updates made to DG","messageBody":"","fileTypesAndContributionMap":{"docs":{"insertions":73,"deletions":5}}},{"hash":"9e782c0e0a8cc55d96f462b90c9cdc8942a5e32e","messageTitle":"Create back up for DG update","messageBody":"","fileTypesAndContributionMap":{"docs":{"insertions":49,"deletions":25}}},{"hash":"fc5a1eaa978241ea6b4800ec9952cc9386bca679","messageTitle":"Add diagrams to DG","messageBody":"","fileTypesAndContributionMap":{"docs":{"insertions":109,"deletions":3}}}]},{"date":"2021-03-28","commitResults":[{"hash":"e8903a6aef57c759df6f7af8913f274a0300e3c6","messageTitle":"Add diagrams to UG for reset function","messageBody":"","fileTypesAndContributionMap":{"docs":{"insertions":96,"deletions":3}}},{"hash":"2d40dbf9062521c23962a433605341b0ad2f5ba5","messageTitle":"Fix typo errors in DG","messageBody":"","fileTypesAndContributionMap":{"docs":{"insertions":6,"deletions":6}}},{"hash":"07a3ccea3a474b01ac4cff0ee9a1d79f2d72ca73","messageTitle":"Update UG table of contents, purpose and target audience","messageBody":"","fileTypesAndContributionMap":{"docs":{"insertions":22,"deletions":6}}},{"hash":"f3982b7f2cdc9f647ab6e5504e6531616c440b23","messageTitle":"Fix anchor issues in UG table of contents","messageBody":"","fileTypesAndContributionMap":{"docs":{"insertions":20,"deletions":20}}},{"hash":"a532825aeb7b1f5a133ccbd13b55c392d9068c11","messageTitle":"Fix anchor issues in UG TOC","messageBody":"","fileTypesAndContributionMap":{"docs":{"insertions":22,"deletions":19}}},{"hash":"824947c8d287726e11ea8aef93ad231702a5fc05","messageTitle":"Fix errors","messageBody":"","fileTypesAndContributionMap":{"docs":{"insertions":4,"deletions":2}}},{"hash":"fc6a9d2c946b6ef5f8c48d6f7b89f414d2dab961","messageTitle":"Fix anchor issues","messageBody":"","fileTypesAndContributionMap":{"docs":{"insertions":12,"deletions":11}}},{"hash":"c3ed80006ee4eec6b5c77834e37eb47dcfe7669e","messageTitle":"Update DG find feature","messageBody":"","fileTypesAndContributionMap":{"docs":{"insertions":1,"deletions":22}}}]},{"date":"2021-03-30","commitResults":[{"hash":"315c9ab0241bb196dbe33b4b3d159227f78b8c3a","messageTitle":"Update UG purpose and quick start","messageBody":"","fileTypesAndContributionMap":{"docs":{"insertions":2,"deletions":17}}}]},{"date":"2021-03-31","commitResults":[{"hash":"a18eaca3e1eb98e07ac348efc72b7659a3a4f452","messageTitle":"Add FindFr command unit test file","messageBody":"","fileTypesAndContributionMap":{"test-code":{"insertions":88,"deletions":0}}},{"hash":"6250147243883c6ad53d0d9b27db8fd031f69642","messageTitle":"Add screenshots and update UG undo/redo commands","messageBody":"","fileTypesAndContributionMap":{"docs":{"insertions":12,"deletions":3}}},{"hash":"ff510c8c03785a229dc3cf174e27f383c0e3cb76","messageTitle":"Add more coverage to FindFr unit tests","messageBody":"","fileTypesAndContributionMap":{"test-code":{"insertions":134,"deletions":88}}}]},{"date":"2021-04-01","commitResults":[{"hash":"fa1cdc309b52e41defa7edee68a80f31ad38182b","messageTitle":"Update findfr command unit tests","messageBody":"","fileTypesAndContributionMap":{"functional-code":{"insertions":6,"deletions":3},"test-code":{"insertions":34,"deletions":61}}},{"hash":"275744945d519d1ba27d3af95824861b692fc46d","messageTitle":"Update reset filter command unit tests","messageBody":"","fileTypesAndContributionMap":{"test-code":{"insertions":32,"deletions":46}}},{"hash":"8b7ecfd062b83817128e4bf6f6afea96449f8d7d","messageTitle":"Fix checkstyle","messageBody":"","fileTypesAndContributionMap":{"functional-code":{"insertions":1,"deletions":1},"test-code":{"insertions":35,"deletions":24}}}]},{"date":"2021-04-05","commitResults":[{"hash":"e5f1561d5ca9183f4f1b220f2aa300147b417e2c","messageTitle":"Allow spaces in category","messageBody":"","fileTypesAndContributionMap":{"functional-code":{"insertions":0,"deletions":16}}},{"hash":"2750bfbe18a343269b6ef5ab32b1997e21b7c227","messageTitle":"Add maximum character limit for categories","messageBody":"","fileTypesAndContributionMap":{"functional-code":{"insertions":17,"deletions":1}}},{"hash":"8af7566e1f6667be1761fae6aba5c4dfff84ecec","messageTitle":"Fix find results for no matching records","messageBody":"","fileTypesAndContributionMap":{"functional-code":{"insertions":3,"deletions":3}}},{"hash":"e113c2bce4f4151eba91a7b8d315726af95d95d6","messageTitle":"Fix reset filter to hard reset when filtered by months","messageBody":"","fileTypesAndContributionMap":{"functional-code":{"insertions":1,"deletions":0}}},{"hash":"08eb3b3bb6c8ad1aacd2ab10f573173964737bcc","messageTitle":"Fix find-fr for description from exact matching to substring","messageBody":"","fileTypesAndContributionMap":{"functional-code":{"insertions":4,"deletions":4}}},{"hash":"b4ce380d73ba26d6886898fa4a9d9907049af07c","messageTitle":"Update find-fr description in UG","messageBody":"","fileTypesAndContributionMap":{"docs":{"insertions":1,"deletions":1}}},{"hash":"a69585cb13c7811ffac1feadb4163c3e72112d52","messageTitle":"Fix typo in find-fr output","messageBody":"","fileTypesAndContributionMap":{"functional-code":{"insertions":1,"deletions":1}}},{"hash":"512d463a1194fe8a1009a59dca844e3323864030","messageTitle":"Fix reset-fr issue with unneccessary parameters","messageBody":"","fileTypesAndContributionMap":{"functional-code":{"insertions":1,"deletions":42}}},{"hash":"f3750e0f59cf3db54d435e127a2c04e3e111fbe5","messageTitle":"Comment out checkstyle failed test files","messageBody":"","fileTypesAndContributionMap":{"test-code":{"insertions":8,"deletions":5}}},{"hash":"5f03c5553c56582f83c13a7b63989e2266af3f8e","messageTitle":"Fix checkstyle errors","messageBody":"","fileTypesAndContributionMap":{"test-code":{"insertions":3,"deletions":6}}},{"hash":"2ee9c10428c1ad7effb98506e10487e4056e10f7","messageTitle":"Fix checkstyle errors","messageBody":"","fileTypesAndContributionMap":{"test-code":{"insertions":3,"deletions":3}}},{"hash":"7496d2bb505cfe63dc3064d1028e84e1fe939cd9","messageTitle":"Fix checkstyle errors","messageBody":"","fileTypesAndContributionMap":{"test-code":{"insertions":2,"deletions":3}}},{"hash":"eaa6b0d33b41e95b6187e7fae3206bbec895a0d0","messageTitle":"Re-run tests for find-fr","messageBody":"","fileTypesAndContributionMap":{"test-code":{"insertions":12,"deletions":8}}},{"hash":"95ca88736c5a25be93a935d3dbb9897747b72f1e","messageTitle":"Fix checkstyle errors","messageBody":"","fileTypesAndContributionMap":{"test-code":{"insertions":2,"deletions":2}}},{"hash":"cb9cf81f84aaaef085cf754742965f2aa1beacac","messageTitle":"Fix reset-filter test","messageBody":"","fileTypesAndContributionMap":{"test-code":{"insertions":6,"deletions":2}}},{"hash":"df42a0fbe067efd216a4ddd07bf4ea2fccc3db7f","messageTitle":"Add more coverage to find-fr test","messageBody":"","fileTypesAndContributionMap":{"test-code":{"insertions":20,"deletions":14}}},{"hash":"30bed4c2f65f34491ecba204371e7b6ac3c8edd5","messageTitle":"Add test for category and abstract with typical budget tracker","messageBody":"","fileTypesAndContributionMap":{"functional-code":{"insertions":6,"deletions":9},"other":{"insertions":1,"deletions":1},"test-code":{"insertions":96,"deletions":47}}},{"hash":"873950bb4fbb13d824f54526618480e5a6c08152","messageTitle":"Fix checkstyle errors","messageBody":"","fileTypesAndContributionMap":{"functional-code":{"insertions":3,"deletions":2},"test-code":{"insertions":10,"deletions":18}}}]},{"date":"2021-04-06","commitResults":[{"hash":"cd5c3285b02278438fc2c0887f23e460d8840c6b","messageTitle":"Refactor code","messageBody":"","fileTypesAndContributionMap":{"functional-code":{"insertions":19,"deletions":0},"test-code":{"insertions":35,"deletions":31}}},{"hash":"51fddf19a2e3313b256272efa441c0f7814bed56","messageTitle":"Add delete command unit tests","messageBody":"","fileTypesAndContributionMap":{"docs":{"insertions":3,"deletions":2},"test-code":{"insertions":260,"deletions":0}}},{"hash":"4cfc27d1f8f20e32baccceef61ab24a9afdb2f4d","messageTitle":"Add delete fr unit tests","messageBody":"","fileTypesAndContributionMap":{"functional-code":{"insertions":19,"deletions":12},"test-code":{"insertions":158,"deletions":129}}},{"hash":"6d71cdbf48a6c1203885a12edd5600b124bcd1f2","messageTitle":"Add set budget unit tests","messageBody":"","fileTypesAndContributionMap":{"functional-code":{"insertions":3,"deletions":0},"test-code":{"insertions":43,"deletions":0}}},{"hash":"58802e714f2558e2c0388d4b7d8141dffd56967d","messageTitle":"Add edit-fr unit tests","messageBody":"","fileTypesAndContributionMap":{"functional-code":{"insertions":53,"deletions":1},"test-code":{"insertions":91,"deletions":0}}},{"hash":"7689c4646e6a6f37018fdd928b17fb07406e0e48","messageTitle":"Fix typo error in edit command unit test","messageBody":"","fileTypesAndContributionMap":{"test-code":{"insertions":1,"deletions":1}}}]}]},"authorFileTypeContributionMap":{"natosy":{"docs":215,"functional-code":358,"test-code":0},"yuheem":{"docs":215,"functional-code":263,"test-code":27},"eksinyue":{"docs":193,"functional-code":3128,"test-code":435,"other":4},"deyixtan":{"docs":45,"functional-code":1188,"test-code":7},"jxrrelo":{"docs":481,"functional-code":546,"test-code":710}},"authorContributionVariance":{"natosy":6100.529,"yuheem":5174.7944,"eksinyue":573193.4,"deyixtan":9594.755,"jxrrelo":40738.633},"authorDisplayNameMap":{"natosy":"CS2103T-W14-2 ONG ..ASHA","yuheem":"CS2103T-W14-2 LAI ..HEEM","eksinyue":"CS2103T-W14-2 HE X..NYUE","deyixtan":"CS2103T-W14-2 TAN ..E YI","jxrrelo":"CS2103T-W14-2 LOH ..ARYL"}}
