[{"path":"README.md","fileType":"docs","lines":[{"lineNumber":1,"author":{"gitId":"Hzxin"},"content":"[![CI Status](https://github.com/AY2021S2-CS2103T-W15-1/tp/workflows/Java%20CI/badge.svg)](https://github.com/AY2021S2-CS2103T-W15-1/tp/actions)"},{"lineNumber":2,"author":{"gitId":"Hzxin"},"content":"[![codecov](https://codecov.io/gh/AY2021S2-CS2103T-W15-1/tp/branch/master/graph/badge.svg)](https://codecov.io/gh/AY2021S2-CS2103T-W15-1/tp)"},{"lineNumber":3,"author":{"gitId":"-"},"content":""},{"lineNumber":4,"author":{"gitId":"-"},"content":"![Ui](docs/images/Ui.png)"},{"lineNumber":5,"author":{"gitId":"-"},"content":""},{"lineNumber":6,"author":{"gitId":"-"},"content":"* This is **a sample project for Software Engineering (SE) students**.\u003cbr\u003e"},{"lineNumber":7,"author":{"gitId":"-"},"content":"  Example usages:"},{"lineNumber":8,"author":{"gitId":"-"},"content":"  * as a starting point of a course project (as opposed to writing everything from scratch)"},{"lineNumber":9,"author":{"gitId":"-"},"content":"  * as a case study"},{"lineNumber":10,"author":{"gitId":"-"},"content":"* The project simulates an ongoing software project for a desktop application (called _AddressBook_) used for managing contact details."},{"lineNumber":11,"author":{"gitId":"-"},"content":"  * It is **written in OOP fashion**. It provides a **reasonably well-written** code base **bigger** (around 6 KLoC) than what students usually write in beginner-level SE modules, without being overwhelmingly big."},{"lineNumber":12,"author":{"gitId":"-"},"content":"  * It comes with a **reasonable level of user and developer documentation**."},{"lineNumber":13,"author":{"gitId":"-"},"content":"* It is named `AddressBook Level 3` (`AB3` for short) because it was initially created as a part of a series of `AddressBook` projects (`Level 1`, `Level 2`, `Level 3` ...)."},{"lineNumber":14,"author":{"gitId":"-"},"content":"* For the detailed documentation of this project, see the **[Address Book Product Website](https://se-education.org/addressbook-level3)**."},{"lineNumber":15,"author":{"gitId":"-"},"content":"* This project is a **part of the se-education.org** initiative. If you would like to contribute code to this project, see [se-education.org](https://se-education.org#https://se-education.org/#contributing) for more info."},{"lineNumber":16,"author":{"gitId":"-"},"content":""},{"lineNumber":17,"author":{"gitId":"Hzxin"},"content":"### Site Map"},{"lineNumber":18,"author":{"gitId":"Hzxin"},"content":"[User Guide](docs/UserGuide.md)"},{"lineNumber":19,"author":{"gitId":"Hzxin"},"content":""},{"lineNumber":20,"author":{"gitId":"Hzxin"},"content":"[Developers Guide](docs/DeveloperGuide.md)"},{"lineNumber":21,"author":{"gitId":"Hzxin"},"content":""},{"lineNumber":22,"author":{"gitId":"Hzxin"},"content":"[About Us](docs/AboutUs.md)"},{"lineNumber":23,"author":{"gitId":"Hzxin"},"content":""},{"lineNumber":24,"author":{"gitId":"Hzxin"},"content":"### Acknowledgement"},{"lineNumber":25,"author":{"gitId":"Hzxin"},"content":"* This project is based on the AddressBook-Level3 project created by the [SE-EDU initiative](https://se-education.org)."}],"authorContributionMap":{"Hzxin":11,"-":14}},{"path":"docs/AboutUs.md","fileType":"docs","lines":[{"lineNumber":1,"author":{"gitId":"-"},"content":"---"},{"lineNumber":2,"author":{"gitId":"-"},"content":"layout: page"},{"lineNumber":3,"author":{"gitId":"-"},"content":"title: About Us"},{"lineNumber":4,"author":{"gitId":"-"},"content":"---"},{"lineNumber":5,"author":{"gitId":"-"},"content":""},{"lineNumber":6,"author":{"gitId":"-"},"content":"We are a team based in the [School of Computing, National University of Singapore](http://www.comp.nus.edu.sg)."},{"lineNumber":7,"author":{"gitId":"-"},"content":""},{"lineNumber":8,"author":{"gitId":"-"},"content":"You can reach us at the email `seer[at]comp.nus.edu.sg`"},{"lineNumber":9,"author":{"gitId":"-"},"content":""},{"lineNumber":10,"author":{"gitId":"-"},"content":"## Project team"},{"lineNumber":11,"author":{"gitId":"-"},"content":""},{"lineNumber":12,"author":{"gitId":"maikongeh"},"content":"### Michael Ong"},{"lineNumber":13,"author":{"gitId":"-"},"content":""},{"lineNumber":14,"author":{"gitId":"maikongeh"},"content":"\u003cimg src\u003d\"images/maikongeh.png\" width\u003d\"200px\"\u003e"},{"lineNumber":15,"author":{"gitId":"-"},"content":""},{"lineNumber":16,"author":{"gitId":"-"},"content":""},{"lineNumber":17,"author":{"gitId":"maikongeh"},"content":"[[github](https://github.com/maikongeh)]"},{"lineNumber":18,"author":{"gitId":"maikongeh"},"content":"[[portfolio](team/maikongeh.md)]"},{"lineNumber":19,"author":{"gitId":"-"},"content":""},{"lineNumber":20,"author":{"gitId":"maikongeh"},"content":"* Role: Developer"},{"lineNumber":21,"author":{"gitId":"maikongeh"},"content":"* Responsibility: Testing"},{"lineNumber":22,"author":{"gitId":"-"},"content":""},{"lineNumber":23,"author":{"gitId":"Hzxin"},"content":"### Huang Zhenxin"},{"lineNumber":24,"author":{"gitId":"-"},"content":""},{"lineNumber":25,"author":{"gitId":"Hzxin"},"content":"\u003cimg src\u003d\"images/hzxin.png\" width\u003d\"200px\"\u003e"},{"lineNumber":26,"author":{"gitId":"-"},"content":""},{"lineNumber":27,"author":{"gitId":"Hzxin"},"content":"[[github](http://github.com/Hzxin)]"},{"lineNumber":28,"author":{"gitId":"Hzxin"},"content":"[[portfolio](team/hzxin.md)]"},{"lineNumber":29,"author":{"gitId":"-"},"content":""},{"lineNumber":30,"author":{"gitId":"Hzxin"},"content":"* Role: Integration"},{"lineNumber":31,"author":{"gitId":"-"},"content":"* Responsibilities: UI"},{"lineNumber":32,"author":{"gitId":"-"},"content":""},{"lineNumber":33,"author":{"gitId":"jellymias"},"content":"### Jeremias Shae"},{"lineNumber":34,"author":{"gitId":"-"},"content":""},{"lineNumber":35,"author":{"gitId":"jellymias"},"content":"\u003cimg src\u003d\"images/jeremias.jpg\" width\u003d\"200px\"\u003e"},{"lineNumber":36,"author":{"gitId":"-"},"content":""},{"lineNumber":37,"author":{"gitId":"jellymias"},"content":"[[github](http://github.com/jellymias)]"},{"lineNumber":38,"author":{"gitId":"jellymias"},"content":"[[portfolio](team/jellymias.md)]"},{"lineNumber":39,"author":{"gitId":"-"},"content":"* Role: Developer"},{"lineNumber":40,"author":{"gitId":"jellymias"},"content":"* Responsibilities: Documentation, Testing"},{"lineNumber":41,"author":{"gitId":"-"},"content":""},{"lineNumber":42,"author":{"gitId":"banchiang"},"content":"### Chiang Kee Woon Jonathan"},{"lineNumber":43,"author":{"gitId":"-"},"content":""},{"lineNumber":44,"author":{"gitId":"banchiang"},"content":"\u003cimg src\u003d\"images/banchiang.png\" width\u003d\"200px\"\u003e"},{"lineNumber":45,"author":{"gitId":"-"},"content":""},{"lineNumber":46,"author":{"gitId":"banchiang"},"content":"[[github](http://github.com/banchiang)]"},{"lineNumber":47,"author":{"gitId":"banchiang"},"content":"[[portfolio](team/banchiang.md)]"},{"lineNumber":48,"author":{"gitId":"-"},"content":""},{"lineNumber":49,"author":{"gitId":"-"},"content":"* Role: Developer"},{"lineNumber":50,"author":{"gitId":"banchiang"},"content":"* Responsibilities: Code Quality checking"},{"lineNumber":51,"author":{"gitId":"-"},"content":""},{"lineNumber":52,"author":{"gitId":"markuz5116"},"content":"### Marcus Ong"},{"lineNumber":53,"author":{"gitId":"-"},"content":""},{"lineNumber":54,"author":{"gitId":"markuz5116"},"content":"\u003cimg src\u003d\"images/markuz5116.png\" width\u003d\"200px\"\u003e"},{"lineNumber":55,"author":{"gitId":"-"},"content":""},{"lineNumber":56,"author":{"gitId":"markuz5116"},"content":"[[github](http://github.com/markuz5116)]"},{"lineNumber":57,"author":{"gitId":"markuz5116"},"content":"[[portfolio](team/markuz5116.md)]"},{"lineNumber":58,"author":{"gitId":"-"},"content":""},{"lineNumber":59,"author":{"gitId":"markuz5116"},"content":"* Role: Team Lead"},{"lineNumber":60,"author":{"gitId":"markuz5116"},"content":"* Responsibilities: Deliverables and Deadlines"}],"authorContributionMap":{"markuz5116":6,"Hzxin":5,"jellymias":5,"banchiang":5,"maikongeh":6,"-":33}},{"path":"docs/DeveloperGuide.md","fileType":"docs","lines":[{"lineNumber":1,"author":{"gitId":"-"},"content":"---"},{"lineNumber":2,"author":{"gitId":"-"},"content":"layout: page"},{"lineNumber":3,"author":{"gitId":"-"},"content":"title: Developer Guide"},{"lineNumber":4,"author":{"gitId":"-"},"content":"---"},{"lineNumber":5,"author":{"gitId":"-"},"content":"* Table of Contents"},{"lineNumber":6,"author":{"gitId":"-"},"content":"{:toc}"},{"lineNumber":7,"author":{"gitId":"-"},"content":""},{"lineNumber":8,"author":{"gitId":"-"},"content":"--------------------------------------------------------------------------------------------------------------------"},{"lineNumber":9,"author":{"gitId":"-"},"content":""},{"lineNumber":10,"author":{"gitId":"-"},"content":"## **Setting up, getting started**"},{"lineNumber":11,"author":{"gitId":"-"},"content":""},{"lineNumber":12,"author":{"gitId":"-"},"content":"Refer to the guide [_Setting up and getting started_](SettingUp.md)."},{"lineNumber":13,"author":{"gitId":"-"},"content":""},{"lineNumber":14,"author":{"gitId":"-"},"content":"--------------------------------------------------------------------------------------------------------------------"},{"lineNumber":15,"author":{"gitId":"-"},"content":""},{"lineNumber":16,"author":{"gitId":"-"},"content":"## **Design**"},{"lineNumber":17,"author":{"gitId":"-"},"content":""},{"lineNumber":18,"author":{"gitId":"-"},"content":"### Architecture"},{"lineNumber":19,"author":{"gitId":"-"},"content":""},{"lineNumber":20,"author":{"gitId":"-"},"content":"\u003cimg src\u003d\"images/ArchitectureDiagram.png\" width\u003d\"450\" /\u003e"},{"lineNumber":21,"author":{"gitId":"-"},"content":""},{"lineNumber":22,"author":{"gitId":"-"},"content":"The ***Architecture Diagram*** given above explains the high-level design of the App. Given below is a quick overview of each component."},{"lineNumber":23,"author":{"gitId":"-"},"content":""},{"lineNumber":24,"author":{"gitId":"-"},"content":"\u003cdiv markdown\u003d\"span\" class\u003d\"alert alert-primary\"\u003e"},{"lineNumber":25,"author":{"gitId":"-"},"content":""},{"lineNumber":26,"author":{"gitId":"-"},"content":":bulb: **Tip:** The `.puml` files used to create diagrams in this document can be found in the [diagrams](https://github.com/se-edu/addressbook-level3/tree/master/docs/diagrams/) folder. Refer to the [_PlantUML Tutorial_ at se-edu/guides](https://se-education.org/guides/tutorials/plantUml.html) to learn how to create and edit diagrams."},{"lineNumber":27,"author":{"gitId":"-"},"content":""},{"lineNumber":28,"author":{"gitId":"-"},"content":"\u003c/div\u003e"},{"lineNumber":29,"author":{"gitId":"-"},"content":""},{"lineNumber":30,"author":{"gitId":"-"},"content":"**`Main`** has two classes called [`Main`](https://github.com/se-edu/addressbook-level3/tree/master/src/main/java/seedu/address/Main.java) and [`MainApp`](https://github.com/se-edu/addressbook-level3/tree/master/src/main/java/seedu/address/MainApp.java). It is responsible for,"},{"lineNumber":31,"author":{"gitId":"-"},"content":"* At app launch: Initializes the components in the correct sequence, and connects them up with each other."},{"lineNumber":32,"author":{"gitId":"-"},"content":"* At shut down: Shuts down the components and invokes cleanup methods where necessary."},{"lineNumber":33,"author":{"gitId":"-"},"content":""},{"lineNumber":34,"author":{"gitId":"-"},"content":"[**`Commons`**](#common-classes) represents a collection of classes used by multiple other components."},{"lineNumber":35,"author":{"gitId":"-"},"content":""},{"lineNumber":36,"author":{"gitId":"-"},"content":"The rest of the App consists of four components."},{"lineNumber":37,"author":{"gitId":"-"},"content":""},{"lineNumber":38,"author":{"gitId":"-"},"content":"* [**`UI`**](#ui-component): The UI of the App."},{"lineNumber":39,"author":{"gitId":"-"},"content":"* [**`Logic`**](#logic-component): The command executor."},{"lineNumber":40,"author":{"gitId":"-"},"content":"* [**`Model`**](#model-component): Holds the data of the App in memory."},{"lineNumber":41,"author":{"gitId":"-"},"content":"* [**`Storage`**](#storage-component): Reads data from, and writes data to, the hard disk."},{"lineNumber":42,"author":{"gitId":"-"},"content":""},{"lineNumber":43,"author":{"gitId":"-"},"content":"Each of the four components,"},{"lineNumber":44,"author":{"gitId":"-"},"content":""},{"lineNumber":45,"author":{"gitId":"-"},"content":"* defines its *API* in an `interface` with the same name as the Component."},{"lineNumber":46,"author":{"gitId":"-"},"content":"* exposes its functionality using a concrete `{Component Name}Manager` class (which implements the corresponding API `interface` mentioned in the previous point."},{"lineNumber":47,"author":{"gitId":"-"},"content":""},{"lineNumber":48,"author":{"gitId":"-"},"content":"For example, the `Logic` component (see the class diagram given below) defines its API in the `Logic.java` interface and exposes its functionality using the `LogicManager.java` class which implements the `Logic` interface."},{"lineNumber":49,"author":{"gitId":"-"},"content":""},{"lineNumber":50,"author":{"gitId":"-"},"content":"![Class Diagram of the Logic Component](images/LogicClassDiagram.png)"},{"lineNumber":51,"author":{"gitId":"-"},"content":""},{"lineNumber":52,"author":{"gitId":"-"},"content":"**How the architecture components interact with each other**"},{"lineNumber":53,"author":{"gitId":"-"},"content":""},{"lineNumber":54,"author":{"gitId":"-"},"content":"The *Sequence Diagram* below shows how the components interact with each other for the scenario where the user issues the command `delete 1`."},{"lineNumber":55,"author":{"gitId":"-"},"content":""},{"lineNumber":56,"author":{"gitId":"-"},"content":"\u003cimg src\u003d\"images/ArchitectureSequenceDiagram.png\" width\u003d\"574\" /\u003e"},{"lineNumber":57,"author":{"gitId":"-"},"content":""},{"lineNumber":58,"author":{"gitId":"-"},"content":"The sections below give more details of each component."},{"lineNumber":59,"author":{"gitId":"-"},"content":""},{"lineNumber":60,"author":{"gitId":"-"},"content":"### UI component"},{"lineNumber":61,"author":{"gitId":"-"},"content":""},{"lineNumber":62,"author":{"gitId":"-"},"content":"![Structure of the UI Component](images/UiClassDiagram.png)"},{"lineNumber":63,"author":{"gitId":"-"},"content":""},{"lineNumber":64,"author":{"gitId":"-"},"content":"**API** :"},{"lineNumber":65,"author":{"gitId":"-"},"content":"[`Ui.java`](https://github.com/se-edu/addressbook-level3/tree/master/src/main/java/seedu/address/ui/Ui.java)"},{"lineNumber":66,"author":{"gitId":"-"},"content":""},{"lineNumber":67,"author":{"gitId":"-"},"content":"The UI consists of a `MainWindow` that is made up of parts e.g.`CommandBox`, `ResultDisplay`, `PersonListPanel`, `StatusBarFooter` etc. All these, including the `MainWindow`, inherit from the abstract `UiPart` class."},{"lineNumber":68,"author":{"gitId":"-"},"content":""},{"lineNumber":69,"author":{"gitId":"-"},"content":"The `UI` component uses JavaFx UI framework. The layout of these UI parts are defined in matching `.fxml` files that are in the `src/main/resources/view` folder. For example, the layout of the [`MainWindow`](https://github.com/se-edu/addressbook-level3/tree/master/src/main/java/seedu/address/ui/MainWindow.java) is specified in [`MainWindow.fxml`](https://github.com/se-edu/addressbook-level3/tree/master/src/main/resources/view/MainWindow.fxml)"},{"lineNumber":70,"author":{"gitId":"-"},"content":""},{"lineNumber":71,"author":{"gitId":"-"},"content":"The `UI` component,"},{"lineNumber":72,"author":{"gitId":"-"},"content":""},{"lineNumber":73,"author":{"gitId":"-"},"content":"* Executes user commands using the `Logic` component."},{"lineNumber":74,"author":{"gitId":"-"},"content":"* Listens for changes to `Model` data so that the UI can be updated with the modified data."},{"lineNumber":75,"author":{"gitId":"-"},"content":""},{"lineNumber":76,"author":{"gitId":"-"},"content":"### Logic component"},{"lineNumber":77,"author":{"gitId":"-"},"content":""},{"lineNumber":78,"author":{"gitId":"-"},"content":"![Structure of the Logic Component](images/LogicClassDiagram.png)"},{"lineNumber":79,"author":{"gitId":"-"},"content":""},{"lineNumber":80,"author":{"gitId":"-"},"content":"**API** :"},{"lineNumber":81,"author":{"gitId":"-"},"content":"[`Logic.java`](https://github.com/se-edu/addressbook-level3/tree/master/src/main/java/seedu/address/logic/Logic.java)"},{"lineNumber":82,"author":{"gitId":"-"},"content":""},{"lineNumber":83,"author":{"gitId":"-"},"content":"1. `Logic` uses the `AddressBookParser` class to parse the user command."},{"lineNumber":84,"author":{"gitId":"-"},"content":"1. This results in a `Command` object which is executed by the `LogicManager`."},{"lineNumber":85,"author":{"gitId":"-"},"content":"1. The command execution can affect the `Model` (e.g. adding a person)."},{"lineNumber":86,"author":{"gitId":"-"},"content":"1. The result of the command execution is encapsulated as a `CommandResult` object which is passed back to the `Ui`."},{"lineNumber":87,"author":{"gitId":"-"},"content":"1. In addition, the `CommandResult` object can also instruct the `Ui` to perform certain actions, such as displaying help to the user."},{"lineNumber":88,"author":{"gitId":"-"},"content":""},{"lineNumber":89,"author":{"gitId":"-"},"content":"Given below is the Sequence Diagram for interactions within the `Logic` component for the `execute(\"delete 1\")` API call."},{"lineNumber":90,"author":{"gitId":"-"},"content":""},{"lineNumber":91,"author":{"gitId":"-"},"content":"![Interactions Inside the Logic Component for the `delete 1` Command](images/DeleteSequenceDiagram.png)"},{"lineNumber":92,"author":{"gitId":"-"},"content":""},{"lineNumber":93,"author":{"gitId":"-"},"content":"\u003cdiv markdown\u003d\"span\" class\u003d\"alert alert-info\"\u003e:information_source: **Note:** The lifeline for `DeleteCommandParser` should end at the destroy marker (X) but due to a limitation of PlantUML, the lifeline reaches the end of diagram."},{"lineNumber":94,"author":{"gitId":"-"},"content":"\u003c/div\u003e"},{"lineNumber":95,"author":{"gitId":"-"},"content":""},{"lineNumber":96,"author":{"gitId":"-"},"content":"### Model component"},{"lineNumber":97,"author":{"gitId":"-"},"content":""},{"lineNumber":98,"author":{"gitId":"-"},"content":"![Structure of the Model Component](images/ModelClassDiagram.png)"},{"lineNumber":99,"author":{"gitId":"-"},"content":""},{"lineNumber":100,"author":{"gitId":"-"},"content":"**API** : [`Model.java`](https://github.com/se-edu/addressbook-level3/tree/master/src/main/java/seedu/address/model/Model.java)"},{"lineNumber":101,"author":{"gitId":"-"},"content":""},{"lineNumber":102,"author":{"gitId":"-"},"content":"The `Model`,"},{"lineNumber":103,"author":{"gitId":"-"},"content":""},{"lineNumber":104,"author":{"gitId":"-"},"content":"* stores a `UserPref` object that represents the user’s preferences."},{"lineNumber":105,"author":{"gitId":"-"},"content":"* stores the address book data."},{"lineNumber":106,"author":{"gitId":"-"},"content":"* exposes an unmodifiable `ObservableList\u003cPerson\u003e` that can be \u0027observed\u0027 e.g. the UI can be bound to this list so that the UI automatically updates when the data in the list change."},{"lineNumber":107,"author":{"gitId":"-"},"content":"* does not depend on any of the other three components."},{"lineNumber":108,"author":{"gitId":"-"},"content":""},{"lineNumber":109,"author":{"gitId":"-"},"content":""},{"lineNumber":110,"author":{"gitId":"-"},"content":"\u003cdiv markdown\u003d\"span\" class\u003d\"alert alert-info\"\u003e:information_source: **Note:** An alternative (arguably, a more OOP) model is given below. It has a `Tag` list in the `AddressBook`, which `Person` references. This allows `AddressBook` to only require one `Tag` object per unique `Tag`, instead of each `Person` needing their own `Tag` object.\u003cbr\u003e"},{"lineNumber":111,"author":{"gitId":"-"},"content":"![BetterModelClassDiagram](images/BetterModelClassDiagram.png)"},{"lineNumber":112,"author":{"gitId":"-"},"content":""},{"lineNumber":113,"author":{"gitId":"-"},"content":"\u003c/div\u003e"},{"lineNumber":114,"author":{"gitId":"-"},"content":""},{"lineNumber":115,"author":{"gitId":"-"},"content":""},{"lineNumber":116,"author":{"gitId":"-"},"content":"### Storage component"},{"lineNumber":117,"author":{"gitId":"-"},"content":""},{"lineNumber":118,"author":{"gitId":"-"},"content":"![Structure of the Storage Component](images/StorageClassDiagram.png)"},{"lineNumber":119,"author":{"gitId":"-"},"content":""},{"lineNumber":120,"author":{"gitId":"-"},"content":"**API** : [`Storage.java`](https://github.com/se-edu/addressbook-level3/tree/master/src/main/java/seedu/address/storage/Storage.java)"},{"lineNumber":121,"author":{"gitId":"-"},"content":""},{"lineNumber":122,"author":{"gitId":"-"},"content":"The `Storage` component,"},{"lineNumber":123,"author":{"gitId":"-"},"content":"* can save `UserPref` objects in json format and read it back."},{"lineNumber":124,"author":{"gitId":"-"},"content":"* can save the address book data in json format and read it back."},{"lineNumber":125,"author":{"gitId":"-"},"content":""},{"lineNumber":126,"author":{"gitId":"-"},"content":"### Common classes"},{"lineNumber":127,"author":{"gitId":"-"},"content":""},{"lineNumber":128,"author":{"gitId":"-"},"content":"Classes used by multiple components are in the `seedu.addressbook.commons` package."},{"lineNumber":129,"author":{"gitId":"-"},"content":""},{"lineNumber":130,"author":{"gitId":"-"},"content":"--------------------------------------------------------------------------------------------------------------------"},{"lineNumber":131,"author":{"gitId":"-"},"content":""},{"lineNumber":132,"author":{"gitId":"-"},"content":"## **Implementation**"},{"lineNumber":133,"author":{"gitId":"-"},"content":""},{"lineNumber":134,"author":{"gitId":"-"},"content":"This section describes some noteworthy details on how certain features are implemented."},{"lineNumber":135,"author":{"gitId":"-"},"content":""},{"lineNumber":136,"author":{"gitId":"-"},"content":"### \\[Proposed\\] Undo/redo feature"},{"lineNumber":137,"author":{"gitId":"-"},"content":""},{"lineNumber":138,"author":{"gitId":"-"},"content":"#### Proposed Implementation"},{"lineNumber":139,"author":{"gitId":"-"},"content":""},{"lineNumber":140,"author":{"gitId":"-"},"content":"The proposed undo/redo mechanism is facilitated by `VersionedAddressBook`. It extends `AddressBook` with an undo/redo history, stored internally as an `addressBookStateList` and `currentStatePointer`. Additionally, it implements the following operations:"},{"lineNumber":141,"author":{"gitId":"-"},"content":""},{"lineNumber":142,"author":{"gitId":"-"},"content":"* `VersionedAddressBook#commit()` — Saves the current address book state in its history."},{"lineNumber":143,"author":{"gitId":"-"},"content":"* `VersionedAddressBook#undo()` — Restores the previous address book state from its history."},{"lineNumber":144,"author":{"gitId":"-"},"content":"* `VersionedAddressBook#redo()` — Restores a previously undone address book state from its history."},{"lineNumber":145,"author":{"gitId":"-"},"content":""},{"lineNumber":146,"author":{"gitId":"-"},"content":"These operations are exposed in the `Model` interface as `Model#commitAddressBook()`, `Model#undoAddressBook()` and `Model#redoAddressBook()` respectively."},{"lineNumber":147,"author":{"gitId":"-"},"content":""},{"lineNumber":148,"author":{"gitId":"-"},"content":"Given below is an example usage scenario and how the undo/redo mechanism behaves at each step."},{"lineNumber":149,"author":{"gitId":"-"},"content":""},{"lineNumber":150,"author":{"gitId":"-"},"content":"Step 1. The user launches the application for the first time. The `VersionedAddressBook` will be initialized with the initial address book state, and the `currentStatePointer` pointing to that single address book state."},{"lineNumber":151,"author":{"gitId":"-"},"content":""},{"lineNumber":152,"author":{"gitId":"-"},"content":"![UndoRedoState0](images/UndoRedoState0.png)"},{"lineNumber":153,"author":{"gitId":"-"},"content":""},{"lineNumber":154,"author":{"gitId":"-"},"content":"Step 2. The user executes `delete 5` command to delete the 5th person in the address book. The `delete` command calls `Model#commitAddressBook()`, causing the modified state of the address book after the `delete 5` command executes to be saved in the `addressBookStateList`, and the `currentStatePointer` is shifted to the newly inserted address book state."},{"lineNumber":155,"author":{"gitId":"-"},"content":""},{"lineNumber":156,"author":{"gitId":"-"},"content":"![UndoRedoState1](images/UndoRedoState1.png)"},{"lineNumber":157,"author":{"gitId":"-"},"content":""},{"lineNumber":158,"author":{"gitId":"-"},"content":"Step 3. The user executes `add n/David …​` to add a new person. The `add` command also calls `Model#commitAddressBook()`, causing another modified address book state to be saved into the `addressBookStateList`."},{"lineNumber":159,"author":{"gitId":"-"},"content":""},{"lineNumber":160,"author":{"gitId":"-"},"content":"![UndoRedoState2](images/UndoRedoState2.png)"},{"lineNumber":161,"author":{"gitId":"-"},"content":""},{"lineNumber":162,"author":{"gitId":"-"},"content":"\u003cdiv markdown\u003d\"span\" class\u003d\"alert alert-info\"\u003e:information_source: **Note:** If a command fails its execution, it will not call `Model#commitAddressBook()`, so the address book state will not be saved into the `addressBookStateList`."},{"lineNumber":163,"author":{"gitId":"-"},"content":""},{"lineNumber":164,"author":{"gitId":"-"},"content":"\u003c/div\u003e"},{"lineNumber":165,"author":{"gitId":"-"},"content":""},{"lineNumber":166,"author":{"gitId":"-"},"content":"Step 4. The user now decides that adding the person was a mistake, and decides to undo that action by executing the `undo` command. The `undo` command will call `Model#undoAddressBook()`, which will shift the `currentStatePointer` once to the left, pointing it to the previous address book state, and restores the address book to that state."},{"lineNumber":167,"author":{"gitId":"-"},"content":""},{"lineNumber":168,"author":{"gitId":"-"},"content":"![UndoRedoState3](images/UndoRedoState3.png)"},{"lineNumber":169,"author":{"gitId":"-"},"content":""},{"lineNumber":170,"author":{"gitId":"-"},"content":"\u003cdiv markdown\u003d\"span\" class\u003d\"alert alert-info\"\u003e:information_source: **Note:** If the `currentStatePointer` is at index 0, pointing to the initial AddressBook state, then there are no previous AddressBook states to restore. The `undo` command uses `Model#canUndoAddressBook()` to check if this is the case. If so, it will return an error to the user rather"},{"lineNumber":171,"author":{"gitId":"-"},"content":"than attempting to perform the undo."},{"lineNumber":172,"author":{"gitId":"-"},"content":""},{"lineNumber":173,"author":{"gitId":"-"},"content":"\u003c/div\u003e"},{"lineNumber":174,"author":{"gitId":"-"},"content":""},{"lineNumber":175,"author":{"gitId":"-"},"content":"The following sequence diagram shows how the undo operation works:"},{"lineNumber":176,"author":{"gitId":"-"},"content":""},{"lineNumber":177,"author":{"gitId":"-"},"content":"![UndoSequenceDiagram](images/UndoSequenceDiagram.png)"},{"lineNumber":178,"author":{"gitId":"-"},"content":""},{"lineNumber":179,"author":{"gitId":"-"},"content":"\u003cdiv markdown\u003d\"span\" class\u003d\"alert alert-info\"\u003e:information_source: **Note:** The lifeline for `UndoCommand` should end at the destroy marker (X) but due to a limitation of PlantUML, the lifeline reaches the end of diagram."},{"lineNumber":180,"author":{"gitId":"-"},"content":""},{"lineNumber":181,"author":{"gitId":"-"},"content":"\u003c/div\u003e"},{"lineNumber":182,"author":{"gitId":"-"},"content":""},{"lineNumber":183,"author":{"gitId":"-"},"content":"The `redo` command does the opposite — it calls `Model#redoAddressBook()`, which shifts the `currentStatePointer` once to the right, pointing to the previously undone state, and restores the address book to that state."},{"lineNumber":184,"author":{"gitId":"-"},"content":""},{"lineNumber":185,"author":{"gitId":"-"},"content":"\u003cdiv markdown\u003d\"span\" class\u003d\"alert alert-info\"\u003e:information_source: **Note:** If the `currentStatePointer` is at index `addressBookStateList.size() - 1`, pointing to the latest address book state, then there are no undone AddressBook states to restore. The `redo` command uses `Model#canRedoAddressBook()` to check if this is the case. If so, it will return an error to the user rather than attempting to perform the redo."},{"lineNumber":186,"author":{"gitId":"-"},"content":""},{"lineNumber":187,"author":{"gitId":"-"},"content":"\u003c/div\u003e"},{"lineNumber":188,"author":{"gitId":"-"},"content":""},{"lineNumber":189,"author":{"gitId":"-"},"content":"Step 5. The user then decides to execute the command `list`. Commands that do not modify the address book, such as `list`, will usually not call `Model#commitAddressBook()`, `Model#undoAddressBook()` or `Model#redoAddressBook()`. Thus, the `addressBookStateList` remains unchanged."},{"lineNumber":190,"author":{"gitId":"-"},"content":""},{"lineNumber":191,"author":{"gitId":"-"},"content":"![UndoRedoState4](images/UndoRedoState4.png)"},{"lineNumber":192,"author":{"gitId":"-"},"content":""},{"lineNumber":193,"author":{"gitId":"-"},"content":"Step 6. The user executes `clear`, which calls `Model#commitAddressBook()`. Since the `currentStatePointer` is not pointing at the end of the `addressBookStateList`, all address book states after the `currentStatePointer` will be purged. Reason: It no longer makes sense to redo the `add n/David …​` command. This is the behavior that most modern desktop applications follow."},{"lineNumber":194,"author":{"gitId":"-"},"content":""},{"lineNumber":195,"author":{"gitId":"-"},"content":"![UndoRedoState5](images/UndoRedoState5.png)"},{"lineNumber":196,"author":{"gitId":"-"},"content":""},{"lineNumber":197,"author":{"gitId":"-"},"content":"The following activity diagram summarizes what happens when a user executes a new command:"},{"lineNumber":198,"author":{"gitId":"-"},"content":""},{"lineNumber":199,"author":{"gitId":"-"},"content":"![CommitActivityDiagram](images/CommitActivityDiagram.png)"},{"lineNumber":200,"author":{"gitId":"-"},"content":""},{"lineNumber":201,"author":{"gitId":"-"},"content":"#### Design consideration:"},{"lineNumber":202,"author":{"gitId":"-"},"content":""},{"lineNumber":203,"author":{"gitId":"-"},"content":"##### Aspect: How undo \u0026 redo executes"},{"lineNumber":204,"author":{"gitId":"-"},"content":""},{"lineNumber":205,"author":{"gitId":"-"},"content":"* **Alternative 1 (current choice):** Saves the entire address book."},{"lineNumber":206,"author":{"gitId":"-"},"content":"  * Pros: Easy to implement."},{"lineNumber":207,"author":{"gitId":"-"},"content":"  * Cons: May have performance issues in terms of memory usage."},{"lineNumber":208,"author":{"gitId":"-"},"content":""},{"lineNumber":209,"author":{"gitId":"-"},"content":"* **Alternative 2:** Individual command knows how to undo/redo by"},{"lineNumber":210,"author":{"gitId":"-"},"content":"  itself."},{"lineNumber":211,"author":{"gitId":"-"},"content":"  * Pros: Will use less memory (e.g. for `delete`, just save the person being deleted)."},{"lineNumber":212,"author":{"gitId":"-"},"content":"  * Cons: We must ensure that the implementation of each individual command are correct."},{"lineNumber":213,"author":{"gitId":"-"},"content":""},{"lineNumber":214,"author":{"gitId":"-"},"content":"_{more aspects and alternatives to be added}_"},{"lineNumber":215,"author":{"gitId":"-"},"content":""},{"lineNumber":216,"author":{"gitId":"-"},"content":"### \\[Proposed\\] Data archiving"},{"lineNumber":217,"author":{"gitId":"-"},"content":""},{"lineNumber":218,"author":{"gitId":"-"},"content":"_{Explain here how the data archiving feature will be implemented}_"},{"lineNumber":219,"author":{"gitId":"-"},"content":""},{"lineNumber":220,"author":{"gitId":"-"},"content":""},{"lineNumber":221,"author":{"gitId":"-"},"content":"--------------------------------------------------------------------------------------------------------------------"},{"lineNumber":222,"author":{"gitId":"-"},"content":""},{"lineNumber":223,"author":{"gitId":"-"},"content":"## **Documentation, logging, testing, configuration, dev-ops**"},{"lineNumber":224,"author":{"gitId":"-"},"content":""},{"lineNumber":225,"author":{"gitId":"-"},"content":"* [Documentation guide](Documentation.md)"},{"lineNumber":226,"author":{"gitId":"-"},"content":"* [Testing guide](Testing.md)"},{"lineNumber":227,"author":{"gitId":"-"},"content":"* [Logging guide](Logging.md)"},{"lineNumber":228,"author":{"gitId":"-"},"content":"* [Configuration guide](Configuration.md)"},{"lineNumber":229,"author":{"gitId":"-"},"content":"* [DevOps guide](DevOps.md)"},{"lineNumber":230,"author":{"gitId":"-"},"content":""},{"lineNumber":231,"author":{"gitId":"-"},"content":"--------------------------------------------------------------------------------------------------------------------"},{"lineNumber":232,"author":{"gitId":"-"},"content":""},{"lineNumber":233,"author":{"gitId":"-"},"content":"## **Appendix: Requirements**"},{"lineNumber":234,"author":{"gitId":"-"},"content":""},{"lineNumber":235,"author":{"gitId":"-"},"content":"### Product scope"},{"lineNumber":236,"author":{"gitId":"-"},"content":""},{"lineNumber":237,"author":{"gitId":"-"},"content":"**Target user profile**:"},{"lineNumber":238,"author":{"gitId":"-"},"content":""},{"lineNumber":239,"author":{"gitId":"Hzxin"},"content":"* has a need to manage exams or events deadlines"},{"lineNumber":240,"author":{"gitId":"-"},"content":"* prefer desktop apps over other types"},{"lineNumber":241,"author":{"gitId":"Hzxin"},"content":"* tend to forget upcoming events/exams"},{"lineNumber":242,"author":{"gitId":"-"},"content":"* prefers typing to mouse interactions"},{"lineNumber":243,"author":{"gitId":"-"},"content":"* is reasonably comfortable using CLI apps"},{"lineNumber":244,"author":{"gitId":"-"},"content":""},{"lineNumber":245,"author":{"gitId":"Hzxin"},"content":"**Value proposition**: manage deadlines and events faster than a typical mouse/GUI driven app"},{"lineNumber":246,"author":{"gitId":"-"},"content":""},{"lineNumber":247,"author":{"gitId":"-"},"content":""},{"lineNumber":248,"author":{"gitId":"-"},"content":"### User stories"},{"lineNumber":249,"author":{"gitId":"-"},"content":""},{"lineNumber":250,"author":{"gitId":"-"},"content":"Priorities: High (must have) - `* * *`, Medium (nice to have) - `* *`, Low (unlikely to have) - `*`"},{"lineNumber":251,"author":{"gitId":"-"},"content":""},{"lineNumber":252,"author":{"gitId":"-"},"content":"| Priority | As a …​                                    | I want to …​                     | So that I can…​                                                        |"},{"lineNumber":253,"author":{"gitId":"-"},"content":"| -------- | ------------------------------------------ | ------------------------------ | ---------------------------------------------------------------------- |"},{"lineNumber":254,"author":{"gitId":"Hzxin"},"content":"| `* * *`  | new user                                   | see instructions help page     | refer to help page when I forget how to use the App                 |"},{"lineNumber":255,"author":{"gitId":"Hzxin"},"content":"| `* * *`  | student taking numerous modules            | add events/exams/assignments deadlines              |                                                                        |"},{"lineNumber":256,"author":{"gitId":"Hzxin"},"content":"| `* * *`  | user                                       | delete a deadline               | view the ones that matter                                  |"},{"lineNumber":257,"author":{"gitId":"Hzxin"},"content":"| `* * *`  | user                                       | edit a deadline          | can adjust schedule when there is a change of plan |"},{"lineNumber":258,"author":{"gitId":"Hzxin"},"content":"| `* *`    | user                                       | view events in a calendar view   | to have a better sense of the upcoming events                |"},{"lineNumber":259,"author":{"gitId":"Hzxin"},"content":"| `* *`      | forgetful student | get reminded about the most urgent events/assignments/exams          | finish the deadlines on time   "},{"lineNumber":260,"author":{"gitId":"Hzxin"},"content":"| `* `    | student                                    | distinguish among modules,exams and assignments | |"},{"lineNumber":261,"author":{"gitId":"Hzxin"},"content":"| `* `    | student                                     | view which friend of mine is enrolled in the same module/event | seek help from them |"},{"lineNumber":262,"author":{"gitId":"-"},"content":""},{"lineNumber":263,"author":{"gitId":"-"},"content":"*{More to be added}*"},{"lineNumber":264,"author":{"gitId":"-"},"content":""},{"lineNumber":265,"author":{"gitId":"-"},"content":"### Use cases"},{"lineNumber":266,"author":{"gitId":"-"},"content":""},{"lineNumber":267,"author":{"gitId":"-"},"content":"(For all use cases below, the **System** is the `AddressBook` and the **Actor** is the `user`, unless specified otherwise)"},{"lineNumber":268,"author":{"gitId":"-"},"content":""},{"lineNumber":269,"author":{"gitId":"-"},"content":"**Use case: Delete a person**"},{"lineNumber":270,"author":{"gitId":"-"},"content":""},{"lineNumber":271,"author":{"gitId":"-"},"content":"**MSS**"},{"lineNumber":272,"author":{"gitId":"-"},"content":""},{"lineNumber":273,"author":{"gitId":"-"},"content":"1.  User requests to list persons"},{"lineNumber":274,"author":{"gitId":"-"},"content":"2.  AddressBook shows a list of persons"},{"lineNumber":275,"author":{"gitId":"-"},"content":"3.  User requests to delete a specific person in the list"},{"lineNumber":276,"author":{"gitId":"-"},"content":"4.  AddressBook deletes the person"},{"lineNumber":277,"author":{"gitId":"-"},"content":""},{"lineNumber":278,"author":{"gitId":"-"},"content":"    Use case ends."},{"lineNumber":279,"author":{"gitId":"-"},"content":""},{"lineNumber":280,"author":{"gitId":"-"},"content":"**Extensions**"},{"lineNumber":281,"author":{"gitId":"-"},"content":""},{"lineNumber":282,"author":{"gitId":"-"},"content":"* 2a. The list is empty."},{"lineNumber":283,"author":{"gitId":"-"},"content":""},{"lineNumber":284,"author":{"gitId":"-"},"content":"  Use case ends."},{"lineNumber":285,"author":{"gitId":"-"},"content":""},{"lineNumber":286,"author":{"gitId":"-"},"content":"* 3a. The given index is invalid."},{"lineNumber":287,"author":{"gitId":"-"},"content":""},{"lineNumber":288,"author":{"gitId":"-"},"content":"    * 3a1. AddressBook shows an error message."},{"lineNumber":289,"author":{"gitId":"-"},"content":""},{"lineNumber":290,"author":{"gitId":"-"},"content":"      Use case resumes at step 2."},{"lineNumber":291,"author":{"gitId":"-"},"content":"    "},{"lineNumber":292,"author":{"gitId":"banchiang"},"content":"---"},{"lineNumber":293,"author":{"gitId":"banchiang"},"content":""},{"lineNumber":294,"author":{"gitId":"banchiang"},"content":"### Use Case: `UC01` - add assignment"},{"lineNumber":295,"author":{"gitId":"banchiang"},"content":""},{"lineNumber":296,"author":{"gitId":"banchiang"},"content":"**MSS:**"},{"lineNumber":297,"author":{"gitId":"banchiang"},"content":""},{"lineNumber":298,"author":{"gitId":"banchiang"},"content":"1. User enters the details of assignment."},{"lineNumber":299,"author":{"gitId":"banchiang"},"content":"2. System adds assignment and displays assignments info."},{"lineNumber":300,"author":{"gitId":"banchiang"},"content":"\u003cbr\u003e Use case ends."},{"lineNumber":301,"author":{"gitId":"banchiang"},"content":"   "},{"lineNumber":302,"author":{"gitId":"banchiang"},"content":"**Extensions:**"},{"lineNumber":303,"author":{"gitId":"banchiang"},"content":""},{"lineNumber":304,"author":{"gitId":"banchiang"},"content":"* 1a. System detects an error in format in entered data."},{"lineNumber":305,"author":{"gitId":"banchiang"},"content":"    * 1a1. System display error message."},{"lineNumber":306,"author":{"gitId":"banchiang"},"content":"    \u003cbr\u003e Use case ends."},{"lineNumber":307,"author":{"gitId":"banchiang"},"content":""},{"lineNumber":308,"author":{"gitId":"banchiang"},"content":"### Use Case: `UC02` - delete assignment"},{"lineNumber":309,"author":{"gitId":"banchiang"},"content":""},{"lineNumber":310,"author":{"gitId":"banchiang"},"content":"**MSS:**"},{"lineNumber":311,"author":{"gitId":"banchiang"},"content":""},{"lineNumber":312,"author":{"gitId":"banchiang"},"content":"1. User enters number to delete a assignment."},{"lineNumber":313,"author":{"gitId":"banchiang"},"content":"2. System deletes assignment and displays assignments info."},{"lineNumber":314,"author":{"gitId":"banchiang"},"content":"   \u003cbr\u003e Use case ends."},{"lineNumber":315,"author":{"gitId":"banchiang"},"content":""},{"lineNumber":316,"author":{"gitId":"banchiang"},"content":"**Extensions:**"},{"lineNumber":317,"author":{"gitId":"banchiang"},"content":""},{"lineNumber":318,"author":{"gitId":"banchiang"},"content":"* 1a. System detects an error in number in entered data (out of range)."},{"lineNumber":319,"author":{"gitId":"banchiang"},"content":"    * 1a1. System display error message."},{"lineNumber":320,"author":{"gitId":"banchiang"},"content":"      \u003cbr\u003e Use case ends."},{"lineNumber":321,"author":{"gitId":"banchiang"},"content":""},{"lineNumber":322,"author":{"gitId":"banchiang"},"content":"### Use Case: `UC03` - view assignments"},{"lineNumber":323,"author":{"gitId":"banchiang"},"content":""},{"lineNumber":324,"author":{"gitId":"banchiang"},"content":"**MSS:**"},{"lineNumber":325,"author":{"gitId":"banchiang"},"content":""},{"lineNumber":326,"author":{"gitId":"banchiang"},"content":"1. User enters the command to view assignments."},{"lineNumber":327,"author":{"gitId":"banchiang"},"content":"2. System shows list of assignments."},{"lineNumber":328,"author":{"gitId":"banchiang"},"content":"   \u003cbr\u003e Use case ends."},{"lineNumber":329,"author":{"gitId":"banchiang"},"content":""},{"lineNumber":330,"author":{"gitId":"banchiang"},"content":"**Extensions:**"},{"lineNumber":331,"author":{"gitId":"banchiang"},"content":""},{"lineNumber":332,"author":{"gitId":"banchiang"},"content":"* 1a. System detects an error in formatting of command."},{"lineNumber":333,"author":{"gitId":"banchiang"},"content":"    * 1a1. System display error message."},{"lineNumber":334,"author":{"gitId":"banchiang"},"content":"      \u003cbr\u003e Use case ends."},{"lineNumber":335,"author":{"gitId":"banchiang"},"content":""},{"lineNumber":336,"author":{"gitId":"banchiang"},"content":"### Use Case: `UC04` - view events"},{"lineNumber":337,"author":{"gitId":"banchiang"},"content":""},{"lineNumber":338,"author":{"gitId":"banchiang"},"content":"**MSS:**"},{"lineNumber":339,"author":{"gitId":"banchiang"},"content":""},{"lineNumber":340,"author":{"gitId":"banchiang"},"content":"1. User enters the command to view events."},{"lineNumber":341,"author":{"gitId":"banchiang"},"content":"2. System shows list of events."},{"lineNumber":342,"author":{"gitId":"banchiang"},"content":"   \u003cbr\u003e Use case ends."},{"lineNumber":343,"author":{"gitId":"banchiang"},"content":""},{"lineNumber":344,"author":{"gitId":"banchiang"},"content":"**Extensions:**"},{"lineNumber":345,"author":{"gitId":"banchiang"},"content":""},{"lineNumber":346,"author":{"gitId":"banchiang"},"content":"* 1a. System detects an error in formatting of command."},{"lineNumber":347,"author":{"gitId":"banchiang"},"content":"    * 1a1. System display error message."},{"lineNumber":348,"author":{"gitId":"banchiang"},"content":"      \u003cbr\u003e Use case ends."},{"lineNumber":349,"author":{"gitId":"banchiang"},"content":""},{"lineNumber":350,"author":{"gitId":"banchiang"},"content":"### Use Case: `UC05` - toggle reminder"},{"lineNumber":351,"author":{"gitId":"banchiang"},"content":""},{"lineNumber":352,"author":{"gitId":"banchiang"},"content":"**MSS:**"},{"lineNumber":353,"author":{"gitId":"banchiang"},"content":""},{"lineNumber":354,"author":{"gitId":"banchiang"},"content":"1. User wants to turn on reminder for system."},{"lineNumber":355,"author":{"gitId":"banchiang"},"content":"2. User enters command to turn on reminder."},{"lineNumber":356,"author":{"gitId":"banchiang"},"content":"3. System display message that reminder is on."},{"lineNumber":357,"author":{"gitId":"banchiang"},"content":"   \u003cbr\u003e Step 1 - 3 are the same for off."},{"lineNumber":358,"author":{"gitId":"banchiang"},"content":"   \u003cbr\u003e Use case ends at step 3."},{"lineNumber":359,"author":{"gitId":"banchiang"},"content":""},{"lineNumber":360,"author":{"gitId":"banchiang"},"content":"**Extensions:**"},{"lineNumber":361,"author":{"gitId":"banchiang"},"content":""},{"lineNumber":362,"author":{"gitId":"banchiang"},"content":"* 2a. System detects an error in formatting of command."},{"lineNumber":363,"author":{"gitId":"banchiang"},"content":"    * 2a1. System display error message."},{"lineNumber":364,"author":{"gitId":"banchiang"},"content":"      \u003cbr\u003e Use case ends."},{"lineNumber":365,"author":{"gitId":"banchiang"},"content":""},{"lineNumber":366,"author":{"gitId":"banchiang"},"content":"### Use Case: `UC06` - view help"},{"lineNumber":367,"author":{"gitId":"banchiang"},"content":""},{"lineNumber":368,"author":{"gitId":"banchiang"},"content":"**MSS:**"},{"lineNumber":369,"author":{"gitId":"banchiang"},"content":""},{"lineNumber":370,"author":{"gitId":"banchiang"},"content":"1. User enters the command to view help."},{"lineNumber":371,"author":{"gitId":"banchiang"},"content":"2. System shows help and url for more in depth help."},{"lineNumber":372,"author":{"gitId":"banchiang"},"content":"   \u003cbr\u003e Use case ends."},{"lineNumber":373,"author":{"gitId":"banchiang"},"content":""},{"lineNumber":374,"author":{"gitId":"banchiang"},"content":"**Extensions:**"},{"lineNumber":375,"author":{"gitId":"banchiang"},"content":""},{"lineNumber":376,"author":{"gitId":"banchiang"},"content":"* 1a. System detects an error in formatting of command."},{"lineNumber":377,"author":{"gitId":"banchiang"},"content":"    * 1a1. System display error message."},{"lineNumber":378,"author":{"gitId":"banchiang"},"content":"      \u003cbr\u003e Use case ends."},{"lineNumber":379,"author":{"gitId":"banchiang"},"content":""},{"lineNumber":380,"author":{"gitId":"banchiang"},"content":"### Use Case: `UC07` - view calendar"},{"lineNumber":381,"author":{"gitId":"banchiang"},"content":""},{"lineNumber":382,"author":{"gitId":"banchiang"},"content":"**MSS:**"},{"lineNumber":383,"author":{"gitId":"banchiang"},"content":""},{"lineNumber":384,"author":{"gitId":"banchiang"},"content":"1. User enters the command to view calendar."},{"lineNumber":385,"author":{"gitId":"banchiang"},"content":"2. System shows calendar."},{"lineNumber":386,"author":{"gitId":"banchiang"},"content":"   \u003cbr\u003e Use case ends."},{"lineNumber":387,"author":{"gitId":"banchiang"},"content":""},{"lineNumber":388,"author":{"gitId":"banchiang"},"content":"**Extensions:**"},{"lineNumber":389,"author":{"gitId":"banchiang"},"content":""},{"lineNumber":390,"author":{"gitId":"banchiang"},"content":"* 1a. System detects an error in formatting of command."},{"lineNumber":391,"author":{"gitId":"banchiang"},"content":"    * 1a1. System display error message."},{"lineNumber":392,"author":{"gitId":"banchiang"},"content":"      \u003cbr\u003e Use case ends."},{"lineNumber":393,"author":{"gitId":"banchiang"},"content":""},{"lineNumber":394,"author":{"gitId":"banchiang"},"content":"### Use Case: `UC08` - save data"},{"lineNumber":395,"author":{"gitId":"banchiang"},"content":""},{"lineNumber":396,"author":{"gitId":"banchiang"},"content":"**MSS:**"},{"lineNumber":397,"author":{"gitId":"banchiang"},"content":""},{"lineNumber":398,"author":{"gitId":"banchiang"},"content":"1. User enters the command to sava data."},{"lineNumber":399,"author":{"gitId":"banchiang"},"content":"2. System saves data and show saved message."},{"lineNumber":400,"author":{"gitId":"banchiang"},"content":"   \u003cbr\u003e Use case ends."},{"lineNumber":401,"author":{"gitId":"banchiang"},"content":""},{"lineNumber":402,"author":{"gitId":"banchiang"},"content":"**Extensions:**"},{"lineNumber":403,"author":{"gitId":"banchiang"},"content":""},{"lineNumber":404,"author":{"gitId":"banchiang"},"content":"* 1a. System detects an error in formatting of command."},{"lineNumber":405,"author":{"gitId":"banchiang"},"content":"    * 1a1. System display error message."},{"lineNumber":406,"author":{"gitId":"banchiang"},"content":"      \u003cbr\u003e Use case ends."},{"lineNumber":407,"author":{"gitId":"banchiang"},"content":""},{"lineNumber":408,"author":{"gitId":"banchiang"},"content":"### Use Case: `UC09` - edit data"},{"lineNumber":409,"author":{"gitId":"banchiang"},"content":""},{"lineNumber":410,"author":{"gitId":"banchiang"},"content":"**MSS:**"},{"lineNumber":411,"author":{"gitId":"banchiang"},"content":""},{"lineNumber":412,"author":{"gitId":"banchiang"},"content":"1. User enters the command to edit data."},{"lineNumber":413,"author":{"gitId":"banchiang"},"content":"2. System edit data and show edited message."},{"lineNumber":414,"author":{"gitId":"banchiang"},"content":"   \u003cbr\u003e Use case ends."},{"lineNumber":415,"author":{"gitId":"banchiang"},"content":""},{"lineNumber":416,"author":{"gitId":"banchiang"},"content":"**Extensions:**"},{"lineNumber":417,"author":{"gitId":"-"},"content":""},{"lineNumber":418,"author":{"gitId":"banchiang"},"content":"* 1a. System detects an error in formatting of command."},{"lineNumber":419,"author":{"gitId":"banchiang"},"content":"    * 1a1. System display error message."},{"lineNumber":420,"author":{"gitId":"banchiang"},"content":"      \u003cbr\u003e Use case ends."},{"lineNumber":421,"author":{"gitId":"banchiang"},"content":"      "},{"lineNumber":422,"author":{"gitId":"-"},"content":"*{More to be added}*"},{"lineNumber":423,"author":{"gitId":"-"},"content":""},{"lineNumber":424,"author":{"gitId":"-"},"content":"### Non-Functional Requirements"},{"lineNumber":425,"author":{"gitId":"-"},"content":""},{"lineNumber":426,"author":{"gitId":"-"},"content":"1.  Should work on any _mainstream OS_ as long as it has Java `11` or above installed."},{"lineNumber":427,"author":{"gitId":"-"},"content":"2.  Should be able to hold up to 1000 persons without a noticeable sluggishness in performance for typical usage."},{"lineNumber":428,"author":{"gitId":"-"},"content":"3.  A user with above average typing speed for regular English text (i.e. not code, not system admin commands) should be able to accomplish most of the tasks faster using commands than using the mouse."},{"lineNumber":429,"author":{"gitId":"-"},"content":""},{"lineNumber":430,"author":{"gitId":"-"},"content":"*{More to be added}*"},{"lineNumber":431,"author":{"gitId":"-"},"content":""},{"lineNumber":432,"author":{"gitId":"-"},"content":"### Glossary"},{"lineNumber":433,"author":{"gitId":"-"},"content":""},{"lineNumber":434,"author":{"gitId":"-"},"content":"* **Mainstream OS**: Windows, Linux, Unix, OS-X"},{"lineNumber":435,"author":{"gitId":"Hzxin"},"content":"* **Module**: A school module consists of module ID and module name. "},{"lineNumber":436,"author":{"gitId":"Hzxin"},"content":"* **Examination**: Consists of a start time, end time and date which it occurs on and the relevant module."},{"lineNumber":437,"author":{"gitId":"Hzxin"},"content":"* **Event**: Consists of a start time, end time, and the date which it occurs on."},{"lineNumber":438,"author":{"gitId":"Hzxin"},"content":"* **Assignment**: Consists of a deadlines and the relevant module."},{"lineNumber":439,"author":{"gitId":"-"},"content":""},{"lineNumber":440,"author":{"gitId":"-"},"content":"--------------------------------------------------------------------------------------------------------------------"},{"lineNumber":441,"author":{"gitId":"-"},"content":""},{"lineNumber":442,"author":{"gitId":"-"},"content":"## **Appendix: Instructions for manual testing**"},{"lineNumber":443,"author":{"gitId":"-"},"content":""},{"lineNumber":444,"author":{"gitId":"-"},"content":"Given below are instructions to test the app manually."},{"lineNumber":445,"author":{"gitId":"-"},"content":""},{"lineNumber":446,"author":{"gitId":"-"},"content":"\u003cdiv markdown\u003d\"span\" class\u003d\"alert alert-info\"\u003e:information_source: **Note:** These instructions only provide a starting point for testers to work on;"},{"lineNumber":447,"author":{"gitId":"-"},"content":"testers are expected to do more *exploratory* testing."},{"lineNumber":448,"author":{"gitId":"-"},"content":""},{"lineNumber":449,"author":{"gitId":"-"},"content":"\u003c/div\u003e"},{"lineNumber":450,"author":{"gitId":"-"},"content":""},{"lineNumber":451,"author":{"gitId":"-"},"content":"### Launch and shutdown"},{"lineNumber":452,"author":{"gitId":"-"},"content":""},{"lineNumber":453,"author":{"gitId":"-"},"content":"1. Initial launch"},{"lineNumber":454,"author":{"gitId":"-"},"content":""},{"lineNumber":455,"author":{"gitId":"-"},"content":"   1. Download the jar file and copy into an empty folder"},{"lineNumber":456,"author":{"gitId":"-"},"content":""},{"lineNumber":457,"author":{"gitId":"-"},"content":"   1. Double-click the jar file Expected: Shows the GUI with a set of sample contacts. The window size may not be optimum."},{"lineNumber":458,"author":{"gitId":"-"},"content":""},{"lineNumber":459,"author":{"gitId":"-"},"content":"1. Saving window preferences"},{"lineNumber":460,"author":{"gitId":"-"},"content":""},{"lineNumber":461,"author":{"gitId":"-"},"content":"   1. Resize the window to an optimum size. Move the window to a different location. Close the window."},{"lineNumber":462,"author":{"gitId":"-"},"content":""},{"lineNumber":463,"author":{"gitId":"-"},"content":"   1. Re-launch the app by double-clicking the jar file.\u003cbr\u003e"},{"lineNumber":464,"author":{"gitId":"-"},"content":"       Expected: The most recent window size and location is retained."},{"lineNumber":465,"author":{"gitId":"-"},"content":""},{"lineNumber":466,"author":{"gitId":"-"},"content":"1. _{ more test cases …​ }_"},{"lineNumber":467,"author":{"gitId":"-"},"content":""},{"lineNumber":468,"author":{"gitId":"-"},"content":"### Deleting a person"},{"lineNumber":469,"author":{"gitId":"-"},"content":""},{"lineNumber":470,"author":{"gitId":"-"},"content":"1. Deleting a person while all persons are being shown"},{"lineNumber":471,"author":{"gitId":"-"},"content":""},{"lineNumber":472,"author":{"gitId":"-"},"content":"   1. Prerequisites: List all persons using the `list` command. Multiple persons in the list."},{"lineNumber":473,"author":{"gitId":"-"},"content":""},{"lineNumber":474,"author":{"gitId":"-"},"content":"   1. Test case: `delete 1`\u003cbr\u003e"},{"lineNumber":475,"author":{"gitId":"-"},"content":"      Expected: First contact is deleted from the list. Details of the deleted contact shown in the status message. Timestamp in the status bar is updated."},{"lineNumber":476,"author":{"gitId":"-"},"content":""},{"lineNumber":477,"author":{"gitId":"-"},"content":"   1. Test case: `delete 0`\u003cbr\u003e"},{"lineNumber":478,"author":{"gitId":"-"},"content":"      Expected: No person is deleted. Error details shown in the status message. Status bar remains the same."},{"lineNumber":479,"author":{"gitId":"-"},"content":""},{"lineNumber":480,"author":{"gitId":"-"},"content":"   1. Other incorrect delete commands to try: `delete`, `delete x`, `...` (where x is larger than the list size)\u003cbr\u003e"},{"lineNumber":481,"author":{"gitId":"-"},"content":"      Expected: Similar to previous."},{"lineNumber":482,"author":{"gitId":"-"},"content":""},{"lineNumber":483,"author":{"gitId":"-"},"content":"1. _{ more test cases …​ }_"},{"lineNumber":484,"author":{"gitId":"-"},"content":""},{"lineNumber":485,"author":{"gitId":"-"},"content":"### Saving data"},{"lineNumber":486,"author":{"gitId":"-"},"content":""},{"lineNumber":487,"author":{"gitId":"-"},"content":"1. Dealing with missing/corrupted data files"},{"lineNumber":488,"author":{"gitId":"-"},"content":""},{"lineNumber":489,"author":{"gitId":"-"},"content":"   1. _{explain how to simulate a missing/corrupted file, and the expected behavior}_"},{"lineNumber":490,"author":{"gitId":"-"},"content":""},{"lineNumber":491,"author":{"gitId":"-"},"content":"1. _{ more test cases …​ }_"}],"authorContributionMap":{"Hzxin":15,"banchiang":129,"-":347}},{"path":"docs/UserGuide.md","fileType":"docs","lines":[{"lineNumber":1,"author":{"gitId":"-"},"content":"---"},{"lineNumber":2,"author":{"gitId":"-"},"content":"layout: page"},{"lineNumber":3,"author":{"gitId":"-"},"content":"title: User Guide"},{"lineNumber":4,"author":{"gitId":"-"},"content":"---"},{"lineNumber":5,"author":{"gitId":"-"},"content":""},{"lineNumber":6,"author":{"gitId":"Hzxin"},"content":"RemindMe User Guide v1.1"},{"lineNumber":7,"author":{"gitId":"-"},"content":"---"},{"lineNumber":8,"author":{"gitId":"Hzxin"},"content":"This user guide provide [start-up](#start-up) instructions as well as detailed descriptions and usage of"},{"lineNumber":9,"author":{"gitId":"Hzxin"},"content":"all the [features](#features) in the RemindMe app. You can also access the product website via this [link.](https://ay2021s2-cs2103t-w15-1.github.io/tp/)"},{"lineNumber":10,"author":{"gitId":"-"},"content":""},{"lineNumber":11,"author":{"gitId":"Hzxin"},"content":"\u003cdiv style\u003d\"page-break-after: always;\"\u003e\u003c/div\u003e"},{"lineNumber":12,"author":{"gitId":"-"},"content":""},{"lineNumber":13,"author":{"gitId":"Hzxin"},"content":"## Table of Contents"},{"lineNumber":14,"author":{"gitId":"-"},"content":""},{"lineNumber":15,"author":{"gitId":"Hzxin"},"content":"* **[Introduction](#introduction)**"},{"lineNumber":16,"author":{"gitId":"Hzxin"},"content":"* **[Start-up](#Start-up)**"},{"lineNumber":17,"author":{"gitId":"Hzxin"},"content":"* **[Features](#features)**"},{"lineNumber":18,"author":{"gitId":"Hzxin"},"content":"    * **[1. Show help page : `help`]()**"},{"lineNumber":19,"author":{"gitId":"jellymias"},"content":"    * **[2. Add an event/examination: `event/deadline (DESCRIPTION) (DD/MM/YYYY TIME)`]()**"},{"lineNumber":20,"author":{"gitId":"jellymias"},"content":"    * **[3. Delete an event/examination: `delete (INDEX)`]()**"},{"lineNumber":21,"author":{"gitId":"jellymias"},"content":"    * **[4. Edit a task]()**"},{"lineNumber":22,"author":{"gitId":"jellymias"},"content":"    * **[5. Delete a task]()**"},{"lineNumber":23,"author":{"gitId":"jellymias"},"content":"    * **[6. Calendar View]()**"},{"lineNumber":24,"author":{"gitId":"jellymias"},"content":"    * **[7. Pop-up Reminder]()**"},{"lineNumber":25,"author":{"gitId":"Hzxin"},"content":"* **[Glossary](#glossary)**"},{"lineNumber":26,"author":{"gitId":"Hzxin"},"content":"* **[Command summary](#command-summary)**"},{"lineNumber":27,"author":{"gitId":"-"},"content":""},{"lineNumber":28,"author":{"gitId":"Hzxin"},"content":"\u003cdiv style\u003d\"page-break-after: always;\"\u003e\u003c/div\u003e"},{"lineNumber":29,"author":{"gitId":"-"},"content":""},{"lineNumber":30,"author":{"gitId":"-"},"content":"--------------------------------------------------------------------------------------------------------------------"},{"lineNumber":31,"author":{"gitId":"-"},"content":""},{"lineNumber":32,"author":{"gitId":"Hzxin"},"content":"## Introduction"},{"lineNumber":33,"author":{"gitId":"Hzxin"},"content":"RemindMe is a desktop app for keeping track of user events and deadlines,"},{"lineNumber":34,"author":{"gitId":"Hzxin"},"content":"optimized for use via Command Line Interface(CLI) while still having the benefits of a Graphic User Interface(GUI)."},{"lineNumber":35,"author":{"gitId":"-"},"content":""},{"lineNumber":36,"author":{"gitId":"Hzxin"},"content":"Objectives of RemindMe:"},{"lineNumber":37,"author":{"gitId":"Hzxin"},"content":"1. Allow students to be aware of deadlines of school events and exams."},{"lineNumber":38,"author":{"gitId":"Hzxin"},"content":"2. Allow students to have a calendar view of their school curriculums/schedules. "},{"lineNumber":39,"author":{"gitId":"-"},"content":""},{"lineNumber":40,"author":{"gitId":"-"},"content":""},{"lineNumber":41,"author":{"gitId":"Hzxin"},"content":"## Start-up"},{"lineNumber":42,"author":{"gitId":"-"},"content":""},{"lineNumber":43,"author":{"gitId":"Hzxin"},"content":"1. Ensure you have Java 11 or above installed on your computer. You can download Java 11 via this [link.](https://www.oracle.com/sg/java/technologies/javase-jdk11-downloads.html)"},{"lineNumber":44,"author":{"gitId":"Hzxin"},"content":"   * If you are a Windows user, [here](https://java.tutorials24x7.com/blog/how-to-install-java-11-on-windows) is a tutorial on how to set up Java 11:"},{"lineNumber":45,"author":{"gitId":"-"},"content":""},{"lineNumber":46,"author":{"gitId":"-"},"content":""},{"lineNumber":47,"author":{"gitId":"Hzxin"},"content":"2. Download the latest RemindMe.jar from our GitHub release page."},{"lineNumber":48,"author":{"gitId":"Hzxin"},"content":"Copy the file to the folder you want to use as the home folder for your RemindMe."},{"lineNumber":49,"author":{"gitId":"Hzxin"},"content":"Double click the file to start the app. "},{"lineNumber":50,"author":{"gitId":"-"},"content":"   "},{"lineNumber":51,"author":{"gitId":"-"},"content":""},{"lineNumber":52,"author":{"gitId":"Hzxin"},"content":"3. Alternatively, you can run the command line java -jar RemindMe.jar in your terminal to start the application."},{"lineNumber":53,"author":{"gitId":"Hzxin"},"content":"Type the command in the command box and press Enter to execute it."},{"lineNumber":54,"author":{"gitId":"markuz5116"},"content":"The GUI similar to the below should appear in a few seconds. Note how the app contains some sample data.\u003cbr\u003e"},{"lineNumber":55,"author":{"gitId":"markuz5116"},"content":"   ![Ui](images/Ui.png)   "},{"lineNumber":56,"author":{"gitId":"-"},"content":""},{"lineNumber":57,"author":{"gitId":"Hzxin"},"content":"4. Refer to the Features below for details of each command."},{"lineNumber":58,"author":{"gitId":"-"},"content":""},{"lineNumber":59,"author":{"gitId":"markuz5116"},"content":"   * **`deadline`** `description by DD/MM/YYYY TIME`: Adds a task with a deadline."},{"lineNumber":60,"author":{"gitId":"markuz5116"},"content":"     "},{"lineNumber":61,"author":{"gitId":"markuz5116"},"content":"   * **`ordered list`**: Displays an order list of items."},{"lineNumber":62,"author":{"gitId":"markuz5116"},"content":"     "},{"lineNumber":63,"author":{"gitId":"markuz5116"},"content":"   * **`calendar`**: Dsiplays the calendar with the tasks\u0027 deadlines and friends\u0027 birthdays."},{"lineNumber":64,"author":{"gitId":"markuz5116"},"content":"     "},{"lineNumber":65,"author":{"gitId":"-"},"content":"   * **`exit`** : Exits the app."},{"lineNumber":66,"author":{"gitId":"-"},"content":""},{"lineNumber":67,"author":{"gitId":"-"},"content":""},{"lineNumber":68,"author":{"gitId":"-"},"content":"--------------------------------------------------------------------------------------------------------------------"},{"lineNumber":69,"author":{"gitId":"-"},"content":""},{"lineNumber":70,"author":{"gitId":"-"},"content":"## Features"},{"lineNumber":71,"author":{"gitId":"-"},"content":""},{"lineNumber":72,"author":{"gitId":"-"},"content":"\u003cdiv markdown\u003d\"block\" class\u003d\"alert alert-info\"\u003e"},{"lineNumber":73,"author":{"gitId":"-"},"content":""},{"lineNumber":74,"author":{"gitId":"-"},"content":"**:information_source: Notes about the command format:**\u003cbr\u003e"},{"lineNumber":75,"author":{"gitId":"-"},"content":""},{"lineNumber":76,"author":{"gitId":"-"},"content":"* Words in `UPPER_CASE` are the parameters to be supplied by the user.\u003cbr\u003e"},{"lineNumber":77,"author":{"gitId":"-"},"content":"  e.g. in `add n/NAME`, `NAME` is a parameter which can be used as `add n/John Doe`."},{"lineNumber":78,"author":{"gitId":"-"},"content":""},{"lineNumber":79,"author":{"gitId":"-"},"content":"* Items in square brackets are optional.\u003cbr\u003e"},{"lineNumber":80,"author":{"gitId":"-"},"content":"  e.g `n/NAME [t/TAG]` can be used as `n/John Doe t/friend` or as `n/John Doe`."},{"lineNumber":81,"author":{"gitId":"-"},"content":""},{"lineNumber":82,"author":{"gitId":"-"},"content":"* Items with `…`​ after them can be used multiple times including zero times.\u003cbr\u003e"},{"lineNumber":83,"author":{"gitId":"-"},"content":"  e.g. `[t/TAG]…​` can be used as ` ` (i.e. 0 times), `t/friend`, `t/friend t/family` etc."},{"lineNumber":84,"author":{"gitId":"-"},"content":""},{"lineNumber":85,"author":{"gitId":"-"},"content":"* Parameters can be in any order.\u003cbr\u003e"},{"lineNumber":86,"author":{"gitId":"-"},"content":"  e.g. if the command specifies `n/NAME p/PHONE_NUMBER`, `p/PHONE_NUMBER n/NAME` is also acceptable."},{"lineNumber":87,"author":{"gitId":"-"},"content":""},{"lineNumber":88,"author":{"gitId":"-"},"content":"* If a parameter is expected only once in the command but you specified it multiple times, only the last occurrence of the parameter will be taken.\u003cbr\u003e"},{"lineNumber":89,"author":{"gitId":"-"},"content":"  e.g. if you specify `p/12341234 p/56785678`, only `p/56785678` will be taken."},{"lineNumber":90,"author":{"gitId":"-"},"content":""},{"lineNumber":91,"author":{"gitId":"-"},"content":"* Extraneous parameters for commands that do not take in parameters (such as `help`, `list`, `exit` and `clear`) will be ignored.\u003cbr\u003e"},{"lineNumber":92,"author":{"gitId":"-"},"content":"  e.g. if the command specifies `help 123`, it will be interpreted as `help`."},{"lineNumber":93,"author":{"gitId":"-"},"content":""},{"lineNumber":94,"author":{"gitId":"-"},"content":"\u003c/div\u003e"},{"lineNumber":95,"author":{"gitId":"-"},"content":""},{"lineNumber":96,"author":{"gitId":"banchiang"},"content":"### *Viewing help : `help`"},{"lineNumber":97,"author":{"gitId":"-"},"content":""},{"lineNumber":98,"author":{"gitId":"banchiang"},"content":"Shows a message explaining how to access the help page."},{"lineNumber":99,"author":{"gitId":"-"},"content":""},{"lineNumber":100,"author":{"gitId":"-"},"content":"![help message](images/helpMessage.png)"},{"lineNumber":101,"author":{"gitId":"-"},"content":""},{"lineNumber":102,"author":{"gitId":"-"},"content":"Format: `help`"},{"lineNumber":103,"author":{"gitId":"-"},"content":""},{"lineNumber":104,"author":{"gitId":"banchiang"},"content":"### *Turn on/off reminder: `remind`"},{"lineNumber":105,"author":{"gitId":"-"},"content":""},{"lineNumber":106,"author":{"gitId":"banchiang"},"content":"Turns on and off the reminder system. If remind is on,"},{"lineNumber":107,"author":{"gitId":"banchiang"},"content":"a reminder would pop out when starting the app RemindMe regarding"},{"lineNumber":108,"author":{"gitId":"banchiang"},"content":"the upcoming tasks."},{"lineNumber":109,"author":{"gitId":"-"},"content":""},{"lineNumber":110,"author":{"gitId":"banchiang"},"content":"(insert image of reminder here)"},{"lineNumber":111,"author":{"gitId":"-"},"content":""},{"lineNumber":112,"author":{"gitId":"banchiang"},"content":"Format: `remind`"},{"lineNumber":113,"author":{"gitId":"-"},"content":""},{"lineNumber":114,"author":{"gitId":"banchiang"},"content":"Outcome:"},{"lineNumber":115,"author":{"gitId":"banchiang"},"content":""},{"lineNumber":116,"author":{"gitId":"banchiang"},"content":"* `reminder is turned on!`"},{"lineNumber":117,"author":{"gitId":"banchiang"},"content":"* `reminder is turned off!`"},{"lineNumber":118,"author":{"gitId":"banchiang"},"content":""},{"lineNumber":119,"author":{"gitId":"banchiang"},"content":"### *Adding an Assignment/Event: `event/deadline`"},{"lineNumber":120,"author":{"gitId":"-"},"content":""},{"lineNumber":121,"author":{"gitId":"jellymias"},"content":"Adds an assignment with a deadline or event to the calendar."},{"lineNumber":122,"author":{"gitId":"-"},"content":""},{"lineNumber":123,"author":{"gitId":"jellymias"},"content":"Format: "},{"lineNumber":124,"author":{"gitId":"-"},"content":""},{"lineNumber":125,"author":{"gitId":"jellymias"},"content":"* `event (DESCRIPTION) /from (DD/MM/YYYY TIME) /to (DD/MM/YYYY TIME)`"},{"lineNumber":126,"author":{"gitId":"jellymias"},"content":""},{"lineNumber":127,"author":{"gitId":"jellymias"},"content":"* `deadline (DESCRIPTION) /by (DD/MM/YYYY TIME)`"},{"lineNumber":128,"author":{"gitId":"jellymias"},"content":""},{"lineNumber":129,"author":{"gitId":"jellymias"},"content":"Examples:"},{"lineNumber":130,"author":{"gitId":"jellymias"},"content":"* `event Christmas Party /from 25/12/2021 1800 /to 25/12/2021 2300`"},{"lineNumber":131,"author":{"gitId":"jellymias"},"content":"* `deadline CS2103 Assignment /by 03/03/2021 2359`"},{"lineNumber":132,"author":{"gitId":"jellymias"},"content":""},{"lineNumber":133,"author":{"gitId":"banchiang"},"content":"### *Deleting an Assignment/Event: `delete`"},{"lineNumber":134,"author":{"gitId":"jellymias"},"content":""},{"lineNumber":135,"author":{"gitId":"jellymias"},"content":"Deletes an assignment with a deadline or event from the calendar."},{"lineNumber":136,"author":{"gitId":"jellymias"},"content":""},{"lineNumber":137,"author":{"gitId":"jellymias"},"content":"Format: "},{"lineNumber":138,"author":{"gitId":"jellymias"},"content":""},{"lineNumber":139,"author":{"gitId":"jellymias"},"content":"* `delete /from (DD/MM/YYYY) /index (INDEX)`"},{"lineNumber":140,"author":{"gitId":"-"},"content":""},{"lineNumber":141,"author":{"gitId":"-"},"content":"Examples:"},{"lineNumber":142,"author":{"gitId":"jellymias"},"content":"* `delete /from 25/12/2021 /index 1`"},{"lineNumber":143,"author":{"gitId":"-"},"content":""},{"lineNumber":144,"author":{"gitId":"maikongeh"},"content":"### Listing all events : `list events`"},{"lineNumber":145,"author":{"gitId":"-"},"content":""},{"lineNumber":146,"author":{"gitId":"maikongeh"},"content":"Shows a list of all events. Events are sorted by date."},{"lineNumber":147,"author":{"gitId":"maikongeh"},"content":""},{"lineNumber":148,"author":{"gitId":"maikongeh"},"content":"Format: `list`"},{"lineNumber":149,"author":{"gitId":"maikongeh"},"content":""},{"lineNumber":150,"author":{"gitId":"maikongeh"},"content":"### Listing all assignments : `list assignments`"},{"lineNumber":151,"author":{"gitId":"maikongeh"},"content":""},{"lineNumber":152,"author":{"gitId":"maikongeh"},"content":"Shows a list of all assignments. Assignments are sorted by date."},{"lineNumber":153,"author":{"gitId":"-"},"content":""},{"lineNumber":154,"author":{"gitId":"-"},"content":"Format: `list`"},{"lineNumber":155,"author":{"gitId":"-"},"content":""},{"lineNumber":156,"author":{"gitId":"-"},"content":"### Editing a person : `edit`"},{"lineNumber":157,"author":{"gitId":"-"},"content":""},{"lineNumber":158,"author":{"gitId":"-"},"content":"Edits an existing person in the address book."},{"lineNumber":159,"author":{"gitId":"-"},"content":""},{"lineNumber":160,"author":{"gitId":"-"},"content":"Format: `edit INDEX [n/NAME] [p/PHONE] [e/EMAIL] [a/ADDRESS] [t/TAG]…​`"},{"lineNumber":161,"author":{"gitId":"-"},"content":""},{"lineNumber":162,"author":{"gitId":"-"},"content":"* Edits the person at the specified `INDEX`. The index refers to the index number shown in the displayed person list. The index **must be a positive integer** 1, 2, 3, …​"},{"lineNumber":163,"author":{"gitId":"-"},"content":"* At least one of the optional fields must be provided."},{"lineNumber":164,"author":{"gitId":"-"},"content":"* Existing values will be updated to the input values."},{"lineNumber":165,"author":{"gitId":"-"},"content":"* When editing tags, the existing tags of the person will be removed i.e adding of tags is not cumulative."},{"lineNumber":166,"author":{"gitId":"-"},"content":"* You can remove all the person’s tags by typing `t/` without"},{"lineNumber":167,"author":{"gitId":"-"},"content":"    specifying any tags after it."},{"lineNumber":168,"author":{"gitId":"-"},"content":""},{"lineNumber":169,"author":{"gitId":"-"},"content":"Examples:"},{"lineNumber":170,"author":{"gitId":"-"},"content":"*  `edit 1 p/91234567 e/johndoe@example.com` Edits the phone number and email address of the 1st person to be `91234567` and `johndoe@example.com` respectively."},{"lineNumber":171,"author":{"gitId":"-"},"content":"*  `edit 2 n/Betsy Crower t/` Edits the name of the 2nd person to be `Betsy Crower` and clears all existing tags."},{"lineNumber":172,"author":{"gitId":"-"},"content":""},{"lineNumber":173,"author":{"gitId":"-"},"content":"### Locating persons by name: `find`"},{"lineNumber":174,"author":{"gitId":"-"},"content":""},{"lineNumber":175,"author":{"gitId":"-"},"content":"Finds persons whose names contain any of the given keywords."},{"lineNumber":176,"author":{"gitId":"-"},"content":""},{"lineNumber":177,"author":{"gitId":"-"},"content":"Format: `find KEYWORD [MORE_KEYWORDS]`"},{"lineNumber":178,"author":{"gitId":"-"},"content":""},{"lineNumber":179,"author":{"gitId":"-"},"content":"* The search is case-insensitive. e.g `hans` will match `Hans`"},{"lineNumber":180,"author":{"gitId":"-"},"content":"* The order of the keywords does not matter. e.g. `Hans Bo` will match `Bo Hans`"},{"lineNumber":181,"author":{"gitId":"-"},"content":"* Only the name is searched."},{"lineNumber":182,"author":{"gitId":"-"},"content":"* Only full words will be matched e.g. `Han` will not match `Hans`"},{"lineNumber":183,"author":{"gitId":"-"},"content":"* Persons matching at least one keyword will be returned (i.e. `OR` search)."},{"lineNumber":184,"author":{"gitId":"-"},"content":"  e.g. `Hans Bo` will return `Hans Gruber`, `Bo Yang`"},{"lineNumber":185,"author":{"gitId":"-"},"content":""},{"lineNumber":186,"author":{"gitId":"-"},"content":"Examples:"},{"lineNumber":187,"author":{"gitId":"-"},"content":"* `find John` returns `john` and `John Doe`"},{"lineNumber":188,"author":{"gitId":"-"},"content":"* `find alex david` returns `Alex Yeoh`, `David Li`\u003cbr\u003e"},{"lineNumber":189,"author":{"gitId":"-"},"content":"  ![result for \u0027find alex david\u0027](images/findAlexDavidResult.png)"},{"lineNumber":190,"author":{"gitId":"-"},"content":""},{"lineNumber":191,"author":{"gitId":"-"},"content":"### Deleting a person : `delete`"},{"lineNumber":192,"author":{"gitId":"-"},"content":""},{"lineNumber":193,"author":{"gitId":"-"},"content":"Deletes the specified person from the address book."},{"lineNumber":194,"author":{"gitId":"-"},"content":""},{"lineNumber":195,"author":{"gitId":"-"},"content":"Format: `delete INDEX`"},{"lineNumber":196,"author":{"gitId":"-"},"content":""},{"lineNumber":197,"author":{"gitId":"-"},"content":"* Deletes the person at the specified `INDEX`."},{"lineNumber":198,"author":{"gitId":"-"},"content":"* The index refers to the index number shown in the displayed person list."},{"lineNumber":199,"author":{"gitId":"-"},"content":"* The index **must be a positive integer** 1, 2, 3, …​"},{"lineNumber":200,"author":{"gitId":"-"},"content":""},{"lineNumber":201,"author":{"gitId":"-"},"content":"Examples:"},{"lineNumber":202,"author":{"gitId":"-"},"content":"* `list` followed by `delete 2` deletes the 2nd person in the address book."},{"lineNumber":203,"author":{"gitId":"-"},"content":"* `find Betsy` followed by `delete 1` deletes the 1st person in the results of the `find` command."},{"lineNumber":204,"author":{"gitId":"-"},"content":""},{"lineNumber":205,"author":{"gitId":"banchiang"},"content":"### *Viewing Calendar of the current month"},{"lineNumber":206,"author":{"gitId":"markuz5116"},"content":"Shows an image of the calendar with your reminders (e.g. tasks, assignments datelines, and friends’ birthday) for each specific dates.  "},{"lineNumber":207,"author":{"gitId":"markuz5116"},"content":"![result for \u0027calendar\u0027](images/calendarResult.png)  "},{"lineNumber":208,"author":{"gitId":"markuz5116"},"content":"Format: `calendar`"},{"lineNumber":209,"author":{"gitId":"markuz5116"},"content":""},{"lineNumber":210,"author":{"gitId":"-"},"content":"### Clearing all entries : `clear`"},{"lineNumber":211,"author":{"gitId":"-"},"content":""},{"lineNumber":212,"author":{"gitId":"-"},"content":"Clears all entries from the address book."},{"lineNumber":213,"author":{"gitId":"-"},"content":""},{"lineNumber":214,"author":{"gitId":"markuz5116"},"content":"Format: `clear``"},{"lineNumber":215,"author":{"gitId":"-"},"content":""},{"lineNumber":216,"author":{"gitId":"banchiang"},"content":"### *Saving the data"},{"lineNumber":217,"author":{"gitId":"-"},"content":""},{"lineNumber":218,"author":{"gitId":"markuz5116"},"content":"RemindMe save your data in the hard disk automatically after every command that changes the data. There is no need for you to save manually."},{"lineNumber":219,"author":{"gitId":"-"},"content":""},{"lineNumber":220,"author":{"gitId":"banchiang"},"content":"### *Editing the data file"},{"lineNumber":221,"author":{"gitId":"-"},"content":""},{"lineNumber":222,"author":{"gitId":"markuz5116"},"content":"AddressBook data are saved as a JSON file `[JAR file location]/data/remindme.json`. Advanced users are welcome to update data directly by editing that data file."},{"lineNumber":223,"author":{"gitId":"-"},"content":""},{"lineNumber":224,"author":{"gitId":"-"},"content":"\u003cdiv markdown\u003d\"span\" class\u003d\"alert alert-warning\"\u003e:exclamation: **Caution:**"},{"lineNumber":225,"author":{"gitId":"markuz5116"},"content":"If your changes to the data file makes its format invalid, RemindMe will discard all data and start with an empty data file at the next run."},{"lineNumber":226,"author":{"gitId":"-"},"content":"\u003c/div\u003e"},{"lineNumber":227,"author":{"gitId":"-"},"content":""},{"lineNumber":228,"author":{"gitId":"markuz5116"},"content":"### Exiting the program : `exit`"},{"lineNumber":229,"author":{"gitId":"-"},"content":""},{"lineNumber":230,"author":{"gitId":"markuz5116"},"content":"Exits the program."},{"lineNumber":231,"author":{"gitId":"-"},"content":""},{"lineNumber":232,"author":{"gitId":"markuz5116"},"content":"Format: `exit"},{"lineNumber":233,"author":{"gitId":"-"},"content":""},{"lineNumber":234,"author":{"gitId":"Hzxin"},"content":"## Glossary"},{"lineNumber":235,"author":{"gitId":"Hzxin"},"content":"* Examination: Consists of a start time, end time, date which it occurs on and the subject."},{"lineNumber":236,"author":{"gitId":"Hzxin"},"content":"* Event: Consists of a start time, end time and the date which it occurs on."},{"lineNumber":237,"author":{"gitId":"-"},"content":""},{"lineNumber":238,"author":{"gitId":"banchiang"},"content":"## Command summary (AB3)"},{"lineNumber":239,"author":{"gitId":"-"},"content":""},{"lineNumber":240,"author":{"gitId":"-"},"content":"Action | Format, Examples"},{"lineNumber":241,"author":{"gitId":"-"},"content":"--------|------------------"},{"lineNumber":242,"author":{"gitId":"-"},"content":"**Add** | `add n/NAME p/PHONE_NUMBER e/EMAIL a/ADDRESS [t/TAG]…​` \u003cbr\u003e e.g., `add n/James Ho p/22224444 e/jamesho@example.com a/123, Clementi Rd, 1234665 t/friend t/colleague`"},{"lineNumber":243,"author":{"gitId":"-"},"content":"**Clear** | `clear`"},{"lineNumber":244,"author":{"gitId":"-"},"content":"**Delete** | `delete INDEX`\u003cbr\u003e e.g., `delete 3`"},{"lineNumber":245,"author":{"gitId":"-"},"content":"**Edit** | `edit INDEX [n/NAME] [p/PHONE_NUMBER] [e/EMAIL] [a/ADDRESS] [t/TAG]…​`\u003cbr\u003e e.g.,`edit 2 n/James Lee e/jameslee@example.com`"},{"lineNumber":246,"author":{"gitId":"-"},"content":"**Find** | `find KEYWORD [MORE_KEYWORDS]`\u003cbr\u003e e.g., `find James Jake`"},{"lineNumber":247,"author":{"gitId":"-"},"content":"**List** | `list`"},{"lineNumber":248,"author":{"gitId":"markuz5116"},"content":"**View Calendar** | `calendar`"},{"lineNumber":249,"author":{"gitId":"-"},"content":"**Help** | `help`"},{"lineNumber":250,"author":{"gitId":"banchiang"},"content":""},{"lineNumber":251,"author":{"gitId":"banchiang"},"content":"## Command summary (RemindMe) "},{"lineNumber":252,"author":{"gitId":"banchiang"},"content":""},{"lineNumber":253,"author":{"gitId":"banchiang"},"content":"Action | Format, Examples"},{"lineNumber":254,"author":{"gitId":"banchiang"},"content":"--------|----------------"},{"lineNumber":255,"author":{"gitId":"banchiang"},"content":"Add assignment | `(assignment type) (assignment description) (assignment details)`"},{"lineNumber":256,"author":{"gitId":"banchiang"},"content":"Delete assignment | `delete (assignment description)`"},{"lineNumber":257,"author":{"gitId":"banchiang"},"content":"View assignments | `view A`"},{"lineNumber":258,"author":{"gitId":"banchiang"},"content":"View events | `view E`"},{"lineNumber":259,"author":{"gitId":"banchiang"},"content":"Turn on/off reminder | `remind`"},{"lineNumber":260,"author":{"gitId":"banchiang"},"content":"See commands available | `help`"},{"lineNumber":261,"author":{"gitId":"banchiang"},"content":"View calendar | `calendar`"},{"lineNumber":262,"author":{"gitId":"banchiang"},"content":"Save data | `save`"},{"lineNumber":263,"author":{"gitId":"banchiang"},"content":"Edit data | `edit`"},{"lineNumber":264,"author":{"gitId":"banchiang"},"content":""},{"lineNumber":265,"author":{"gitId":"banchiang"},"content":""}],"authorContributionMap":{"markuz5116":20,"Hzxin":30,"jellymias":23,"banchiang":35,"maikongeh":8,"-":149}},{"path":"docs/index.md","fileType":"docs","lines":[{"lineNumber":1,"author":{"gitId":"-"},"content":"---"},{"lineNumber":2,"author":{"gitId":"-"},"content":"layout: page"},{"lineNumber":3,"author":{"gitId":"-"},"content":"title: AddressBook Level-3"},{"lineNumber":4,"author":{"gitId":"-"},"content":"---"},{"lineNumber":5,"author":{"gitId":"-"},"content":""},{"lineNumber":6,"author":{"gitId":"-"},"content":"[![CI Status](https://github.com/se-edu/addressbook-level3/workflows/Java%20CI/badge.svg)](https://github.com/se-edu/addressbook-level3/actions)"},{"lineNumber":7,"author":{"gitId":"Hzxin"},"content":"[![codecov](https://codecov.io/gh/AY2021S2-CS2103T-W15-1/tp/branch/master/graph/badge.svg?token\u003dF2Pgz8nPFq)](https://codecov.io/gh/AY2021S2-CS2103T-W15-1/tp)"},{"lineNumber":8,"author":{"gitId":"-"},"content":""},{"lineNumber":9,"author":{"gitId":"-"},"content":"![Ui](images/Ui.png)"},{"lineNumber":10,"author":{"gitId":"-"},"content":""},{"lineNumber":11,"author":{"gitId":"-"},"content":"**AddressBook is a desktop application for managing your contact details.** While it has a GUI, most of the user interactions happen using a CLI (Command Line Interface)."},{"lineNumber":12,"author":{"gitId":"-"},"content":""},{"lineNumber":13,"author":{"gitId":"-"},"content":"* If you are interested in using AddressBook, head over to the [_Quick Start_ section of the **User Guide**](UserGuide.html#quick-start)."},{"lineNumber":14,"author":{"gitId":"-"},"content":"* If you are interested about developing AddressBook, the [**Developer Guide**](DeveloperGuide.html) is a good place to start."},{"lineNumber":15,"author":{"gitId":"-"},"content":""},{"lineNumber":16,"author":{"gitId":"-"},"content":""},{"lineNumber":17,"author":{"gitId":"-"},"content":"**Acknowledgements**"},{"lineNumber":18,"author":{"gitId":"-"},"content":""},{"lineNumber":19,"author":{"gitId":"-"},"content":"* Libraries used: [JavaFX](https://openjfx.io/), [Jackson](https://github.com/FasterXML/jackson), [JUnit5](https://github.com/junit-team/junit5)"}],"authorContributionMap":{"Hzxin":1,"-":18}},{"path":"docs/team/banchiang.md","fileType":"docs","lines":[{"lineNumber":1,"author":{"gitId":"banchiang"},"content":"---"},{"lineNumber":2,"author":{"gitId":"banchiang"},"content":"#Chiang Kee Woon Jonathan\u0027s Project Portfolio Page \u003cbr\u003e"},{"lineNumber":3,"author":{"gitId":"banchiang"},"content":""},{"lineNumber":4,"author":{"gitId":"banchiang"},"content":"---"},{"lineNumber":5,"author":{"gitId":"banchiang"},"content":""},{"lineNumber":6,"author":{"gitId":"banchiang"},"content":"## Introduction"},{"lineNumber":7,"author":{"gitId":"banchiang"},"content":"This page serves to document my contributions "},{"lineNumber":8,"author":{"gitId":"banchiang"},"content":"to the project RemindMe under NUS module CS2103T in AY20/21 semester 2."},{"lineNumber":9,"author":{"gitId":"banchiang"},"content":""},{"lineNumber":10,"author":{"gitId":"banchiang"},"content":"## Project: RemindMe"},{"lineNumber":11,"author":{"gitId":"banchiang"},"content":""},{"lineNumber":12,"author":{"gitId":"banchiang"},"content":"RemindMe is a desktop app for keeping track of user events and deadlines,"},{"lineNumber":13,"author":{"gitId":"banchiang"},"content":"optimized for use via Command Line Interface(CLI) while still having the benefits of a"},{"lineNumber":14,"author":{"gitId":"banchiang"},"content":"Graphic User e user interacts with it using a CLI, and it has a GUI created with JavaFX."},{"lineNumber":15,"author":{"gitId":"banchiang"},"content":"It is written in Java."},{"lineNumber":16,"author":{"gitId":"banchiang"},"content":"\u003cbr\u003e"},{"lineNumber":17,"author":{"gitId":"banchiang"},"content":""},{"lineNumber":18,"author":{"gitId":"banchiang"},"content":"### Code contributed: \u003cbr\u003e"},{"lineNumber":19,"author":{"gitId":"banchiang"},"content":"[RepoSense Link](https://nus-cs2103-ay2021s2.github.io/tp-dashboard/?search\u003dbanchiang\u0026sort\u003dgroupTitle\u0026sortWithin\u003dtitle\u0026since\u003d2021-02-19\u0026timeframe\u003dcommit\u0026mergegroup\u003d\u0026groupSelect\u003dgroupByRepos\u0026breakdown\u003dfalse\u0026tabOpen\u003dtrue\u0026tabType\u003dauthorship\u0026tabAuthor\u003dbanchiang\u0026tabRepo\u003dAY2021S2-CS2103T-W15-1%2Ftp%5Bmaster%5D\u0026authorshipIsMergeGroup\u003dfalse\u0026authorshipFileTypes\u003d)"}],"authorContributionMap":{"banchiang":19}},{"path":"docs/team/hzxin.md","fileType":"docs","lines":[{"lineNumber":1,"author":{"gitId":"Hzxin"},"content":"---"},{"lineNumber":2,"author":{"gitId":"Hzxin"},"content":"layout: page"},{"lineNumber":3,"author":{"gitId":"Hzxin"},"content":"title: Huang Zhenxin\u0027s Project Portfolio Page"},{"lineNumber":4,"author":{"gitId":"Hzxin"},"content":"---"},{"lineNumber":5,"author":{"gitId":"Hzxin"},"content":""},{"lineNumber":6,"author":{"gitId":"Hzxin"},"content":"## Introduction"},{"lineNumber":7,"author":{"gitId":"Hzxin"},"content":"This page serves to document my contributions to the project RemindMe under NUS module CS2103T in AY20/21 semester 2."},{"lineNumber":8,"author":{"gitId":"Hzxin"},"content":""},{"lineNumber":9,"author":{"gitId":"Hzxin"},"content":"## Project: RemindMe"},{"lineNumber":10,"author":{"gitId":"Hzxin"},"content":""},{"lineNumber":11,"author":{"gitId":"Hzxin"},"content":"RemindMe is a desktop app for keeping track of user events and deadlines,"},{"lineNumber":12,"author":{"gitId":"Hzxin"},"content":"optimized for use via Command Line Interface(CLI) while still having the benefits of a"},{"lineNumber":13,"author":{"gitId":"Hzxin"},"content":"Graphic User e user interacts with it using a CLI, and it has a GUI created with JavaFX. "},{"lineNumber":14,"author":{"gitId":"Hzxin"},"content":"It is written in Java."},{"lineNumber":15,"author":{"gitId":"Hzxin"},"content":""},{"lineNumber":16,"author":{"gitId":"Hzxin"},"content":"Given below are my contributions to the project."},{"lineNumber":17,"author":{"gitId":"Hzxin"},"content":""},{"lineNumber":18,"author":{"gitId":"Hzxin"},"content":"* **New Feature**: To be updated"},{"lineNumber":19,"author":{"gitId":"Hzxin"},"content":"    * What it does: "},{"lineNumber":20,"author":{"gitId":"Hzxin"},"content":"    * Justification: "},{"lineNumber":21,"author":{"gitId":"Hzxin"},"content":"    * Highlights:"},{"lineNumber":22,"author":{"gitId":"Hzxin"},"content":"    * Credits: "},{"lineNumber":23,"author":{"gitId":"Hzxin"},"content":""},{"lineNumber":24,"author":{"gitId":"Hzxin"},"content":""},{"lineNumber":25,"author":{"gitId":"Hzxin"},"content":"* **Code contributed**: [RepoSense link]()"},{"lineNumber":26,"author":{"gitId":"Hzxin"},"content":""},{"lineNumber":27,"author":{"gitId":"Hzxin"},"content":"* **Project management**:"},{"lineNumber":28,"author":{"gitId":"Hzxin"},"content":"    * to be updated"},{"lineNumber":29,"author":{"gitId":"Hzxin"},"content":""},{"lineNumber":30,"author":{"gitId":"Hzxin"},"content":"* **Enhancements to existing features**:"},{"lineNumber":31,"author":{"gitId":"Hzxin"},"content":"    * Come out with Ui-mockup(Pull requests [\\#23](https://github.com/AY2021S2-CS2103T-W15-1/tp/pull/23))"},{"lineNumber":32,"author":{"gitId":"Hzxin"},"content":""},{"lineNumber":33,"author":{"gitId":"Hzxin"},"content":"* **Documentation**:"},{"lineNumber":34,"author":{"gitId":"Hzxin"},"content":"    * User Guide:"},{"lineNumber":35,"author":{"gitId":"Hzxin"},"content":"        * Added documentations for the introduction and Quick Start [\\#25](https://github.com/AY2021S2-CS2103T-W15-1/tp/pull/25)"},{"lineNumber":36,"author":{"gitId":"Hzxin"},"content":"    * Developer Guide:"},{"lineNumber":37,"author":{"gitId":"Hzxin"},"content":"        * Added documentations for Target user profile, value proposition, and user stories."},{"lineNumber":38,"author":{"gitId":"Hzxin"},"content":""},{"lineNumber":39,"author":{"gitId":"Hzxin"},"content":"* **Community**:"},{"lineNumber":40,"author":{"gitId":"Hzxin"},"content":"    * PRs reviewed (with non-trivial review comments): [\\#]()"}],"authorContributionMap":{"Hzxin":40}},{"path":"docs/team/jellymias.md","fileType":"docs","lines":[{"lineNumber":1,"author":{"gitId":"jellymias"},"content":"---"},{"lineNumber":2,"author":{"gitId":"jellymias"},"content":"layout: page"},{"lineNumber":3,"author":{"gitId":"jellymias"},"content":"title: Jeremias Shae\u0027s Project Portfolio Page"},{"lineNumber":4,"author":{"gitId":"jellymias"},"content":"---"},{"lineNumber":5,"author":{"gitId":"jellymias"},"content":"## Introduction"},{"lineNumber":6,"author":{"gitId":"jellymias"},"content":"This page serves to document my contributions to the RemindMe project."},{"lineNumber":7,"author":{"gitId":"jellymias"},"content":""},{"lineNumber":8,"author":{"gitId":"jellymias"},"content":"## Project: RemindMe"},{"lineNumber":9,"author":{"gitId":"jellymias"},"content":"RemindMe is a desktop application to help users track their deadlines and important events. "},{"lineNumber":10,"author":{"gitId":"jellymias"},"content":"It is optimised for Command Line Interface (CLI) while still having the benefits of a "},{"lineNumber":11,"author":{"gitId":"jellymias"},"content":"Graphic User e user interacts with it using a CLI, and it has a GUI created with JavaFX. It is written in Java. "},{"lineNumber":12,"author":{"gitId":"jellymias"},"content":""},{"lineNumber":13,"author":{"gitId":"jellymias"},"content":"Given below are my contributions to the project:"}],"authorContributionMap":{"jellymias":13}},{"path":"docs/team/maikongeh.md","fileType":"docs","lines":[{"lineNumber":1,"author":{"gitId":"maikongeh"},"content":"---"},{"lineNumber":2,"author":{"gitId":"maikongeh"},"content":"layout: page"},{"lineNumber":3,"author":{"gitId":"maikongeh"},"content":"title: Michael\u0027s Project Portfolio Page"},{"lineNumber":4,"author":{"gitId":"maikongeh"},"content":"---"},{"lineNumber":5,"author":{"gitId":"maikongeh"},"content":""},{"lineNumber":6,"author":{"gitId":"maikongeh"},"content":"## Project: RemindMe"},{"lineNumber":7,"author":{"gitId":"maikongeh"},"content":""},{"lineNumber":8,"author":{"gitId":"maikongeh"},"content":"RemindMe is a desktop application for keeping track of user events and deadlines, optimised for use via Command Line "},{"lineNumber":9,"author":{"gitId":"maikongeh"},"content":"Interface(CLI) while still having the benefits of a Graphic User Interface(GUI)."},{"lineNumber":10,"author":{"gitId":"maikongeh"},"content":"RemindMe allows students to always be aware of exams and events deadline as there will be reminder pop-ups and calendar"},{"lineNumber":11,"author":{"gitId":"maikongeh"},"content":"for students to see!"},{"lineNumber":12,"author":{"gitId":"maikongeh"},"content":""},{"lineNumber":13,"author":{"gitId":"maikongeh"},"content":"Given below are my contributions to the project."},{"lineNumber":14,"author":{"gitId":"maikongeh"},"content":""},{"lineNumber":15,"author":{"gitId":"maikongeh"},"content":"* **New Feature**: Upcoming"},{"lineNumber":16,"author":{"gitId":"maikongeh"},"content":"  * What it does: NIL"},{"lineNumber":17,"author":{"gitId":"maikongeh"},"content":" "},{"lineNumber":18,"author":{"gitId":"maikongeh"},"content":""},{"lineNumber":19,"author":{"gitId":"maikongeh"},"content":"* **New Feature**: Added a history command that allows the user to navigate to previous commands using up/down keys."},{"lineNumber":20,"author":{"gitId":"maikongeh"},"content":""},{"lineNumber":21,"author":{"gitId":"maikongeh"},"content":"* **Code contributed**: [RepoSense link]()"},{"lineNumber":22,"author":{"gitId":"maikongeh"},"content":""},{"lineNumber":23,"author":{"gitId":"maikongeh"},"content":"* **Project management**:"},{"lineNumber":24,"author":{"gitId":"maikongeh"},"content":"  * Managed releases `v1.3` - `v1.5rc` [EXAMPLE-"},{"lineNumber":25,"author":{"gitId":"maikongeh"},"content":""},{"lineNumber":26,"author":{"gitId":"maikongeh"},"content":"* **Enhancements to existing features**:"},{"lineNumber":27,"author":{"gitId":"maikongeh"},"content":"  "},{"lineNumber":28,"author":{"gitId":"maikongeh"},"content":"* **Documentation**:"},{"lineNumber":29,"author":{"gitId":"maikongeh"},"content":"  * User Guide:"},{"lineNumber":30,"author":{"gitId":"maikongeh"},"content":"    * Added documentation for the features `list assignments` and `list evetns` [\\#72]()"},{"lineNumber":31,"author":{"gitId":"maikongeh"},"content":"  * Developer Guide:"},{"lineNumber":32,"author":{"gitId":"maikongeh"},"content":"    * NIL"},{"lineNumber":33,"author":{"gitId":"maikongeh"},"content":"    "},{"lineNumber":34,"author":{"gitId":"maikongeh"},"content":"* **Community**:"},{"lineNumber":35,"author":{"gitId":"maikongeh"},"content":""},{"lineNumber":36,"author":{"gitId":"maikongeh"},"content":"* **Tools**:"},{"lineNumber":37,"author":{"gitId":"maikongeh"},"content":""}],"authorContributionMap":{"maikongeh":37}},{"path":"docs/team/markuz5116.md","fileType":"docs","lines":[{"lineNumber":1,"author":{"gitId":"markuz5116"},"content":"---"},{"lineNumber":2,"author":{"gitId":"markuz5116"},"content":"layout: page"},{"lineNumber":3,"author":{"gitId":"markuz5116"},"content":"title: Marcus Ong\u0027s Project Portfolio Page"},{"lineNumber":4,"author":{"gitId":"markuz5116"},"content":"---"},{"lineNumber":5,"author":{"gitId":"markuz5116"},"content":""},{"lineNumber":6,"author":{"gitId":"markuz5116"},"content":"## Project: RemindMe"},{"lineNumber":7,"author":{"gitId":"markuz5116"},"content":""},{"lineNumber":8,"author":{"gitId":"markuz5116"},"content":"RemindMe is a desktop application for keeping track of user events and deadlines, optimised for use via Command Line "},{"lineNumber":9,"author":{"gitId":"markuz5116"},"content":"Interface(CLI) while still having the benefits of a Graphic User Interface(GUI)."},{"lineNumber":10,"author":{"gitId":"markuz5116"},"content":"RemindMe allows students to always be aware of exams and events deadline as there will be reminder pop-ups and calendar"},{"lineNumber":11,"author":{"gitId":"markuz5116"},"content":"for students to see!"},{"lineNumber":12,"author":{"gitId":"markuz5116"},"content":""},{"lineNumber":13,"author":{"gitId":"markuz5116"},"content":"Given below are my contributions to the project.\\"},{"lineNumber":14,"author":{"gitId":"markuz5116"},"content":"[to be added]"}],"authorContributionMap":{"markuz5116":14}}]
