{"authorDailyContributionsMap":{"markuz5116":[{"date":"2021-02-24","commitResults":[{"hash":"e422773f47368a8959d6aaa5a322fee8ab7b65fb","messageTitle":"Update markuz5116 AboutUs","messageBody":"","fileTypesAndContributionMap":{"docs":{"insertions":20,"deletions":6}}},{"hash":"c81fdd984a41e7a52322eb217ffeb5a6be14b72f","messageTitle":"Update markuz5116 AboutUs","messageBody":"","fileTypesAndContributionMap":{"docs":{"insertions":2,"deletions":2}}},{"hash":"2729e84659a2f6aa9dce405e8d003051a2c1f012","messageTitle":"Update UserGuide for Quick start, Saving the data, Editing the data file, Viewing Calendar of the current month features, and Command Summary for the respective features.","messageBody":"","fileTypesAndContributionMap":{"docs":{"insertions":30,"deletions":17}}},{"hash":"c1f0a6fb2c7df5c5ae56dd5ae425f87dcdddea0b","messageTitle":"Update DG for Non-functional requirements","messageBody":"","fileTypesAndContributionMap":{"docs":{"insertions":4,"deletions":1}}}]},{"date":"2021-02-25","commitResults":[{"hash":"f147d6fd1cdbd41b452567fc9b62840f5af298de","messageTitle":"Fix UG build error","messageBody":"","fileTypesAndContributionMap":{"docs":{"insertions":3,"deletions":0}}}]},{"date":"2021-02-27","commitResults":[{"hash":"9a513504117cd33fa02b0bab1b760ea7a3fee228","messageTitle":"Update DG: Add Non-functional Requirements","messageBody":"","fileTypesAndContributionMap":{"docs":{"insertions":0,"deletions":1}}}]}],"banchiang":[{"date":"2021-02-25","commitResults":[{"hash":"b19d6f01f505f3b6e0760fbca5601945581cd013","messageTitle":"Update banchiang info","messageBody":"","fileTypesAndContributionMap":{"docs":{"insertions":19,"deletions":0}}},{"hash":"280d09ae6190435dec7e622fcc2f56f3076ef498","messageTitle":"Update user guide","messageBody":"","fileTypesAndContributionMap":{"docs":{"insertions":38,"deletions":8}}}]},{"date":"2021-02-26","commitResults":[{"hash":"bacb2f0206ef16d6b303a34d39bf961f5da1f057","messageTitle":"Update AboutUs","messageBody":"","fileTypesAndContributionMap":{"docs":{"insertions":5,"deletions":5}}},{"hash":"fd2d5e138d8a95267254fbae9c14f2692a5e1cd2","messageTitle":"Update DG with use cases","messageBody":"","fileTypesAndContributionMap":{"docs":{"insertions":130,"deletions":0}}}]}],"jellymias":[{"date":"2021-02-25","commitResults":[{"hash":"3d1778b6b7bcd4046dfc438f75aee778e43b76b0","messageTitle":"Update Jeremias AboutUs.md","messageBody":"","fileTypesAndContributionMap":{"docs":{"insertions":4,"deletions":4}}},{"hash":"92fea041c38c3db72c1176e0756ddd88358b3c4d","messageTitle":"Update link to jellymias.md","messageBody":"","fileTypesAndContributionMap":{"docs":{"insertions":14,"deletions":1}}},{"hash":"95bc8cdec92193cfa559dd5ea504bcc386721c2b","messageTitle":"Update UserGuide features","messageBody":"Update add task and delete task features in UG.\n","fileTypesAndContributionMap":{"docs":{"insertions":25,"deletions":15}}}]}],"Hzxin":[{"date":"2021-02-20","commitResults":[{"hash":"d94d769028dbce8c4366e8883bbb515d04a4dab4","messageTitle":"Update README.md","messageBody":"","fileTypesAndContributionMap":{"docs":{"insertions":0,"deletions":2}}}]},{"date":"2021-02-21","commitResults":[{"hash":"b5d5b031c87482fbc33e69ee4d0f2fb4a361898a","messageTitle":"Update index.md","messageBody":"","fileTypesAndContributionMap":{"docs":{"insertions":1,"deletions":1}}},{"hash":"ae85bf6156432b38ba8ba3bf9f3b7219ce9ea913","messageTitle":"Update index.md","messageBody":"","fileTypesAndContributionMap":{"docs":{"insertions":1,"deletions":1}}}]},{"date":"2021-02-22","commitResults":[{"hash":"4b7c8b67c615dd5d41071fbd1d34ba7c4e498f6e","messageTitle":"Update index.md","messageBody":"","fileTypesAndContributionMap":{"docs":{"insertions":1,"deletions":1}}},{"hash":"57a081d040d7f00b6cc0dbdbfbbf04fc246a24ff","messageTitle":"Update AboutUs of Hzxin","messageBody":"","fileTypesAndContributionMap":{"docs":{"insertions":5,"deletions":5}}},{"hash":"f858591f094f3e9a2541f13a92dadaa289653b5b","messageTitle":"Update Hzxin.md","messageBody":"","fileTypesAndContributionMap":{"docs":{"insertions":43,"deletions":0}}},{"hash":"faf1c25494ccd45a6b0a99491b8ac888852eab4e","messageTitle":"Update Intro and start-up","messageBody":"","fileTypesAndContributionMap":{"docs":{"insertions":43,"deletions":29}}},{"hash":"d22f26e5a6346b8f6475f4464dbbd6c44fac2d82","messageTitle":"Update link","messageBody":"","fileTypesAndContributionMap":{"docs":{"insertions":2,"deletions":2}}}]},{"date":"2021-02-25","commitResults":[{"hash":"d8fc40d1c9726f73e4a28c3cb331f0199abeafd6","messageTitle":"Update hzxin.md","messageBody":"","fileTypesAndContributionMap":{"docs":{"insertions":1,"deletions":1}}},{"hash":"09875f5b279f37efd07844b4eb9e478ef8dd251b","messageTitle":"Update hzxin.md","messageBody":"","fileTypesAndContributionMap":{"docs":{"insertions":4,"deletions":5}}},{"hash":"7ed67fc4fd24cdcd64c556762ba38ce0a6183197","messageTitle":"Update hzxin.md","messageBody":"","fileTypesAndContributionMap":{"docs":{"insertions":1,"deletions":8}}},{"hash":"347fd1f62b87c74c2d54c7c648ea67fc1ac503dd","messageTitle":"Update hzxin.md","messageBody":"","fileTypesAndContributionMap":{"docs":{"insertions":4,"deletions":3}}},{"hash":"0ee2b80600dda39fb708d6cef3f00a25a861f6a6","messageTitle":"Update hzxin.md","messageBody":"","fileTypesAndContributionMap":{"docs":{"insertions":1,"deletions":17}}},{"hash":"84092ffc2acd9456a679efa972ba8d79b98773aa","messageTitle":"Update hzxin.md","messageBody":"","fileTypesAndContributionMap":{"docs":{"insertions":0,"deletions":1}}},{"hash":"fc776ff8c3d402c7207ac7b0e10f91fe0b7d88cc","messageTitle":"Update hzxin.md","messageBody":"","fileTypesAndContributionMap":{"docs":{"insertions":23,"deletions":2}}}]},{"date":"2021-02-26","commitResults":[{"hash":"657abdf4d803c3323295cb14b69d450e0676c305","messageTitle":"Update user profile and stories and glossary","messageBody":"","fileTypesAndContributionMap":{"docs":{"insertions":15,"deletions":10}}},{"hash":"bb540cc228802d757ae8e5a56c9a507b66251e9e","messageTitle":"Update codecov, CI, site map and acknowledgement","messageBody":"","fileTypesAndContributionMap":{"docs":{"insertions":12,"deletions":1}}}]},{"date":"2021-02-27","commitResults":[{"hash":"3c264f4cbfc49d95b80ca968f792d728c5928317","messageTitle":"Update UserGuide.md","messageBody":"","fileTypesAndContributionMap":{"docs":{"insertions":1,"deletions":1}}},{"hash":"ef3d32090909306ed7691e71216f07368d0a19f5","messageTitle":"Integrate UG v1.1 andupdate Help page message and image","messageBody":"","fileTypesAndContributionMap":{"functional-code":{"insertions":1,"deletions":1},"docs":{"insertions":82,"deletions":90}}},{"hash":"04aed4d35ba47a974ac86d3cc3e63bd14cd3a47a","messageTitle":"Fix command format","messageBody":"","fileTypesAndContributionMap":{"docs":{"insertions":1,"deletions":1}}}]},{"date":"2021-02-28","commitResults":[{"hash":"3c2abc1818441827358692aaf01cb584990206bf","messageTitle":"Update README content","messageBody":"","fileTypesAndContributionMap":{"docs":{"insertions":10,"deletions":9}}}]},{"date":"2021-03-01","commitResults":[{"hash":"fdf71e0b48759eab0f413033ad8b7cc9b4faf8d6","messageTitle":"update index.md","messageBody":"","fileTypesAndContributionMap":{"docs":{"insertions":5,"deletions":5}}}]},{"date":"2021-03-02","commitResults":[{"hash":"4e8fc5867f984530b109b57d49afd89b4847cdec","messageTitle":"update new format ofadd and delete","messageBody":"","fileTypesAndContributionMap":{"docs":{"insertions":92,"deletions":31}}}]}],"maikongeh":[{"date":"2021-02-26","commitResults":[{"hash":"15835452271f8eb831353e2a8460df954840a1dd","messageTitle":"update UserGuide","messageBody":"","fileTypesAndContributionMap":{"docs":{"insertions":52,"deletions":54}}},{"hash":"0fe00a69a05455fa9f289face811b14ebf0bb5a6","messageTitle":"Update AboutUs","messageBody":"","fileTypesAndContributionMap":{"docs":{"insertions":1,"deletions":1}}},{"hash":"cfada5052405a07afad753ce3ee79a2065aafc85","messageTitle":"Update UserGuide.md","messageBody":"","fileTypesAndContributionMap":{"docs":{"insertions":1,"deletions":1}}}]},{"date":"2021-02-27","commitResults":[{"hash":"ccba23a531bc0e04ca5ca51d87a75965ca6e95be","messageTitle":"Update AboutUs.md","messageBody":"","fileTypesAndContributionMap":{"docs":{"insertions":1,"deletions":1}}},{"hash":"22ff50fbd200d62421ac06f767c7910b9cd5ff7b","messageTitle":"Update UserGuide.md","messageBody":"","fileTypesAndContributionMap":{"docs":{"insertions":1,"deletions":1}}}]}]},"authorFileTypeContributionMap":{"markuz5116":{"docs":39,"functional-code":0,"test-code":0},"banchiang":{"docs":174,"functional-code":0,"test-code":0},"jellymias":{"docs":26,"functional-code":0,"test-code":0},"Hzxin":{"docs":250,"functional-code":1,"test-code":0},"maikongeh":{"docs":44,"functional-code":0,"test-code":0}},"authorContributionVariance":{"markuz5116":509.80566,"banchiang":1693.5762,"jellymias":303.1875,"Hzxin":3607.6667,"maikongeh":919.4167},"authorDisplayNameMap":{"markuz5116":"CS2103T-W15-1 ONG ..RCUS","banchiang":"CS2103T-W15-1 CHIA..THAN","jellymias":"CS2103T-W15-1 JERE..CHEN","Hzxin":"CS2103T-W15-1 HUAN..NXIN","maikongeh":"CS2103T-W15-1 ONG ..HAEL"}}
