{"authorDailyContributionsMap":{"markuz5116":[{"date":"2021-02-24","commitResults":[{"hash":"e422773f47368a8959d6aaa5a322fee8ab7b65fb","messageTitle":"Update markuz5116 AboutUs","messageBody":"","fileTypesAndContributionMap":{"docs":{"insertions":20,"deletions":6}}},{"hash":"c81fdd984a41e7a52322eb217ffeb5a6be14b72f","messageTitle":"Update markuz5116 AboutUs","messageBody":"","fileTypesAndContributionMap":{"docs":{"insertions":2,"deletions":2}}},{"hash":"2729e84659a2f6aa9dce405e8d003051a2c1f012","messageTitle":"Update UserGuide for Quick start, Saving the data, Editing the data file, Viewing Calendar of the current month features, and Command Summary for the respective features.","messageBody":"","fileTypesAndContributionMap":{"docs":{"insertions":30,"deletions":17}}},{"hash":"c1f0a6fb2c7df5c5ae56dd5ae425f87dcdddea0b","messageTitle":"Update DG for Non-functional requirements","messageBody":"","fileTypesAndContributionMap":{"docs":{"insertions":4,"deletions":1}}}]},{"date":"2021-02-25","commitResults":[{"hash":"f147d6fd1cdbd41b452567fc9b62840f5af298de","messageTitle":"Fix UG build error","messageBody":"","fileTypesAndContributionMap":{"docs":{"insertions":3,"deletions":0}}}]},{"date":"2021-02-27","commitResults":[{"hash":"9a513504117cd33fa02b0bab1b760ea7a3fee228","messageTitle":"Update DG: Add Non-functional Requirements","messageBody":"","fileTypesAndContributionMap":{"docs":{"insertions":0,"deletions":1}}}]},{"date":"2021-03-06","commitResults":[{"hash":"3e244cd3db68f82b4ddd87ec3fa8df0f443f6797","messageTitle":"Delete Address class","messageBody":"","fileTypesAndContributionMap":{"functional-code":{"insertions":12,"deletions":144},"test-code":{"insertions":56,"deletions":221}}}]},{"date":"2021-03-07","commitResults":[{"hash":"f8d8bda531567141e10c4c437687f67c4cd68343","messageTitle":"Delete Email class","messageBody":"","fileTypesAndContributionMap":{"functional-code":{"insertions":19,"deletions":154},"test-code":{"insertions":52,"deletions":257}}},{"hash":"32b750d3c88de1162f8d7d24ff007af1fe26beac","messageTitle":"Delete Phone class","messageBody":"","fileTypesAndContributionMap":{"functional-code":{"insertions":19,"deletions":140},"docs":{"insertions":1,"deletions":4},"test-code":{"insertions":41,"deletions":252}}},{"hash":"ca94406208ca43ec1edf47f6098170d304b4c8f1","messageTitle":"Create Exam class","messageBody":"","fileTypesAndContributionMap":{"functional-code":{"insertions":80,"deletions":2}}},{"hash":"e8b0af28c1b74d0e03066523630b0849ce5ae811","messageTitle":"Rename AddCommnad to AddPersonCommand","messageBody":"","fileTypesAndContributionMap":{"functional-code":{"insertions":10,"deletions":10},"other":{"insertions":15,"deletions":14},"test-code":{"insertions":20,"deletions":20}}}]},{"date":"2021-03-08","commitResults":[{"hash":"1b2f2a6591c044986b6056ec51653c5c57d89f16","messageTitle":"Rename EditCommand to EditPersonCommand","messageBody":"","fileTypesAndContributionMap":{"functional-code":{"insertions":13,"deletions":12},"other":{"insertions":31,"deletions":31},"test-code":{"insertions":18,"deletions":18}}},{"hash":"9f4eadd1e6baa4a937a18716fa4334f51f29edd1","messageTitle":"Rename FindCommand to FindPersonCommand","messageBody":"","fileTypesAndContributionMap":{"functional-code":{"insertions":10,"deletions":10},"other":{"insertions":11,"deletions":11},"test-code":{"insertions":12,"deletions":11}}}]},{"date":"2021-03-09","commitResults":[{"hash":"de84cc6c9b3f201ee67b4e1516b68a26a22a8168","messageTitle":"Add ExamList","messageBody":"","fileTypesAndContributionMap":{"functional-code":{"insertions":197,"deletions":4},"other":{"insertions":1,"deletions":1}}},{"hash":"f69d27786e9e89e71d34de65439cddfa74f00470","messageTitle":"Add AddExamCommand","messageBody":"","fileTypesAndContributionMap":{"functional-code":{"insertions":92,"deletions":4},"test-code":{"insertions":11,"deletions":0}}},{"hash":"695beda5aa2bb2304e09885c8c1b73e7db1cb7b2","messageTitle":"Add AddExamCommandParser","messageBody":"","fileTypesAndContributionMap":{"functional-code":{"insertions":66,"deletions":2}}}]}],"banchiang":[{"date":"2021-02-25","commitResults":[{"hash":"b19d6f01f505f3b6e0760fbca5601945581cd013","messageTitle":"Update banchiang info","messageBody":"","fileTypesAndContributionMap":{"docs":{"insertions":19,"deletions":0}}},{"hash":"280d09ae6190435dec7e622fcc2f56f3076ef498","messageTitle":"Update user guide","messageBody":"","fileTypesAndContributionMap":{"docs":{"insertions":38,"deletions":8}}}]},{"date":"2021-02-26","commitResults":[{"hash":"bacb2f0206ef16d6b303a34d39bf961f5da1f057","messageTitle":"Update AboutUs","messageBody":"","fileTypesAndContributionMap":{"docs":{"insertions":5,"deletions":5}}},{"hash":"fd2d5e138d8a95267254fbae9c14f2692a5e1cd2","messageTitle":"Update DG with use cases","messageBody":"","fileTypesAndContributionMap":{"docs":{"insertions":130,"deletions":0}}}]},{"date":"2021-03-08","commitResults":[{"hash":"2cc33fc856fa2ba1be73fba3bd3f3aa6d049aab3","messageTitle":"Update name and icons of ui","messageBody":"","fileTypesAndContributionMap":{"functional-code":{"insertions":2,"deletions":1},"test-code":{"insertions":1,"deletions":1}}},{"hash":"947cf257854893daa42de9a8f4aab3f4ca16ab0f","messageTitle":"Remove unused import in CalendarWindow.java","messageBody":"","fileTypesAndContributionMap":{"functional-code":{"insertions":0,"deletions":1}}},{"hash":"1b7e50e85e67b10b80acc6e4478d6b395601f53a","messageTitle":"Add background music to RemindMe","messageBody":"","fileTypesAndContributionMap":{"functional-code":{"insertions":18,"deletions":0},"other":{"insertions":3,"deletions":0}}},{"hash":"27d372ba2249b20eb1991a74a256a9d78b8bb7ac","messageTitle":"Remove additional line in import","messageBody":"","fileTypesAndContributionMap":{"functional-code":{"insertions":0,"deletions":1}}}]},{"date":"2021-03-10","commitResults":[{"hash":"3c5cbd174bcb08e236404c8d3f16bdcfd70054e4","messageTitle":"Update Calendar to be functional","messageBody":"","fileTypesAndContributionMap":{"functional-code":{"insertions":217,"deletions":16}}},{"hash":"f8135039356e776e9cb3e789edda1f9ec20c1e34","messageTitle":"Fix code style","messageBody":"","fileTypesAndContributionMap":{"functional-code":{"insertions":10,"deletions":11}}}]}],"jellymias":[{"date":"2021-02-25","commitResults":[{"hash":"3d1778b6b7bcd4046dfc438f75aee778e43b76b0","messageTitle":"Update Jeremias AboutUs.md","messageBody":"","fileTypesAndContributionMap":{"docs":{"insertions":4,"deletions":4}}},{"hash":"92fea041c38c3db72c1176e0756ddd88358b3c4d","messageTitle":"Update link to jellymias.md","messageBody":"","fileTypesAndContributionMap":{"docs":{"insertions":14,"deletions":1}}},{"hash":"95bc8cdec92193cfa559dd5ea504bcc386721c2b","messageTitle":"Update UserGuide features","messageBody":"Update add task and delete task features in UG.\n","fileTypesAndContributionMap":{"docs":{"insertions":25,"deletions":15}}}]},{"date":"2021-03-03","commitResults":[{"hash":"939687fa1f1db06747658fbb6e4bbdaaba6e5f9a","messageTitle":"Change jellymias photo for AboutUs","messageBody":"","fileTypesAndContributionMap":{"docs":{"insertions":1,"deletions":1}}}]},{"date":"2021-03-09","commitResults":[{"hash":"cd374a106ee8a2378747470afd3a3baabb1ebd01","messageTitle":"Add Module model","messageBody":"","fileTypesAndContributionMap":{"functional-code":{"insertions":243,"deletions":0}}},{"hash":"eff3fa429f2e8197ca155cd5d578d42e62facb62","messageTitle":"Add JavaDoc","messageBody":"","fileTypesAndContributionMap":{"functional-code":{"insertions":26,"deletions":4}}},{"hash":"14738f9bedbedd0a7d21e657f33d0d0fc285dcae","messageTitle":"Add Javadoc","messageBody":"","fileTypesAndContributionMap":{"functional-code":{"insertions":38,"deletions":1}}},{"hash":"ab311f006d9a2fe949067edac3f241c9ad48b1ee","messageTitle":"Match checkstyle","messageBody":"","fileTypesAndContributionMap":{"functional-code":{"insertions":1,"deletions":0}}},{"hash":"cbe1a0582bd87ea8496e486c7195b03e57bd2f64","messageTitle":"Create AddAssignmentCommand","messageBody":"","fileTypesAndContributionMap":{"functional-code":{"insertions":55,"deletions":0}}},{"hash":"cdcf99ef259967cbf7524828bda84d31d2e98b96","messageTitle":"Update Model Interface","messageBody":"","fileTypesAndContributionMap":{"functional-code":{"insertions":5,"deletions":0}}},{"hash":"cb0bb2d9e184115d0172b314990734f44d0827f3","messageTitle":"Add stubs for AddAssignmentCommand","messageBody":"","fileTypesAndContributionMap":{"functional-code":{"insertions":15,"deletions":0}}},{"hash":"e289987c24d2c4587ec206c4d08e252a2373f248","messageTitle":"Add JavaDoc in Model.java","messageBody":"","fileTypesAndContributionMap":{"functional-code":{"insertions":6,"deletions":1}}},{"hash":"0efb87510f3f4f5f6b85286bfd8e324536ed7588","messageTitle":"Update checkstyle in AddAssignmentCommand.java","messageBody":"","fileTypesAndContributionMap":{"functional-code":{"insertions":2,"deletions":1}}},{"hash":"acdd08c5cebba81f573cb0b5e3117c5d99b46bc0","messageTitle":"Update AddPersonCommandTest.java","messageBody":"","fileTypesAndContributionMap":{"test-code":{"insertions":11,"deletions":0}}},{"hash":"96d69b534821b56450d1b890925aa6ba859feb72","messageTitle":"Add Add Assignment function","messageBody":"","fileTypesAndContributionMap":{"functional-code":{"insertions":224,"deletions":51},"other":{"insertions":16,"deletions":15}}}]}],"Hzxin":[{"date":"2021-02-20","commitResults":[{"hash":"d94d769028dbce8c4366e8883bbb515d04a4dab4","messageTitle":"Update README.md","messageBody":"","fileTypesAndContributionMap":{"docs":{"insertions":0,"deletions":2}}}]},{"date":"2021-02-21","commitResults":[{"hash":"b5d5b031c87482fbc33e69ee4d0f2fb4a361898a","messageTitle":"Update index.md","messageBody":"","fileTypesAndContributionMap":{"docs":{"insertions":1,"deletions":1}}},{"hash":"ae85bf6156432b38ba8ba3bf9f3b7219ce9ea913","messageTitle":"Update index.md","messageBody":"","fileTypesAndContributionMap":{"docs":{"insertions":1,"deletions":1}}}]},{"date":"2021-02-22","commitResults":[{"hash":"4b7c8b67c615dd5d41071fbd1d34ba7c4e498f6e","messageTitle":"Update index.md","messageBody":"","fileTypesAndContributionMap":{"docs":{"insertions":1,"deletions":1}}},{"hash":"57a081d040d7f00b6cc0dbdbfbbf04fc246a24ff","messageTitle":"Update AboutUs of Hzxin","messageBody":"","fileTypesAndContributionMap":{"docs":{"insertions":5,"deletions":5}}},{"hash":"f858591f094f3e9a2541f13a92dadaa289653b5b","messageTitle":"Update Hzxin.md","messageBody":"","fileTypesAndContributionMap":{"docs":{"insertions":43,"deletions":0}}},{"hash":"faf1c25494ccd45a6b0a99491b8ac888852eab4e","messageTitle":"Update Intro and start-up","messageBody":"","fileTypesAndContributionMap":{"docs":{"insertions":43,"deletions":29}}},{"hash":"d22f26e5a6346b8f6475f4464dbbd6c44fac2d82","messageTitle":"Update link","messageBody":"","fileTypesAndContributionMap":{"docs":{"insertions":2,"deletions":2}}}]},{"date":"2021-02-25","commitResults":[{"hash":"d8fc40d1c9726f73e4a28c3cb331f0199abeafd6","messageTitle":"Update hzxin.md","messageBody":"","fileTypesAndContributionMap":{"docs":{"insertions":1,"deletions":1}}},{"hash":"09875f5b279f37efd07844b4eb9e478ef8dd251b","messageTitle":"Update hzxin.md","messageBody":"","fileTypesAndContributionMap":{"docs":{"insertions":4,"deletions":5}}},{"hash":"7ed67fc4fd24cdcd64c556762ba38ce0a6183197","messageTitle":"Update hzxin.md","messageBody":"","fileTypesAndContributionMap":{"docs":{"insertions":1,"deletions":8}}},{"hash":"347fd1f62b87c74c2d54c7c648ea67fc1ac503dd","messageTitle":"Update hzxin.md","messageBody":"","fileTypesAndContributionMap":{"docs":{"insertions":4,"deletions":3}}},{"hash":"0ee2b80600dda39fb708d6cef3f00a25a861f6a6","messageTitle":"Update hzxin.md","messageBody":"","fileTypesAndContributionMap":{"docs":{"insertions":1,"deletions":17}}},{"hash":"84092ffc2acd9456a679efa972ba8d79b98773aa","messageTitle":"Update hzxin.md","messageBody":"","fileTypesAndContributionMap":{"docs":{"insertions":0,"deletions":1}}},{"hash":"fc776ff8c3d402c7207ac7b0e10f91fe0b7d88cc","messageTitle":"Update hzxin.md","messageBody":"","fileTypesAndContributionMap":{"docs":{"insertions":23,"deletions":2}}}]},{"date":"2021-02-26","commitResults":[{"hash":"657abdf4d803c3323295cb14b69d450e0676c305","messageTitle":"Update user profile and stories and glossary","messageBody":"","fileTypesAndContributionMap":{"docs":{"insertions":15,"deletions":10}}},{"hash":"bb540cc228802d757ae8e5a56c9a507b66251e9e","messageTitle":"Update codecov, CI, site map and acknowledgement","messageBody":"","fileTypesAndContributionMap":{"docs":{"insertions":12,"deletions":1}}}]},{"date":"2021-02-27","commitResults":[{"hash":"3c264f4cbfc49d95b80ca968f792d728c5928317","messageTitle":"Update UserGuide.md","messageBody":"","fileTypesAndContributionMap":{"docs":{"insertions":1,"deletions":1}}},{"hash":"ef3d32090909306ed7691e71216f07368d0a19f5","messageTitle":"Integrate UG v1.1 andupdate Help page message and image","messageBody":"","fileTypesAndContributionMap":{"functional-code":{"insertions":1,"deletions":1},"docs":{"insertions":82,"deletions":90}}},{"hash":"04aed4d35ba47a974ac86d3cc3e63bd14cd3a47a","messageTitle":"Fix command format","messageBody":"","fileTypesAndContributionMap":{"docs":{"insertions":1,"deletions":1}}}]},{"date":"2021-02-28","commitResults":[{"hash":"3c2abc1818441827358692aaf01cb584990206bf","messageTitle":"Update README content","messageBody":"","fileTypesAndContributionMap":{"docs":{"insertions":10,"deletions":9}}},{"hash":"ebdc58b681018c4220554e277f7faa1c2c4fdc77","messageTitle":"Remove some left-over contents of AB3 in DG","messageBody":"","fileTypesAndContributionMap":{"docs":{"insertions":1,"deletions":40}}}]},{"date":"2021-03-01","commitResults":[{"hash":"fdf71e0b48759eab0f413033ad8b7cc9b4faf8d6","messageTitle":"update index.md","messageBody":"","fileTypesAndContributionMap":{"docs":{"insertions":5,"deletions":5}}}]},{"date":"2021-03-02","commitResults":[{"hash":"4e8fc5867f984530b109b57d49afd89b4847cdec","messageTitle":"update new format ofadd and delete","messageBody":"","fileTypesAndContributionMap":{"docs":{"insertions":92,"deletions":31}}},{"hash":"f4eb0263f17a7c8083749521c413f683483ac68d","messageTitle":"Add Calendar window and calendar menuItem","messageBody":"","fileTypesAndContributionMap":{"functional-code":{"insertions":96,"deletions":0}}}]},{"date":"2021-03-03","commitResults":[{"hash":"13448714efef4259ac9e6f21d848ae0639130221","messageTitle":"Build Skeleton-Calendar","messageBody":"","fileTypesAndContributionMap":{"functional-code":{"insertions":78,"deletions":3}}},{"hash":"1c00585b1f7bafe495f8168b5b402e67eef79452","messageTitle":"Implement calendar command","messageBody":"","fileTypesAndContributionMap":{"functional-code":{"insertions":49,"deletions":0}}}]},{"date":"2021-03-04","commitResults":[{"hash":"bf5c2015ff1d57cf676982f1cd2edb884a311e51","messageTitle":"Fix java CI","messageBody":"","fileTypesAndContributionMap":{"functional-code":{"insertions":4,"deletions":5}}}]}],"maikongeh":[{"date":"2021-02-26","commitResults":[{"hash":"15835452271f8eb831353e2a8460df954840a1dd","messageTitle":"update UserGuide","messageBody":"","fileTypesAndContributionMap":{"docs":{"insertions":52,"deletions":54}}},{"hash":"0fe00a69a05455fa9f289face811b14ebf0bb5a6","messageTitle":"Update AboutUs","messageBody":"","fileTypesAndContributionMap":{"docs":{"insertions":1,"deletions":1}}},{"hash":"cfada5052405a07afad753ce3ee79a2065aafc85","messageTitle":"Update UserGuide.md","messageBody":"","fileTypesAndContributionMap":{"docs":{"insertions":1,"deletions":1}}}]},{"date":"2021-02-27","commitResults":[{"hash":"ccba23a531bc0e04ca5ca51d87a75965ca6e95be","messageTitle":"Update AboutUs.md","messageBody":"","fileTypesAndContributionMap":{"docs":{"insertions":1,"deletions":1}}},{"hash":"22ff50fbd200d62421ac06f767c7910b9cd5ff7b","messageTitle":"Update UserGuide.md","messageBody":"","fileTypesAndContributionMap":{"docs":{"insertions":1,"deletions":1}}}]}]},"authorFileTypeContributionMap":{"markuz5116":{"docs":40,"functional-code":477,"test-code":164},"banchiang":{"docs":164,"functional-code":85,"test-code":1,"other":3},"jellymias":{"docs":26,"functional-code":564,"test-code":13},"Hzxin":{"docs":251,"functional-code":252,"test-code":0},"maikongeh":{"docs":44,"functional-code":0,"test-code":0}},"authorContributionVariance":{"markuz5116":68182.48,"banchiang":3863.327,"jellymias":24238.9,"Hzxin":4384.8394,"maikongeh":573.3102},"authorDisplayNameMap":{"markuz5116":"CS2103T-W15-1 ONG ..RCUS","banchiang":"CS2103T-W15-1 CHIA..THAN","jellymias":"CS2103T-W15-1 JERE..CHEN","Hzxin":"CS2103T-W15-1 HUAN..NXIN","maikongeh":"CS2103T-W15-1 ONG ..HAEL"}}
