{"authorDailyContributionsMap":{"markuz5116":[{"date":"2021-02-24","commitResults":[{"hash":"e422773f47368a8959d6aaa5a322fee8ab7b65fb","messageTitle":"Update markuz5116 AboutUs","messageBody":"","fileTypesAndContributionMap":{"docs":{"insertions":20,"deletions":6}}},{"hash":"c81fdd984a41e7a52322eb217ffeb5a6be14b72f","messageTitle":"Update markuz5116 AboutUs","messageBody":"","fileTypesAndContributionMap":{"docs":{"insertions":2,"deletions":2}}},{"hash":"2729e84659a2f6aa9dce405e8d003051a2c1f012","messageTitle":"Update UserGuide for Quick start, Saving the data, Editing the data file, Viewing Calendar of the current month features, and Command Summary for the respective features.","messageBody":"","fileTypesAndContributionMap":{"docs":{"insertions":30,"deletions":17}}},{"hash":"c1f0a6fb2c7df5c5ae56dd5ae425f87dcdddea0b","messageTitle":"Update DG for Non-functional requirements","messageBody":"","fileTypesAndContributionMap":{"docs":{"insertions":4,"deletions":1}}}]},{"date":"2021-02-25","commitResults":[{"hash":"f147d6fd1cdbd41b452567fc9b62840f5af298de","messageTitle":"Fix UG build error","messageBody":"","fileTypesAndContributionMap":{"docs":{"insertions":3,"deletions":0}}}]},{"date":"2021-02-27","commitResults":[{"hash":"9a513504117cd33fa02b0bab1b760ea7a3fee228","messageTitle":"Update DG: Add Non-functional Requirements","messageBody":"","fileTypesAndContributionMap":{"docs":{"insertions":0,"deletions":1}}}]},{"date":"2021-03-06","commitResults":[{"hash":"3e244cd3db68f82b4ddd87ec3fa8df0f443f6797","messageTitle":"Delete Address class","messageBody":"","fileTypesAndContributionMap":{"functional-code":{"insertions":12,"deletions":144},"test-code":{"insertions":56,"deletions":221}}}]},{"date":"2021-03-07","commitResults":[{"hash":"f8d8bda531567141e10c4c437687f67c4cd68343","messageTitle":"Delete Email class","messageBody":"","fileTypesAndContributionMap":{"functional-code":{"insertions":19,"deletions":154},"test-code":{"insertions":52,"deletions":257}}},{"hash":"32b750d3c88de1162f8d7d24ff007af1fe26beac","messageTitle":"Delete Phone class","messageBody":"","fileTypesAndContributionMap":{"functional-code":{"insertions":19,"deletions":140},"docs":{"insertions":1,"deletions":4},"test-code":{"insertions":41,"deletions":252}}},{"hash":"ca94406208ca43ec1edf47f6098170d304b4c8f1","messageTitle":"Create Exam class","messageBody":"","fileTypesAndContributionMap":{"functional-code":{"insertions":80,"deletions":2}}},{"hash":"e8b0af28c1b74d0e03066523630b0849ce5ae811","messageTitle":"Rename AddCommnad to AddPersonCommand","messageBody":"","fileTypesAndContributionMap":{"functional-code":{"insertions":10,"deletions":10},"other":{"insertions":15,"deletions":14},"test-code":{"insertions":20,"deletions":20}}}]},{"date":"2021-03-08","commitResults":[{"hash":"1b2f2a6591c044986b6056ec51653c5c57d89f16","messageTitle":"Rename EditCommand to EditPersonCommand","messageBody":"","fileTypesAndContributionMap":{"functional-code":{"insertions":13,"deletions":12},"other":{"insertions":31,"deletions":31},"test-code":{"insertions":18,"deletions":18}}},{"hash":"9f4eadd1e6baa4a937a18716fa4334f51f29edd1","messageTitle":"Rename FindCommand to FindPersonCommand","messageBody":"","fileTypesAndContributionMap":{"functional-code":{"insertions":10,"deletions":10},"other":{"insertions":11,"deletions":11},"test-code":{"insertions":12,"deletions":11}}}]},{"date":"2021-03-09","commitResults":[{"hash":"de84cc6c9b3f201ee67b4e1516b68a26a22a8168","messageTitle":"Add ExamList","messageBody":"","fileTypesAndContributionMap":{"functional-code":{"insertions":197,"deletions":4},"other":{"insertions":1,"deletions":1}}},{"hash":"f69d27786e9e89e71d34de65439cddfa74f00470","messageTitle":"Add AddExamCommand","messageBody":"","fileTypesAndContributionMap":{"functional-code":{"insertions":92,"deletions":4},"test-code":{"insertions":11,"deletions":0}}},{"hash":"695beda5aa2bb2304e09885c8c1b73e7db1cb7b2","messageTitle":"Add AddExamCommandParser","messageBody":"","fileTypesAndContributionMap":{"functional-code":{"insertions":66,"deletions":2}}}]},{"date":"2021-03-10","commitResults":[{"hash":"c48f93d9b05891ce7136e7aa003d808d39e73b80","messageTitle":"Add Module with ExamList","messageBody":"","fileTypesAndContributionMap":{"functional-code":{"insertions":22,"deletions":16}}},{"hash":"82f8cfe53c3d70b74bf34d97d5e05fe91440fa8a","messageTitle":"Integrate AddCommand for module, exam, assignment, and person to addcomand.","messageBody":"","fileTypesAndContributionMap":{"functional-code":{"insertions":281,"deletions":34},"other":{"insertions":10,"deletions":4},"test-code":{"insertions":19,"deletions":4}}},{"hash":"4da24c62548e3e712fbeb950427b1821ce64c2c7","messageTitle":"Pass checkstyle and test cases","messageBody":"","fileTypesAndContributionMap":{"functional-code":{"insertions":83,"deletions":23},"test-code":{"insertions":3,"deletions":3}}},{"hash":"3d26338e56ee8690e3a16256d82d13a3eceef6db","messageTitle":"Pass checkstyle","messageBody":"","fileTypesAndContributionMap":{"functional-code":{"insertions":2,"deletions":3}}}]},{"date":"2021-03-11","commitResults":[{"hash":"3473586c4fd63e10b3348d86285bec4368a56d44","messageTitle":"Package AddCommandParser together","messageBody":"","fileTypesAndContributionMap":{"functional-code":{"insertions":2,"deletions":1},"other":{"insertions":24,"deletions":5},"test-code":{"insertions":1,"deletions":0}}},{"hash":"371ff0723d4a10c5a6bba328de49200914984455","messageTitle":"Integrate Module with Person for ClearCommand","messageBody":"","fileTypesAndContributionMap":{"functional-code":{"insertions":13,"deletions":2},"test-code":{"insertions":6,"deletions":0}}}]},{"date":"2021-03-12","commitResults":[{"hash":"edae570fa17643e4ebd802b3e7136e35bda87f31","messageTitle":"Add FindModuleCommand","messageBody":"","fileTypesAndContributionMap":{"functional-code":{"insertions":315,"deletions":64},"other":{"insertions":14,"deletions":8},"test-code":{"insertions":2,"deletions":1}}},{"hash":"bb461fe35b72a1b15881258296f1236edbbbbd30","messageTitle":"Follow checkstyle and pass testcases","messageBody":"","fileTypesAndContributionMap":{"functional-code":{"insertions":42,"deletions":35},"test-code":{"insertions":15,"deletions":4}}}]},{"date":"2021-03-15","commitResults":[{"hash":"66938007d0913fc58c35b21a00195d0ca20a3a49","messageTitle":"Add exceptions when module not found when adding assignment and exam","messageBody":"","fileTypesAndContributionMap":{"functional-code":{"insertions":15,"deletions":4}}}]},{"date":"2021-03-16","commitResults":[{"hash":"6d1082e493f760f4348cb210a70ae7ad1f23a1ca","messageTitle":"Create ModuleTest","messageBody":"","fileTypesAndContributionMap":{"functional-code":{"insertions":1,"deletions":1},"test-code":{"insertions":143,"deletions":0}}},{"hash":"24018b192a8224e5f9136396ab57a56849ad4fc7","messageTitle":"Add Javadocs and checkstyle","messageBody":"","fileTypesAndContributionMap":{"functional-code":{"insertions":0,"deletions":1},"test-code":{"insertions":32,"deletions":6}}}]},{"date":"2021-03-17","commitResults":[{"hash":"509f0f7ca98c122ecb261d70f60d211e8f3d88be","messageTitle":"Not done","messageBody":"","fileTypesAndContributionMap":{"functional-code":{"insertions":15,"deletions":8},"other":{"insertions":4,"deletions":3},"test-code":{"insertions":15,"deletions":8}}},{"hash":"270160b2730fbbac7829ceac961d0f50b8b8aae7","messageTitle":"Pass test for Birthday","messageBody":"","fileTypesAndContributionMap":{"functional-code":{"insertions":1,"deletions":1},"test-code":{"insertions":18,"deletions":7}}},{"hash":"9076a0777249a64fb49759fcce7753631af55aa6","messageTitle":"Pass checkstyle","messageBody":"","fileTypesAndContributionMap":{"test-code":{"insertions":1,"deletions":4}}},{"hash":"027b46bb1a56ed417511584b296d875c10f620e6","messageTitle":"Add String for assignments input for ModuleBuilder","messageBody":"","fileTypesAndContributionMap":{"test-code":{"insertions":6,"deletions":12}}},{"hash":"ac0ac5ead149acc4d872e03e6dc36c11679afbd4","messageTitle":"Pass test","messageBody":"","fileTypesAndContributionMap":{"functional-code":{"insertions":1,"deletions":3},"test-code":{"insertions":4,"deletions":2}}},{"hash":"2fcc954efaadeb69932703cdc43b20c0ff3dcc8d","messageTitle":"Add assignment test","messageBody":"","fileTypesAndContributionMap":{"functional-code":{"insertions":14,"deletions":8},"test-code":{"insertions":85,"deletions":59}}},{"hash":"a80dfd970c29f580c330cfa963de6b32e26b54c6","messageTitle":"Add assignmentlist test","messageBody":"","fileTypesAndContributionMap":{"functional-code":{"insertions":3,"deletions":12},"test-code":{"insertions":140,"deletions":2}}},{"hash":"6cd3ca437c7b39e04dd35989aa398361f1034454","messageTitle":"Pass checkstyle","messageBody":"","fileTypesAndContributionMap":{"functional-code":{"insertions":9,"deletions":3},"test-code":{"insertions":21,"deletions":20}}},{"hash":"ddc894039845697f3e09a91394cd393a043d92ca","messageTitle":"Add Exam test","messageBody":"","fileTypesAndContributionMap":{"functional-code":{"insertions":4,"deletions":2},"test-code":{"insertions":94,"deletions":0}}},{"hash":"697adfd1d1de1c675897f610d86f50eaf19b6058","messageTitle":"Add ExamList test","messageBody":"","fileTypesAndContributionMap":{"functional-code":{"insertions":0,"deletions":7},"test-code":{"insertions":253,"deletions":8}}}]},{"date":"2021-03-18","commitResults":[{"hash":"a9763a06ec6035cd41e51ab671125b74a0c3d260","messageTitle":"Improve Module test","messageBody":"","fileTypesAndContributionMap":{"functional-code":{"insertions":2,"deletions":4},"test-code":{"insertions":267,"deletions":105}}},{"hash":"f81f3c7beb3ed02aba08bd62d589c7508ace25cc","messageTitle":"Add ClearModule and ClearPerson commands. Make commands subclass extends superclass","messageBody":"","fileTypesAndContributionMap":{"functional-code":{"insertions":168,"deletions":135},"other":{"insertions":23,"deletions":17},"test-code":{"insertions":72,"deletions":60}}},{"hash":"925051ea3c14fa368e3759f28c3ae674adbf7229","messageTitle":"Add ClearCommandParser and pass checkstyle","messageBody":"","fileTypesAndContributionMap":{"functional-code":{"insertions":85,"deletions":35},"other":{"insertions":14,"deletions":12},"test-code":{"insertions":10,"deletions":8}}},{"hash":"caaaeedf89d8f9e535db4cc80e0c11ef0854bd46","messageTitle":"Add general event list.","messageBody":"","fileTypesAndContributionMap":{"functional-code":{"insertions":185,"deletions":2}}}]},{"date":"2021-03-19","commitResults":[{"hash":"0d9d92377040355869fdd0eec8f8345633f5e0a3","messageTitle":"Add clear general event list function.","messageBody":"","fileTypesAndContributionMap":{"functional-code":{"insertions":180,"deletions":41},"test-code":{"insertions":17,"deletions":2}}},{"hash":"dfd886128d5825877e824ed1bb93f1ea3b31656f","messageTitle":"Add FindEventCommand","messageBody":"","fileTypesAndContributionMap":{"functional-code":{"insertions":109,"deletions":2}}},{"hash":"c2ffdcc5e0f2bce75561832ae5e323a520bdff72","messageTitle":"Add FindEventCommandParser","messageBody":"","fileTypesAndContributionMap":{"functional-code":{"insertions":52,"deletions":3}}},{"hash":"0567ea848844586ba3b52a9fd524a9034d51b10b","messageTitle":"Pass checkstyle","messageBody":"","fileTypesAndContributionMap":{"functional-code":{"insertions":10,"deletions":9},"test-code":{"insertions":12,"deletions":0}}},{"hash":"36183f71626f9561aefdddf85851d6e81bfbc38f","messageTitle":"Trying to delete addressbook","messageBody":"","fileTypesAndContributionMap":{"functional-code":{"insertions":22,"deletions":345},"test-code":{"insertions":11,"deletions":78}}},{"hash":"5ead948e9dc3c8925aebfb3fdd77ea787d0046eb","messageTitle":"Delete addressbook","messageBody":"","fileTypesAndContributionMap":{"test-code":{"insertions":24,"deletions":12}}},{"hash":"1def239b2132b4aa0698a7b0bce624d29cc9fa73","messageTitle":"Pass checkstyle","messageBody":"","fileTypesAndContributionMap":{"test-code":{"insertions":2,"deletions":1}}},{"hash":"9b17ddb0262d0c6587acadd3c91ffd1d0dcc490a","messageTitle":"Pass checkstyle","messageBody":"","fileTypesAndContributionMap":{"test-code":{"insertions":1,"deletions":1}}}]},{"date":"2021-03-21","commitResults":[{"hash":"50a107890533d3792db491c876528e671ceae456","messageTitle":"Add comment for regex to be changed to","messageBody":"","fileTypesAndContributionMap":{"functional-code":{"insertions":2,"deletions":3}}},{"hash":"3d0a61076f790f20a96d308cee4eba39b8157086","messageTitle":"Add assertions","messageBody":"","fileTypesAndContributionMap":{"functional-code":{"insertions":26,"deletions":4}}}]},{"date":"2021-03-22","commitResults":[{"hash":"1850a217240dd075d1b3e07b1bbd71794d609d80","messageTitle":"Add UG for find","messageBody":"","fileTypesAndContributionMap":{"docs":{"insertions":59,"deletions":7}}},{"hash":"bf35a7add884995d4d1af1de1de9f365d1956cb7","messageTitle":"Add UG for clear","messageBody":"","fileTypesAndContributionMap":{"docs":{"insertions":12,"deletions":2}}},{"hash":"71c73ccea37584623e2a8503bf6bfc5b1f6b0878","messageTitle":"Add Command Summary for find and clear","messageBody":"","fileTypesAndContributionMap":{"docs":{"insertions":7,"deletions":0}}}]},{"date":"2021-03-23","commitResults":[{"hash":"05a565d3918498daf9d0eff0f85ac47890fc971b","messageTitle":"Fix UG Find 3.4.1","messageBody":"","fileTypesAndContributionMap":{"docs":{"insertions":1,"deletions":0}}},{"hash":"6387204de203f1ea06d15836b029da800ece9276","messageTitle":"Add DG for find feature","messageBody":"","fileTypesAndContributionMap":{"docs":{"insertions":110,"deletions":1}}},{"hash":"05f4e34f75db05794f246dc92a8d271cb4b69b51","messageTitle":"Add DG for find feature","messageBody":"","fileTypesAndContributionMap":{"docs":{"insertions":1,"deletions":1}}},{"hash":"b055622131a19d7d2128b426cc202eb3e13ff5f7","messageTitle":"Formatting for UG and DG","messageBody":"","fileTypesAndContributionMap":{"docs":{"insertions":3,"deletions":7}}},{"hash":"fc0c7a2dbd9fe4d86a4571ceb7c1234e8c8a7919","messageTitle":"Formatting for UG","messageBody":"","fileTypesAndContributionMap":{"docs":{"insertions":1,"deletions":1}}}]},{"date":"2021-03-24","commitResults":[{"hash":"65f0893620d7a5b4d6eac4d318b357446b35b1e8","messageTitle":"Update DG for find","messageBody":"","fileTypesAndContributionMap":{"docs":{"insertions":88,"deletions":1}}},{"hash":"4412414f99be6b1a6dd3eeb503079e894819b1d7","messageTitle":"Update DG for find","messageBody":"","fileTypesAndContributionMap":{"docs":{"insertions":2,"deletions":1}}}]},{"date":"2021-03-25","commitResults":[{"hash":"2e4e73506b2a6c87292fb0490cdeadefa0f10011","messageTitle":"Fix TOC of UG","messageBody":"","fileTypesAndContributionMap":{"docs":{"insertions":26,"deletions":26}}},{"hash":"58673c3ba72a7d800540e9f3e2a102e8a258a5b1","messageTitle":"Fix TOC of UG","messageBody":"","fileTypesAndContributionMap":{"docs":{"insertions":2,"deletions":1}}},{"hash":"ffc575a2a0ad9733b2a40ba0d738c92d94d7b4cd","messageTitle":"Update UG","messageBody":"","fileTypesAndContributionMap":{"other":{"insertions":1,"deletions":1},"docs":{"insertions":50,"deletions":60}}},{"hash":"2b9d6a003d51bcdbb810e2fd6b6050c91db37a81","messageTitle":"Add Test for General Event and General Event List","messageBody":"","fileTypesAndContributionMap":{"functional-code":{"insertions":1,"deletions":6},"test-code":{"insertions":304,"deletions":0}}},{"hash":"f4bc8293c822ee6461c41e5c9537d8a37835b2f7","messageTitle":"Pass checkstyle","messageBody":"","fileTypesAndContributionMap":{"test-code":{"insertions":20,"deletions":19}}}]},{"date":"2021-03-28","commitResults":[{"hash":"d15f94850272e1e0f4da3e4e568782fad21f99d0","messageTitle":"Update UG","messageBody":"","fileTypesAndContributionMap":{"functional-code":{"insertions":0,"deletions":8},"docs":{"insertions":93,"deletions":70}}},{"hash":"fea4e4df7c6c63e6c17ed7f4d890bdd4d504967a","messageTitle":"Modify list to list all entries","messageBody":"","fileTypesAndContributionMap":{"functional-code":{"insertions":11,"deletions":11},"test-code":{"insertions":2,"deletions":4}}}]}],"banchiang":[{"date":"2021-02-25","commitResults":[{"hash":"b19d6f01f505f3b6e0760fbca5601945581cd013","messageTitle":"Update banchiang info","messageBody":"","fileTypesAndContributionMap":{"docs":{"insertions":19,"deletions":0}}},{"hash":"280d09ae6190435dec7e622fcc2f56f3076ef498","messageTitle":"Update user guide","messageBody":"","fileTypesAndContributionMap":{"docs":{"insertions":38,"deletions":8}}}]},{"date":"2021-02-26","commitResults":[{"hash":"bacb2f0206ef16d6b303a34d39bf961f5da1f057","messageTitle":"Update AboutUs","messageBody":"","fileTypesAndContributionMap":{"docs":{"insertions":5,"deletions":5}}},{"hash":"fd2d5e138d8a95267254fbae9c14f2692a5e1cd2","messageTitle":"Update DG with use cases","messageBody":"","fileTypesAndContributionMap":{"docs":{"insertions":130,"deletions":0}}}]},{"date":"2021-03-08","commitResults":[{"hash":"2cc33fc856fa2ba1be73fba3bd3f3aa6d049aab3","messageTitle":"Update name and icons of ui","messageBody":"","fileTypesAndContributionMap":{"functional-code":{"insertions":2,"deletions":1},"test-code":{"insertions":1,"deletions":1}}},{"hash":"947cf257854893daa42de9a8f4aab3f4ca16ab0f","messageTitle":"Remove unused import in CalendarWindow.java","messageBody":"","fileTypesAndContributionMap":{"functional-code":{"insertions":0,"deletions":1}}},{"hash":"1b7e50e85e67b10b80acc6e4478d6b395601f53a","messageTitle":"Add background music to RemindMe","messageBody":"","fileTypesAndContributionMap":{"functional-code":{"insertions":18,"deletions":0},"other":{"insertions":3,"deletions":0}}},{"hash":"27d372ba2249b20eb1991a74a256a9d78b8bb7ac","messageTitle":"Remove additional line in import","messageBody":"","fileTypesAndContributionMap":{"functional-code":{"insertions":0,"deletions":1}}}]},{"date":"2021-03-10","commitResults":[{"hash":"3c5cbd174bcb08e236404c8d3f16bdcfd70054e4","messageTitle":"Update Calendar to be functional","messageBody":"","fileTypesAndContributionMap":{"functional-code":{"insertions":217,"deletions":16}}},{"hash":"f8135039356e776e9cb3e789edda1f9ec20c1e34","messageTitle":"Fix code style","messageBody":"","fileTypesAndContributionMap":{"functional-code":{"insertions":10,"deletions":11}}},{"hash":"5718497f1bddddb154a107adb9d099eb23a9c34b","messageTitle":"Update calendar to identify today\u0027s date","messageBody":"","fileTypesAndContributionMap":{"functional-code":{"insertions":17,"deletions":1}}}]},{"date":"2021-03-14","commitResults":[{"hash":"ff6f00ef89a4ad91e3623566de4723af8cf4ce4c","messageTitle":"Improve UI to be less buggy","messageBody":"","fileTypesAndContributionMap":{"functional-code":{"insertions":36,"deletions":11}}},{"hash":"b32d7d8c8b59f1951756f3d980be6e7d2910672b","messageTitle":"Update credit for CalendarWindow.java","messageBody":"","fileTypesAndContributionMap":{"functional-code":{"insertions":13,"deletions":30}}}]},{"date":"2021-03-15","commitResults":[{"hash":"79c1d01a2b54288cd31baac795a14cd9030efa17","messageTitle":"Add scrollPane into MainWindow for gui","messageBody":"","fileTypesAndContributionMap":{"functional-code":{"insertions":5,"deletions":1}}}]},{"date":"2021-03-16","commitResults":[{"hash":"d7c2115fbfc1c6591a6989108fac240a3a78469e","messageTitle":"Remove ScrollPane from MainWindow2.fxml","messageBody":"","fileTypesAndContributionMap":{"functional-code":{"insertions":3,"deletions":0}}},{"hash":"2ce27c64ac4afb13b1fc82e2c51edbc0a781ac50","messageTitle":"Add default no assignments output","messageBody":"","fileTypesAndContributionMap":{"functional-code":{"insertions":5,"deletions":0}}},{"hash":"7541ae5d2e6b77ad73d0791821994c9d80f7f8fd","messageTitle":"Add turquoise css theme","messageBody":"","fileTypesAndContributionMap":{"functional-code":{"insertions":2,"deletions":0}}},{"hash":"5d308ce76312e6b031eac72432f1993458224a9f","messageTitle":"Add yellow css theme","messageBody":"","fileTypesAndContributionMap":{"functional-code":{"insertions":1,"deletions":1}}},{"hash":"9affaa2c04c7c24007d4b5ad8f30d4abae8605ea","messageTitle":"Add space for if statement in AssignmentList.java","messageBody":"","fileTypesAndContributionMap":{"functional-code":{"insertions":1,"deletions":1}}},{"hash":"efd6d3cfd8688b65800bbf37f6369cdfbf595fa4","messageTitle":"Refactor CalendarBox.java","messageBody":"","fileTypesAndContributionMap":{"functional-code":{"insertions":20,"deletions":0}}},{"hash":"3140193f1172142b922e9bd3a95cd5d7c9d2a0f7","messageTitle":"Refactor Calendar","messageBody":"","fileTypesAndContributionMap":{"functional-code":{"insertions":1,"deletions":0},"other":{"insertions":4,"deletions":2}}},{"hash":"816316f17d2e51fb8b9b830eab862da5a8c219ed","messageTitle":"Rename AddressBookParser to RemindMeParser","messageBody":"","fileTypesAndContributionMap":{"functional-code":{"insertions":5,"deletions":4},"other":{"insertions":20,"deletions":17}}},{"hash":"64dec0978337b92866878161d0214fc5982bb0e4","messageTitle":"Add shortcut command for calendar, help, exit","messageBody":"","fileTypesAndContributionMap":{"functional-code":{"insertions":4,"deletions":0}}},{"hash":"16be9de2d4e9df67c4a692a38e661b0f36022a3e","messageTitle":"Update RemindMeParserTest.java","messageBody":"","fileTypesAndContributionMap":{"test-code":{"insertions":13,"deletions":0}}},{"hash":"8d1d3d6f43ea9faaf3f6df1f13df67944f9b93ab","messageTitle":"Add Event superclass and timeslot interface","messageBody":"","fileTypesAndContributionMap":{"functional-code":{"insertions":63,"deletions":0}}},{"hash":"54fed1678fea0ef47ed57e159d9dffc7417f434b","messageTitle":"Make Exam, Assignment child class of Event","messageBody":"","fileTypesAndContributionMap":{"functional-code":{"insertions":22,"deletions":15}}},{"hash":"130cdfac7b62b91ca46dbfb833f9aad0748a7888","messageTitle":"Synchronize Calendar with Storage","messageBody":"","fileTypesAndContributionMap":{"functional-code":{"insertions":161,"deletions":21}}},{"hash":"0529981eacb6741f23da7eea4605bd41eefc3e8b","messageTitle":"Delete unused methods in CalendarBox.java","messageBody":"","fileTypesAndContributionMap":{"functional-code":{"insertions":0,"deletions":11}}},{"hash":"900f2cafa10f08482e5e8517b8f49514889a09b9","messageTitle":"Rename deletecommand package and debug calendar","messageBody":"","fileTypesAndContributionMap":{"functional-code":{"insertions":10,"deletions":7},"other":{"insertions":5,"deletions":5},"test-code":{"insertions":3,"deletions":3}}}]},{"date":"2021-03-17","commitResults":[{"hash":"c8b00ea342abfbdf2a17dbf2d7b5cbe75dbf504b","messageTitle":" Synchronize calendar with birthdays","messageBody":"","fileTypesAndContributionMap":{"functional-code":{"insertions":59,"deletions":6},"test-code":{"insertions":2,"deletions":2}}},{"hash":"cf0880e57fdce2a70b24b27439b7578fcac644dc","messageTitle":"Update credit for Calendar","messageBody":"","fileTypesAndContributionMap":{"functional-code":{"insertions":8,"deletions":1}}}]},{"date":"2021-03-22","commitResults":[{"hash":"9a8951bdaf14c1f44cff279277fd3bf838158bd6","messageTitle":"Update user guide","messageBody":"","fileTypesAndContributionMap":{"docs":{"insertions":63,"deletions":8}}},{"hash":"54017c02fe21843a0bfecf02837001f3b7ac291a","messageTitle":"Add java files for timeline for calendar","messageBody":"","fileTypesAndContributionMap":{"functional-code":{"insertions":672,"deletions":0}}},{"hash":"76add9790535ea1585f4281768085234b1a11b72","messageTitle":"Add fxml files for timeline for calendar","messageBody":"","fileTypesAndContributionMap":{"functional-code":{"insertions":4,"deletions":4}}},{"hash":"2e90fd6d10d9258d9c14a2b75d591cadf8742d80","messageTitle":"Update checkstyles","messageBody":"","fileTypesAndContributionMap":{"functional-code":{"insertions":8,"deletions":6}}},{"hash":"35d1216110ea940d91a123588aa27eb7af9ead08","messageTitle":"Synchronize calendar with general events","messageBody":"","fileTypesAndContributionMap":{"functional-code":{"insertions":43,"deletions":8}}}]},{"date":"2021-03-23","commitResults":[{"hash":"0b743edf3ba0a3b8872aa4c1ff59244036a55597","messageTitle":"Add calendar sequence diagrams","messageBody":"","fileTypesAndContributionMap":{"docs":{"insertions":105,"deletions":0}}},{"hash":"3a0d237f2f8aa6bc4bd868d98f7d1805c09ee50b","messageTitle":"Update dg for calendar","messageBody":"","fileTypesAndContributionMap":{"docs":{"insertions":48,"deletions":2}}},{"hash":"8f6ab85ab75b637a06f9425fdba85d16c43afb38","messageTitle":"Refactor dg for calendar","messageBody":"","fileTypesAndContributionMap":{"docs":{"insertions":16,"deletions":14}}}]},{"date":"2021-03-24","commitResults":[{"hash":"f702648deea75862e77950e49eb7dee470f2ff23","messageTitle":"Update calendar dg diagrams","messageBody":"","fileTypesAndContributionMap":{"docs":{"insertions":16,"deletions":15}}}]},{"date":"2021-03-26","commitResults":[{"hash":"f72dd936b14ca2e60cf9fd2d40e19bd63b10c1e8","messageTitle":"Synchronize timeline for calendar","messageBody":"","fileTypesAndContributionMap":{"functional-code":{"insertions":162,"deletions":74}}},{"hash":"cade2854793ef0a118ad836ecbbcfae6e6ffc18f","messageTitle":"Update window exit to be system exit","messageBody":"","fileTypesAndContributionMap":{"functional-code":{"insertions":4,"deletions":1}}},{"hash":"5668db1718630f4355061ddce248ff28098802c0","messageTitle":"Update duration and java standards for CalendarWindow.java","messageBody":"","fileTypesAndContributionMap":{"functional-code":{"insertions":37,"deletions":24}}},{"hash":"992c33a395609db44ee7be3171cdf65a672cc616","messageTitle":"Add logging, update javadocs for calendar related classes","messageBody":"","fileTypesAndContributionMap":{"functional-code":{"insertions":93,"deletions":38}}},{"hash":"2ea392b47d44f51117a65aaf5a857bd97cafc6e7","messageTitle":"Update checkstyle","messageBody":"","fileTypesAndContributionMap":{"functional-code":{"insertions":6,"deletions":8}}}]}],"jellymias":[{"date":"2021-02-25","commitResults":[{"hash":"3d1778b6b7bcd4046dfc438f75aee778e43b76b0","messageTitle":"Update Jeremias AboutUs.md","messageBody":"","fileTypesAndContributionMap":{"docs":{"insertions":4,"deletions":4}}},{"hash":"92fea041c38c3db72c1176e0756ddd88358b3c4d","messageTitle":"Update link to jellymias.md","messageBody":"","fileTypesAndContributionMap":{"docs":{"insertions":14,"deletions":1}}},{"hash":"95bc8cdec92193cfa559dd5ea504bcc386721c2b","messageTitle":"Update UserGuide features","messageBody":"Update add task and delete task features in UG.\n","fileTypesAndContributionMap":{"docs":{"insertions":25,"deletions":15}}}]},{"date":"2021-03-03","commitResults":[{"hash":"939687fa1f1db06747658fbb6e4bbdaaba6e5f9a","messageTitle":"Change jellymias photo for AboutUs","messageBody":"","fileTypesAndContributionMap":{"docs":{"insertions":1,"deletions":1}}}]},{"date":"2021-03-09","commitResults":[{"hash":"cd374a106ee8a2378747470afd3a3baabb1ebd01","messageTitle":"Add Module model","messageBody":"","fileTypesAndContributionMap":{"functional-code":{"insertions":243,"deletions":0}}},{"hash":"eff3fa429f2e8197ca155cd5d578d42e62facb62","messageTitle":"Add JavaDoc","messageBody":"","fileTypesAndContributionMap":{"functional-code":{"insertions":26,"deletions":4}}},{"hash":"14738f9bedbedd0a7d21e657f33d0d0fc285dcae","messageTitle":"Add Javadoc","messageBody":"","fileTypesAndContributionMap":{"functional-code":{"insertions":38,"deletions":1}}},{"hash":"ab311f006d9a2fe949067edac3f241c9ad48b1ee","messageTitle":"Match checkstyle","messageBody":"","fileTypesAndContributionMap":{"functional-code":{"insertions":1,"deletions":0}}},{"hash":"cbe1a0582bd87ea8496e486c7195b03e57bd2f64","messageTitle":"Create AddAssignmentCommand","messageBody":"","fileTypesAndContributionMap":{"functional-code":{"insertions":55,"deletions":0}}},{"hash":"cdcf99ef259967cbf7524828bda84d31d2e98b96","messageTitle":"Update Model Interface","messageBody":"","fileTypesAndContributionMap":{"functional-code":{"insertions":5,"deletions":0}}},{"hash":"cb0bb2d9e184115d0172b314990734f44d0827f3","messageTitle":"Add stubs for AddAssignmentCommand","messageBody":"","fileTypesAndContributionMap":{"functional-code":{"insertions":15,"deletions":0}}},{"hash":"e289987c24d2c4587ec206c4d08e252a2373f248","messageTitle":"Add JavaDoc in Model.java","messageBody":"","fileTypesAndContributionMap":{"functional-code":{"insertions":6,"deletions":1}}},{"hash":"0efb87510f3f4f5f6b85286bfd8e324536ed7588","messageTitle":"Update checkstyle in AddAssignmentCommand.java","messageBody":"","fileTypesAndContributionMap":{"functional-code":{"insertions":2,"deletions":1}}},{"hash":"acdd08c5cebba81f573cb0b5e3117c5d99b46bc0","messageTitle":"Update AddPersonCommandTest.java","messageBody":"","fileTypesAndContributionMap":{"test-code":{"insertions":11,"deletions":0}}},{"hash":"96d69b534821b56450d1b890925aa6ba859feb72","messageTitle":"Add Add Assignment function","messageBody":"","fileTypesAndContributionMap":{"functional-code":{"insertions":224,"deletions":51},"other":{"insertions":16,"deletions":15}}}]},{"date":"2021-03-10","commitResults":[{"hash":"64248decaed58804af608360efdc7caae552cab8","messageTitle":"Add Test for Description.java","messageBody":"","fileTypesAndContributionMap":{"functional-code":{"insertions":1,"deletions":1},"test-code":{"insertions":46,"deletions":0}}},{"hash":"18b33d1f30a4c973d9e651359bce7d58f287f9ad","messageTitle":"Add Test for Assignment.java","messageBody":"","fileTypesAndContributionMap":{"functional-code":{"insertions":4,"deletions":7},"test-code":{"insertions":70,"deletions":1}}},{"hash":"c91a50516a20194f27a222e95c5b403f89c6e6c4","messageTitle":"Add Test for AssignmentList.java","messageBody":"","fileTypesAndContributionMap":{"test-code":{"insertions":57,"deletions":0}}},{"hash":"2a69cbfd4fc6e0fe7fd578553570242c97a1a971","messageTitle":"Update checkstyle","messageBody":"","fileTypesAndContributionMap":{"test-code":{"insertions":13,"deletions":14}}}]},{"date":"2021-03-11","commitResults":[{"hash":"954b4727335f9b77dcf5184e93aa1e59eca8677c","messageTitle":"Add Module Planner","messageBody":"","fileTypesAndContributionMap":{"functional-code":{"insertions":306,"deletions":8}}},{"hash":"3e90756017df57cd846e062fc5a7468911a754d7","messageTitle":"Add Add Command Function with Module Planner and Model Manager","messageBody":"","fileTypesAndContributionMap":{"functional-code":{"insertions":112,"deletions":55},"test-code":{"insertions":38,"deletions":28}}},{"hash":"92df63aefcfe524322f44df3706cffe7a56424c5","messageTitle":"Update checkstyle in AddCommandParser.java","messageBody":"","fileTypesAndContributionMap":{"functional-code":{"insertions":4,"deletions":1}}}]},{"date":"2021-03-15","commitResults":[{"hash":"0b0a61e6a257f988ba9040fde83e81a4a68c3a50","messageTitle":"Package EditPersonCommand.java","messageBody":"","fileTypesAndContributionMap":{"functional-code":{"insertions":2,"deletions":2},"other":{"insertions":3,"deletions":1},"test-code":{"insertions":5,"deletions":3}}},{"hash":"cf75f9c06c82b45df9bd06c3e3bcf053dd36d0f4","messageTitle":"Add EditModuleCommand.java and integrated with ModelManager.java","messageBody":"","fileTypesAndContributionMap":{"functional-code":{"insertions":112,"deletions":4}}}]},{"date":"2021-03-16","commitResults":[{"hash":"a7e3b1c32f5143c4cd3d684cbc1eac39674c26d2","messageTitle":"Update checkstyle","messageBody":"","fileTypesAndContributionMap":{"functional-code":{"insertions":2,"deletions":5},"other":{"insertions":5,"deletions":1},"test-code":{"insertions":12,"deletions":5}}},{"hash":"0db12bd30357a282467700bd6893051abdda2107","messageTitle":"Rename EditCommandParser .java to EditPersonCommandParser.java","messageBody":"","fileTypesAndContributionMap":{"functional-code":{"insertions":2,"deletions":2},"other":{"insertions":4,"deletions":4}}},{"hash":"8b8207ddc53ed51876e2cdccec72040f8ee77002","messageTitle":"Integrate EditCommandParser.java with ModelManager","messageBody":"","fileTypesAndContributionMap":{"functional-code":{"insertions":170,"deletions":25},"test-code":{"insertions":6,"deletions":1}}}]},{"date":"2021-03-18","commitResults":[{"hash":"6f15afd77c608fd1a2edd881eb137a689e424a09","messageTitle":"Create GeneralEvent.java","messageBody":"","fileTypesAndContributionMap":{"functional-code":{"insertions":59,"deletions":1}}},{"hash":"9833b8fbdbc28a96f031fd0090c353e5864220a7","messageTitle":"Update GeneralEvent.java","messageBody":"","fileTypesAndContributionMap":{"functional-code":{"insertions":1,"deletions":2}}},{"hash":"3de79923ab866c3da2d95010fb9b5c142a130337","messageTitle":"Add empty Tag constructor","messageBody":"","fileTypesAndContributionMap":{"functional-code":{"insertions":9,"deletions":1}}}]},{"date":"2021-03-19","commitResults":[{"hash":"b2230c1e24663fe477a60addf8d9662e8cc109c2","messageTitle":"Create AddEventCommand.java","messageBody":"","fileTypesAndContributionMap":{"functional-code":{"insertions":78,"deletions":0},"test-code":{"insertions":9,"deletions":0}}},{"hash":"9b39b43a599d9ee5aa7a5fe6264d016a1606a442","messageTitle":"Create AddEventCommandParser.java","messageBody":"","fileTypesAndContributionMap":{"functional-code":{"insertions":63,"deletions":5}}},{"hash":"2515ced542058445d4aa4f0e2c3fa1e3e4329fff","messageTitle":"Fix checkstyle","messageBody":"","fileTypesAndContributionMap":{"functional-code":{"insertions":6,"deletions":11}}},{"hash":"e3ed8e48aba42a93c6b5dd76448b8c1006655f8c","messageTitle":"Update AddCommandParser.java","messageBody":"","fileTypesAndContributionMap":{"functional-code":{"insertions":1,"deletions":1}}}]},{"date":"2021-03-20","commitResults":[{"hash":"1957c37419ff31fd01f8598b2a926a84a75746c3","messageTitle":"Create EditEventCommand.java","messageBody":"","fileTypesAndContributionMap":{"functional-code":{"insertions":131,"deletions":6}}},{"hash":"7692cbf010a7f58f75410d5cd1447b118af40e83","messageTitle":"Create EditEventCommandParser.java","messageBody":"","fileTypesAndContributionMap":{"functional-code":{"insertions":76,"deletions":13},"test-code":{"insertions":18,"deletions":0}}}]},{"date":"2021-03-22","commitResults":[{"hash":"27539211b06f82aab1e6c3861990bc16fc540331","messageTitle":"Add hasAssignment method","messageBody":"","fileTypesAndContributionMap":{"functional-code":{"insertions":102,"deletions":1}}},{"hash":"7bde1f665b82a1e1e0693c8f225bac147a2d4964","messageTitle":"Add editAssignment method","messageBody":"","fileTypesAndContributionMap":{"functional-code":{"insertions":127,"deletions":2}}},{"hash":"4c2c5a1a38c04d4f569e0b37b49777e4a1ed1d11","messageTitle":"Add EditAssignmentCommand.java","messageBody":"","fileTypesAndContributionMap":{"functional-code":{"insertions":5,"deletions":3}}},{"hash":"f4d5b70e6003d82465abfa9e7550d5b70ce4c9b2","messageTitle":"Add EditAssignmentCommandParser.java","messageBody":"","fileTypesAndContributionMap":{"functional-code":{"insertions":63,"deletions":2}}},{"hash":"17025639c29f1042a356a9503f94337a1d48ab8f","messageTitle":"Intergrate with EditCommandParser.java","messageBody":"","fileTypesAndContributionMap":{"functional-code":{"insertions":10,"deletions":1}}},{"hash":"232080ab1f2184ee1a19adf771ac42925a1eb1f1","messageTitle":"Integrate Edit assignment command","messageBody":"","fileTypesAndContributionMap":{"functional-code":{"insertions":13,"deletions":13}}},{"hash":"673e9b8aa7f6689c59ce193b6ba4f383670477ce","messageTitle":"Fix checkstyle","messageBody":"","fileTypesAndContributionMap":{"functional-code":{"insertions":18,"deletions":19},"test-code":{"insertions":20,"deletions":0}}},{"hash":"dc127470dcdd09bdb3b2acc30575948bd60b16d3","messageTitle":"Resolve minor naming issues","messageBody":"","fileTypesAndContributionMap":{"functional-code":{"insertions":12,"deletions":9}}},{"hash":"4b75d82a312e677dee1151cdb1aeaafde45106e4","messageTitle":"Fix wording","messageBody":"","fileTypesAndContributionMap":{"functional-code":{"insertions":107,"deletions":1}}},{"hash":"c33653bfbcd647dd23ea271e4d646a6f77eaac44","messageTitle":"Fix minor wording issue","messageBody":"","fileTypesAndContributionMap":{"functional-code":{"insertions":8,"deletions":7}}},{"hash":"9934880535d2fd46e8c7a50ce9f5fe8f5b810327","messageTitle":"Add hasExam(int index) method","messageBody":"","fileTypesAndContributionMap":{"functional-code":{"insertions":32,"deletions":9}}},{"hash":"48b4f2ebe6fd5df12737cb51d18179309b5af886","messageTitle":"Add editExam method","messageBody":"","fileTypesAndContributionMap":{"functional-code":{"insertions":57,"deletions":21}}},{"hash":"92e4fbb1b94cc7879450aed762799e29a8f373b0","messageTitle":"Use isNull() method for null checks","messageBody":"","fileTypesAndContributionMap":{"functional-code":{"insertions":5,"deletions":4}}},{"hash":"e15708dfb571acd682ae38fd96d8296bd1c5c620","messageTitle":"Add EditExamCommand.java","messageBody":"","fileTypesAndContributionMap":{"functional-code":{"insertions":0,"deletions":3},"test-code":{"insertions":10,"deletions":0}}},{"hash":"190092398c89eca1af236d33660b9dff2c6f616c","messageTitle":"Create EditExamCommandParser.java","messageBody":"","fileTypesAndContributionMap":{"functional-code":{"insertions":4,"deletions":0}}},{"hash":"c3472aa2c031b51cb4afa43f7f33204b7cf5dbf3","messageTitle":"Update EditExamCommandParser.java","messageBody":"","fileTypesAndContributionMap":{"functional-code":{"insertions":49,"deletions":1}}},{"hash":"ce255716f95a5f42ffa14cc4abd7966d8f2f7970","messageTitle":"Integrate EditExamCommandParser","messageBody":"","fileTypesAndContributionMap":{"functional-code":{"insertions":9,"deletions":0}}},{"hash":"778cc79f510a3ef31e7e3e3e42bdd963f51e80b7","messageTitle":"Fix checkstyle","messageBody":"","fileTypesAndContributionMap":{"functional-code":{"insertions":0,"deletions":1}}},{"hash":"9c88f9e9243bf446c49700b78fd1f57412d0df73","messageTitle":"Fix bugs that caused Edit Exam to fail","messageBody":"","fileTypesAndContributionMap":{"functional-code":{"insertions":6,"deletions":7}}}]},{"date":"2021-03-23","commitResults":[{"hash":"fe894951961e8812d7aeacf0a3d6c5954abdcded","messageTitle":"Update UserGuideNew.md with edit commands","messageBody":"","fileTypesAndContributionMap":{"docs":{"insertions":64,"deletions":0}}},{"hash":"a5f98c63c61f8fb2c39fa56ce38fef2648ff93c4","messageTitle":"Add additional check for duplicate event","messageBody":"","fileTypesAndContributionMap":{"functional-code":{"insertions":38,"deletions":11},"test-code":{"insertions":5,"deletions":0}}},{"hash":"2083e906777e4ef44e4a098c978b43debcdd57a1","messageTitle":"Add additional check for duplicate modules","messageBody":"","fileTypesAndContributionMap":{"functional-code":{"insertions":26,"deletions":1},"test-code":{"insertions":5,"deletions":0}}},{"hash":"a404279975bb15f5f5c49be15ffff33de7dd526e","messageTitle":"Add additional check for duplicate assignments","messageBody":"","fileTypesAndContributionMap":{"functional-code":{"insertions":9,"deletions":0}}},{"hash":"e8ad917631d78960bad0a21db6f15028e34fcfc4","messageTitle":"Add additional checks for duplicate exams","messageBody":"","fileTypesAndContributionMap":{"functional-code":{"insertions":6,"deletions":0}}}]},{"date":"2021-03-24","commitResults":[{"hash":"bb86fb6c76cb4eff8b5d360061e5ff917acf2f03","messageTitle":"Update DG Add feature","messageBody":"","fileTypesAndContributionMap":{"docs":{"insertions":160,"deletions":1}}}]}],"Hzxin":[{"date":"2021-02-20","commitResults":[{"hash":"d94d769028dbce8c4366e8883bbb515d04a4dab4","messageTitle":"Update README.md","messageBody":"","fileTypesAndContributionMap":{"docs":{"insertions":0,"deletions":2}}}]},{"date":"2021-02-21","commitResults":[{"hash":"b5d5b031c87482fbc33e69ee4d0f2fb4a361898a","messageTitle":"Update index.md","messageBody":"","fileTypesAndContributionMap":{"docs":{"insertions":1,"deletions":1}}},{"hash":"ae85bf6156432b38ba8ba3bf9f3b7219ce9ea913","messageTitle":"Update index.md","messageBody":"","fileTypesAndContributionMap":{"docs":{"insertions":1,"deletions":1}}}]},{"date":"2021-02-22","commitResults":[{"hash":"4b7c8b67c615dd5d41071fbd1d34ba7c4e498f6e","messageTitle":"Update index.md","messageBody":"","fileTypesAndContributionMap":{"docs":{"insertions":1,"deletions":1}}},{"hash":"57a081d040d7f00b6cc0dbdbfbbf04fc246a24ff","messageTitle":"Update AboutUs of Hzxin","messageBody":"","fileTypesAndContributionMap":{"docs":{"insertions":5,"deletions":5}}},{"hash":"f858591f094f3e9a2541f13a92dadaa289653b5b","messageTitle":"Update Hzxin.md","messageBody":"","fileTypesAndContributionMap":{"docs":{"insertions":43,"deletions":0}}},{"hash":"faf1c25494ccd45a6b0a99491b8ac888852eab4e","messageTitle":"Update Intro and start-up","messageBody":"","fileTypesAndContributionMap":{"docs":{"insertions":43,"deletions":29}}},{"hash":"d22f26e5a6346b8f6475f4464dbbd6c44fac2d82","messageTitle":"Update link","messageBody":"","fileTypesAndContributionMap":{"docs":{"insertions":2,"deletions":2}}}]},{"date":"2021-02-25","commitResults":[{"hash":"d8fc40d1c9726f73e4a28c3cb331f0199abeafd6","messageTitle":"Update hzxin.md","messageBody":"","fileTypesAndContributionMap":{"docs":{"insertions":1,"deletions":1}}},{"hash":"09875f5b279f37efd07844b4eb9e478ef8dd251b","messageTitle":"Update hzxin.md","messageBody":"","fileTypesAndContributionMap":{"docs":{"insertions":4,"deletions":5}}},{"hash":"7ed67fc4fd24cdcd64c556762ba38ce0a6183197","messageTitle":"Update hzxin.md","messageBody":"","fileTypesAndContributionMap":{"docs":{"insertions":1,"deletions":8}}},{"hash":"347fd1f62b87c74c2d54c7c648ea67fc1ac503dd","messageTitle":"Update hzxin.md","messageBody":"","fileTypesAndContributionMap":{"docs":{"insertions":4,"deletions":3}}},{"hash":"0ee2b80600dda39fb708d6cef3f00a25a861f6a6","messageTitle":"Update hzxin.md","messageBody":"","fileTypesAndContributionMap":{"docs":{"insertions":1,"deletions":17}}},{"hash":"84092ffc2acd9456a679efa972ba8d79b98773aa","messageTitle":"Update hzxin.md","messageBody":"","fileTypesAndContributionMap":{"docs":{"insertions":0,"deletions":1}}},{"hash":"fc776ff8c3d402c7207ac7b0e10f91fe0b7d88cc","messageTitle":"Update hzxin.md","messageBody":"","fileTypesAndContributionMap":{"docs":{"insertions":23,"deletions":2}}}]},{"date":"2021-02-26","commitResults":[{"hash":"657abdf4d803c3323295cb14b69d450e0676c305","messageTitle":"Update user profile and stories and glossary","messageBody":"","fileTypesAndContributionMap":{"docs":{"insertions":15,"deletions":10}}},{"hash":"bb540cc228802d757ae8e5a56c9a507b66251e9e","messageTitle":"Update codecov, CI, site map and acknowledgement","messageBody":"","fileTypesAndContributionMap":{"docs":{"insertions":12,"deletions":1}}}]},{"date":"2021-02-27","commitResults":[{"hash":"3c264f4cbfc49d95b80ca968f792d728c5928317","messageTitle":"Update UserGuide.md","messageBody":"","fileTypesAndContributionMap":{"docs":{"insertions":1,"deletions":1}}},{"hash":"ef3d32090909306ed7691e71216f07368d0a19f5","messageTitle":"Integrate UG v1.1 andupdate Help page message and image","messageBody":"","fileTypesAndContributionMap":{"functional-code":{"insertions":1,"deletions":1},"docs":{"insertions":82,"deletions":90}}},{"hash":"04aed4d35ba47a974ac86d3cc3e63bd14cd3a47a","messageTitle":"Fix command format","messageBody":"","fileTypesAndContributionMap":{"docs":{"insertions":1,"deletions":1}}}]},{"date":"2021-02-28","commitResults":[{"hash":"3c2abc1818441827358692aaf01cb584990206bf","messageTitle":"Update README content","messageBody":"","fileTypesAndContributionMap":{"docs":{"insertions":10,"deletions":9}}},{"hash":"ebdc58b681018c4220554e277f7faa1c2c4fdc77","messageTitle":"Remove some left-over contents of AB3 in DG","messageBody":"","fileTypesAndContributionMap":{"docs":{"insertions":1,"deletions":40}}}]},{"date":"2021-03-01","commitResults":[{"hash":"fdf71e0b48759eab0f413033ad8b7cc9b4faf8d6","messageTitle":"update index.md","messageBody":"","fileTypesAndContributionMap":{"docs":{"insertions":5,"deletions":5}}}]},{"date":"2021-03-02","commitResults":[{"hash":"4e8fc5867f984530b109b57d49afd89b4847cdec","messageTitle":"update new format ofadd and delete","messageBody":"","fileTypesAndContributionMap":{"docs":{"insertions":92,"deletions":31}}},{"hash":"f4eb0263f17a7c8083749521c413f683483ac68d","messageTitle":"Add Calendar window and calendar menuItem","messageBody":"","fileTypesAndContributionMap":{"functional-code":{"insertions":96,"deletions":0}}}]},{"date":"2021-03-03","commitResults":[{"hash":"13448714efef4259ac9e6f21d848ae0639130221","messageTitle":"Build Skeleton-Calendar","messageBody":"","fileTypesAndContributionMap":{"functional-code":{"insertions":78,"deletions":3}}},{"hash":"1c00585b1f7bafe495f8168b5b402e67eef79452","messageTitle":"Implement calendar command","messageBody":"","fileTypesAndContributionMap":{"functional-code":{"insertions":49,"deletions":0}}}]},{"date":"2021-03-04","commitResults":[{"hash":"bf5c2015ff1d57cf676982f1cd2edb884a311e51","messageTitle":"Fix java CI","messageBody":"","fileTypesAndContributionMap":{"functional-code":{"insertions":4,"deletions":5}}}]},{"date":"2021-03-14","commitResults":[{"hash":"98dede600b9715b5a3f817d99acc80f6727af1e6","messageTitle":"Skeleton of remidner-window","messageBody":"","fileTypesAndContributionMap":{"functional-code":{"insertions":56,"deletions":1}}}]},{"date":"2021-03-15","commitResults":[{"hash":"406387b327b407332e734a7ca360384b827b7b57","messageTitle":"Updated Adapted version of classes for json","messageBody":"","fileTypesAndContributionMap":{"functional-code":{"insertions":362,"deletions":0}}},{"hash":"bd1209647d1f5cda70d5f4ba78857d80e574dae2","messageTitle":"Add LocalDateTimeUtil","messageBody":"","fileTypesAndContributionMap":{"functional-code":{"insertions":38,"deletions":0}}},{"hash":"7b7058d7b1b29ad5eedb55b8842fd57b795be330","messageTitle":"Removing whitespace","messageBody":"","fileTypesAndContributionMap":{"functional-code":{"insertions":0,"deletions":5}}},{"hash":"283586c512be70c2a2661eb3ae2b3162e5c33309","messageTitle":"Implement adapted classes for remindMe","messageBody":"","fileTypesAndContributionMap":{"functional-code":{"insertions":246,"deletions":90},"other":{"insertions":7,"deletions":7},"test-code":{"insertions":50,"deletions":30}}},{"hash":"c61b3b942d70f22cdf8585304917c16267e47041","messageTitle":"save work","messageBody":"","fileTypesAndContributionMap":{"functional-code":{"insertions":209,"deletions":107},"other":{"insertions":63,"deletions":7},"test-code":{"insertions":93,"deletions":88}}},{"hash":"9afbb7db248690b26aed54730ad8e8f34cb38bd9","messageTitle":"Reconstruct sampleRemindMe","messageBody":"","fileTypesAndContributionMap":{"functional-code":{"insertions":9,"deletions":4}}},{"hash":"a16dfefbc9b0e68be067bb473b8411adb9795a44","messageTitle":"Remove addressbook from model and logic","messageBody":"","fileTypesAndContributionMap":{"functional-code":{"insertions":109,"deletions":60}}},{"hash":"4d84ba4a6a906820a19a6a194049b39c7770316a","messageTitle":"Add EOF","messageBody":"","fileTypesAndContributionMap":{"functional-code":{"insertions":13,"deletions":32}}},{"hash":"1cbdc4844fb378135533d8f2094d345ec93a988e","messageTitle":"Fix tests","messageBody":"","fileTypesAndContributionMap":{"test-code":{"insertions":75,"deletions":68}}},{"hash":"2be2cba2e94426a5a1ee095bb7a100c19e06817f","messageTitle":"Fix checkStyleTest","messageBody":"","fileTypesAndContributionMap":{"test-code":{"insertions":4,"deletions":26}}}]},{"date":"2021-03-16","commitResults":[{"hash":"80c9e732cc46971f657f816ba785f5da2ce9e9ed","messageTitle":"Integrate person storage and add Tests","messageBody":"","fileTypesAndContributionMap":{"functional-code":{"insertions":139,"deletions":160},"other":{"insertions":91,"deletions":55},"test-code":{"insertions":298,"deletions":225}}},{"hash":"86ab0e13bcf2072ef724cf2a5b2de7fe933c487e","messageTitle":"JavaCI fix","messageBody":"","fileTypesAndContributionMap":{"functional-code":{"insertions":3,"deletions":11},"test-code":{"insertions":1,"deletions":12}}},{"hash":"55b2d84dc665d4f39941f1d568d9373eb54c0884","messageTitle":"Synk reminder pop-up with storage","messageBody":"","fileTypesAndContributionMap":{"functional-code":{"insertions":48,"deletions":3}}},{"hash":"0d018a37c8c3bde5a63f941e7683c2c960ee1e8d","messageTitle":"Check-style fix","messageBody":"","fileTypesAndContributionMap":{"functional-code":{"insertions":1,"deletions":5}}},{"hash":"6dcfadc4cde6d4ac75d23b10abcd92cec2287041","messageTitle":"Add tag property to Assignment and Exam","messageBody":"","fileTypesAndContributionMap":{"functional-code":{"insertions":60,"deletions":80}}},{"hash":"086077e8ea65ebb01cad408aabfaaf4446f13ca7","messageTitle":"Fix checkstyle test and Test","messageBody":"","fileTypesAndContributionMap":{"functional-code":{"insertions":4,"deletions":5},"test-code":{"insertions":22,"deletions":14}}}]},{"date":"2021-03-17","commitResults":[{"hash":"c05d3cb59ae0daa78e1ff8d7af9686ff5e97b4b5","messageTitle":"Adjust toString andimprove Mainwindow Ui","messageBody":"","fileTypesAndContributionMap":{"functional-code":{"insertions":102,"deletions":21}}}]},{"date":"2021-03-18","commitResults":[{"hash":"afbbed68a4f2e8edd9b4f8a3338b4d38ddd7bcb7","messageTitle":"Update build.gradle","messageBody":"","tags":["v1.2"],"fileTypesAndContributionMap":{"other":{"insertions":1,"deletions":1}}},{"hash":"26a44cb9173b538f8d063d165af0ae6b661623f2","messageTitle":"increase main-window size","messageBody":"","fileTypesAndContributionMap":{"functional-code":{"insertions":3,"deletions":2},"other":{"insertions":1,"deletions":1}}},{"hash":"8e6834a13e5cb4da5fda591ffb73be5ff33a0c9b","messageTitle":"Adjust PersonPanel and include birthday in GUI","messageBody":"","fileTypesAndContributionMap":{"functional-code":{"insertions":4,"deletions":0}}},{"hash":"50f24bcf1dd63dc012d63033bcc2859dd411adff","messageTitle":"change module toString","messageBody":"","fileTypesAndContributionMap":{"functional-code":{"insertions":2,"deletions":8}}}]},{"date":"2021-03-19","commitResults":[{"hash":"15587ad0c91468b08620bdc7cc2b1e7b556eb006","messageTitle":"Modify ReminderWindow GUI","messageBody":"","fileTypesAndContributionMap":{"functional-code":{"insertions":17,"deletions":17}}},{"hash":"367a5c3b8f650ec415a20c4949643b75516fd512","messageTitle":"remove white space before passing tag to Event","messageBody":"","fileTypesAndContributionMap":{"functional-code":{"insertions":4,"deletions":1}}},{"hash":"2e8df869474b5468bf0fca068fe9e1413a6f928f","messageTitle":"Create space-free tag for Event","messageBody":"","fileTypesAndContributionMap":{"functional-code":{"insertions":4,"deletions":4}}},{"hash":"db64628108399e84db909bce9e391fecacf72d45","messageTitle":"remove lines","messageBody":"","fileTypesAndContributionMap":{"functional-code":{"insertions":1,"deletions":0}}},{"hash":"e4f04c3acc4541eab608df101e536954fcc523bb","messageTitle":"Remove Ab3 related JavaDocs and String","messageBody":"","fileTypesAndContributionMap":{"functional-code":{"insertions":9,"deletions":9},"docs":{"insertions":1,"deletions":1}}},{"hash":"74531c31bd02f44dacffdacec64f2529b7a4f2a7","messageTitle":"Replace AddressBook names in Test and javaDoc","messageBody":"","fileTypesAndContributionMap":{"functional-code":{"insertions":37,"deletions":44},"other":{"insertions":4,"deletions":4},"test-code":{"insertions":20,"deletions":20}}},{"hash":"66319a0b18ebd11dcc41e069321c5a3b5bce7ec8","messageTitle":"standardize dateTimeFormat","messageBody":"","fileTypesAndContributionMap":{"functional-code":{"insertions":13,"deletions":10},"test-code":{"insertions":36,"deletions":10}}},{"hash":"1c76e0ba22240cb364dc9b5791bb2be8f2777144","messageTitle":"Add adaptedAssignmentTest","messageBody":"","fileTypesAndContributionMap":{"test-code":{"insertions":25,"deletions":3}}},{"hash":"b851b4a7e1ec4d685e4f948a22158f4126616890","messageTitle":"Add AdaptedExamTest","messageBody":"","fileTypesAndContributionMap":{"functional-code":{"insertions":6,"deletions":9},"test-code":{"insertions":51,"deletions":6}}},{"hash":"67f695af6ca4014f17cb785d2ec65ac34f171fc2","messageTitle":"Modify error messages in adaptedClass","messageBody":"","fileTypesAndContributionMap":{"functional-code":{"insertions":14,"deletions":12},"test-code":{"insertions":39,"deletions":15}}}]},{"date":"2021-03-21","commitResults":[{"hash":"112f023fb9e90de929e4aefb54edcfd0781be32b","messageTitle":"Implement JsonAdaptedGeneralEvent","messageBody":"","fileTypesAndContributionMap":{"functional-code":{"insertions":106,"deletions":1}}},{"hash":"5b50c5c1d2080dcc450a6607f84b2bafdb6de262","messageTitle":"implement JsonAdaptedGeneralEventTest","messageBody":"","fileTypesAndContributionMap":{"test-code":{"insertions":96,"deletions":12}}},{"hash":"e792af98a7ff266623c23592a04db1c2d2160fe6","messageTitle":"checkStyle Fix","messageBody":"","fileTypesAndContributionMap":{"test-code":{"insertions":4,"deletions":3}}},{"hash":"a14d3733f676140f7b748f85bc3c5abda20cb617","messageTitle":"Adding new Tab in DisplayPanel","messageBody":"","fileTypesAndContributionMap":{"functional-code":{"insertions":6,"deletions":0}}},{"hash":"0813b6ca0d346a46ea375032bc1d923fb9083fc3","messageTitle":"Added EventCard and EventListPanel","messageBody":"","fileTypesAndContributionMap":{"functional-code":{"insertions":122,"deletions":2}}},{"hash":"2d5baa3c050548a3e30b94c28750d7af2923984a","messageTitle":"Change birthday format","messageBody":"","fileTypesAndContributionMap":{"functional-code":{"insertions":39,"deletions":21},"test-code":{"insertions":23,"deletions":23}}}]},{"date":"2021-03-22","commitResults":[{"hash":"f1053275ab14989f2a639af5f039dc73bd901fc7","messageTitle":"Draft UserGuide v1.3","messageBody":"","fileTypesAndContributionMap":{"docs":{"insertions":279,"deletions":3}}},{"hash":"332aabe0bd42bc048554f012998f6600db1d3044","messageTitle":"add assertions","messageBody":"","fileTypesAndContributionMap":{"functional-code":{"insertions":18,"deletions":1}}},{"hash":"dd54c5d90139164fbe5939afee3946a7b909cb90","messageTitle":"enable assertion","messageBody":"","fileTypesAndContributionMap":{"other":{"insertions":4,"deletions":0}}}]},{"date":"2021-03-23","commitResults":[{"hash":"b666fb74a42d52b3c6c71083e9b0add36027989a","messageTitle":"Update DG Edit-feature implementation with puml diagrams","messageBody":"","fileTypesAndContributionMap":{"docs":{"insertions":259,"deletions":0}}},{"hash":"a5e69b88d84688ba696d53f61134dbe01e14e119","messageTitle":"checkStyleFix","messageBody":"","fileTypesAndContributionMap":{"docs":{"insertions":1,"deletions":1}}}]},{"date":"2021-03-24","commitResults":[{"hash":"fc87ecb66d65965b0569add6cf20346d0cd86846","messageTitle":"Integration of UG v0.1","messageBody":"","fileTypesAndContributionMap":{"docs":{"insertions":367,"deletions":671}}}]},{"date":"2021-03-25","commitResults":[{"hash":"edee58295d601e458bb508353733c1ade2d8303e","messageTitle":"Make new RemindMe Diagrams and update contents in DG","messageBody":"","fileTypesAndContributionMap":{"docs":{"insertions":172,"deletions":189}}},{"hash":"d990ce972ea625b9c54453899d7aa551089f9341","messageTitle":"Syntax fix for DG v0.1","messageBody":"","fileTypesAndContributionMap":{"docs":{"insertions":55,"deletions":58}}},{"hash":"8cfc22af53f89da27f5de7814d4adfabbc5ca94c","messageTitle":"Syntax fix for DG v0.2","messageBody":"","fileTypesAndContributionMap":{"docs":{"insertions":177,"deletions":92}}},{"hash":"52a929f4b8365df8e6e6829c4af1b1f8034de6f1","messageTitle":"Add SchedulePanelPLaceHolder in CalendarWindow","messageBody":"","fileTypesAndContributionMap":{"functional-code":{"insertions":8,"deletions":7}}},{"hash":"0e2a2eb85b35f819ee713556b96e019148f0f9d9","messageTitle":"Fix checkstyle","messageBody":"","fileTypesAndContributionMap":{"functional-code":{"insertions":0,"deletions":2}}}]},{"date":"2021-03-26","commitResults":[{"hash":"60caa6d557a9e18a0c1c6353f0c5b6f432d9ba42","messageTitle":"Implement storage for doneStatus","messageBody":"","fileTypesAndContributionMap":{"functional-code":{"insertions":46,"deletions":23},"test-code":{"insertions":4,"deletions":4}}},{"hash":"ee1f51d1a1458fce5ec30664745eb85fed1d84bf","messageTitle":"Fix checkStyle","messageBody":"","fileTypesAndContributionMap":{"functional-code":{"insertions":8,"deletions":4}}}]},{"date":"2021-03-28","commitResults":[{"hash":"bebc3ec1528a1381670c64ddae004c176059ace7","messageTitle":"Change command summary table and modify sentences","messageBody":"","fileTypesAndContributionMap":{"docs":{"insertions":121,"deletions":51}}},{"hash":"b385e989fe3dbb90b583b8041100a167acbb9882","messageTitle":"checkstyle fix","messageBody":"","fileTypesAndContributionMap":{"docs":{"insertions":1,"deletions":1}}},{"hash":"5da11ab6eefe5d699fb1c210a5fd818ba8753363","messageTitle":"Add page break","messageBody":"","fileTypesAndContributionMap":{"docs":{"insertions":4,"deletions":0}}},{"hash":"a2491e5d06f0b582d9448c823bab4b94e6e81315","messageTitle":"Change format","messageBody":"","fileTypesAndContributionMap":{"docs":{"insertions":4,"deletions":2}}},{"hash":"1469943fa84769079b589c1308640706fa6f6936","messageTitle":"Resize images","messageBody":"","fileTypesAndContributionMap":{"docs":{"insertions":1,"deletions":1}}}]}],"maikongeh":[{"date":"2021-02-26","commitResults":[{"hash":"15835452271f8eb831353e2a8460df954840a1dd","messageTitle":"update UserGuide","messageBody":"","fileTypesAndContributionMap":{"docs":{"insertions":52,"deletions":54}}},{"hash":"0fe00a69a05455fa9f289face811b14ebf0bb5a6","messageTitle":"Update AboutUs","messageBody":"","fileTypesAndContributionMap":{"docs":{"insertions":1,"deletions":1}}},{"hash":"cfada5052405a07afad753ce3ee79a2065aafc85","messageTitle":"Update UserGuide.md","messageBody":"","fileTypesAndContributionMap":{"docs":{"insertions":1,"deletions":1}}}]},{"date":"2021-02-27","commitResults":[{"hash":"ccba23a531bc0e04ca5ca51d87a75965ca6e95be","messageTitle":"Update AboutUs.md","messageBody":"","fileTypesAndContributionMap":{"docs":{"insertions":1,"deletions":1}}},{"hash":"22ff50fbd200d62421ac06f767c7910b9cd5ff7b","messageTitle":"Update UserGuide.md","messageBody":"","fileTypesAndContributionMap":{"docs":{"insertions":1,"deletions":1}}}]},{"date":"2021-03-11","commitResults":[{"hash":"8e2bf16c58a85eb758b54fed83d860d3d6ef2bd0","messageTitle":"Update Birthday.java","messageBody":"","fileTypesAndContributionMap":{"functional-code":{"insertions":62,"deletions":0}}},{"hash":"bd55bc66f3f2d38f4d83bf6b9d7859e712150321","messageTitle":"implement Birthday in Person","messageBody":"","fileTypesAndContributionMap":{"functional-code":{"insertions":2278,"deletions":434},"other":{"insertions":143,"deletions":134},"docs":{"insertions":167,"deletions":153},"test-code":{"insertions":373,"deletions":773}}},{"hash":"26cc52eaf2143c9b05ff2941ab01a0b906f901b7","messageTitle":"fix EOF error","messageBody":"","fileTypesAndContributionMap":{"functional-code":{"insertions":3,"deletions":1}}}]},{"date":"2021-03-12","commitResults":[{"hash":"c72c3087ba2bbdfbc96f8b2c91bdfc40c1736e70","messageTitle":"fix non-import ordering errors","messageBody":"","fileTypesAndContributionMap":{"functional-code":{"insertions":36,"deletions":42}}},{"hash":"e644a296b1965880115ae19a593c8ed43f509923","messageTitle":"fix checkStyle not import","messageBody":"","fileTypesAndContributionMap":{"functional-code":{"insertions":6,"deletions":3}}},{"hash":"23061fefac9a5b80244a70efe7a5978d26a81ccd","messageTitle":"update fix. v4.0","messageBody":"","fileTypesAndContributionMap":{"functional-code":{"insertions":30,"deletions":20}}},{"hash":"79f7f56a6d015634be99d3a7eb1f75dc2f00b6a9","messageTitle":"fix checkStylev5.0","messageBody":"","fileTypesAndContributionMap":{"functional-code":{"insertions":20,"deletions":15}}},{"hash":"b0e239e6c7b42024bad0acb2381c62ed185e111c","messageTitle":"update tests for person","messageBody":"","fileTypesAndContributionMap":{"test-code":{"insertions":63,"deletions":4}}}]},{"date":"2021-03-13","commitResults":[{"hash":"4ba3d3bfc580e9fd79bf08848b66eaeca3d00154","messageTitle":"create BirthdayTest","messageBody":"","fileTypesAndContributionMap":{"test-code":{"insertions":45,"deletions":0}}},{"hash":"ef5b782eeadb1c92c5d8b8734770de0576e2840f","messageTitle":"Update BirthdayTest.java","messageBody":"","fileTypesAndContributionMap":{"test-code":{"insertions":2,"deletions":1}}},{"hash":"8f8c93a9d0fcbd54a7e40fc04c96de977a238ce2","messageTitle":"update addpersoncommandparsertest","messageBody":"","fileTypesAndContributionMap":{"test-code":{"insertions":25,"deletions":11}}},{"hash":"3f3477de09899e2a49af4a8ed789ffcd4406c69c","messageTitle":"Update AddPersonCommandParserTest.java","messageBody":"","fileTypesAndContributionMap":{"test-code":{"insertions":1,"deletions":1}}}]},{"date":"2021-03-14","commitResults":[{"hash":"fe1cf17e1a4ed708571831aa19c4daea9a8b955f","messageTitle":"merged with upstream","messageBody":"","fileTypesAndContributionMap":{"functional-code":{"insertions":3,"deletions":59},"test-code":{"insertions":0,"deletions":3}}},{"hash":"f2c2c40c4f4f941df0eed99955fe5c3bfd607f35","messageTitle":"align with main tp","messageBody":"","fileTypesAndContributionMap":{"functional-code":{"insertions":2,"deletions":70},"other":{"insertions":3,"deletions":2},"test-code":{"insertions":3,"deletions":48}}}]},{"date":"2021-03-16","commitResults":[{"hash":"3e7de13904764fd164a0b548bedd7c25cea7c31a","messageTitle":"update DeleteCommand","messageBody":"","fileTypesAndContributionMap":{"functional-code":{"insertions":465,"deletions":34},"other":{"insertions":4,"deletions":2},"test-code":{"insertions":7,"deletions":0}}},{"hash":"e32a03497a0fef99aab4c4d2336e0359ae9ded69","messageTitle":"merge with upstream repo","messageBody":"","fileTypesAndContributionMap":{"functional-code":{"insertions":47,"deletions":35},"other":{"insertions":24,"deletions":20},"test-code":{"insertions":4,"deletions":4}}},{"hash":"34246dc19e5056679b52c681498e8b90af9d7588","messageTitle":"implement deleteExamCommand","messageBody":"","fileTypesAndContributionMap":{"functional-code":{"insertions":150,"deletions":16}}},{"hash":"73083951fa4932f278305f96f3b8a08e98ea7a72","messageTitle":"implement Birthday and BirthdayTest","messageBody":"","fileTypesAndContributionMap":{"functional-code":{"insertions":60,"deletions":0},"test-code":{"insertions":47,"deletions":0}}},{"hash":"0519ea9fadb693afcce5d662d5c896ceefcdd18e","messageTitle":"implement birthday in person","messageBody":"","fileTypesAndContributionMap":{"functional-code":{"insertions":85,"deletions":23},"test-code":{"insertions":65,"deletions":32}}}]},{"date":"2021-03-17","commitResults":[{"hash":"711d4357d6ceec196a3de0423a6cd4fbdc19b891","messageTitle":"update","messageBody":"","fileTypesAndContributionMap":{"test-code":{"insertions":2,"deletions":1}}}]},{"date":"2021-03-22","commitResults":[{"hash":"719eb326c13e04d4531af92a9e283d4a8d5e1693","messageTitle":"Update UserGuideNew.md","messageBody":"","fileTypesAndContributionMap":{"docs":{"insertions":42,"deletions":0}}},{"hash":"ed1438b0d5057e252e0a5e5724c4e9a774864e8f","messageTitle":"implement delete for general event","messageBody":"","fileTypesAndContributionMap":{"functional-code":{"insertions":109,"deletions":3}}},{"hash":"f23fe3e066a0f65b9fa62de0484978b72c0bdd5b","messageTitle":"Update AddPersonCommandTest.java","messageBody":"","fileTypesAndContributionMap":{"test-code":{"insertions":5,"deletions":0}}},{"hash":"d654827eabad9e80ab5eebb571f3eb1adb128238","messageTitle":"implement done assignment command","messageBody":"","fileTypesAndContributionMap":{"functional-code":{"insertions":205,"deletions":1},"test-code":{"insertions":52,"deletions":0}}}]},{"date":"2021-03-24","commitResults":[{"hash":"18336ba53e06514bdda07bcc60f5112466baf107","messageTitle":"DG delete feature","messageBody":"","fileTypesAndContributionMap":{"docs":{"insertions":178,"deletions":69}}},{"hash":"cb8663d62780ade3050756fa135efd41ec3186a4","messageTitle":"Update DeveloperGuide.md","messageBody":"","fileTypesAndContributionMap":{"docs":{"insertions":1,"deletions":1}}}]},{"date":"2021-03-25","commitResults":[{"hash":"b0f5107157ae6b387df9f87dd23400ae04c96edd","messageTitle":"Update DeleteFeatureSequenceDiagram.puml","messageBody":"","fileTypesAndContributionMap":{"docs":{"insertions":6,"deletions":0}}}]}]},"authorFileTypeContributionMap":{"markuz5116":{"docs":301,"functional-code":1814,"test-code":1462,"other":1},"banchiang":{"docs":249,"functional-code":2085,"test-code":31,"other":3},"jellymias":{"docs":149,"functional-code":1904,"test-code":254},"Hzxin":{"docs":1020,"functional-code":2315,"test-code":551,"other":4},"maikongeh":{"docs":202,"functional-code":1125,"test-code":171,"other":3}},"authorContributionVariance":{"markuz5116":106867.48,"banchiang":26902.828,"jellymias":35465.723,"Hzxin":148758.5,"maikongeh":546862.8},"authorDisplayNameMap":{"markuz5116":"CS2103T-W15-1 ONG ..RCUS","banchiang":"CS2103T-W15-1 CHIA..THAN","jellymias":"CS2103T-W15-1 JERE..CHEN","Hzxin":"CS2103T-W15-1 HUAN..NXIN","maikongeh":"CS2103T-W15-1 ONG ..HAEL"}}
