{"authorDailyContributionsMap":{"marcusleeeugene":[{"date":"2021-02-20","commitResults":[{"hash":"7997fc01e8566c0257f812c186b58f0b17105148","messageTitle":"Update AboutUs","messageBody":"","fileTypesAndContributionMap":{"docs":{"insertions":63,"deletions":6}}}]},{"date":"2021-02-23","commitResults":[{"hash":"b700765c81424bdbf9fd461b47cf52cc475f3611","messageTitle":"Update user story, use case for listing restaurants, non-functional requirements","messageBody":"","fileTypesAndContributionMap":{"docs":{"insertions":36,"deletions":20}}},{"hash":"4060d8cafd5267b165b02090483cea0260e919c3","messageTitle":"Update list feature and add in Command Summary","messageBody":"","fileTypesAndContributionMap":{"docs":{"insertions":9,"deletions":8}}}]},{"date":"2021-02-24","commitResults":[{"hash":"0a5b144c3a75edd3be7a9f07343394f22e029946","messageTitle":"Remove AB3 content","messageBody":"","fileTypesAndContributionMap":{"docs":{"insertions":6,"deletions":164}}},{"hash":"4a0398af6e19b280714ce00b6dbf3a25db1a2df4","messageTitle":"Fix accidental deletion of github pages set up","messageBody":"","fileTypesAndContributionMap":{"docs":{"insertions":3,"deletions":1}}},{"hash":"f34222b62ceab38eba015e10d65835b3be68c47d","messageTitle":"Fix small formatting errors","messageBody":"","fileTypesAndContributionMap":{"docs":{"insertions":3,"deletions":0}}}]},{"date":"2021-02-25","commitResults":[{"hash":"9d1c6ee70c650289247ae78b5f30934ce8c8ba3b","messageTitle":"Remove previous occurence of AddressBook contents","messageBody":"","fileTypesAndContributionMap":{"docs":{"insertions":2,"deletions":56}}},{"hash":"17226049ae28adfc1fdb74567390129945c60497","messageTitle":"Fix newline error","messageBody":"","fileTypesAndContributionMap":{"docs":{"insertions":1,"deletions":6}}},{"hash":"8c13030eaa9a69d34d749f76a9f26653df838813","messageTitle":"Update README","messageBody":"","fileTypesAndContributionMap":{"docs":{"insertions":8,"deletions":12}}},{"hash":"8e7d21bcf32b8448d32f15f343a8107ee957858e","messageTitle":"Update CI status badge","messageBody":"","fileTypesAndContributionMap":{"docs":{"insertions":1,"deletions":1}}}]},{"date":"2021-03-08","commitResults":[{"hash":"d187eb958bc054c9cc9b53b66f2708d743a1e30a","messageTitle":"Refactor and rename all phone instances to rating in Main","messageBody":"","fileTypesAndContributionMap":{"functional-code":{"insertions":119,"deletions":66},"docs":{"insertions":2,"deletions":2}}},{"hash":"d648b6f3403408beb4fc935871f42b103d660db2","messageTitle":"Rename Phone.java to Rating.java","messageBody":"","fileTypesAndContributionMap":{"functional-code":{"insertions":0,"deletions":53}}}]},{"date":"2021-03-09","commitResults":[{"hash":"74033df12a77adc9dad7615b61dc54f1f80fc275","messageTitle":"Edit minor docs for rating, change validation regex for rating to single digit","messageBody":"","fileTypesAndContributionMap":{"functional-code":{"insertions":7,"deletions":7}}}]},{"date":"2021-03-10","commitResults":[{"hash":"abb01bcdc59ec39a4fdc6f1ee7364d16ff4d92c5","messageTitle":"Revalidate constraints for rating","messageBody":"","fileTypesAndContributionMap":{"functional-code":{"insertions":2,"deletions":2}}},{"hash":"5a729d72c215820d921fc7c5e929204a113a7d2b","messageTitle":"Refactor all test files to fit test case scenarios","messageBody":"","fileTypesAndContributionMap":{"test-code":{"insertions":188,"deletions":186}}},{"hash":"93c941fbc992a26cdbc2c65664166cb4f3961a76","messageTitle":"Update docs for rating feature","messageBody":"","fileTypesAndContributionMap":{"docs":{"insertions":8,"deletions":6}}}]},{"date":"2021-03-12","commitResults":[{"hash":"ea5bbec88c52693c93b9090143acffee12749f48","messageTitle":"Change rating r/ command syntax to ra/","messageBody":"","fileTypesAndContributionMap":{"functional-code":{"insertions":3,"deletions":3},"docs":{"insertions":3,"deletions":3}}}]},{"date":"2021-03-13","commitResults":[{"hash":"23a5c4b2032df5292f5e6e536438f346fbdb9057","messageTitle":"Replace test files phone variables to rating","messageBody":"","fileTypesAndContributionMap":{"test-code":{"insertions":3,"deletions":3}}},{"hash":"cbc434d242021ab952657f641d84427e58f9d024","messageTitle":"Minor fix","messageBody":"","fileTypesAndContributionMap":{"test-code":{"insertions":6,"deletions":6}}},{"hash":"10ea0a0b68a572323de04a392a8eb1df1a445e4f","messageTitle":"Update sample data","messageBody":"","fileTypesAndContributionMap":{"functional-code":{"insertions":18,"deletions":10}}}]},{"date":"2021-03-14","commitResults":[{"hash":"72ceaf733ce0ead6cabbfc1cedd81d2084ba3df4","messageTitle":"Add in basic \"View\" feature support to FoodDiary","messageBody":"","fileTypesAndContributionMap":{"functional-code":{"insertions":252,"deletions":4}}}]},{"date":"2021-03-16","commitResults":[{"hash":"6674c055c68abaa8670a2efe77bc1f56ca465338","messageTitle":"Update dependency issue with previous implementation of Person","messageBody":"","fileTypesAndContributionMap":{"functional-code":{"insertions":43,"deletions":40},"test-code":{"insertions":7,"deletions":7}}},{"hash":"8e8720d64f6b6070d0f720e9ae7475535e417df1","messageTitle":"Fix original testcase for new view feature","messageBody":"","fileTypesAndContributionMap":{"test-code":{"insertions":2,"deletions":2}}},{"hash":"38e9ced4afbd811e6bcee21986c16dc0806aab91","messageTitle":"Modify typecast object implementation to String implementation","messageBody":"","fileTypesAndContributionMap":{"functional-code":{"insertions":17,"deletions":16}}},{"hash":"3e807ff2f8be342c6bc2d869cfbb54db4bb2eced","messageTitle":"Add ViewCommandTest","messageBody":"","fileTypesAndContributionMap":{"functional-code":{"insertions":1,"deletions":1},"test-code":{"insertions":106,"deletions":0}}},{"hash":"0f96b6decd0f2f6ab9d45d4c2a5895058f1d7432","messageTitle":"Edit MESSAGE_VIEW_PERSON_SUCCESS","messageBody":"","fileTypesAndContributionMap":{"functional-code":{"insertions":1,"deletions":1}}},{"hash":"6c6570c08fde7bbbdb9044221d33d59f174fdb18","messageTitle":"Fixed checkstyle errors","messageBody":"","fileTypesAndContributionMap":{"test-code":{"insertions":3,"deletions":2}}}]},{"date":"2021-03-17","commitResults":[{"hash":"80383980da3fdb74c1f3c50ce57ff4bd2bcbee2f","messageTitle":"Update UG and DG for view feature","messageBody":"","fileTypesAndContributionMap":{"docs":{"insertions":15,"deletions":1}}}]},{"date":"2021-03-21","commitResults":[{"hash":"0a1942fdd08345f8bb5beaea41cb872d286d0a9a","messageTitle":"Fix ui not updating, add scrollpane into View for long reviews","messageBody":"","fileTypesAndContributionMap":{"functional-code":{"insertions":1,"deletions":1}}},{"hash":"08ee2d062d61a65d57d6ef1aa15674302d588a98","messageTitle":"Add ViewCommandParserTest","messageBody":"","fileTypesAndContributionMap":{"functional-code":{"insertions":1,"deletions":1},"test-code":{"insertions":33,"deletions":0}}}]},{"date":"2021-03-22","commitResults":[{"hash":"118cea59a1552a07b50dbfb3560e42de51a4fb68","messageTitle":"Update User Case for View","messageBody":"","fileTypesAndContributionMap":{"docs":{"insertions":19,"deletions":1}}},{"hash":"9748297e7325073b5d3164dae371cdf8a646519c","messageTitle":"Update DG for Activity Diagram","messageBody":"","fileTypesAndContributionMap":{"other":{"insertions":5,"deletions":1},"docs":{"insertions":20,"deletions":0}}},{"hash":"6c63084492a26cc2f6369b11dd82e5f3d61e765f","messageTitle":"Add in ViewSequenceDiagram in DG","messageBody":"","fileTypesAndContributionMap":{"docs":{"insertions":1,"deletions":1}}}]},{"date":"2021-03-23","commitResults":[{"hash":"1226b6cab90d21f94c7b037946df0405156701e2","messageTitle":"Add in assertion statements","messageBody":"","fileTypesAndContributionMap":{"functional-code":{"insertions":6,"deletions":2}}},{"hash":"96e4244024430f3bcfbc7dc81ce7069cf9611d6d","messageTitle":"Add in explanations to sequence diagram","messageBody":"","fileTypesAndContributionMap":{"docs":{"insertions":8,"deletions":2}}}]},{"date":"2021-03-24","commitResults":[{"hash":"ff477c4890f3ba3bc5dc94edbfcfa82dfaee5696","messageTitle":"Account for price attribute in view window, update DG","messageBody":"","fileTypesAndContributionMap":{"functional-code":{"insertions":4,"deletions":0},"docs":{"insertions":4,"deletions":4}}}]},{"date":"2021-03-27","commitResults":[{"hash":"3d8763aec7b63c1f25065e4aece6fa63b35ab555","messageTitle":"Update view command to allow new addon implementation","messageBody":"","fileTypesAndContributionMap":{"functional-code":{"insertions":10,"deletions":8}}},{"hash":"4185a568bc3a6dc1e2bfef9844519af84a110b47","messageTitle":"Fix view command to account for new tags implemented","messageBody":"","fileTypesAndContributionMap":{"functional-code":{"insertions":13,"deletions":8}}},{"hash":"bc8386b0acdabbdfad7c8a982810dfd534505c8b","messageTitle":"Edit some format issues","messageBody":"","fileTypesAndContributionMap":{"functional-code":{"insertions":4,"deletions":2}}}]},{"date":"2021-03-28","commitResults":[{"hash":"be559991f6c1ba26639738f3e81048b9ece3689f","messageTitle":"Change Hashmap implementation to Entry","messageBody":"","fileTypesAndContributionMap":{"functional-code":{"insertions":53,"deletions":45}}}]},{"date":"2021-03-29","commitResults":[{"hash":"a8942cc8fbe7334a8377041ab5cfa4f7a511b56a","messageTitle":"Fix Checkstyle errors","messageBody":"","fileTypesAndContributionMap":{"functional-code":{"insertions":0,"deletions":8}}},{"hash":"66ddf4dd2e5f994b6a106bc29310597051e58d8c","messageTitle":"Create ui for ReviseWindow, fix testcases to fit new implementation","messageBody":"","fileTypesAndContributionMap":{"functional-code":{"insertions":284,"deletions":9},"test-code":{"insertions":11,"deletions":7}}},{"hash":"2c96cbcb6c18724336db142ba52ecccc1bbb09d3","messageTitle":"Add in index update for ReviseWindow","messageBody":"","fileTypesAndContributionMap":{"functional-code":{"insertions":5,"deletions":1}}},{"hash":"55c2d3784cd3e787ffbd2e264269525304c121c2","messageTitle":"Fix CommandResultTest testcases","messageBody":"","fileTypesAndContributionMap":{"test-code":{"insertions":2,"deletions":2}}},{"hash":"349815b251ab89c32dc6fe78bae9a96724edcd8d","messageTitle":"Complete revise feature","messageBody":"","fileTypesAndContributionMap":{"functional-code":{"insertions":48,"deletions":6}}},{"hash":"fd0a07dbc12c1b453a1d376a98b95c75e118a192","messageTitle":"Fix checkstyle, rename button function","messageBody":"","fileTypesAndContributionMap":{"functional-code":{"insertions":8,"deletions":2}}},{"hash":"97c9dd857f5ae00e92aeb9e37dfb5c80ef404b28","messageTitle":"Add in tests for Revise, rename boolean value for view","messageBody":"","fileTypesAndContributionMap":{"functional-code":{"insertions":17,"deletions":13},"test-code":{"insertions":161,"deletions":3}}},{"hash":"a2a8d210746c7e83bc7ebb9fe98320910b9fe8ef","messageTitle":"Update UG for view and revise feature","messageBody":"","fileTypesAndContributionMap":{"docs":{"insertions":18,"deletions":2}}},{"hash":"8d6ded30e2d02b5eadf0c9de6858e8e94aeccf8e","messageTitle":"Update DG and UG","messageBody":"","fileTypesAndContributionMap":{"docs":{"insertions":25,"deletions":3}}}]},{"date":"2021-03-30","commitResults":[{"hash":"294b01195cffe4a52f6bd112707fc2c141d4e0f0","messageTitle":"Rename variables, add docs in tests, edit minor ui changes","messageBody":"","fileTypesAndContributionMap":{"functional-code":{"insertions":32,"deletions":25},"test-code":{"insertions":32,"deletions":4}}}]},{"date":"2021-03-31","commitResults":[{"hash":"e48c81aac7b80c06ace8bc0ca905a412f57610b1","messageTitle":"Solve minor bugs","messageBody":"","fileTypesAndContributionMap":{"functional-code":{"insertions":11,"deletions":4},"test-code":{"insertions":0,"deletions":3}}},{"hash":"158c4662bd35c1bb5002b65ec1a02ff58b92fe83","messageTitle":"Fix \"\\n\" for blank line bug","messageBody":"","fileTypesAndContributionMap":{"functional-code":{"insertions":6,"deletions":2}}},{"hash":"95b96a8f7b54e963cbb210dc3c0b790d04958f3a","messageTitle":"Add in shortcut button to ESC, TAB over review textarea, control + s and command + s to save review","messageBody":"","fileTypesAndContributionMap":{"functional-code":{"insertions":95,"deletions":3}}},{"hash":"68ab2e0dbcbc53c63c432af9912670d06ff1e4e1","messageTitle":"Fix checkstyle errors due to naming conventions and import statements","messageBody":"","fileTypesAndContributionMap":{"functional-code":{"insertions":70,"deletions":78}}},{"hash":"f426464a7628c89411256b8a3437f3a21f3393e8","messageTitle":"Add Esc shortcut keys for Mainwindow and Helpwindow","messageBody":"","fileTypesAndContributionMap":{"functional-code":{"insertions":36,"deletions":2}}},{"hash":"12b40721d707a181f7df2a8c8576431aa2190149","messageTitle":"Fix checkstyle errors","messageBody":"","fileTypesAndContributionMap":{"functional-code":{"insertions":6,"deletions":1}}},{"hash":"61d01094e62761e4bcefefad48e962e481684903","messageTitle":"Updated UG","messageBody":"","fileTypesAndContributionMap":{"functional-code":{"insertions":1,"deletions":1},"docs":{"insertions":39,"deletions":12}}},{"hash":"788a3abf82bf8efa75d84021f6c2200a7074b392","messageTitle":"Add in missing word","messageBody":"","fileTypesAndContributionMap":{"docs":{"insertions":1,"deletions":1}}},{"hash":"93bc8876efe02e31982c07be518f70bb06c81110","messageTitle":"Remove INVALID string","messageBody":"","fileTypesAndContributionMap":{"functional-code":{"insertions":3,"deletions":3}}}]},{"date":"2021-04-04","commitResults":[{"hash":"3c3eeb80bcd1863827b1ed453de137548465bf48","messageTitle":"Fix for #135 and #136","messageBody":"","fileTypesAndContributionMap":{"functional-code":{"insertions":12,"deletions":7}}},{"hash":"97c6e79178b00dfe5999a5d476d896ae8fe5cfd3","messageTitle":"Fix #145, #168","messageBody":"","fileTypesAndContributionMap":{"functional-code":{"insertions":6,"deletions":5}}},{"hash":"d2a8cd0c7faac5134dc7edeffc070b55293dd6cf","messageTitle":"Fix for #160","messageBody":"","fileTypesAndContributionMap":{"docs":{"insertions":11,"deletions":11}}},{"hash":"dd9debb4fbf3fd8bb3db11ea1fc72d9d86e69106","messageTitle":"Fix for #126, explains expected behaviour of revise command","messageBody":"","fileTypesAndContributionMap":{"docs":{"insertions":18,"deletions":8}}},{"hash":"9dc5202c98f644f68a9f7fbbffbf45ff75c5fbed","messageTitle":"Fix for #139","messageBody":"","fileTypesAndContributionMap":{"docs":{"insertions":3,"deletions":3}}},{"hash":"5e5c087227de437951902cb94c57c153bdbe8ea7","messageTitle":"Fix for #159","messageBody":"","fileTypesAndContributionMap":{"docs":{"insertions":2,"deletions":2}}},{"hash":"b2356ef885faa3ac75001c0ff44e03c838c86cd1","messageTitle":"Fix for #165","messageBody":"","fileTypesAndContributionMap":{"docs":{"insertions":1,"deletions":1}}},{"hash":"f8fc43ff9ac919a4ad35c3ebfe92d02a678db128","messageTitle":"Add in price range in edit and revise, add in more define explanation for edit command","messageBody":"","fileTypesAndContributionMap":{"docs":{"insertions":5,"deletions":3}}},{"hash":"967e891e8e9a46e0fbdc0d19d560545cbb54ea58","messageTitle":"Add in partial PPP","messageBody":"","fileTypesAndContributionMap":{"docs":{"insertions":59,"deletions":56}}}]}],"Donavanty":[{"date":"2021-02-20","commitResults":[{"hash":"a120b4c4eb0a86589579297982e9aad0c955cc39","messageTitle":"Updated AboutUs for Donavanty.","messageBody":"","fileTypesAndContributionMap":{"docs":{"insertions":52,"deletions":6}}}]},{"date":"2021-02-22","commitResults":[{"hash":"16e3669d9be1ea9f821840a5cd90816eb0d7a787","messageTitle":"Updated DG with my sections","messageBody":"","fileTypesAndContributionMap":{"docs":{"insertions":39,"deletions":26}}},{"hash":"f669e6742da34a5837ccc65f96ad9c547fccdb18","messageTitle":"Updated UG","messageBody":"","fileTypesAndContributionMap":{"docs":{"insertions":29,"deletions":3}}}]},{"date":"2021-02-25","commitResults":[{"hash":"a66c79ff91cc5d23a34982abcaf2f8d3b6269dee","messageTitle":"Updated AboutUs (to lower case name)","messageBody":"","fileTypesAndContributionMap":{"docs":{"insertions":3,"deletions":3}}},{"hash":"6edfa592c69c444f36a4754e0322703bf7c79448","messageTitle":"Don edited README.md + Ui image","messageBody":"","fileTypesAndContributionMap":{"docs":{"insertions":1,"deletions":58}}},{"hash":"9e3c3737620382855efb0d750b022294e5edfae5","messageTitle":"Added a line between CI and Logo","messageBody":"","fileTypesAndContributionMap":{"docs":{"insertions":1,"deletions":2}}},{"hash":"6608b1a04d317803130e01973a5e7478d53a03bc","messageTitle":"Centralised Logo image","messageBody":"","fileTypesAndContributionMap":{"docs":{"insertions":3,"deletions":1}}}]},{"date":"2021-02-26","commitResults":[{"hash":"4d2ae92235d7257f911414b8f6da1b4aa5aaf30f","messageTitle":"Don centralised Ui.png in Readme","messageBody":"","fileTypesAndContributionMap":{"docs":{"insertions":3,"deletions":1}}}]},{"date":"2021-03-13","commitResults":[{"hash":"f194cb0408f96c528909fa54d87ce9bc0722884c","messageTitle":"Changed name to restaurant name","messageBody":"","fileTypesAndContributionMap":{"functional-code":{"insertions":6,"deletions":6}}}]},{"date":"2021-03-17","commitResults":[{"hash":"8665ce714ca4af65886b2824c9be11242629928e","messageTitle":"Don changed all usages of \u0027Person\u0027 to \u0027Entry\u0027 (Singular \u0026 Plural)","messageBody":"","fileTypesAndContributionMap":{"functional-code":{"insertions":140,"deletions":150},"other":{"insertions":30,"deletions":30},"docs":{"insertions":26,"deletions":26},"test-code":{"insertions":145,"deletions":151}}},{"hash":"b9f8b61ff1bf1cc6a9c6fa4978c6bba88a1f3ee2","messageTitle":"Don refactored package name to \u0027entry\u0027","messageBody":"","fileTypesAndContributionMap":{"functional-code":{"insertions":29,"deletions":29},"other":{"insertions":20,"deletions":20},"test-code":{"insertions":39,"deletions":39}}},{"hash":"cc6cff0899603594c9a87c3665dcc155d6df4632","messageTitle":"Don changed package name \u0027seedu.address\u0027 to \u0027fooddiary\u0027","messageBody":"","fileTypesAndContributionMap":{"functional-code":{"insertions":17,"deletions":17},"other":{"insertions":701,"deletions":727},"docs":{"insertions":8,"deletions":8},"test-code":{"insertions":415,"deletions":472}}},{"hash":"451e343e3298751b2bbc1f8c661b4524122412c2","messageTitle":"Don refactored class \u0027AddressBook\u0027 to \u0027FoodDiary\u0027","messageBody":"","fileTypesAndContributionMap":{"functional-code":{"insertions":36,"deletions":36},"other":{"insertions":33,"deletions":33},"docs":{"insertions":1,"deletions":1},"test-code":{"insertions":46,"deletions":46}}},{"hash":"261a29a60929fdb984093d599f2cf4ffa6a27c29","messageTitle":"Don refactored interface \u0027ReadOnlyAddressBook\u0027 to \u0027ReadOnlyFoodDiary\u0027","messageBody":"","fileTypesAndContributionMap":{"functional-code":{"insertions":41,"deletions":41},"other":{"insertions":1,"deletions":1},"test-code":{"insertions":15,"deletions":15}}},{"hash":"04a2a6e12e7f005aa2a41b97671889bd850baedf","messageTitle":"Don refactored class \u0027UniquePersonList\u0027 to \u0027UniqueEntryList\u0027","messageBody":"","fileTypesAndContributionMap":{"functional-code":{"insertions":8,"deletions":8},"other":{"insertions":4,"deletions":4},"test-code":{"insertions":51,"deletions":51}}},{"hash":"af49a446425cddc8ffa53328c44840c08f534f75","messageTitle":"Don refactored all methods in class \u0027UniqueEntryList\u0027 to include \u0027entry\u0027","messageBody":"","fileTypesAndContributionMap":{"functional-code":{"insertions":28,"deletions":28},"test-code":{"insertions":20,"deletions":20}}},{"hash":"74a529cac87f77c9fc74641bb10499682deda48b","messageTitle":"Don refactored methods in several Model classes","messageBody":"","fileTypesAndContributionMap":{"functional-code":{"insertions":7,"deletions":7}}},{"hash":"3871658ef30cb28ec7808191ca4e25da47abf15b","messageTitle":"Don refactored all methods in \u0027util\u0027 classes","messageBody":"","fileTypesAndContributionMap":{"functional-code":{"insertions":88,"deletions":88},"test-code":{"insertions":65,"deletions":65}}},{"hash":"08f46d2a3145581ea5a121d20aa2d1cfb7fcc208","messageTitle":"Don refactored all methods in package \u0027model\u0027","messageBody":"","fileTypesAndContributionMap":{"functional-code":{"insertions":12,"deletions":12},"test-code":{"insertions":7,"deletions":7}}},{"hash":"762bf55e0c6f2ca2dbf0224f35c42914bb7f2f82","messageTitle":"Don refactored all methods belonging to package \u0027logic\u0027","messageBody":"","fileTypesAndContributionMap":{"functional-code":{"insertions":62,"deletions":62},"other":{"insertions":1,"deletions":1},"docs":{"insertions":2,"deletions":2},"test-code":{"insertions":45,"deletions":45}}},{"hash":"5bc0bf4b3e32c024bef94e35de74aec42aed1bc4","messageTitle":"Don refactored all methods under package \u0027storage\u0027","messageBody":"","fileTypesAndContributionMap":{"functional-code":{"insertions":25,"deletions":25},"other":{"insertions":47,"deletions":47},"test-code":{"insertions":43,"deletions":43}}},{"hash":"3a9f03971f347e2d437cba243fc98e5ceb20facc","messageTitle":"Don refactored methods in both packages \u0027ui\u0027 and \u0027resources.view\u0027 (FXML files)","messageBody":"","fileTypesAndContributionMap":{"functional-code":{"insertions":6,"deletions":6},"other":{"insertions":19,"deletions":19}}},{"hash":"615c76d9b7c9696293e775a3ee8a1cf029ea1407","messageTitle":"Don refactored methods under package \u0027commons\u0027","messageBody":"","fileTypesAndContributionMap":{"functional-code":{"insertions":16,"deletions":16}}},{"hash":"eb6e0bc13c07bfc89e28dc9249a9313e5bb6a78f","messageTitle":"Don changed MainWindow FXML Header to \"The Food Diary\" + logo","messageBody":"","fileTypesAndContributionMap":{"functional-code":{"insertions":1,"deletions":1},"test-code":{"insertions":1,"deletions":1}}}]},{"date":"2021-03-19","commitResults":[{"hash":"5737e8c68fb43bc43c030e066be916a01d5b3f7c","messageTitle":"Refactored all test methods under test package \u0027logic.commands\u0027","messageBody":"","fileTypesAndContributionMap":{"functional-code":{"insertions":4,"deletions":4},"other":{"insertions":31,"deletions":31},"test-code":{"insertions":321,"deletions":321}}},{"hash":"674fca7ae5f62f27a34c2f451e2b97242f357b2c","messageTitle":"Refactored test methods under test package \u0027logic.parser\u0027 and JSON data files","messageBody":"","fileTypesAndContributionMap":{"other":{"insertions":2,"deletions":2},"test-code":{"insertions":17,"deletions":17}}},{"hash":"47b675abacca3724832b4443b20becbfc69de8e3","messageTitle":"Refactored test methods under test package \u0027model.entry\u0027","messageBody":"","fileTypesAndContributionMap":{"functional-code":{"insertions":3,"deletions":3},"test-code":{"insertions":45,"deletions":45}}},{"hash":"4bf0fbab59e5b95d6208452bffd9d741b96d134c","messageTitle":"Refactored test methods under test package \u0027storage\u0027","messageBody":"","fileTypesAndContributionMap":{"test-code":{"insertions":50,"deletions":50}}},{"hash":"3f34a787f5a9b8eea3fe34592924aeaea4695696","messageTitle":"Refactored test methods under test package \u0027testutil\u0027","messageBody":"","fileTypesAndContributionMap":{"other":{"insertions":4,"deletions":4},"test-code":{"insertions":10,"deletions":10}}},{"hash":"06b3085c7eb5739da2ea243e856b13ebb8f5ce5d","messageTitle":"Fixed checkstyle errors part 1","messageBody":"","fileTypesAndContributionMap":{"functional-code":{"insertions":71,"deletions":73},"other":{"insertions":4,"deletions":4},"test-code":{"insertions":14,"deletions":7}}},{"hash":"41dd5a4b0a4d1c75d6c00e0682fca9310a7eccb9","messageTitle":"Fixed checkstyle errors part 2 (in main)","messageBody":"","fileTypesAndContributionMap":{"functional-code":{"insertions":209,"deletions":162},"test-code":{"insertions":10,"deletions":9}}},{"hash":"3494b4c3a15b2ce2fc742ac5b2917097f3fbab17","messageTitle":"Fixed checkstyle errors part 3 (in tests)","messageBody":"","fileTypesAndContributionMap":{"test-code":{"insertions":40,"deletions":30}}},{"hash":"cea752bce6467fc4c4ae94359c9d2ebb1678f73b","messageTitle":"Fixed checkstyle errors part 4 (in tests)","messageBody":"","fileTypesAndContributionMap":{"test-code":{"insertions":76,"deletions":59}}},{"hash":"97aeac3c8a11e475311cde13e36d95811caa92f6","messageTitle":"Fixed checkstyle errors part 5 (in tests)","messageBody":"","fileTypesAndContributionMap":{"test-code":{"insertions":149,"deletions":94}}},{"hash":"57997840027184027832b8c3ea11874e4fdb656f","messageTitle":"Fixed checkstyle errors part 6 (in tests)","messageBody":"","fileTypesAndContributionMap":{"test-code":{"insertions":191,"deletions":123}}},{"hash":"982dc42a578bc5cb6610bdb304c51dfbfc2ef6f5","messageTitle":"Fixed checkstyle errors part 7 (in tests)","messageBody":"","fileTypesAndContributionMap":{"test-code":{"insertions":86,"deletions":62}}}]},{"date":"2021-03-20","commitResults":[{"hash":"306f413bb7fab3434655875b351a9a9291e157c5","messageTitle":"Fixed JSON and FXML test files to appropriately pass test cases","messageBody":"","fileTypesAndContributionMap":{"test-code":{"insertions":10,"deletions":10}}},{"hash":"0e75e696b764916b205d8097fda467a8be614f48","messageTitle":"Refactored code-wide to remove as many traces of \u0027person\u0027 and \u0027book\u0027 / \u0027address book\u0027 as possible","messageBody":"","fileTypesAndContributionMap":{"functional-code":{"insertions":31,"deletions":31},"other":{"insertions":4,"deletions":4},"docs":{"insertions":7,"deletions":7},"test-code":{"insertions":41,"deletions":42}}},{"hash":"80f39775ee0460ae9a92d6cb01311b75c5620156","messageTitle":"Fixed minor checkstyle error","messageBody":"","fileTypesAndContributionMap":{"functional-code":{"insertions":0,"deletions":1}}},{"hash":"5dcc6bdaa4fab51bc89d3f238c01b33f48f859cb","messageTitle":"Removed trailing whitespaces in \u0027.md\u0027 files to address warnings issued by \u0027./run-check.sh\u0027","messageBody":"","fileTypesAndContributionMap":{"docs":{"insertions":39,"deletions":39}}},{"hash":"0fcd0bb38ee300e761b6cca8315f4e288ca82a8d","messageTitle":"Removed trailing whitespace in DeveloperGuide.md","messageBody":"","fileTypesAndContributionMap":{"docs":{"insertions":1,"deletions":1}}}]},{"date":"2021-03-24","commitResults":[{"hash":"7c933b72e6be17256419b5bd0a44c660a4abce78","messageTitle":"Don changed FXML for HelpWindow","messageBody":"","fileTypesAndContributionMap":{"functional-code":{"insertions":18,"deletions":1}}}]},{"date":"2021-03-25","commitResults":[{"hash":"491001da8a968c9644d767e1a512d9b853445ffd","messageTitle":"Don added help list, CSS styling to match MainWindow","messageBody":"","fileTypesAndContributionMap":{"functional-code":{"insertions":12,"deletions":1}}},{"hash":"c20eebe2ecc6982a4587adb5aadf751c169fde94","messageTitle":"Edited UserGuide.md, fixed HelpWindow dimensions, added more examples for help","messageBody":"","fileTypesAndContributionMap":{"functional-code":{"insertions":8,"deletions":0},"docs":{"insertions":5,"deletions":5}}}]},{"date":"2021-03-27","commitResults":[{"hash":"9d4611ce89eca8ab406573e17863be29af3a5189","messageTitle":"Replaced Label with a TextField for HelpWindow","messageBody":"","fileTypesAndContributionMap":{"functional-code":{"insertions":39,"deletions":21}}},{"hash":"1cd45f4a46abd716f87d85297a83587519d19e14","messageTitle":"Made TextArea working, but not resizable yet","messageBody":"","fileTypesAndContributionMap":{"functional-code":{"insertions":7,"deletions":7}}}]},{"date":"2021-03-28","commitResults":[{"hash":"ec5c40a6e2486fb24de26685f5e202f74751731e","messageTitle":"Made TextArea proportionate to window height and width, with minimum","messageBody":"","fileTypesAndContributionMap":{"functional-code":{"insertions":7,"deletions":7}}},{"hash":"4f34dc93a442058b8a20c9b1b9d607e68294f6dc","messageTitle":"Updated the list of instructions in the help menu","messageBody":"","fileTypesAndContributionMap":{"functional-code":{"insertions":25,"deletions":32}}}]},{"date":"2021-03-29","commitResults":[{"hash":"1a925335a77eb9f0a4a2db8f2d810a00d32ddbec","messageTitle":"Updated help guide in the HelpWindow","messageBody":"","fileTypesAndContributionMap":{"functional-code":{"insertions":9,"deletions":11}}},{"hash":"12dbfd20894008a176f6c7737c55be5071dc834e","messageTitle":"Corrected checkstyle errors","messageBody":"","fileTypesAndContributionMap":{"functional-code":{"insertions":0,"deletions":15}}},{"hash":"7d67ae5bd82641854406fb223719fb9e84389588","messageTitle":"Fixed checkstyle errors (imports)","messageBody":"","fileTypesAndContributionMap":{"functional-code":{"insertions":0,"deletions":8}}},{"hash":"c0fdf40c82e76378d31522e867c943c430b4625e","messageTitle":"Update HelpWindow.java","messageBody":"","fileTypesAndContributionMap":{"functional-code":{"insertions":1,"deletions":1}}},{"hash":"5865705c1c59f90c181611710c188e8232a1527e","messageTitle":"Changed the link in the HelpWindow","messageBody":"","fileTypesAndContributionMap":{"functional-code":{"insertions":1,"deletions":1}}}]},{"date":"2021-03-31","commitResults":[{"hash":"a802ea4d63e5742a53ac06a2346e186242df31d3","messageTitle":"Fine-tuned UG across all content","messageBody":"","fileTypesAndContributionMap":{"docs":{"insertions":90,"deletions":35}}},{"hash":"672839537f9ee5ec4f7158b6ff0e2f2290ca9bae","messageTitle":"Remove trailing white spaces in UG, UG should be clean","messageBody":"","fileTypesAndContributionMap":{"docs":{"insertions":14,"deletions":14}}},{"hash":"2d3412ecc9f2e21de7bd696a59b62a04d0577c38","messageTitle":"Added new commands in the HelpWindow","messageBody":"","fileTypesAndContributionMap":{"functional-code":{"insertions":14,"deletions":3}}},{"hash":"20e0bbc642dbcf2ca592562d5568a010a1f6dbd1","messageTitle":"Resolved checkstyle issues","messageBody":"","fileTypesAndContributionMap":{"functional-code":{"insertions":6,"deletions":3}}},{"hash":"d62abe4f792aee9b2a509e465342649b8aa96863","messageTitle":"Removed trailing whitespaces in UG and DG","messageBody":"","fileTypesAndContributionMap":{"docs":{"insertions":26,"deletions":25}}},{"hash":"06cd01d30c1be925bb9273cb3e821255b109ee1d","messageTitle":"Revised the HelpWindow help guide","messageBody":"","fileTypesAndContributionMap":{"functional-code":{"insertions":14,"deletions":12},"docs":{"insertions":7,"deletions":6}}}]},{"date":"2021-04-05","commitResults":[{"hash":"a49377bd4495a29f6d81237337043e42d29081c6","messageTitle":"Added User Interface section in User Guide. Addresses #182, #167, #155 Already cleared beforehand:  #180, #177, #164","messageBody":"","fileTypesAndContributionMap":{"docs":{"insertions":105,"deletions":4}}},{"hash":"01a73734e9ac41df12e26b9320bcc51cb05bc698","messageTitle":"Addressed #140","messageBody":"","fileTypesAndContributionMap":{"docs":{"insertions":5,"deletions":1}}},{"hash":"8d160f9c687314a85929d323db363eaca8b3855e","messageTitle":"Addressed #179 (Readjust spacing in Helpwindow)","messageBody":"","fileTypesAndContributionMap":{"functional-code":{"insertions":22,"deletions":22}}},{"hash":"62ca600b57b34a2c6f5f60e174373ec4ee93edd2","messageTitle":"Addressed #166 (Changed displayed message to \u0027entry/entries\u0027 to account for plurality)","messageBody":"","fileTypesAndContributionMap":{"functional-code":{"insertions":5,"deletions":5}}},{"hash":"3fc8bc09f5f9e9e165aa535e8af766c57fb30215","messageTitle":"Addressed #185 (UG description on ratings having to be and integer between 0 and 5)","messageBody":"","fileTypesAndContributionMap":{"docs":{"insertions":12,"deletions":7}}},{"hash":"d88a556c1d952a92590af7c3114dcc1680bc032a","messageTitle":"Cleaned up the UG thoroughly. IMPORTANT. Please check.","messageBody":"","fileTypesAndContributionMap":{"docs":{"insertions":116,"deletions":109}}},{"hash":"23e9a1981ffb6e3027d335a7a7932cc31c6934a3","messageTitle":"Removed trailing white spaces.","messageBody":"","fileTypesAndContributionMap":{"docs":{"insertions":15,"deletions":17}}},{"hash":"0640f17cc3ad724098ad41e1db6bef56d89cb37f","messageTitle":"Fixed spelling of ellipsis.","messageBody":"","fileTypesAndContributionMap":{"docs":{"insertions":2,"deletions":2}}}]}],"Sidney011100":[{"date":"2021-02-20","commitResults":[{"hash":"a35be48d3eb149ab6c277cb0944a31172bf52a4d","messageTitle":"Added Sidney011100 readme and into AboutUs","messageBody":"","fileTypesAndContributionMap":{"docs":{"insertions":30,"deletions":4}}},{"hash":"9423549b3f8cf1482f265c08603626fe3570d30b","messageTitle":"Remove new about us for sidney011100 on master","messageBody":"","fileTypesAndContributionMap":{"docs":{"insertions":4,"deletions":4}}},{"hash":"cfd13df54655884d6e52861eb5078ae6e775e68f","messageTitle":"Add sidney011100 info into AboutUs","messageBody":"","fileTypesAndContributionMap":{"docs":{"insertions":5,"deletions":5}}},{"hash":"53b590de9484c99687d0d81208ba8d9799d92fc6","messageTitle":"Remove trailing white space","messageBody":"","fileTypesAndContributionMap":{"docs":{"insertions":2,"deletions":9}}},{"hash":"81037001c3797a5241e110df314a3a2f096d3085","messageTitle":"Remove trailing white space","messageBody":"","fileTypesAndContributionMap":{"docs":{"insertions":1,"deletions":1}}}]},{"date":"2021-02-24","commitResults":[{"hash":"8eca6ee66d4175aa5aa67299bf2cdc3d99f49ea7","messageTitle":"Edit Chong Sidney name in user guide to reflect name as per NUS student card","messageBody":"","fileTypesAndContributionMap":{"docs":{"insertions":1,"deletions":1}}},{"hash":"288bf237393e1f67bc6d9f53f65c973136dd948b","messageTitle":"Add delete and list to Developer Guide for others to easily understand why these features are added","messageBody":"","fileTypesAndContributionMap":{"docs":{"insertions":9,"deletions":6}}}]},{"date":"2021-02-25","commitResults":[{"hash":"28daa483c78ee0e26dd5c6d7846c6251789fea1a","messageTitle":"Update developer guide to add UI Mock Up and Use Case of delete function","messageBody":"","fileTypesAndContributionMap":{"docs":{"insertions":28,"deletions":3}}},{"hash":"b027ea5ab0b79bad5baec1b1a0a5c28f707efda2","messageTitle":"Add Food Diary Description in User Guide on how it helps students to save time and effort","messageBody":"","fileTypesAndContributionMap":{"docs":{"insertions":6,"deletions":0}}},{"hash":"aa2b6f71e3d4605aed08fc3389801b797ff308f2","messageTitle":"Update Target User Profile and Value Proposition of Food Diary in Developer Guide","messageBody":"","fileTypesAndContributionMap":{"docs":{"insertions":14,"deletions":4}}},{"hash":"5c5027a3c7f7a6a8c4a00a94b7980a93a8d8945e","messageTitle":"Add Logo to ReadMe file","messageBody":"","fileTypesAndContributionMap":{"docs":{"insertions":1,"deletions":14}}},{"hash":"8b391f7fa03d6fe049ba3bc152d8a0a4ab0f73b7","messageTitle":"Shift logo up in ReadMe","messageBody":"","fileTypesAndContributionMap":{"docs":{"insertions":2,"deletions":1}}},{"hash":"f7154c26c3e44afe044a8f09bd9693c5ec345ee6","messageTitle":"Leave new line in ReadMe","messageBody":"","fileTypesAndContributionMap":{"docs":{"insertions":1,"deletions":1}}}]},{"date":"2021-03-06","commitResults":[{"hash":"74c1dc174f1677128291de284829103bbbe14243","messageTitle":"Rectify formatting issues in v1.1","messageBody":"","fileTypesAndContributionMap":{"docs":{"insertions":4,"deletions":4}}}]},{"date":"2021-03-07","commitResults":[{"hash":"da9f20d029d67344219a57fd04ce0300cdb15667","messageTitle":"Added Tag Category front end and back end code","messageBody":"","fileTypesAndContributionMap":{"functional-code":{"insertions":83,"deletions":23},"test-code":{"insertions":66,"deletions":64}}},{"hash":"c0961ca5613e2293ec2e26e70d1dd7bfef3d1787","messageTitle":"Added description for Categories tag on user guide and developer guide and formatted UserGuide","messageBody":"","fileTypesAndContributionMap":{"functional-code":{"insertions":1,"deletions":1},"docs":{"insertions":26,"deletions":25}}}]},{"date":"2021-03-13","commitResults":[{"hash":"817f4880d6b3f4b415548af842a5a51c6d92d7dc","messageTitle":"Edit Tag tests to be suitable with the addition of TagCategories","messageBody":"","fileTypesAndContributionMap":{"functional-code":{"insertions":5,"deletions":4},"test-code":{"insertions":11,"deletions":15}}},{"hash":"9f2d45adfb2c9bfbcf05b39c37887717884b4021","messageTitle":"Removed star import from PersonTest file","messageBody":"","fileTypesAndContributionMap":{"test-code":{"insertions":6,"deletions":1}}}]},{"date":"2021-03-24","commitResults":[{"hash":"8a181bb69b817ca025ecadaa9f5d85ccd5e5336f","messageTitle":"Add Tags for NUS schools, and changed SampleData to list of NUS eateries","messageBody":"","fileTypesAndContributionMap":{"functional-code":{"insertions":132,"deletions":43},"other":{"insertions":13,"deletions":13},"test-code":{"insertions":10,"deletions":10}}},{"hash":"dd5f933ecad52a8064671e863fcfda1d583aff70","messageTitle":"Fixed checkstyle issues","messageBody":"","fileTypesAndContributionMap":{"functional-code":{"insertions":32,"deletions":22},"test-code":{"insertions":10,"deletions":10}}}]},{"date":"2021-03-27","commitResults":[{"hash":"60c0b86ce3b3dc69ca2af2d5f3d140ea7a7ea19a","messageTitle":"Added UI for tags and organised tag classes","messageBody":"","fileTypesAndContributionMap":{"functional-code":{"insertions":424,"deletions":103},"other":{"insertions":10,"deletions":14},"test-code":{"insertions":191,"deletions":125}}}]},{"date":"2021-03-30","commitResults":[{"hash":"1ed2f85537d461b41a891e5fbdd7b0e50e42d123","messageTitle":"Colour for Main Window and Test Cases added for TagCategory and TagSchool","messageBody":"","fileTypesAndContributionMap":{"functional-code":{"insertions":9,"deletions":6},"test-code":{"insertions":72,"deletions":38}}},{"hash":"6d5f19600b75907bcba0590689d5e0f246a37880","messageTitle":"Specified School and Category types for error message of Tags","messageBody":"","fileTypesAndContributionMap":{"functional-code":{"insertions":27,"deletions":3}}},{"hash":"f947c5e740926635743116384923602739c07fb9","messageTitle":"Rectify checkstyle","messageBody":"","fileTypesAndContributionMap":{"functional-code":{"insertions":11,"deletions":3}}}]},{"date":"2021-03-31","commitResults":[{"hash":"a7fe39cec642af826870d15c5f8fb54c68d10b72","messageTitle":"Update user guide and alphabeticalised tags","messageBody":"","fileTypesAndContributionMap":{"functional-code":{"insertions":18,"deletions":17},"docs":{"insertions":13,"deletions":1}}},{"hash":"0d3de6f4519d0062caceb3112cf102d76a4439c2","messageTitle":"Updated UG for clear and exit commands","messageBody":"","fileTypesAndContributionMap":{"docs":{"insertions":14,"deletions":0}}}]},{"date":"2021-04-01","commitResults":[{"hash":"00c0d014f4a9530eb7d3fe8a8c13b949a87af053","messageTitle":"removed traces of Address Book","messageBody":"","fileTypesAndContributionMap":{"functional-code":{"insertions":10,"deletions":10},"test-code":{"insertions":1,"deletions":1}}},{"hash":"dac0c8cb1ba9d661c76de0aa826171e2a775dcb0","messageTitle":"Add price range for users","messageBody":"","fileTypesAndContributionMap":{"docs":{"insertions":7,"deletions":0}}}]},{"date":"2021-04-04","commitResults":[{"hash":"ef579b5fc6c2981b34a8a78c642e56f2d0bf6cca","messageTitle":"fixed bugs from PED with regards to us","messageBody":"","fileTypesAndContributionMap":{"functional-code":{"insertions":2,"deletions":2},"docs":{"insertions":51,"deletions":38},"test-code":{"insertions":9,"deletions":6}}},{"hash":"ff43128c9ca9c986cd5ab112ac30e50b2c4d9444","messageTitle":"checkstyle","messageBody":"","fileTypesAndContributionMap":{"test-code":{"insertions":0,"deletions":1}}}]}],"DineshMagesvaran":[{"date":"2021-02-20","commitResults":[{"hash":"6a92140044e8cb683d079f210361761168276878","messageTitle":"Update AboutUs file with details","messageBody":"","fileTypesAndContributionMap":{"docs":{"insertions":6,"deletions":6}}}]},{"date":"2021-02-24","commitResults":[{"hash":"db9c1cac3b8c365a81af05890ecb6878d7bccea9","messageTitle":"Update UG and DG","messageBody":"","fileTypesAndContributionMap":{"docs":{"insertions":47,"deletions":0}}},{"hash":"232933cc328aa22da23a0115dca78b1fdc47ac4d","messageTitle":"Update DG","messageBody":"","fileTypesAndContributionMap":{"docs":{"insertions":1,"deletions":1}}}]},{"date":"2021-02-25","commitResults":[{"hash":"ee8e36e28a9c59025e773b1fb6b06028dbcecea6","messageTitle":"Update README","messageBody":"","fileTypesAndContributionMap":{"docs":{"insertions":4,"deletions":12}}}]},{"date":"2021-03-10","commitResults":[{"hash":"30c6e9779db8c73bc7aff3d55f62b07d18c039af","messageTitle":"Improve search feature to search by tags/categories","messageBody":"","fileTypesAndContributionMap":{"functional-code":{"insertions":15,"deletions":2},"test-code":{"insertions":35,"deletions":0}}},{"hash":"26b44841d51e2fde6ba2a1d6cd03cdb673baa0e2","messageTitle":"Remove commented out code","messageBody":"","fileTypesAndContributionMap":{"functional-code":{"insertions":0,"deletions":2}}}]},{"date":"2021-03-13","commitResults":[{"hash":"7c460a394a9a5e74fceb4f97bc5c8c98a032c63d","messageTitle":"Fix checkstyle issues","messageBody":"","fileTypesAndContributionMap":{"test-code":{"insertions":2,"deletions":1}}}]},{"date":"2021-03-15","commitResults":[{"hash":"6f6772fb8f90464465f4e35b2bc8476dd4c60618","messageTitle":"Improve search feature to search by ratings \u0026 address","messageBody":"","fileTypesAndContributionMap":{"functional-code":{"insertions":8,"deletions":0},"test-code":{"insertions":95,"deletions":26}}},{"hash":"015585df9a4e6fc2dfedac2c4ea465d830e9a0b6","messageTitle":"Improve search feature by adding ability to find entries matching all given keywords, add tests","messageBody":"","fileTypesAndContributionMap":{"functional-code":{"insertions":131,"deletions":23},"test-code":{"insertions":373,"deletions":0}}}]},{"date":"2021-03-16","commitResults":[{"hash":"dd86daf11c28e8b1385f36d63ed7808eacb22898","messageTitle":"Fix issue with test, update UG with find features","messageBody":"","fileTypesAndContributionMap":{"docs":{"insertions":32,"deletions":0},"test-code":{"insertions":13,"deletions":1}}},{"hash":"26cd216f1f397745960ca094f7c94bc3007e4d92","messageTitle":"Fix checkstyle issues","messageBody":"","fileTypesAndContributionMap":{"test-code":{"insertions":4,"deletions":4}}}]},{"date":"2021-03-24","commitResults":[{"hash":"17c1ed33e4fe554986d6cdfa8ddb8d99ba18b66c","messageTitle":"Add price feature to food diary, add and modify tests to accomodate price and refactor test variables from address book to food diary","messageBody":"","fileTypesAndContributionMap":{"functional-code":{"insertions":187,"deletions":59},"other":{"insertions":4,"deletions":0},"test-code":{"insertions":647,"deletions":397}}}]},{"date":"2021-03-25","commitResults":[{"hash":"6229a4b446db3ff4d8b801ec121636e1e30d3b14","messageTitle":"Update DG with FindAll feature","messageBody":"","fileTypesAndContributionMap":{"docs":{"insertions":41,"deletions":0}}}]},{"date":"2021-03-29","commitResults":[{"hash":"a2aae716744c3c391e8475587d6c8e11c7fcb550","messageTitle":"Change price of entry to hold a range of price","messageBody":"","fileTypesAndContributionMap":{"functional-code":{"insertions":12,"deletions":3}}},{"hash":"3231a2442b4e1c3cfde420e01af5f2d45ed91e94","messageTitle":"Add more tests for price","messageBody":"","fileTypesAndContributionMap":{"test-code":{"insertions":11,"deletions":1}}},{"hash":"5a66db5583383ccf3e7c4c2d1c0e34bae98355b1","messageTitle":"Add \"/5\" and \"$\" as constant variables to rating and price respectively","messageBody":"","fileTypesAndContributionMap":{"functional-code":{"insertions":2,"deletions":0}}}]},{"date":"2021-03-30","commitResults":[{"hash":"9b3e2fbe42f0a2ff38b02c4d2dc8ebb010648fbd","messageTitle":"Improve find feature to find by price range","messageBody":"","fileTypesAndContributionMap":{"functional-code":{"insertions":50,"deletions":11}}},{"hash":"f0c6b0deb4480cce51288d6241e19e6bb3c0e076","messageTitle":"Improve findall feature to find by price range","messageBody":"","fileTypesAndContributionMap":{"functional-code":{"insertions":50,"deletions":14}}},{"hash":"db22eed5c3f1c46dcd77a38d21e5a3e1f1968095","messageTitle":"Add javadoc comments to helper functions used to improve find/findall features to search by price range","messageBody":"","fileTypesAndContributionMap":{"functional-code":{"insertions":30,"deletions":2}}},{"hash":"2499d55f592e17eb762cab9c2b2b05882a8c063a","messageTitle":"Add tests for find feature regarding price ranges","messageBody":"","fileTypesAndContributionMap":{"test-code":{"insertions":70,"deletions":0}}},{"hash":"b2f156c71411d50517fc273600db32d75a998585","messageTitle":"Add tests for findall feature regarding price ranges","messageBody":"","fileTypesAndContributionMap":{"test-code":{"insertions":79,"deletions":13}}},{"hash":"0f7cadd923ddafc4d450af4f85a9d45c34d224dd","messageTitle":"Update UG on find \u0026 findall features","messageBody":"","fileTypesAndContributionMap":{"docs":{"insertions":35,"deletions":20}}}]},{"date":"2021-03-31","commitResults":[{"hash":"d423098fa20fbf6d977ea34a4bcc2405489fe72b","messageTitle":"Add suggestion messages to find feature when user is suspected to have mistyped keywords for ratings or prices","messageBody":"","fileTypesAndContributionMap":{"functional-code":{"insertions":46,"deletions":4},"test-code":{"insertions":3,"deletions":2}}},{"hash":"bc166649559196acd942e4df3240d54e3dea0963","messageTitle":"Add suggestion messages to findall feature when user is suspected to have mistyped keywords for ratings or prices","messageBody":"","fileTypesAndContributionMap":{"functional-code":{"insertions":41,"deletions":4},"test-code":{"insertions":3,"deletions":4}}},{"hash":"b9e8d43273c9c1f599a594f7d9eff3517bbdda3a","messageTitle":"Add javadoc comments for suggestion message functions","messageBody":"","fileTypesAndContributionMap":{"functional-code":{"insertions":10,"deletions":1}}},{"hash":"113cf82ca71b692044695762ba6eb8b378105389","messageTitle":"Fix indentation \u0026 modify message constraint for price","messageBody":"","fileTypesAndContributionMap":{"functional-code":{"insertions":18,"deletions":18}}},{"hash":"102657e9a00111261c7f761e0e1dc20ea50a2ed9","messageTitle":"Update UG for find \u0026 findall feature, and add a new FAQ section","messageBody":"","fileTypesAndContributionMap":{"docs":{"insertions":19,"deletions":6}}},{"hash":"452eeff8afe8768b2d42d885c888083a9ee54fbf","messageTitle":"Update UG/some classes with school tags","messageBody":"","fileTypesAndContributionMap":{"functional-code":{"insertions":2,"deletions":2},"docs":{"insertions":4,"deletions":2}}}]}],"Prabhakaran-Gokul":[{"date":"2021-02-20","commitResults":[{"hash":"b2e9ef1b4982bf88bb29299fa260414bb6e986f1","messageTitle":"Update my info on AboutUs.md","messageBody":"","fileTypesAndContributionMap":{"docs":{"insertions":6,"deletions":5}}},{"hash":"397dcc4940c547e336d6cdf3c94db301ebbc5696","messageTitle":"add line at the end of the file","messageBody":"","fileTypesAndContributionMap":{"docs":{"insertions":1,"deletions":1}}}]},{"date":"2021-02-21","commitResults":[{"hash":"fd347d4eb88e6a7d8dd69631590e2004a81ec5a8","messageTitle":"Remove redundant text","messageBody":"","fileTypesAndContributionMap":{"docs":{"insertions":10,"deletions":19}}},{"hash":"ca14bca21ec2bb56bca2347dc9d92ba389d1e870","messageTitle":"Fix some checkstyle errors","messageBody":"","fileTypesAndContributionMap":{"docs":{"insertions":3,"deletions":3}}}]},{"date":"2021-02-24","commitResults":[{"hash":"0b8ad07b818a0473b7a1a40dc435b08543a11578","messageTitle":"Update UG and DG","messageBody":"Update User story, Use Case related to the \u0027Add a food experience feature\n","fileTypesAndContributionMap":{"docs":{"insertions":35,"deletions":248}}},{"hash":"3967917ab09faafdb63aa2cc93ddeaa2dbc50800","messageTitle":"Add Use case Number","messageBody":"","fileTypesAndContributionMap":{"docs":{"insertions":1,"deletions":1}}}]},{"date":"2021-02-25","commitResults":[{"hash":"19ee551c170d2586b769619bcdab73a43d15cc8c","messageTitle":"Fix error in github username","messageBody":"","fileTypesAndContributionMap":{"docs":{"insertions":1,"deletions":1}}},{"hash":"71e8e6d557bab09b7df58855ff1865eb67bdfe88","messageTitle":"Update README.md","messageBody":"","fileTypesAndContributionMap":{"docs":{"insertions":4,"deletions":13}}}]},{"date":"2021-02-26","commitResults":[{"hash":"28beca9176ffd6a45a31aae91be76db32872276d","messageTitle":"Fix profile photo name","messageBody":"","fileTypesAndContributionMap":{"docs":{"insertions":2,"deletions":2}}}]},{"date":"2021-03-03","commitResults":[{"hash":"ce9d382908c63db0001df16f7acf043e9ab062d4","messageTitle":"UG: Update the file name of UI Mockup picture","messageBody":"","fileTypesAndContributionMap":{"docs":{"insertions":1,"deletions":1}}}]},{"date":"2021-03-12","commitResults":[{"hash":"dcd67cc8730ca73050a44e25b22225ab57d55942","messageTitle":"Refactor Email to Review","messageBody":"","fileTypesAndContributionMap":{"functional-code":{"insertions":68,"deletions":68},"other":{"insertions":13,"deletions":13},"test-code":{"insertions":203,"deletions":203}}},{"hash":"f6d88ffdd05ff3114aadf1ca4993c5d57129fb22","messageTitle":"Change Review Validation logic","messageBody":"Reviews can take any values, and it should not be blank\n","fileTypesAndContributionMap":{"functional-code":{"insertions":3,"deletions":17},"test-code":{"insertions":8,"deletions":30}}},{"hash":"d605117cc5938a508f2a450794ad959308f212e9","messageTitle":"EditCommandParserTest.java: Solve LineLength Checkstyle Error","messageBody":"","fileTypesAndContributionMap":{"test-code":{"insertions":2,"deletions":1}}},{"hash":"1f12765146fa5468758a6f4e19134430e1039c2e","messageTitle":"Change Prefix of Review from r/ to re/","messageBody":"","fileTypesAndContributionMap":{"functional-code":{"insertions":1,"deletions":1}}}]},{"date":"2021-03-13","commitResults":[{"hash":"cfbbae1cb056c3f509afe7e5194d98e99be373eb","messageTitle":"Update UG and DG with review option in add feature","messageBody":"","fileTypesAndContributionMap":{"docs":{"insertions":5,"deletions":5}}},{"hash":"779645191249289fa526a210471ccb4042f66053","messageTitle":"Add food categories","messageBody":"","fileTypesAndContributionMap":{"functional-code":{"insertions":7,"deletions":7}}},{"hash":"1dfb60235330302ba63615a659f78778849afe5f","messageTitle":"NameContainsKeywordPredicate.java: Change email to review","messageBody":"","fileTypesAndContributionMap":{"test-code":{"insertions":1,"deletions":1}}},{"hash":"dd59decc37b39ee47ee9203e07a4e1b95e02c2b6","messageTitle":"Solve merge conflicts","messageBody":"","fileTypesAndContributionMap":{"functional-code":{"insertions":17,"deletions":117},"test-code":{"insertions":82,"deletions":450}}},{"hash":"c5abcec3ddd7483a34ab5fdbbd38b38e88239bbb","messageTitle":"Fix Checkstyle errors","messageBody":"","fileTypesAndContributionMap":{"functional-code":{"insertions":6,"deletions":6}}},{"hash":"ae41af9d3fa884ceb9835c470f34195130adb08a","messageTitle":"Fix remaining Checkstyle errors","messageBody":"","fileTypesAndContributionMap":{"functional-code":{"insertions":3,"deletions":3},"test-code":{"insertions":2,"deletions":2}}},{"hash":"a6ed761e775e688bf078fb23e8d5b794ccd7a053","messageTitle":"Update UG with review and rating feature merge conflicts","messageBody":"","fileTypesAndContributionMap":{"docs":{"insertions":4,"deletions":22}}}]},{"date":"2021-03-14","commitResults":[{"hash":"8fcad12fd8333303f927e1cc865cc3c623c7f469","messageTitle":"Refactor AddressBook in Index.md to FoodDiary and minor fixes","messageBody":"","fileTypesAndContributionMap":{"functional-code":{"insertions":2,"deletions":2},"docs":{"insertions":3,"deletions":3},"test-code":{"insertions":1,"deletions":1}}}]},{"date":"2021-03-23","commitResults":[{"hash":"f5c6c046d6a062c0812ef2ff19f4abae5f1734b4","messageTitle":"Add addon feature","messageBody":"Addon feature adds a review to a specified existing entry\n","fileTypesAndContributionMap":{"functional-code":{"insertions":329,"deletions":6}}},{"hash":"bbe0937504612399d73604596d64c51d2a9d1b79","messageTitle":"Remove parameters that does not contribute to adding reviews to exisiting entries","messageBody":"","fileTypesAndContributionMap":{"functional-code":{"insertions":14,"deletions":103}}},{"hash":"65df32d9f659574fb86dcbc869ab01ee831f49d7","messageTitle":"Review.java: Change Review class toString method to return a nicely formatted list of reviews","messageBody":"","fileTypesAndContributionMap":{"functional-code":{"insertions":11,"deletions":2}}},{"hash":"0f5c3ee451243833a7cd03e61da40945068549c1","messageTitle":"Fix Checkstyle errors","messageBody":"","fileTypesAndContributionMap":{"functional-code":{"insertions":7,"deletions":5}}},{"hash":"3ba12fef98313991f4162fa4c249b03dc4eaedbd","messageTitle":"Add tests for addon feature","messageBody":"","fileTypesAndContributionMap":{"test-code":{"insertions":103,"deletions":0}}},{"hash":"285c879e17f48708dddb98d7e72a58551eca57b1","messageTitle":"Update DG with sequence and activity diagrams","messageBody":"","fileTypesAndContributionMap":{"docs":{"insertions":13,"deletions":0}}}]},{"date":"2021-03-24","commitResults":[{"hash":"d321db7b7f313888e0f81fd389d3547d68f48987","messageTitle":"Fix merge conflicts","messageBody":"","fileTypesAndContributionMap":{"functional-code":{"insertions":3,"deletions":1},"test-code":{"insertions":4,"deletions":4}}},{"hash":"f27e8767012446b36756a7b27a806463fada06b0","messageTitle":"Add logging to AddOn Command","messageBody":"","fileTypesAndContributionMap":{"functional-code":{"insertions":7,"deletions":0}}},{"hash":"3302d20d51435b4209d3d032ec240fd46214769b","messageTitle":"Fix checkstyle issues","messageBody":"","fileTypesAndContributionMap":{"functional-code":{"insertions":2,"deletions":3}}}]},{"date":"2021-03-26","commitResults":[{"hash":"d3b95f6f1e6f4baf08d60f3ef4fff81dfa1fa9a5","messageTitle":"Modify addon multiple reviews feature implementation","messageBody":"","fileTypesAndContributionMap":{"functional-code":{"insertions":227,"deletions":93},"test-code":{"insertions":104,"deletions":83}}},{"hash":"d482d56847dc74897374d7854e3a2ec6559f6152","messageTitle":"Fix Checkstyle errors","messageBody":"","fileTypesAndContributionMap":{"functional-code":{"insertions":0,"deletions":4}}},{"hash":"a68fba562557d209e5fea23ce9bd1fd8257c9658","messageTitle":"Fix checkstyle issue","messageBody":"","fileTypesAndContributionMap":{"test-code":{"insertions":1,"deletions":3}}}]},{"date":"2021-03-27","commitResults":[{"hash":"60d3bd37a6ec68b661dd5138afe86279ad7c58de","messageTitle":"Fix test cases and checkstyle issues","messageBody":"","fileTypesAndContributionMap":{"functional-code":{"insertions":3,"deletions":3},"test-code":{"insertions":8,"deletions":8}}},{"hash":"cbc37947da92c1fa096655e572b1702aae0fb8b6","messageTitle":"Fix checkstyle error","messageBody":"","fileTypesAndContributionMap":{"test-code":{"insertions":0,"deletions":9}}},{"hash":"894898215c67a89bf7e7fa7156d6640feb5f8cf7","messageTitle":"Add price to addonCommand","messageBody":"","fileTypesAndContributionMap":{"functional-code":{"insertions":20,"deletions":3}}}]},{"date":"2021-03-28","commitResults":[{"hash":"dca890e9dbd06818fd5d0ccac2e26658bf0e408b","messageTitle":"Add function to update price range when a new price is added on","messageBody":"","fileTypesAndContributionMap":{"functional-code":{"insertions":50,"deletions":4}}},{"hash":"05466c274caf2264e4d56d2bbcfbf7edcd78859f","messageTitle":"Fix bug in regex when splitting price values","messageBody":"","fileTypesAndContributionMap":{"functional-code":{"insertions":2,"deletions":2}}}]},{"date":"2021-03-30","commitResults":[{"hash":"3333a6658f83506ef101ac43f566b21d20bb1755","messageTitle":"Change magic symbols to static variables","messageBody":"","fileTypesAndContributionMap":{"functional-code":{"insertions":8,"deletions":7}}},{"hash":"e4e9b0137cf1149483608bd367fd2515d30a936a","messageTitle":"Fix Checkstyle issues","messageBody":"","fileTypesAndContributionMap":{"functional-code":{"insertions":3,"deletions":3}}},{"hash":"b369e520f560f1b7cbcad866970d574ee476aff0","messageTitle":"Add tests, update UG and fix bug of AddonCommandParser accepting a price range","messageBody":"","fileTypesAndContributionMap":{"functional-code":{"insertions":19,"deletions":2},"docs":{"insertions":30,"deletions":10},"test-code":{"insertions":21,"deletions":1}}}]},{"date":"2021-03-31","commitResults":[{"hash":"99e8c3366d456141149bb68c73762fd113ec4643","messageTitle":"UG: Add keyboard shortcuts summary","messageBody":"","fileTypesAndContributionMap":{"docs":{"insertions":16,"deletions":0},"test-code":{"insertions":71,"deletions":0}}},{"hash":"d1b847624aff88550c72e4a6cac07254e621b327","messageTitle":"Fix Checkstyle issues: comments indentation","messageBody":"","fileTypesAndContributionMap":{"test-code":{"insertions":9,"deletions":9}}},{"hash":"f3a848fc406f31d4a5e95344c3b6ceb61e9a05f3","messageTitle":"Update Add command in UG","messageBody":"","fileTypesAndContributionMap":{"docs":{"insertions":13,"deletions":12}}},{"hash":"db840b2b5b116d5b23b7a86dad47c6580070c040","messageTitle":"Update UserGuide.md","messageBody":"","fileTypesAndContributionMap":{"docs":{"insertions":34,"deletions":24}}},{"hash":"65dc4198a6ae00f133e97a0ce7c1f3497140bbeb","messageTitle":"Update UserGuide.md","messageBody":"","fileTypesAndContributionMap":{"docs":{"insertions":3,"deletions":1}}},{"hash":"33268720b121c52759667ef46f7c98fec33530de","messageTitle":"Remove duplicate table of contents","messageBody":"","tags":["v1.3.0"],"fileTypesAndContributionMap":{"docs":{"insertions":1,"deletions":16}}},{"hash":"ee0a051e8c903968b308f4b1fae13369de6837e1","messageTitle":"Remove invalid category:Indian Muslim","messageBody":"","fileTypesAndContributionMap":{"functional-code":{"insertions":1,"deletions":1}}},{"hash":"ddf2ed51a04216492713c28e0bbc7f176e934b3c","messageTitle":"Update UserGuide.md","messageBody":"","fileTypesAndContributionMap":{"docs":{"insertions":2,"deletions":4}}}]}]},"authorFileTypeContributionMap":{"marcusleeeugene":{"docs":195,"functional-code":962,"test-code":371,"other":5},"Donavanty":{"docs":288,"functional-code":1033,"test-code":1263,"other":4},"Sidney011100":{"docs":84,"functional-code":633,"test-code":250},"DineshMagesvaran":{"docs":88,"functional-code":471,"test-code":1083,"other":4},"Prabhakaran-Gokul":{"docs":116,"functional-code":544,"test-code":332}},"authorContributionVariance":{"marcusleeeugene":17029.564,"Donavanty":583700.6,"Sidney011100":19348.818,"DineshMagesvaran":46187.18,"Prabhakaran-Gokul":32020.426},"authorDisplayNameMap":{"marcusleeeugene":"CS2103-T14-2 MARC..GENE","Donavanty":"CS2103-T14-2 DONA.. HUI","Sidney011100":"CS2103-T14-2 CHON..DNEY","DineshMagesvaran":"CS2103-T14-2 DINE..ARAN","Prabhakaran-Gokul":"CS2103-T14-2 PRAB..OKUL"}}
