{"authorDailyContributionsMap":{"marcusleeeugene":[{"date":"2021-02-20","commitResults":[{"hash":"7997fc01e8566c0257f812c186b58f0b17105148","messageTitle":"Update AboutUs","messageBody":"","fileTypesAndContributionMap":{"docs":{"insertions":63,"deletions":6}}}]},{"date":"2021-02-23","commitResults":[{"hash":"b700765c81424bdbf9fd461b47cf52cc475f3611","messageTitle":"Update user story, use case for listing restaurants, non-functional requirements","messageBody":"","fileTypesAndContributionMap":{"docs":{"insertions":36,"deletions":20}}},{"hash":"4060d8cafd5267b165b02090483cea0260e919c3","messageTitle":"Update list feature and add in Command Summary","messageBody":"","fileTypesAndContributionMap":{"docs":{"insertions":9,"deletions":8}}}]},{"date":"2021-02-24","commitResults":[{"hash":"0a5b144c3a75edd3be7a9f07343394f22e029946","messageTitle":"Remove AB3 content","messageBody":"","fileTypesAndContributionMap":{"docs":{"insertions":6,"deletions":164}}},{"hash":"4a0398af6e19b280714ce00b6dbf3a25db1a2df4","messageTitle":"Fix accidental deletion of github pages set up","messageBody":"","fileTypesAndContributionMap":{"docs":{"insertions":3,"deletions":1}}},{"hash":"f34222b62ceab38eba015e10d65835b3be68c47d","messageTitle":"Fix small formatting errors","messageBody":"","fileTypesAndContributionMap":{"docs":{"insertions":3,"deletions":0}}}]},{"date":"2021-02-25","commitResults":[{"hash":"9d1c6ee70c650289247ae78b5f30934ce8c8ba3b","messageTitle":"Remove previous occurence of AddressBook contents","messageBody":"","fileTypesAndContributionMap":{"docs":{"insertions":2,"deletions":56}}},{"hash":"17226049ae28adfc1fdb74567390129945c60497","messageTitle":"Fix newline error","messageBody":"","fileTypesAndContributionMap":{"docs":{"insertions":1,"deletions":6}}},{"hash":"8c13030eaa9a69d34d749f76a9f26653df838813","messageTitle":"Update README","messageBody":"","fileTypesAndContributionMap":{"docs":{"insertions":8,"deletions":12}}},{"hash":"8e7d21bcf32b8448d32f15f343a8107ee957858e","messageTitle":"Update CI status badge","messageBody":"","fileTypesAndContributionMap":{"docs":{"insertions":1,"deletions":1}}}]}],"Donavanty":[{"date":"2021-02-20","commitResults":[{"hash":"a120b4c4eb0a86589579297982e9aad0c955cc39","messageTitle":"Updated AboutUs for Donavanty.","messageBody":"","fileTypesAndContributionMap":{"docs":{"insertions":52,"deletions":6}}}]},{"date":"2021-02-22","commitResults":[{"hash":"16e3669d9be1ea9f821840a5cd90816eb0d7a787","messageTitle":"Updated DG with my sections","messageBody":"","fileTypesAndContributionMap":{"docs":{"insertions":39,"deletions":26}}},{"hash":"f669e6742da34a5837ccc65f96ad9c547fccdb18","messageTitle":"Updated UG","messageBody":"","fileTypesAndContributionMap":{"docs":{"insertions":29,"deletions":3}}}]},{"date":"2021-02-25","commitResults":[{"hash":"a66c79ff91cc5d23a34982abcaf2f8d3b6269dee","messageTitle":"Updated AboutUs (to lower case name)","messageBody":"","fileTypesAndContributionMap":{"docs":{"insertions":3,"deletions":3}}},{"hash":"6edfa592c69c444f36a4754e0322703bf7c79448","messageTitle":"Don edited README.md + Ui image","messageBody":"","fileTypesAndContributionMap":{"docs":{"insertions":1,"deletions":58}}},{"hash":"9e3c3737620382855efb0d750b022294e5edfae5","messageTitle":"Added a line between CI and Logo","messageBody":"","fileTypesAndContributionMap":{"docs":{"insertions":1,"deletions":2}}},{"hash":"6608b1a04d317803130e01973a5e7478d53a03bc","messageTitle":"Centralised Logo image","messageBody":"","fileTypesAndContributionMap":{"docs":{"insertions":3,"deletions":1}}}]},{"date":"2021-02-26","commitResults":[{"hash":"4d2ae92235d7257f911414b8f6da1b4aa5aaf30f","messageTitle":"Don centralised Ui.png in Readme","messageBody":"","fileTypesAndContributionMap":{"docs":{"insertions":3,"deletions":1}}}]}],"Sidney011100":[{"date":"2021-02-20","commitResults":[{"hash":"a35be48d3eb149ab6c277cb0944a31172bf52a4d","messageTitle":"Added Sidney011100 readme and into AboutUs","messageBody":"","fileTypesAndContributionMap":{"docs":{"insertions":30,"deletions":4}}},{"hash":"9423549b3f8cf1482f265c08603626fe3570d30b","messageTitle":"Remove new about us for sidney011100 on master","messageBody":"","fileTypesAndContributionMap":{"docs":{"insertions":4,"deletions":4}}},{"hash":"cfd13df54655884d6e52861eb5078ae6e775e68f","messageTitle":"Add sidney011100 info into AboutUs","messageBody":"","fileTypesAndContributionMap":{"docs":{"insertions":5,"deletions":5}}},{"hash":"53b590de9484c99687d0d81208ba8d9799d92fc6","messageTitle":"Remove trailing white space","messageBody":"","fileTypesAndContributionMap":{"docs":{"insertions":2,"deletions":9}}},{"hash":"81037001c3797a5241e110df314a3a2f096d3085","messageTitle":"Remove trailing white space","messageBody":"","fileTypesAndContributionMap":{"docs":{"insertions":1,"deletions":1}}}]},{"date":"2021-02-24","commitResults":[{"hash":"8eca6ee66d4175aa5aa67299bf2cdc3d99f49ea7","messageTitle":"Edit Chong Sidney name in user guide to reflect name as per NUS student card","messageBody":"","fileTypesAndContributionMap":{"docs":{"insertions":1,"deletions":1}}},{"hash":"288bf237393e1f67bc6d9f53f65c973136dd948b","messageTitle":"Add delete and list to Developer Guide for others to easily understand why these features are added","messageBody":"","fileTypesAndContributionMap":{"docs":{"insertions":9,"deletions":6}}}]},{"date":"2021-02-25","commitResults":[{"hash":"28daa483c78ee0e26dd5c6d7846c6251789fea1a","messageTitle":"Update developer guide to add UI Mock Up and Use Case of delete function","messageBody":"","fileTypesAndContributionMap":{"docs":{"insertions":28,"deletions":3}}},{"hash":"b027ea5ab0b79bad5baec1b1a0a5c28f707efda2","messageTitle":"Add Food Diary Description in User Guide on how it helps students to save time and effort","messageBody":"","fileTypesAndContributionMap":{"docs":{"insertions":6,"deletions":0}}},{"hash":"aa2b6f71e3d4605aed08fc3389801b797ff308f2","messageTitle":"Update Target User Profile and Value Proposition of Food Diary in Developer Guide","messageBody":"","fileTypesAndContributionMap":{"docs":{"insertions":14,"deletions":4}}},{"hash":"5c5027a3c7f7a6a8c4a00a94b7980a93a8d8945e","messageTitle":"Add Logo to ReadMe file","messageBody":"","fileTypesAndContributionMap":{"docs":{"insertions":1,"deletions":14}}},{"hash":"8b391f7fa03d6fe049ba3bc152d8a0a4ab0f73b7","messageTitle":"Shift logo up in ReadMe","messageBody":"","fileTypesAndContributionMap":{"docs":{"insertions":2,"deletions":1}}},{"hash":"f7154c26c3e44afe044a8f09bd9693c5ec345ee6","messageTitle":"Leave new line in ReadMe","messageBody":"","fileTypesAndContributionMap":{"docs":{"insertions":1,"deletions":1}}}]}],"DineshMagesvaran":[{"date":"2021-02-20","commitResults":[{"hash":"6a92140044e8cb683d079f210361761168276878","messageTitle":"Update AboutUs file with details","messageBody":"","fileTypesAndContributionMap":{"docs":{"insertions":6,"deletions":6}}}]},{"date":"2021-02-24","commitResults":[{"hash":"db9c1cac3b8c365a81af05890ecb6878d7bccea9","messageTitle":"Update UG and DG","messageBody":"","fileTypesAndContributionMap":{"docs":{"insertions":47,"deletions":0}}},{"hash":"232933cc328aa22da23a0115dca78b1fdc47ac4d","messageTitle":"Update DG","messageBody":"","fileTypesAndContributionMap":{"docs":{"insertions":1,"deletions":1}}}]},{"date":"2021-02-25","commitResults":[{"hash":"ee8e36e28a9c59025e773b1fb6b06028dbcecea6","messageTitle":"Update README","messageBody":"","fileTypesAndContributionMap":{"docs":{"insertions":4,"deletions":12}}}]}],"Prabhakaran-Gokul":[{"date":"2021-02-20","commitResults":[{"hash":"b2e9ef1b4982bf88bb29299fa260414bb6e986f1","messageTitle":"Update my info on AboutUs.md","messageBody":"","fileTypesAndContributionMap":{"docs":{"insertions":6,"deletions":5}}},{"hash":"397dcc4940c547e336d6cdf3c94db301ebbc5696","messageTitle":"add line at the end of the file","messageBody":"","fileTypesAndContributionMap":{"docs":{"insertions":1,"deletions":1}}}]},{"date":"2021-02-21","commitResults":[{"hash":"fd347d4eb88e6a7d8dd69631590e2004a81ec5a8","messageTitle":"Remove redundant text","messageBody":"","fileTypesAndContributionMap":{"docs":{"insertions":10,"deletions":19}}},{"hash":"ca14bca21ec2bb56bca2347dc9d92ba389d1e870","messageTitle":"Fix some checkstyle errors","messageBody":"","fileTypesAndContributionMap":{"docs":{"insertions":3,"deletions":3}}}]},{"date":"2021-02-24","commitResults":[{"hash":"0b8ad07b818a0473b7a1a40dc435b08543a11578","messageTitle":"Update UG and DG","messageBody":"Update User story, Use Case related to the \u0027Add a food experience feature\n","fileTypesAndContributionMap":{"docs":{"insertions":35,"deletions":248}}},{"hash":"3967917ab09faafdb63aa2cc93ddeaa2dbc50800","messageTitle":"Add Use case Number","messageBody":"","fileTypesAndContributionMap":{"docs":{"insertions":1,"deletions":1}}}]},{"date":"2021-02-25","commitResults":[{"hash":"19ee551c170d2586b769619bcdab73a43d15cc8c","messageTitle":"Fix error in github username","messageBody":"","fileTypesAndContributionMap":{"docs":{"insertions":1,"deletions":1}}},{"hash":"71e8e6d557bab09b7df58855ff1865eb67bdfe88","messageTitle":"Update README.md","messageBody":"","fileTypesAndContributionMap":{"docs":{"insertions":4,"deletions":13}}}]},{"date":"2021-02-26","commitResults":[{"hash":"28beca9176ffd6a45a31aae91be76db32872276d","messageTitle":"Fix profile photo name","messageBody":"","fileTypesAndContributionMap":{"docs":{"insertions":2,"deletions":2}}}]},{"date":"2021-03-03","commitResults":[{"hash":"ce9d382908c63db0001df16f7acf043e9ab062d4","messageTitle":"UG: Update the file name of UI Mockup picture","messageBody":"","fileTypesAndContributionMap":{"docs":{"insertions":1,"deletions":1}}}]}]},"authorFileTypeContributionMap":{"marcusleeeugene":{"docs":110,"functional-code":0,"test-code":0},"Donavanty":{"docs":53,"functional-code":0,"test-code":0},"Sidney011100":{"docs":63,"functional-code":0,"test-code":0},"DineshMagesvaran":{"docs":41,"functional-code":0,"test-code":0},"Prabhakaran-Gokul":{"docs":60,"functional-code":0,"test-code":0}},"authorContributionVariance":{"marcusleeeugene":2792.9463,"Donavanty":1066.7927,"Sidney011100":634.071,"DineshMagesvaran":180.37866,"Prabhakaran-Gokul":5626.2495},"authorDisplayNameMap":{"marcusleeeugene":"CS2103-T14-2 MARC..GENE","Donavanty":"CS2103-T14-2 DONA.. HUI","Sidney011100":"CS2103-T14-2 CHON..DNEY","DineshMagesvaran":"CS2103-T14-2 DINE..ARAN","Prabhakaran-Gokul":"CS2103-T14-2 PRAB..OKUL"}}
