{"authorDailyContributionsMap":{"marcusleeeugene":[{"date":"2021-02-20","commitResults":[{"hash":"7997fc01e8566c0257f812c186b58f0b17105148","messageTitle":"Update AboutUs","messageBody":"","fileTypesAndContributionMap":{"docs":{"insertions":63,"deletions":6}}}]},{"date":"2021-02-23","commitResults":[{"hash":"b700765c81424bdbf9fd461b47cf52cc475f3611","messageTitle":"Update user story, use case for listing restaurants, non-functional requirements","messageBody":"","fileTypesAndContributionMap":{"docs":{"insertions":36,"deletions":20}}},{"hash":"4060d8cafd5267b165b02090483cea0260e919c3","messageTitle":"Update list feature and add in Command Summary","messageBody":"","fileTypesAndContributionMap":{"docs":{"insertions":9,"deletions":8}}}]},{"date":"2021-02-24","commitResults":[{"hash":"0a5b144c3a75edd3be7a9f07343394f22e029946","messageTitle":"Remove AB3 content","messageBody":"","fileTypesAndContributionMap":{"docs":{"insertions":6,"deletions":164}}},{"hash":"4a0398af6e19b280714ce00b6dbf3a25db1a2df4","messageTitle":"Fix accidental deletion of github pages set up","messageBody":"","fileTypesAndContributionMap":{"docs":{"insertions":3,"deletions":1}}},{"hash":"f34222b62ceab38eba015e10d65835b3be68c47d","messageTitle":"Fix small formatting errors","messageBody":"","fileTypesAndContributionMap":{"docs":{"insertions":3,"deletions":0}}}]},{"date":"2021-02-25","commitResults":[{"hash":"9d1c6ee70c650289247ae78b5f30934ce8c8ba3b","messageTitle":"Remove previous occurence of AddressBook contents","messageBody":"","fileTypesAndContributionMap":{"docs":{"insertions":2,"deletions":56}}},{"hash":"17226049ae28adfc1fdb74567390129945c60497","messageTitle":"Fix newline error","messageBody":"","fileTypesAndContributionMap":{"docs":{"insertions":1,"deletions":6}}},{"hash":"8c13030eaa9a69d34d749f76a9f26653df838813","messageTitle":"Update README","messageBody":"","fileTypesAndContributionMap":{"docs":{"insertions":8,"deletions":12}}},{"hash":"8e7d21bcf32b8448d32f15f343a8107ee957858e","messageTitle":"Update CI status badge","messageBody":"","fileTypesAndContributionMap":{"docs":{"insertions":1,"deletions":1}}}]},{"date":"2021-03-08","commitResults":[{"hash":"d187eb958bc054c9cc9b53b66f2708d743a1e30a","messageTitle":"Refactor and rename all phone instances to rating in Main","messageBody":"","fileTypesAndContributionMap":{"functional-code":{"insertions":119,"deletions":66},"docs":{"insertions":2,"deletions":2}}},{"hash":"d648b6f3403408beb4fc935871f42b103d660db2","messageTitle":"Rename Phone.java to Rating.java","messageBody":"","fileTypesAndContributionMap":{"functional-code":{"insertions":0,"deletions":53}}}]},{"date":"2021-03-09","commitResults":[{"hash":"74033df12a77adc9dad7615b61dc54f1f80fc275","messageTitle":"Edit minor docs for rating, change validation regex for rating to single digit","messageBody":"","fileTypesAndContributionMap":{"functional-code":{"insertions":7,"deletions":7}}}]},{"date":"2021-03-10","commitResults":[{"hash":"abb01bcdc59ec39a4fdc6f1ee7364d16ff4d92c5","messageTitle":"Revalidate constraints for rating","messageBody":"","fileTypesAndContributionMap":{"functional-code":{"insertions":2,"deletions":2}}},{"hash":"5a729d72c215820d921fc7c5e929204a113a7d2b","messageTitle":"Refactor all test files to fit test case scenarios","messageBody":"","fileTypesAndContributionMap":{"test-code":{"insertions":188,"deletions":186}}},{"hash":"93c941fbc992a26cdbc2c65664166cb4f3961a76","messageTitle":"Update docs for rating feature","messageBody":"","fileTypesAndContributionMap":{"docs":{"insertions":8,"deletions":6}}}]},{"date":"2021-03-12","commitResults":[{"hash":"ea5bbec88c52693c93b9090143acffee12749f48","messageTitle":"Change rating r/ command syntax to ra/","messageBody":"","fileTypesAndContributionMap":{"functional-code":{"insertions":3,"deletions":3},"docs":{"insertions":3,"deletions":3}}}]},{"date":"2021-03-13","commitResults":[{"hash":"23a5c4b2032df5292f5e6e536438f346fbdb9057","messageTitle":"Replace test files phone variables to rating","messageBody":"","fileTypesAndContributionMap":{"test-code":{"insertions":3,"deletions":3}}},{"hash":"cbc434d242021ab952657f641d84427e58f9d024","messageTitle":"Minor fix","messageBody":"","fileTypesAndContributionMap":{"test-code":{"insertions":6,"deletions":6}}},{"hash":"10ea0a0b68a572323de04a392a8eb1df1a445e4f","messageTitle":"Update sample data","messageBody":"","fileTypesAndContributionMap":{"functional-code":{"insertions":18,"deletions":10}}}]},{"date":"2021-03-14","commitResults":[{"hash":"72ceaf733ce0ead6cabbfc1cedd81d2084ba3df4","messageTitle":"Add in basic \"View\" feature support to FoodDiary","messageBody":"","fileTypesAndContributionMap":{"functional-code":{"insertions":252,"deletions":4}}}]},{"date":"2021-03-16","commitResults":[{"hash":"6674c055c68abaa8670a2efe77bc1f56ca465338","messageTitle":"Update dependency issue with previous implementation of Person","messageBody":"","fileTypesAndContributionMap":{"functional-code":{"insertions":43,"deletions":40},"test-code":{"insertions":7,"deletions":7}}},{"hash":"8e8720d64f6b6070d0f720e9ae7475535e417df1","messageTitle":"Fix original testcase for new view feature","messageBody":"","fileTypesAndContributionMap":{"test-code":{"insertions":2,"deletions":2}}},{"hash":"38e9ced4afbd811e6bcee21986c16dc0806aab91","messageTitle":"Modify typecast object implementation to String implementation","messageBody":"","fileTypesAndContributionMap":{"functional-code":{"insertions":17,"deletions":16}}},{"hash":"3e807ff2f8be342c6bc2d869cfbb54db4bb2eced","messageTitle":"Add ViewCommandTest","messageBody":"","fileTypesAndContributionMap":{"functional-code":{"insertions":1,"deletions":1},"test-code":{"insertions":106,"deletions":0}}},{"hash":"0f96b6decd0f2f6ab9d45d4c2a5895058f1d7432","messageTitle":"Edit MESSAGE_VIEW_PERSON_SUCCESS","messageBody":"","fileTypesAndContributionMap":{"functional-code":{"insertions":1,"deletions":1}}},{"hash":"6c6570c08fde7bbbdb9044221d33d59f174fdb18","messageTitle":"Fixed checkstyle errors","messageBody":"","fileTypesAndContributionMap":{"test-code":{"insertions":3,"deletions":2}}}]},{"date":"2021-03-17","commitResults":[{"hash":"80383980da3fdb74c1f3c50ce57ff4bd2bcbee2f","messageTitle":"Update UG and DG for view feature","messageBody":"","fileTypesAndContributionMap":{"docs":{"insertions":15,"deletions":1}}}]},{"date":"2021-03-21","commitResults":[{"hash":"0a1942fdd08345f8bb5beaea41cb872d286d0a9a","messageTitle":"Fix ui not updating, add scrollpane into View for long reviews","messageBody":"","fileTypesAndContributionMap":{"functional-code":{"insertions":1,"deletions":1}}}]}],"Donavanty":[{"date":"2021-02-20","commitResults":[{"hash":"a120b4c4eb0a86589579297982e9aad0c955cc39","messageTitle":"Updated AboutUs for Donavanty.","messageBody":"","fileTypesAndContributionMap":{"docs":{"insertions":52,"deletions":6}}}]},{"date":"2021-02-22","commitResults":[{"hash":"16e3669d9be1ea9f821840a5cd90816eb0d7a787","messageTitle":"Updated DG with my sections","messageBody":"","fileTypesAndContributionMap":{"docs":{"insertions":39,"deletions":26}}},{"hash":"f669e6742da34a5837ccc65f96ad9c547fccdb18","messageTitle":"Updated UG","messageBody":"","fileTypesAndContributionMap":{"docs":{"insertions":29,"deletions":3}}}]},{"date":"2021-02-25","commitResults":[{"hash":"a66c79ff91cc5d23a34982abcaf2f8d3b6269dee","messageTitle":"Updated AboutUs (to lower case name)","messageBody":"","fileTypesAndContributionMap":{"docs":{"insertions":3,"deletions":3}}},{"hash":"6edfa592c69c444f36a4754e0322703bf7c79448","messageTitle":"Don edited README.md + Ui image","messageBody":"","fileTypesAndContributionMap":{"docs":{"insertions":1,"deletions":58}}},{"hash":"9e3c3737620382855efb0d750b022294e5edfae5","messageTitle":"Added a line between CI and Logo","messageBody":"","fileTypesAndContributionMap":{"docs":{"insertions":1,"deletions":2}}},{"hash":"6608b1a04d317803130e01973a5e7478d53a03bc","messageTitle":"Centralised Logo image","messageBody":"","fileTypesAndContributionMap":{"docs":{"insertions":3,"deletions":1}}}]},{"date":"2021-02-26","commitResults":[{"hash":"4d2ae92235d7257f911414b8f6da1b4aa5aaf30f","messageTitle":"Don centralised Ui.png in Readme","messageBody":"","fileTypesAndContributionMap":{"docs":{"insertions":3,"deletions":1}}}]},{"date":"2021-03-13","commitResults":[{"hash":"f194cb0408f96c528909fa54d87ce9bc0722884c","messageTitle":"Changed name to restaurant name","messageBody":"","fileTypesAndContributionMap":{"functional-code":{"insertions":6,"deletions":6}}}]},{"date":"2021-03-17","commitResults":[{"hash":"8665ce714ca4af65886b2824c9be11242629928e","messageTitle":"Don changed all usages of \u0027Person\u0027 to \u0027Entry\u0027 (Singular \u0026 Plural)","messageBody":"","fileTypesAndContributionMap":{"functional-code":{"insertions":140,"deletions":150},"other":{"insertions":30,"deletions":30},"docs":{"insertions":26,"deletions":26},"test-code":{"insertions":145,"deletions":151}}},{"hash":"b9f8b61ff1bf1cc6a9c6fa4978c6bba88a1f3ee2","messageTitle":"Don refactored package name to \u0027entry\u0027","messageBody":"","fileTypesAndContributionMap":{"functional-code":{"insertions":29,"deletions":29},"other":{"insertions":20,"deletions":20},"test-code":{"insertions":39,"deletions":39}}},{"hash":"cc6cff0899603594c9a87c3665dcc155d6df4632","messageTitle":"Don changed package name \u0027seedu.address\u0027 to \u0027fooddiary\u0027","messageBody":"","fileTypesAndContributionMap":{"functional-code":{"insertions":17,"deletions":17},"other":{"insertions":701,"deletions":727},"docs":{"insertions":8,"deletions":8},"test-code":{"insertions":415,"deletions":472}}},{"hash":"451e343e3298751b2bbc1f8c661b4524122412c2","messageTitle":"Don refactored class \u0027AddressBook\u0027 to \u0027FoodDiary\u0027","messageBody":"","fileTypesAndContributionMap":{"functional-code":{"insertions":36,"deletions":36},"other":{"insertions":33,"deletions":33},"docs":{"insertions":1,"deletions":1},"test-code":{"insertions":46,"deletions":46}}},{"hash":"261a29a60929fdb984093d599f2cf4ffa6a27c29","messageTitle":"Don refactored interface \u0027ReadOnlyAddressBook\u0027 to \u0027ReadOnlyFoodDiary\u0027","messageBody":"","fileTypesAndContributionMap":{"functional-code":{"insertions":41,"deletions":41},"other":{"insertions":1,"deletions":1},"test-code":{"insertions":15,"deletions":15}}},{"hash":"04a2a6e12e7f005aa2a41b97671889bd850baedf","messageTitle":"Don refactored class \u0027UniquePersonList\u0027 to \u0027UniqueEntryList\u0027","messageBody":"","fileTypesAndContributionMap":{"functional-code":{"insertions":8,"deletions":8},"other":{"insertions":4,"deletions":4},"test-code":{"insertions":51,"deletions":51}}},{"hash":"af49a446425cddc8ffa53328c44840c08f534f75","messageTitle":"Don refactored all methods in class \u0027UniqueEntryList\u0027 to include \u0027entry\u0027","messageBody":"","fileTypesAndContributionMap":{"functional-code":{"insertions":28,"deletions":28},"test-code":{"insertions":20,"deletions":20}}},{"hash":"74a529cac87f77c9fc74641bb10499682deda48b","messageTitle":"Don refactored methods in several Model classes","messageBody":"","fileTypesAndContributionMap":{"functional-code":{"insertions":7,"deletions":7}}},{"hash":"3871658ef30cb28ec7808191ca4e25da47abf15b","messageTitle":"Don refactored all methods in \u0027util\u0027 classes","messageBody":"","fileTypesAndContributionMap":{"functional-code":{"insertions":88,"deletions":88},"test-code":{"insertions":65,"deletions":65}}},{"hash":"08f46d2a3145581ea5a121d20aa2d1cfb7fcc208","messageTitle":"Don refactored all methods in package \u0027model\u0027","messageBody":"","fileTypesAndContributionMap":{"functional-code":{"insertions":12,"deletions":12},"test-code":{"insertions":7,"deletions":7}}},{"hash":"762bf55e0c6f2ca2dbf0224f35c42914bb7f2f82","messageTitle":"Don refactored all methods belonging to package \u0027logic\u0027","messageBody":"","fileTypesAndContributionMap":{"functional-code":{"insertions":62,"deletions":62},"other":{"insertions":1,"deletions":1},"docs":{"insertions":2,"deletions":2},"test-code":{"insertions":45,"deletions":45}}},{"hash":"5bc0bf4b3e32c024bef94e35de74aec42aed1bc4","messageTitle":"Don refactored all methods under package \u0027storage\u0027","messageBody":"","fileTypesAndContributionMap":{"functional-code":{"insertions":25,"deletions":25},"other":{"insertions":47,"deletions":47},"test-code":{"insertions":43,"deletions":43}}},{"hash":"3a9f03971f347e2d437cba243fc98e5ceb20facc","messageTitle":"Don refactored methods in both packages \u0027ui\u0027 and \u0027resources.view\u0027 (FXML files)","messageBody":"","fileTypesAndContributionMap":{"functional-code":{"insertions":6,"deletions":6},"other":{"insertions":19,"deletions":19}}},{"hash":"615c76d9b7c9696293e775a3ee8a1cf029ea1407","messageTitle":"Don refactored methods under package \u0027commons\u0027","messageBody":"","fileTypesAndContributionMap":{"functional-code":{"insertions":16,"deletions":16}}},{"hash":"eb6e0bc13c07bfc89e28dc9249a9313e5bb6a78f","messageTitle":"Don changed MainWindow FXML Header to \"The Food Diary\" + logo","messageBody":"","fileTypesAndContributionMap":{"functional-code":{"insertions":1,"deletions":1},"test-code":{"insertions":1,"deletions":1}}}]},{"date":"2021-03-19","commitResults":[{"hash":"5737e8c68fb43bc43c030e066be916a01d5b3f7c","messageTitle":"Refactored all test methods under test package \u0027logic.commands\u0027","messageBody":"","fileTypesAndContributionMap":{"functional-code":{"insertions":4,"deletions":4},"other":{"insertions":31,"deletions":31},"test-code":{"insertions":321,"deletions":321}}},{"hash":"674fca7ae5f62f27a34c2f451e2b97242f357b2c","messageTitle":"Refactored test methods under test package \u0027logic.parser\u0027 and JSON data files","messageBody":"","fileTypesAndContributionMap":{"other":{"insertions":2,"deletions":2},"test-code":{"insertions":17,"deletions":17}}},{"hash":"47b675abacca3724832b4443b20becbfc69de8e3","messageTitle":"Refactored test methods under test package \u0027model.entry\u0027","messageBody":"","fileTypesAndContributionMap":{"functional-code":{"insertions":3,"deletions":3},"test-code":{"insertions":45,"deletions":45}}},{"hash":"4bf0fbab59e5b95d6208452bffd9d741b96d134c","messageTitle":"Refactored test methods under test package \u0027storage\u0027","messageBody":"","fileTypesAndContributionMap":{"test-code":{"insertions":50,"deletions":50}}},{"hash":"3f34a787f5a9b8eea3fe34592924aeaea4695696","messageTitle":"Refactored test methods under test package \u0027testutil\u0027","messageBody":"","fileTypesAndContributionMap":{"other":{"insertions":4,"deletions":4},"test-code":{"insertions":10,"deletions":10}}},{"hash":"06b3085c7eb5739da2ea243e856b13ebb8f5ce5d","messageTitle":"Fixed checkstyle errors part 1","messageBody":"","fileTypesAndContributionMap":{"functional-code":{"insertions":71,"deletions":73},"other":{"insertions":4,"deletions":4},"test-code":{"insertions":14,"deletions":7}}},{"hash":"41dd5a4b0a4d1c75d6c00e0682fca9310a7eccb9","messageTitle":"Fixed checkstyle errors part 2 (in main)","messageBody":"","fileTypesAndContributionMap":{"functional-code":{"insertions":209,"deletions":162},"test-code":{"insertions":10,"deletions":9}}},{"hash":"3494b4c3a15b2ce2fc742ac5b2917097f3fbab17","messageTitle":"Fixed checkstyle errors part 3 (in tests)","messageBody":"","fileTypesAndContributionMap":{"test-code":{"insertions":40,"deletions":30}}},{"hash":"cea752bce6467fc4c4ae94359c9d2ebb1678f73b","messageTitle":"Fixed checkstyle errors part 4 (in tests)","messageBody":"","fileTypesAndContributionMap":{"test-code":{"insertions":76,"deletions":59}}},{"hash":"97aeac3c8a11e475311cde13e36d95811caa92f6","messageTitle":"Fixed checkstyle errors part 5 (in tests)","messageBody":"","fileTypesAndContributionMap":{"test-code":{"insertions":149,"deletions":94}}},{"hash":"57997840027184027832b8c3ea11874e4fdb656f","messageTitle":"Fixed checkstyle errors part 6 (in tests)","messageBody":"","fileTypesAndContributionMap":{"test-code":{"insertions":191,"deletions":123}}},{"hash":"982dc42a578bc5cb6610bdb304c51dfbfc2ef6f5","messageTitle":"Fixed checkstyle errors part 7 (in tests)","messageBody":"","fileTypesAndContributionMap":{"test-code":{"insertions":86,"deletions":62}}}]},{"date":"2021-03-20","commitResults":[{"hash":"306f413bb7fab3434655875b351a9a9291e157c5","messageTitle":"Fixed JSON and FXML test files to appropriately pass test cases","messageBody":"","fileTypesAndContributionMap":{"test-code":{"insertions":10,"deletions":10}}},{"hash":"0e75e696b764916b205d8097fda467a8be614f48","messageTitle":"Refactored code-wide to remove as many traces of \u0027person\u0027 and \u0027book\u0027 / \u0027address book\u0027 as possible","messageBody":"","fileTypesAndContributionMap":{"functional-code":{"insertions":31,"deletions":31},"other":{"insertions":4,"deletions":4},"docs":{"insertions":7,"deletions":7},"test-code":{"insertions":41,"deletions":42}}},{"hash":"80f39775ee0460ae9a92d6cb01311b75c5620156","messageTitle":"Fixed minor checkstyle error","messageBody":"","fileTypesAndContributionMap":{"functional-code":{"insertions":0,"deletions":1}}},{"hash":"5dcc6bdaa4fab51bc89d3f238c01b33f48f859cb","messageTitle":"Removed trailing whitespaces in \u0027.md\u0027 files to address warnings issued by \u0027./run-check.sh\u0027","messageBody":"","fileTypesAndContributionMap":{"docs":{"insertions":39,"deletions":39}}},{"hash":"0fcd0bb38ee300e761b6cca8315f4e288ca82a8d","messageTitle":"Removed trailing whitespace in DeveloperGuide.md","messageBody":"","fileTypesAndContributionMap":{"docs":{"insertions":1,"deletions":1}}}]}],"Sidney011100":[{"date":"2021-02-20","commitResults":[{"hash":"a35be48d3eb149ab6c277cb0944a31172bf52a4d","messageTitle":"Added Sidney011100 readme and into AboutUs","messageBody":"","fileTypesAndContributionMap":{"docs":{"insertions":30,"deletions":4}}},{"hash":"9423549b3f8cf1482f265c08603626fe3570d30b","messageTitle":"Remove new about us for sidney011100 on master","messageBody":"","fileTypesAndContributionMap":{"docs":{"insertions":4,"deletions":4}}},{"hash":"cfd13df54655884d6e52861eb5078ae6e775e68f","messageTitle":"Add sidney011100 info into AboutUs","messageBody":"","fileTypesAndContributionMap":{"docs":{"insertions":5,"deletions":5}}},{"hash":"53b590de9484c99687d0d81208ba8d9799d92fc6","messageTitle":"Remove trailing white space","messageBody":"","fileTypesAndContributionMap":{"docs":{"insertions":2,"deletions":9}}},{"hash":"81037001c3797a5241e110df314a3a2f096d3085","messageTitle":"Remove trailing white space","messageBody":"","fileTypesAndContributionMap":{"docs":{"insertions":1,"deletions":1}}}]},{"date":"2021-02-24","commitResults":[{"hash":"8eca6ee66d4175aa5aa67299bf2cdc3d99f49ea7","messageTitle":"Edit Chong Sidney name in user guide to reflect name as per NUS student card","messageBody":"","fileTypesAndContributionMap":{"docs":{"insertions":1,"deletions":1}}},{"hash":"288bf237393e1f67bc6d9f53f65c973136dd948b","messageTitle":"Add delete and list to Developer Guide for others to easily understand why these features are added","messageBody":"","fileTypesAndContributionMap":{"docs":{"insertions":9,"deletions":6}}}]},{"date":"2021-02-25","commitResults":[{"hash":"28daa483c78ee0e26dd5c6d7846c6251789fea1a","messageTitle":"Update developer guide to add UI Mock Up and Use Case of delete function","messageBody":"","fileTypesAndContributionMap":{"docs":{"insertions":28,"deletions":3}}},{"hash":"b027ea5ab0b79bad5baec1b1a0a5c28f707efda2","messageTitle":"Add Food Diary Description in User Guide on how it helps students to save time and effort","messageBody":"","fileTypesAndContributionMap":{"docs":{"insertions":6,"deletions":0}}},{"hash":"aa2b6f71e3d4605aed08fc3389801b797ff308f2","messageTitle":"Update Target User Profile and Value Proposition of Food Diary in Developer Guide","messageBody":"","fileTypesAndContributionMap":{"docs":{"insertions":14,"deletions":4}}},{"hash":"5c5027a3c7f7a6a8c4a00a94b7980a93a8d8945e","messageTitle":"Add Logo to ReadMe file","messageBody":"","fileTypesAndContributionMap":{"docs":{"insertions":1,"deletions":14}}},{"hash":"8b391f7fa03d6fe049ba3bc152d8a0a4ab0f73b7","messageTitle":"Shift logo up in ReadMe","messageBody":"","fileTypesAndContributionMap":{"docs":{"insertions":2,"deletions":1}}},{"hash":"f7154c26c3e44afe044a8f09bd9693c5ec345ee6","messageTitle":"Leave new line in ReadMe","messageBody":"","fileTypesAndContributionMap":{"docs":{"insertions":1,"deletions":1}}}]},{"date":"2021-03-06","commitResults":[{"hash":"74c1dc174f1677128291de284829103bbbe14243","messageTitle":"Rectify formatting issues in v1.1","messageBody":"","fileTypesAndContributionMap":{"docs":{"insertions":4,"deletions":4}}}]},{"date":"2021-03-07","commitResults":[{"hash":"da9f20d029d67344219a57fd04ce0300cdb15667","messageTitle":"Added Tag Category front end and back end code","messageBody":"","fileTypesAndContributionMap":{"functional-code":{"insertions":83,"deletions":23},"test-code":{"insertions":66,"deletions":64}}},{"hash":"c0961ca5613e2293ec2e26e70d1dd7bfef3d1787","messageTitle":"Added description for Categories tag on user guide and developer guide and formatted UserGuide","messageBody":"","fileTypesAndContributionMap":{"functional-code":{"insertions":1,"deletions":1},"docs":{"insertions":26,"deletions":25}}}]},{"date":"2021-03-13","commitResults":[{"hash":"817f4880d6b3f4b415548af842a5a51c6d92d7dc","messageTitle":"Edit Tag tests to be suitable with the addition of TagCategories","messageBody":"","fileTypesAndContributionMap":{"functional-code":{"insertions":5,"deletions":4},"test-code":{"insertions":11,"deletions":15}}},{"hash":"9f2d45adfb2c9bfbcf05b39c37887717884b4021","messageTitle":"Removed star import from PersonTest file","messageBody":"","fileTypesAndContributionMap":{"test-code":{"insertions":6,"deletions":1}}}]}],"DineshMagesvaran":[{"date":"2021-02-20","commitResults":[{"hash":"6a92140044e8cb683d079f210361761168276878","messageTitle":"Update AboutUs file with details","messageBody":"","fileTypesAndContributionMap":{"docs":{"insertions":6,"deletions":6}}}]},{"date":"2021-02-24","commitResults":[{"hash":"db9c1cac3b8c365a81af05890ecb6878d7bccea9","messageTitle":"Update UG and DG","messageBody":"","fileTypesAndContributionMap":{"docs":{"insertions":47,"deletions":0}}},{"hash":"232933cc328aa22da23a0115dca78b1fdc47ac4d","messageTitle":"Update DG","messageBody":"","fileTypesAndContributionMap":{"docs":{"insertions":1,"deletions":1}}}]},{"date":"2021-02-25","commitResults":[{"hash":"ee8e36e28a9c59025e773b1fb6b06028dbcecea6","messageTitle":"Update README","messageBody":"","fileTypesAndContributionMap":{"docs":{"insertions":4,"deletions":12}}}]},{"date":"2021-03-10","commitResults":[{"hash":"30c6e9779db8c73bc7aff3d55f62b07d18c039af","messageTitle":"Improve search feature to search by tags/categories","messageBody":"","fileTypesAndContributionMap":{"functional-code":{"insertions":15,"deletions":2},"test-code":{"insertions":35,"deletions":0}}},{"hash":"26b44841d51e2fde6ba2a1d6cd03cdb673baa0e2","messageTitle":"Remove commented out code","messageBody":"","fileTypesAndContributionMap":{"functional-code":{"insertions":0,"deletions":2}}}]},{"date":"2021-03-13","commitResults":[{"hash":"7c460a394a9a5e74fceb4f97bc5c8c98a032c63d","messageTitle":"Fix checkstyle issues","messageBody":"","fileTypesAndContributionMap":{"test-code":{"insertions":2,"deletions":1}}}]},{"date":"2021-03-15","commitResults":[{"hash":"6f6772fb8f90464465f4e35b2bc8476dd4c60618","messageTitle":"Improve search feature to search by ratings \u0026 address","messageBody":"","fileTypesAndContributionMap":{"functional-code":{"insertions":8,"deletions":0},"test-code":{"insertions":95,"deletions":26}}},{"hash":"015585df9a4e6fc2dfedac2c4ea465d830e9a0b6","messageTitle":"Improve search feature by adding ability to find entries matching all given keywords, add tests","messageBody":"","fileTypesAndContributionMap":{"functional-code":{"insertions":131,"deletions":23},"test-code":{"insertions":373,"deletions":0}}}]},{"date":"2021-03-16","commitResults":[{"hash":"dd86daf11c28e8b1385f36d63ed7808eacb22898","messageTitle":"Fix issue with test, update UG with find features","messageBody":"","fileTypesAndContributionMap":{"docs":{"insertions":32,"deletions":0},"test-code":{"insertions":13,"deletions":1}}},{"hash":"26cd216f1f397745960ca094f7c94bc3007e4d92","messageTitle":"Fix checkstyle issues","messageBody":"","fileTypesAndContributionMap":{"test-code":{"insertions":4,"deletions":4}}}]}],"Prabhakaran-Gokul":[{"date":"2021-02-20","commitResults":[{"hash":"b2e9ef1b4982bf88bb29299fa260414bb6e986f1","messageTitle":"Update my info on AboutUs.md","messageBody":"","fileTypesAndContributionMap":{"docs":{"insertions":6,"deletions":5}}},{"hash":"397dcc4940c547e336d6cdf3c94db301ebbc5696","messageTitle":"add line at the end of the file","messageBody":"","fileTypesAndContributionMap":{"docs":{"insertions":1,"deletions":1}}}]},{"date":"2021-02-21","commitResults":[{"hash":"fd347d4eb88e6a7d8dd69631590e2004a81ec5a8","messageTitle":"Remove redundant text","messageBody":"","fileTypesAndContributionMap":{"docs":{"insertions":10,"deletions":19}}},{"hash":"ca14bca21ec2bb56bca2347dc9d92ba389d1e870","messageTitle":"Fix some checkstyle errors","messageBody":"","fileTypesAndContributionMap":{"docs":{"insertions":3,"deletions":3}}}]},{"date":"2021-02-24","commitResults":[{"hash":"0b8ad07b818a0473b7a1a40dc435b08543a11578","messageTitle":"Update UG and DG","messageBody":"Update User story, Use Case related to the \u0027Add a food experience feature\n","fileTypesAndContributionMap":{"docs":{"insertions":35,"deletions":248}}},{"hash":"3967917ab09faafdb63aa2cc93ddeaa2dbc50800","messageTitle":"Add Use case Number","messageBody":"","fileTypesAndContributionMap":{"docs":{"insertions":1,"deletions":1}}}]},{"date":"2021-02-25","commitResults":[{"hash":"19ee551c170d2586b769619bcdab73a43d15cc8c","messageTitle":"Fix error in github username","messageBody":"","fileTypesAndContributionMap":{"docs":{"insertions":1,"deletions":1}}},{"hash":"71e8e6d557bab09b7df58855ff1865eb67bdfe88","messageTitle":"Update README.md","messageBody":"","fileTypesAndContributionMap":{"docs":{"insertions":4,"deletions":13}}}]},{"date":"2021-02-26","commitResults":[{"hash":"28beca9176ffd6a45a31aae91be76db32872276d","messageTitle":"Fix profile photo name","messageBody":"","fileTypesAndContributionMap":{"docs":{"insertions":2,"deletions":2}}}]},{"date":"2021-03-03","commitResults":[{"hash":"ce9d382908c63db0001df16f7acf043e9ab062d4","messageTitle":"UG: Update the file name of UI Mockup picture","messageBody":"","fileTypesAndContributionMap":{"docs":{"insertions":1,"deletions":1}}}]},{"date":"2021-03-12","commitResults":[{"hash":"dcd67cc8730ca73050a44e25b22225ab57d55942","messageTitle":"Refactor Email to Review","messageBody":"","fileTypesAndContributionMap":{"functional-code":{"insertions":68,"deletions":68},"other":{"insertions":13,"deletions":13},"test-code":{"insertions":203,"deletions":203}}},{"hash":"f6d88ffdd05ff3114aadf1ca4993c5d57129fb22","messageTitle":"Change Review Validation logic","messageBody":"Reviews can take any values, and it should not be blank\n","fileTypesAndContributionMap":{"functional-code":{"insertions":3,"deletions":17},"test-code":{"insertions":8,"deletions":30}}},{"hash":"d605117cc5938a508f2a450794ad959308f212e9","messageTitle":"EditCommandParserTest.java: Solve LineLength Checkstyle Error","messageBody":"","fileTypesAndContributionMap":{"test-code":{"insertions":2,"deletions":1}}},{"hash":"1f12765146fa5468758a6f4e19134430e1039c2e","messageTitle":"Change Prefix of Review from r/ to re/","messageBody":"","fileTypesAndContributionMap":{"functional-code":{"insertions":1,"deletions":1}}}]},{"date":"2021-03-13","commitResults":[{"hash":"cfbbae1cb056c3f509afe7e5194d98e99be373eb","messageTitle":"Update UG and DG with review option in add feature","messageBody":"","fileTypesAndContributionMap":{"docs":{"insertions":5,"deletions":5}}},{"hash":"779645191249289fa526a210471ccb4042f66053","messageTitle":"Add food categories","messageBody":"","fileTypesAndContributionMap":{"functional-code":{"insertions":7,"deletions":7}}},{"hash":"1dfb60235330302ba63615a659f78778849afe5f","messageTitle":"NameContainsKeywordPredicate.java: Change email to review","messageBody":"","fileTypesAndContributionMap":{"test-code":{"insertions":1,"deletions":1}}},{"hash":"dd59decc37b39ee47ee9203e07a4e1b95e02c2b6","messageTitle":"Solve merge conflicts","messageBody":"","fileTypesAndContributionMap":{"functional-code":{"insertions":17,"deletions":117},"test-code":{"insertions":82,"deletions":450}}},{"hash":"c5abcec3ddd7483a34ab5fdbbd38b38e88239bbb","messageTitle":"Fix Checkstyle errors","messageBody":"","fileTypesAndContributionMap":{"functional-code":{"insertions":6,"deletions":6}}},{"hash":"ae41af9d3fa884ceb9835c470f34195130adb08a","messageTitle":"Fix remaining Checkstyle errors","messageBody":"","fileTypesAndContributionMap":{"functional-code":{"insertions":3,"deletions":3},"test-code":{"insertions":2,"deletions":2}}},{"hash":"a6ed761e775e688bf078fb23e8d5b794ccd7a053","messageTitle":"Update UG with review and rating feature merge conflicts","messageBody":"","fileTypesAndContributionMap":{"docs":{"insertions":4,"deletions":22}}}]},{"date":"2021-03-14","commitResults":[{"hash":"8fcad12fd8333303f927e1cc865cc3c623c7f469","messageTitle":"Refactor AddressBook in Index.md to FoodDiary and minor fixes","messageBody":"","fileTypesAndContributionMap":{"functional-code":{"insertions":2,"deletions":2},"docs":{"insertions":3,"deletions":3},"test-code":{"insertions":1,"deletions":1}}}]}]},"authorFileTypeContributionMap":{"marcusleeeugene":{"docs":122,"functional-code":341,"test-code":153},"Donavanty":{"docs":75,"functional-code":977,"test-code":1601,"other":4},"Sidney011100":{"docs":63,"functional-code":90,"test-code":18},"DineshMagesvaran":{"docs":54,"functional-code":102,"test-code":390},"Prabhakaran-Gokul":{"docs":66,"functional-code":56,"test-code":88}},"authorContributionVariance":{"marcusleeeugene":9846.321,"Donavanty":847899.44,"Sidney011100":2824.258,"DineshMagesvaran":13419.336,"Prabhakaran-Gokul":30036.387},"authorDisplayNameMap":{"marcusleeeugene":"CS2103-T14-2 MARC..GENE","Donavanty":"CS2103-T14-2 DONA.. HUI","Sidney011100":"CS2103-T14-2 CHON..DNEY","DineshMagesvaran":"CS2103-T14-2 DINE..ARAN","Prabhakaran-Gokul":"CS2103-T14-2 PRAB..OKUL"}}
