{"authorDailyContributionsMap":{"marcusleeeugene":[{"date":"2021-02-20","commitResults":[{"hash":"7997fc01e8566c0257f812c186b58f0b17105148","messageTitle":"Update AboutUs","messageBody":"","fileTypesAndContributionMap":{"docs":{"insertions":63,"deletions":6}}}]},{"date":"2021-02-23","commitResults":[{"hash":"b700765c81424bdbf9fd461b47cf52cc475f3611","messageTitle":"Update user story, use case for listing restaurants, non-functional requirements","messageBody":"","fileTypesAndContributionMap":{"docs":{"insertions":36,"deletions":20}}},{"hash":"4060d8cafd5267b165b02090483cea0260e919c3","messageTitle":"Update list feature and add in Command Summary","messageBody":"","fileTypesAndContributionMap":{"docs":{"insertions":9,"deletions":8}}}]},{"date":"2021-02-24","commitResults":[{"hash":"0a5b144c3a75edd3be7a9f07343394f22e029946","messageTitle":"Remove AB3 content","messageBody":"","fileTypesAndContributionMap":{"docs":{"insertions":6,"deletions":164}}},{"hash":"4a0398af6e19b280714ce00b6dbf3a25db1a2df4","messageTitle":"Fix accidental deletion of github pages set up","messageBody":"","fileTypesAndContributionMap":{"docs":{"insertions":3,"deletions":1}}},{"hash":"f34222b62ceab38eba015e10d65835b3be68c47d","messageTitle":"Fix small formatting errors","messageBody":"","fileTypesAndContributionMap":{"docs":{"insertions":3,"deletions":0}}}]},{"date":"2021-02-25","commitResults":[{"hash":"9d1c6ee70c650289247ae78b5f30934ce8c8ba3b","messageTitle":"Remove previous occurence of AddressBook contents","messageBody":"","fileTypesAndContributionMap":{"docs":{"insertions":2,"deletions":56}}},{"hash":"17226049ae28adfc1fdb74567390129945c60497","messageTitle":"Fix newline error","messageBody":"","fileTypesAndContributionMap":{"docs":{"insertions":1,"deletions":6}}},{"hash":"8c13030eaa9a69d34d749f76a9f26653df838813","messageTitle":"Update README","messageBody":"","fileTypesAndContributionMap":{"docs":{"insertions":8,"deletions":12}}},{"hash":"8e7d21bcf32b8448d32f15f343a8107ee957858e","messageTitle":"Update CI status badge","messageBody":"","fileTypesAndContributionMap":{"docs":{"insertions":1,"deletions":1}}}]},{"date":"2021-03-08","commitResults":[{"hash":"d187eb958bc054c9cc9b53b66f2708d743a1e30a","messageTitle":"Refactor and rename all phone instances to rating in Main","messageBody":"","fileTypesAndContributionMap":{"functional-code":{"insertions":119,"deletions":66},"docs":{"insertions":2,"deletions":2}}},{"hash":"d648b6f3403408beb4fc935871f42b103d660db2","messageTitle":"Rename Phone.java to Rating.java","messageBody":"","fileTypesAndContributionMap":{"functional-code":{"insertions":0,"deletions":53}}}]},{"date":"2021-03-09","commitResults":[{"hash":"74033df12a77adc9dad7615b61dc54f1f80fc275","messageTitle":"Edit minor docs for rating, change validation regex for rating to single digit","messageBody":"","fileTypesAndContributionMap":{"functional-code":{"insertions":7,"deletions":7}}}]},{"date":"2021-03-10","commitResults":[{"hash":"abb01bcdc59ec39a4fdc6f1ee7364d16ff4d92c5","messageTitle":"Revalidate constraints for rating","messageBody":"","fileTypesAndContributionMap":{"functional-code":{"insertions":2,"deletions":2}}},{"hash":"5a729d72c215820d921fc7c5e929204a113a7d2b","messageTitle":"Refactor all test files to fit test case scenarios","messageBody":"","fileTypesAndContributionMap":{"test-code":{"insertions":188,"deletions":186}}},{"hash":"93c941fbc992a26cdbc2c65664166cb4f3961a76","messageTitle":"Update docs for rating feature","messageBody":"","fileTypesAndContributionMap":{"docs":{"insertions":8,"deletions":6}}}]},{"date":"2021-03-12","commitResults":[{"hash":"ea5bbec88c52693c93b9090143acffee12749f48","messageTitle":"Change rating r/ command syntax to ra/","messageBody":"","fileTypesAndContributionMap":{"functional-code":{"insertions":3,"deletions":3},"docs":{"insertions":3,"deletions":3}}}]},{"date":"2021-03-13","commitResults":[{"hash":"23a5c4b2032df5292f5e6e536438f346fbdb9057","messageTitle":"Replace test files phone variables to rating","messageBody":"","fileTypesAndContributionMap":{"test-code":{"insertions":3,"deletions":3}}},{"hash":"cbc434d242021ab952657f641d84427e58f9d024","messageTitle":"Minor fix","messageBody":"","fileTypesAndContributionMap":{"test-code":{"insertions":6,"deletions":6}}},{"hash":"10ea0a0b68a572323de04a392a8eb1df1a445e4f","messageTitle":"Update sample data","messageBody":"","fileTypesAndContributionMap":{"functional-code":{"insertions":18,"deletions":10}}}]}],"Donavanty":[{"date":"2021-02-20","commitResults":[{"hash":"a120b4c4eb0a86589579297982e9aad0c955cc39","messageTitle":"Updated AboutUs for Donavanty.","messageBody":"","fileTypesAndContributionMap":{"docs":{"insertions":52,"deletions":6}}}]},{"date":"2021-02-22","commitResults":[{"hash":"16e3669d9be1ea9f821840a5cd90816eb0d7a787","messageTitle":"Updated DG with my sections","messageBody":"","fileTypesAndContributionMap":{"docs":{"insertions":39,"deletions":26}}},{"hash":"f669e6742da34a5837ccc65f96ad9c547fccdb18","messageTitle":"Updated UG","messageBody":"","fileTypesAndContributionMap":{"docs":{"insertions":29,"deletions":3}}}]},{"date":"2021-02-25","commitResults":[{"hash":"a66c79ff91cc5d23a34982abcaf2f8d3b6269dee","messageTitle":"Updated AboutUs (to lower case name)","messageBody":"","fileTypesAndContributionMap":{"docs":{"insertions":3,"deletions":3}}},{"hash":"6edfa592c69c444f36a4754e0322703bf7c79448","messageTitle":"Don edited README.md + Ui image","messageBody":"","fileTypesAndContributionMap":{"docs":{"insertions":1,"deletions":58}}},{"hash":"9e3c3737620382855efb0d750b022294e5edfae5","messageTitle":"Added a line between CI and Logo","messageBody":"","fileTypesAndContributionMap":{"docs":{"insertions":1,"deletions":2}}},{"hash":"6608b1a04d317803130e01973a5e7478d53a03bc","messageTitle":"Centralised Logo image","messageBody":"","fileTypesAndContributionMap":{"docs":{"insertions":3,"deletions":1}}}]},{"date":"2021-02-26","commitResults":[{"hash":"4d2ae92235d7257f911414b8f6da1b4aa5aaf30f","messageTitle":"Don centralised Ui.png in Readme","messageBody":"","fileTypesAndContributionMap":{"docs":{"insertions":3,"deletions":1}}}]},{"date":"2021-03-13","commitResults":[{"hash":"f194cb0408f96c528909fa54d87ce9bc0722884c","messageTitle":"Changed name to restaurant name","messageBody":"","fileTypesAndContributionMap":{"functional-code":{"insertions":6,"deletions":6}}}]}],"Sidney011100":[{"date":"2021-02-20","commitResults":[{"hash":"a35be48d3eb149ab6c277cb0944a31172bf52a4d","messageTitle":"Added Sidney011100 readme and into AboutUs","messageBody":"","fileTypesAndContributionMap":{"docs":{"insertions":30,"deletions":4}}},{"hash":"9423549b3f8cf1482f265c08603626fe3570d30b","messageTitle":"Remove new about us for sidney011100 on master","messageBody":"","fileTypesAndContributionMap":{"docs":{"insertions":4,"deletions":4}}},{"hash":"cfd13df54655884d6e52861eb5078ae6e775e68f","messageTitle":"Add sidney011100 info into AboutUs","messageBody":"","fileTypesAndContributionMap":{"docs":{"insertions":5,"deletions":5}}},{"hash":"53b590de9484c99687d0d81208ba8d9799d92fc6","messageTitle":"Remove trailing white space","messageBody":"","fileTypesAndContributionMap":{"docs":{"insertions":2,"deletions":9}}},{"hash":"81037001c3797a5241e110df314a3a2f096d3085","messageTitle":"Remove trailing white space","messageBody":"","fileTypesAndContributionMap":{"docs":{"insertions":1,"deletions":1}}}]},{"date":"2021-02-24","commitResults":[{"hash":"8eca6ee66d4175aa5aa67299bf2cdc3d99f49ea7","messageTitle":"Edit Chong Sidney name in user guide to reflect name as per NUS student card","messageBody":"","fileTypesAndContributionMap":{"docs":{"insertions":1,"deletions":1}}},{"hash":"288bf237393e1f67bc6d9f53f65c973136dd948b","messageTitle":"Add delete and list to Developer Guide for others to easily understand why these features are added","messageBody":"","fileTypesAndContributionMap":{"docs":{"insertions":9,"deletions":6}}}]},{"date":"2021-02-25","commitResults":[{"hash":"28daa483c78ee0e26dd5c6d7846c6251789fea1a","messageTitle":"Update developer guide to add UI Mock Up and Use Case of delete function","messageBody":"","fileTypesAndContributionMap":{"docs":{"insertions":28,"deletions":3}}},{"hash":"b027ea5ab0b79bad5baec1b1a0a5c28f707efda2","messageTitle":"Add Food Diary Description in User Guide on how it helps students to save time and effort","messageBody":"","fileTypesAndContributionMap":{"docs":{"insertions":6,"deletions":0}}},{"hash":"aa2b6f71e3d4605aed08fc3389801b797ff308f2","messageTitle":"Update Target User Profile and Value Proposition of Food Diary in Developer Guide","messageBody":"","fileTypesAndContributionMap":{"docs":{"insertions":14,"deletions":4}}},{"hash":"5c5027a3c7f7a6a8c4a00a94b7980a93a8d8945e","messageTitle":"Add Logo to ReadMe file","messageBody":"","fileTypesAndContributionMap":{"docs":{"insertions":1,"deletions":14}}},{"hash":"8b391f7fa03d6fe049ba3bc152d8a0a4ab0f73b7","messageTitle":"Shift logo up in ReadMe","messageBody":"","fileTypesAndContributionMap":{"docs":{"insertions":2,"deletions":1}}},{"hash":"f7154c26c3e44afe044a8f09bd9693c5ec345ee6","messageTitle":"Leave new line in ReadMe","messageBody":"","fileTypesAndContributionMap":{"docs":{"insertions":1,"deletions":1}}}]},{"date":"2021-03-06","commitResults":[{"hash":"74c1dc174f1677128291de284829103bbbe14243","messageTitle":"Rectify formatting issues in v1.1","messageBody":"","fileTypesAndContributionMap":{"docs":{"insertions":4,"deletions":4}}}]},{"date":"2021-03-07","commitResults":[{"hash":"da9f20d029d67344219a57fd04ce0300cdb15667","messageTitle":"Added Tag Category front end and back end code","messageBody":"","fileTypesAndContributionMap":{"functional-code":{"insertions":83,"deletions":23},"test-code":{"insertions":66,"deletions":64}}},{"hash":"c0961ca5613e2293ec2e26e70d1dd7bfef3d1787","messageTitle":"Added description for Categories tag on user guide and developer guide and formatted UserGuide","messageBody":"","fileTypesAndContributionMap":{"functional-code":{"insertions":1,"deletions":1},"docs":{"insertions":26,"deletions":25}}}]},{"date":"2021-03-13","commitResults":[{"hash":"817f4880d6b3f4b415548af842a5a51c6d92d7dc","messageTitle":"Edit Tag tests to be suitable with the addition of TagCategories","messageBody":"","fileTypesAndContributionMap":{"functional-code":{"insertions":5,"deletions":4},"test-code":{"insertions":11,"deletions":15}}},{"hash":"9f2d45adfb2c9bfbcf05b39c37887717884b4021","messageTitle":"Removed star import from PersonTest file","messageBody":"","fileTypesAndContributionMap":{"test-code":{"insertions":6,"deletions":1}}}]}],"DineshMagesvaran":[{"date":"2021-02-20","commitResults":[{"hash":"6a92140044e8cb683d079f210361761168276878","messageTitle":"Update AboutUs file with details","messageBody":"","fileTypesAndContributionMap":{"docs":{"insertions":6,"deletions":6}}}]},{"date":"2021-02-24","commitResults":[{"hash":"db9c1cac3b8c365a81af05890ecb6878d7bccea9","messageTitle":"Update UG and DG","messageBody":"","fileTypesAndContributionMap":{"docs":{"insertions":47,"deletions":0}}},{"hash":"232933cc328aa22da23a0115dca78b1fdc47ac4d","messageTitle":"Update DG","messageBody":"","fileTypesAndContributionMap":{"docs":{"insertions":1,"deletions":1}}}]},{"date":"2021-02-25","commitResults":[{"hash":"ee8e36e28a9c59025e773b1fb6b06028dbcecea6","messageTitle":"Update README","messageBody":"","fileTypesAndContributionMap":{"docs":{"insertions":4,"deletions":12}}}]},{"date":"2021-03-10","commitResults":[{"hash":"30c6e9779db8c73bc7aff3d55f62b07d18c039af","messageTitle":"Improve search feature to search by tags/categories","messageBody":"","fileTypesAndContributionMap":{"functional-code":{"insertions":15,"deletions":2},"test-code":{"insertions":35,"deletions":0}}},{"hash":"26b44841d51e2fde6ba2a1d6cd03cdb673baa0e2","messageTitle":"Remove commented out code","messageBody":"","fileTypesAndContributionMap":{"functional-code":{"insertions":0,"deletions":2}}}]},{"date":"2021-03-13","commitResults":[{"hash":"7c460a394a9a5e74fceb4f97bc5c8c98a032c63d","messageTitle":"Fix checkstyle issues","messageBody":"","fileTypesAndContributionMap":{"test-code":{"insertions":2,"deletions":1}}}]}],"Prabhakaran-Gokul":[{"date":"2021-02-20","commitResults":[{"hash":"b2e9ef1b4982bf88bb29299fa260414bb6e986f1","messageTitle":"Update my info on AboutUs.md","messageBody":"","fileTypesAndContributionMap":{"docs":{"insertions":6,"deletions":5}}},{"hash":"397dcc4940c547e336d6cdf3c94db301ebbc5696","messageTitle":"add line at the end of the file","messageBody":"","fileTypesAndContributionMap":{"docs":{"insertions":1,"deletions":1}}}]},{"date":"2021-02-21","commitResults":[{"hash":"fd347d4eb88e6a7d8dd69631590e2004a81ec5a8","messageTitle":"Remove redundant text","messageBody":"","fileTypesAndContributionMap":{"docs":{"insertions":10,"deletions":19}}},{"hash":"ca14bca21ec2bb56bca2347dc9d92ba389d1e870","messageTitle":"Fix some checkstyle errors","messageBody":"","fileTypesAndContributionMap":{"docs":{"insertions":3,"deletions":3}}}]},{"date":"2021-02-24","commitResults":[{"hash":"0b8ad07b818a0473b7a1a40dc435b08543a11578","messageTitle":"Update UG and DG","messageBody":"Update User story, Use Case related to the \u0027Add a food experience feature\n","fileTypesAndContributionMap":{"docs":{"insertions":35,"deletions":248}}},{"hash":"3967917ab09faafdb63aa2cc93ddeaa2dbc50800","messageTitle":"Add Use case Number","messageBody":"","fileTypesAndContributionMap":{"docs":{"insertions":1,"deletions":1}}}]},{"date":"2021-02-25","commitResults":[{"hash":"19ee551c170d2586b769619bcdab73a43d15cc8c","messageTitle":"Fix error in github username","messageBody":"","fileTypesAndContributionMap":{"docs":{"insertions":1,"deletions":1}}},{"hash":"71e8e6d557bab09b7df58855ff1865eb67bdfe88","messageTitle":"Update README.md","messageBody":"","fileTypesAndContributionMap":{"docs":{"insertions":4,"deletions":13}}}]},{"date":"2021-02-26","commitResults":[{"hash":"28beca9176ffd6a45a31aae91be76db32872276d","messageTitle":"Fix profile photo name","messageBody":"","fileTypesAndContributionMap":{"docs":{"insertions":2,"deletions":2}}}]},{"date":"2021-03-03","commitResults":[{"hash":"ce9d382908c63db0001df16f7acf043e9ab062d4","messageTitle":"UG: Update the file name of UI Mockup picture","messageBody":"","fileTypesAndContributionMap":{"docs":{"insertions":1,"deletions":1}}}]},{"date":"2021-03-12","commitResults":[{"hash":"dcd67cc8730ca73050a44e25b22225ab57d55942","messageTitle":"Refactor Email to Review","messageBody":"","fileTypesAndContributionMap":{"functional-code":{"insertions":68,"deletions":68},"other":{"insertions":13,"deletions":13},"test-code":{"insertions":203,"deletions":203}}},{"hash":"f6d88ffdd05ff3114aadf1ca4993c5d57129fb22","messageTitle":"Change Review Validation logic","messageBody":"Reviews can take any values, and it should not be blank\n","fileTypesAndContributionMap":{"functional-code":{"insertions":3,"deletions":17},"test-code":{"insertions":8,"deletions":30}}},{"hash":"d605117cc5938a508f2a450794ad959308f212e9","messageTitle":"EditCommandParserTest.java: Solve LineLength Checkstyle Error","messageBody":"","fileTypesAndContributionMap":{"test-code":{"insertions":2,"deletions":1}}},{"hash":"1f12765146fa5468758a6f4e19134430e1039c2e","messageTitle":"Change Prefix of Review from r/ to re/","messageBody":"","fileTypesAndContributionMap":{"functional-code":{"insertions":1,"deletions":1}}}]},{"date":"2021-03-13","commitResults":[{"hash":"cfbbae1cb056c3f509afe7e5194d98e99be373eb","messageTitle":"Update UG and DG with review option in add feature","messageBody":"","fileTypesAndContributionMap":{"docs":{"insertions":5,"deletions":5}}},{"hash":"779645191249289fa526a210471ccb4042f66053","messageTitle":"Add food categories","messageBody":"","fileTypesAndContributionMap":{"functional-code":{"insertions":7,"deletions":7}}},{"hash":"1dfb60235330302ba63615a659f78778849afe5f","messageTitle":"NameContainsKeywordPredicate.java: Change email to review","messageBody":"","fileTypesAndContributionMap":{"test-code":{"insertions":1,"deletions":1}}},{"hash":"dd59decc37b39ee47ee9203e07a4e1b95e02c2b6","messageTitle":"Solve merge conflicts","messageBody":"","fileTypesAndContributionMap":{"functional-code":{"insertions":17,"deletions":117},"test-code":{"insertions":82,"deletions":450}}},{"hash":"c5abcec3ddd7483a34ab5fdbbd38b38e88239bbb","messageTitle":"Fix Checkstyle errors","messageBody":"","fileTypesAndContributionMap":{"functional-code":{"insertions":6,"deletions":6}}},{"hash":"ae41af9d3fa884ceb9835c470f34195130adb08a","messageTitle":"Fix remaining Checkstyle errors","messageBody":"","fileTypesAndContributionMap":{"functional-code":{"insertions":3,"deletions":3},"test-code":{"insertions":2,"deletions":2}}},{"hash":"a6ed761e775e688bf078fb23e8d5b794ccd7a053","messageTitle":"Update UG with review and rating feature merge conflicts","messageBody":"","fileTypesAndContributionMap":{"docs":{"insertions":4,"deletions":22}}}]},{"date":"2021-03-14","commitResults":[{"hash":"8fcad12fd8333303f927e1cc865cc3c623c7f469","messageTitle":"Refactor AddressBook in Index.md to FoodDiary and minor fixes","messageBody":"","fileTypesAndContributionMap":{"functional-code":{"insertions":2,"deletions":2},"docs":{"insertions":3,"deletions":3},"test-code":{"insertions":1,"deletions":1}}}]}]},"authorFileTypeContributionMap":{"marcusleeeugene":{"docs":115,"functional-code":135,"test-code":155},"Donavanty":{"docs":46,"functional-code":6,"test-code":0},"Sidney011100":{"docs":68,"functional-code":93,"test-code":63},"DineshMagesvaran":{"docs":41,"functional-code":12,"test-code":31},"Prabhakaran-Gokul":{"docs":66,"functional-code":84,"test-code":181}},"authorContributionVariance":{"marcusleeeugene":8839.556,"Donavanty":652.3594,"Sidney011100":3551.5554,"DineshMagesvaran":207.40974,"Prabhakaran-Gokul":37608.75},"authorDisplayNameMap":{"marcusleeeugene":"CS2103-T14-2 MARC..GENE","Donavanty":"CS2103-T14-2 DONA.. HUI","Sidney011100":"CS2103-T14-2 CHON..DNEY","DineshMagesvaran":"CS2103-T14-2 DINE..ARAN","Prabhakaran-Gokul":"CS2103-T14-2 PRAB..OKUL"}}
