{"authorDailyContributionsMap":{"cheunggalen":[{"date":"2021-03-08","commitResults":[{"hash":"34f46ed30d35e008a5227987c711ca6ceb7cdd71","messageTitle":"Update DG","messageBody":"","fileTypesAndContributionMap":{"docs":{"insertions":653,"deletions":27}}},{"hash":"000b609ae718a3906c29549cd5e0178c18de39f5","messageTitle":"Update AboutUs","messageBody":"Add Galen\u0027s email and update Galen\u0027s image","fileTypesAndContributionMap":{"docs":{"insertions":2,"deletions":2}}}]},{"date":"2021-03-17","commitResults":[{"hash":"9ac95488a5050d18742ebcf031a3b58c14aa1820","messageTitle":"Add-Refactor","messageBody":"","fileTypesAndContributionMap":{"functional-code":{"insertions":842,"deletions":851},"other":{"insertions":134,"deletions":139},"docs":{"insertions":58,"deletions":58},"test-code":{"insertions":597,"deletions":605}}},{"hash":"2e2e287ca846d4d7550cf1048d428ebda34ceb67","messageTitle":"Fix Checkstyle Errors","messageBody":"","fileTypesAndContributionMap":{"functional-code":{"insertions":36,"deletions":14}}},{"hash":"358a3c578e09648802caacff975453397c49b139","messageTitle":"Fix Checkstyle Errors","messageBody":"","fileTypesAndContributionMap":{"functional-code":{"insertions":1,"deletions":1}}},{"hash":"85640aca5c5d4a8f278cc6c9ec89277a565ce286","messageTitle":"Add more refactor","messageBody":"","fileTypesAndContributionMap":{"functional-code":{"insertions":69,"deletions":69},"other":{"insertions":127,"deletions":127},"test-code":{"insertions":366,"deletions":351}}},{"hash":"1ed9353d1b9189c0ce92382116476e18a7bd5ce9","messageTitle":"Fix CI issues","messageBody":"","fileTypesAndContributionMap":{"functional-code":{"insertions":2,"deletions":1}}},{"hash":"e992537f4beb3d8108eda608472ed53054f70c96","messageTitle":"Fix CI issues","messageBody":"","fileTypesAndContributionMap":{"test-code":{"insertions":42,"deletions":32}}},{"hash":"bac8ffc7ec031af1b6d966024de91a26d33870f1","messageTitle":"Fix CI issues","messageBody":"","fileTypesAndContributionMap":{"test-code":{"insertions":2,"deletions":2}}}]},{"date":"2021-03-20","commitResults":[{"hash":"71b94febd23c12d0278211432e6c136fd4108131","messageTitle":"Fix CI issues","messageBody":"","fileTypesAndContributionMap":{"functional-code":{"insertions":2,"deletions":2},"other":{"insertions":9,"deletions":9},"test-code":{"insertions":11,"deletions":11}}},{"hash":"6349ead64404fc524984bebbeda6b81a891d601e","messageTitle":"Fix checkstyle","messageBody":"","fileTypesAndContributionMap":{"functional-code":{"insertions":2,"deletions":1}}},{"hash":"481733491fa276a351feccb9be0e5aa9bd1c127e","messageTitle":"Fix CI issues","messageBody":"","fileTypesAndContributionMap":{"other":{"insertions":0,"deletions":0},"test-code":{"insertions":8,"deletions":5}}},{"hash":"599e481c665d2debe563aad042379974ea10f35f","messageTitle":"Fix CI issues","messageBody":"","fileTypesAndContributionMap":{"test-code":{"insertions":5,"deletions":4}}},{"hash":"0a57b6d3357cb3ef3091ceec0f5126dcc87bfe5a","messageTitle":"Fix CI issues","messageBody":"","fileTypesAndContributionMap":{"test-code":{"insertions":2,"deletions":2}}},{"hash":"0c85ddb28a2c96f1d15a361813e46f1b8ac8611b","messageTitle":"Rename json file","messageBody":"","fileTypesAndContributionMap":{"other":{"insertions":0,"deletions":0}}}]},{"date":"2021-03-21","commitResults":[{"hash":"fa6260de0cc22cb90a26ec850432ee11dad60b21","messageTitle":"Update DG","messageBody":"","fileTypesAndContributionMap":{"docs":{"insertions":171,"deletions":256}}}]},{"date":"2021-03-30","commitResults":[{"hash":"c94d81c60f8960005296ffea2ddba7e95f1414f3","messageTitle":"Add sort command and modify tag","messageBody":"","fileTypesAndContributionMap":{"functional-code":{"insertions":63,"deletions":4}}},{"hash":"e9f234d7e9aaed5cf6fa2a7fbe086e42e096dfff","messageTitle":"Edit sort","messageBody":"","fileTypesAndContributionMap":{"functional-code":{"insertions":43,"deletions":11}}},{"hash":"cbcb6d9b49ee5df76c9e5f9a472468ecfe6de25f","messageTitle":"Edit tag 2","messageBody":"","fileTypesAndContributionMap":{"functional-code":{"insertions":13,"deletions":2}}},{"hash":"4d8ba5126a237e4e762f11cba00469b8ba414d8d","messageTitle":"Edit tag","messageBody":"","fileTypesAndContributionMap":{"functional-code":{"insertions":1,"deletions":2}}},{"hash":"2cc41fd7b3461434dd7c3563524c4ec2ef22a61a","messageTitle":"Edit tag","messageBody":"","fileTypesAndContributionMap":{"functional-code":{"insertions":3,"deletions":0}}}]},{"date":"2021-04-02","commitResults":[{"hash":"72a490653d26fc73c10999db9993e2a160eeed3a","messageTitle":"Edit sort and tag","messageBody":"","fileTypesAndContributionMap":{"functional-code":{"insertions":44,"deletions":49}}}]},{"date":"2021-04-03","commitResults":[{"hash":"5fa288d303d776de05a1c7024ca3cbb186e5e260","messageTitle":"Edit checkstyle","messageBody":"","fileTypesAndContributionMap":{"functional-code":{"insertions":1,"deletions":2}}},{"hash":"5fa0227db8adbe76820c2c8054854b91aad6cc2a","messageTitle":"Edit checkstyle","messageBody":"","fileTypesAndContributionMap":{"functional-code":{"insertions":4,"deletions":4}}},{"hash":"99f1ea0b357bc14804918a1f8904394c614bcdcb","messageTitle":"Edit checkstyle","messageBody":"","fileTypesAndContributionMap":{"functional-code":{"insertions":2,"deletions":1}}},{"hash":"78f306c993c99d137a9ab19f5a78284b55fc5765","messageTitle":"Edit checkstyle","messageBody":"","fileTypesAndContributionMap":{"functional-code":{"insertions":1,"deletions":1}}}]},{"date":"2021-04-05","commitResults":[{"hash":"1ac84e61218e241df53932a2c37f10ce05d5f947","messageTitle":"Edit json files","messageBody":"","fileTypesAndContributionMap":{"test-code":{"insertions":75,"deletions":63}}},{"hash":"b01220e514ae70e53e29ee0415b5c2eba6fa6a74","messageTitle":"Edit tags","messageBody":"","fileTypesAndContributionMap":{"functional-code":{"insertions":2,"deletions":1}}},{"hash":"f801d0be6a3fbad782902ba8329ee1c627d91621","messageTitle":"Edit tags","messageBody":"","fileTypesAndContributionMap":{"functional-code":{"insertions":1,"deletions":1}}},{"hash":"9765ca490b3ab1d8b61645d77c346c82dc43eb9c","messageTitle":"Edit tag","messageBody":"","fileTypesAndContributionMap":{"functional-code":{"insertions":4,"deletions":2}}},{"hash":"88d631a60efba9b3f849152b3e61f20849a07f6f","messageTitle":"Edit tag tests","messageBody":"","fileTypesAndContributionMap":{"test-code":{"insertions":58,"deletions":58}}},{"hash":"cdcb9d02d8b59b91c1504d35974100ec52ed8ef8","messageTitle":"Edit tags","messageBody":"","fileTypesAndContributionMap":{"functional-code":{"insertions":2,"deletions":2}}},{"hash":"d456c57d4b0b522d498eb2f59b262a70e625c830","messageTitle":"Edit tags and ParserUtilTest","messageBody":"","fileTypesAndContributionMap":{"functional-code":{"insertions":2,"deletions":2},"test-code":{"insertions":3,"deletions":3}}},{"hash":"c2f721277d21d3791e0032f006844a56469f1708","messageTitle":"Edit TagTest","messageBody":"","fileTypesAndContributionMap":{"functional-code":{"insertions":0,"deletions":3}}}]}],"Jacob-109":[{"date":"2021-03-04","commitResults":[{"hash":"82baa52d2de38abdd3066888bd4f87805e6cbc2f","messageTitle":"Update AboutUs and UserGuide","messageBody":"","fileTypesAndContributionMap":{"docs":{"insertions":43,"deletions":86}}}]},{"date":"2021-03-15","commitResults":[{"hash":"6396a17dc30b5f42cf417bc84c5af5c6ed1fa515","messageTitle":"Update HelpWindow with UG Url","messageBody":"","tags":["v1.2"],"fileTypesAndContributionMap":{"functional-code":{"insertions":1,"deletions":1}}}]},{"date":"2021-03-27","commitResults":[{"hash":"c7e5b7104a9ce5d71c525fa3dbd748d2c340107c","messageTitle":"Add FilterCommand","messageBody":"","fileTypesAndContributionMap":{"functional-code":{"insertions":53,"deletions":12},"docs":{"insertions":39,"deletions":0}}}]},{"date":"2021-03-29","commitResults":[{"hash":"b96f2a239d065c8b0ece4d4b756f4e2f814a01d4","messageTitle":"Change FilterCommand to CompletedCommand","messageBody":"","fileTypesAndContributionMap":{"functional-code":{"insertions":2,"deletions":2},"other":{"insertions":5,"deletions":18}}},{"hash":"24424c0761fe4c13a1adbb03f43e166b04e08032","messageTitle":"Updated checkstyle","messageBody":"","fileTypesAndContributionMap":{"functional-code":{"insertions":13,"deletions":2},"other":{"insertions":6,"deletions":2}}},{"hash":"7d0688e24728f4eb5157e8716ec70908b502848b","messageTitle":"Edited build.gradle","messageBody":"","fileTypesAndContributionMap":{"other":{"insertions":2,"deletions":1}}},{"hash":"28948c89fa09abe83a3501cd8ca486661d94e380","messageTitle":"Added CompletedCommand to UserGuide","messageBody":"","fileTypesAndContributionMap":{"functional-code":{"insertions":5,"deletions":7},"docs":{"insertions":26,"deletions":4}}},{"hash":"4411be50ed3a2d48f8d45fa3f8aa74a1b70e6d6f","messageTitle":"Updated UserGuide Formatting","messageBody":"","fileTypesAndContributionMap":{"docs":{"insertions":2,"deletions":1}}},{"hash":"8b0bc22c11f75794d985dae45fda173d614e33b2","messageTitle":"Add UncompletedCommand","messageBody":"","fileTypesAndContributionMap":{"functional-code":{"insertions":41,"deletions":4}}},{"hash":"08bb0fc094c5bc2afcd86f9a99d7c2dba5b4412c","messageTitle":"Removed unused imports from UncompletedCommand","messageBody":"","fileTypesAndContributionMap":{"functional-code":{"insertions":1,"deletions":3}}}]},{"date":"2021-03-30","commitResults":[{"hash":"1c8879d3baf267e0e2f367b13411dcac1fb619a9","messageTitle":"Added GUI changes to CustomerCard","messageBody":"","fileTypesAndContributionMap":{"functional-code":{"insertions":7,"deletions":7}}}]}],"pasha-292":[{"date":"2021-03-05","commitResults":[{"hash":"9cfe1852ba04edbd9be1de8090e8a6d61aa25175","messageTitle":"update AboutUs","messageBody":"","fileTypesAndContributionMap":{"docs":{"insertions":3,"deletions":3}}},{"hash":"504723bf46e7817b15f7f056ed85eaf889236a9b","messageTitle":"Update UserGuide","messageBody":"","fileTypesAndContributionMap":{"docs":{"insertions":73,"deletions":48}}},{"hash":"52a135d6a90e21bf850d08ac5b6ebec91accbbd4","messageTitle":"Update UserGuide","messageBody":"","fileTypesAndContributionMap":{"docs":{"insertions":2,"deletions":2}}},{"hash":"3b68984781a041b2ac82212f0e14844a49278c57","messageTitle":"Update UserGuide","messageBody":"","fileTypesAndContributionMap":{"docs":{"insertions":1,"deletions":3}}},{"hash":"7b3eb6c0590761a86bd90bd1fef5af7636d69854","messageTitle":"Update UserGuide","messageBody":"","fileTypesAndContributionMap":{"docs":{"insertions":4,"deletions":1}}}]},{"date":"2021-03-17","commitResults":[{"hash":"650b09dd0b7e905d158f8c4e68c56eb239db341b","messageTitle":"Update message","messageBody":"","fileTypesAndContributionMap":{"functional-code":{"insertions":1,"deletions":1}}},{"hash":"a023969052761c717c5be0ad32bcb63f49c60125","messageTitle":"Update final messages","messageBody":"","fileTypesAndContributionMap":{"functional-code":{"insertions":17,"deletions":18}}}]},{"date":"2021-03-19","commitResults":[{"hash":"1a88d767dfbba46d63faa1811916dd1ae0e9e098","messageTitle":"Update imports","messageBody":"","fileTypesAndContributionMap":{"functional-code":{"insertions":24,"deletions":39}}},{"hash":"4d99c431db093b7ae651e6a4a140fbf206b0574d","messageTitle":"Update sequence of imports","messageBody":"","fileTypesAndContributionMap":{"functional-code":{"insertions":28,"deletions":10}}},{"hash":"5f406027717ade976ec86b8487c35e1d032a6f39","messageTitle":"Update import sequence","messageBody":"","fileTypesAndContributionMap":{"functional-code":{"insertions":2,"deletions":2}}},{"hash":"85a1480214bd026313133d1ebbbb13244b44e62a","messageTitle":"Update Find Command to get Address","messageBody":"","fileTypesAndContributionMap":{"functional-code":{"insertions":2,"deletions":1}}},{"hash":"8700e4e02b39def8fcd4f81af515cce9cff6834f","messageTitle":"Update test cases relevant to the find command","messageBody":"","fileTypesAndContributionMap":{"test-code":{"insertions":19,"deletions":2}}}]},{"date":"2021-03-20","commitResults":[{"hash":"89f41dd622c86979b38c366f6ea3297c93636918","messageTitle":"Allow search by phone","messageBody":"","fileTypesAndContributionMap":{"functional-code":{"insertions":3,"deletions":1},"test-code":{"insertions":10,"deletions":7}}},{"hash":"df29126077bd53699d2bdeebbf32b36c6353c01e","messageTitle":"Add date class","messageBody":"","fileTypesAndContributionMap":{"functional-code":{"insertions":51,"deletions":0}}},{"hash":"efcfef092612c66b03f3df19e8ec01085fd1fc83","messageTitle":"Update predicate class","messageBody":"","fileTypesAndContributionMap":{"functional-code":{"insertions":1,"deletions":2}}},{"hash":"8ffe8b1049bdcb1948a31296ee9e2143a5f3adc1","messageTitle":"Remove Date Class","messageBody":"","fileTypesAndContributionMap":{"functional-code":{"insertions":0,"deletions":51}}},{"hash":"cd49d4a86239449c8faa1f42f105d771f4d36b34","messageTitle":"Add Date class and corresponding test cases","messageBody":"","fileTypesAndContributionMap":{"functional-code":{"insertions":61,"deletions":0},"test-code":{"insertions":46,"deletions":0}}},{"hash":"233f42f32ae206bd27d122e9fa9564016bca9869","messageTitle":"Update Date Test file","messageBody":"","fileTypesAndContributionMap":{"test-code":{"insertions":3,"deletions":3}}},{"hash":"754c519afa58ba04f78dc3ff1654ed8417527b27","messageTitle":"Update import sequence in Date class","messageBody":"","fileTypesAndContributionMap":{"functional-code":{"insertions":3,"deletions":3}}},{"hash":"a61448d77fa531ec51ea0421a691d538f5db2797","messageTitle":"Update Date class","messageBody":"","fileTypesAndContributionMap":{"functional-code":{"insertions":1,"deletions":1}}},{"hash":"83bb7b5a1361d59069060d3912435a33cd021905","messageTitle":"Update Date class","messageBody":"","fileTypesAndContributionMap":{"functional-code":{"insertions":1,"deletions":1}}},{"hash":"9216ceb39524875593c8a11b7872815b1019182d","messageTitle":"Update import sequence for DateTest class","messageBody":"","fileTypesAndContributionMap":{"test-code":{"insertions":2,"deletions":2}}}]},{"date":"2021-03-24","commitResults":[{"hash":"ee06d5dd3add9f524d6e4ba1af29b1f14a6f7a66","messageTitle":"Add date field and ensure that the app runs","messageBody":"","fileTypesAndContributionMap":{"functional-code":{"insertions":95,"deletions":21},"test-code":{"insertions":9,"deletions":0}}},{"hash":"dd833d568bd85383f147dfa1781d32eec998946d","messageTitle":"Update test cases","messageBody":"","fileTypesAndContributionMap":{"test-code":{"insertions":38,"deletions":19}}},{"hash":"d00ecc9d8b51f3aeeb87362541da5f43b4c305f1","messageTitle":"Update Add command parser test","messageBody":"","fileTypesAndContributionMap":{"test-code":{"insertions":8,"deletions":8}}},{"hash":"7b9a93b51dd4007780781e8a939428fa3484e898","messageTitle":"Fix checkstyle error","messageBody":"","fileTypesAndContributionMap":{"functional-code":{"insertions":1,"deletions":1}}},{"hash":"910784f8425aa991a159c8265d37c2782a3852ef","messageTitle":"Fix test case bug by adding date to CustomerUtil class","messageBody":"","fileTypesAndContributionMap":{"test-code":{"insertions":2,"deletions":0}}},{"hash":"211e19834fcfaf300aeefef82a9191ac71249f33","messageTitle":"Add assertion","messageBody":"","fileTypesAndContributionMap":{"functional-code":{"insertions":4,"deletions":1}}},{"hash":"02753e82c77f30ad1a1dcc05a929472811cccca5","messageTitle":"Update Ui output to display Date in proper format","messageBody":"","fileTypesAndContributionMap":{"functional-code":{"insertions":1,"deletions":1}}},{"hash":"72592cfe4ea84614ca9c310c7f66ff130890a86f","messageTitle":"Add my contributions","messageBody":"","fileTypesAndContributionMap":{"docs":{"insertions":28,"deletions":0}}},{"hash":"60d21ae9bb5b73eca4f1f7ca7d0ca2983d6bc7b4","messageTitle":"Update contributions by adding link to PRs","messageBody":"","fileTypesAndContributionMap":{"docs":{"insertions":18,"deletions":15}}},{"hash":"3223d1bffa6d1a2b8745b817331d457cbfd4b2c7","messageTitle":"Enter contributions to user guide","messageBody":"","fileTypesAndContributionMap":{"docs":{"insertions":10,"deletions":7}}},{"hash":"8936239cbe6037bce17f96a2a3e65e7136edbc13","messageTitle":"Update community contributions","messageBody":"","fileTypesAndContributionMap":{"docs":{"insertions":10,"deletions":0}}},{"hash":"409f330b36a0e76896227d336af00905c7acd35f","messageTitle":"Fix checkstyle error","messageBody":"","fileTypesAndContributionMap":{"docs":{"insertions":0,"deletions":5}}}]},{"date":"2021-03-29","commitResults":[{"hash":"1a43216dfef5c4a4edd24fe5ad11b7d339a50c74","messageTitle":"Update Find-description","messageBody":"","fileTypesAndContributionMap":{"docs":{"insertions":203,"deletions":160}}},{"hash":"72cd02d8584fa65306d41901f73fb51e0f89edb7","messageTitle":"Update User Guide","messageBody":"","fileTypesAndContributionMap":{"docs":{"insertions":8,"deletions":4}}},{"hash":"9db6b47672eafc41709dea40ec6f68441d106fc3","messageTitle":"Update contributions","messageBody":"","fileTypesAndContributionMap":{"docs":{"insertions":6,"deletions":0}}},{"hash":"f6877f781c18f065f93f23ad6c5eea29b7744eb2","messageTitle":"Update contributions","messageBody":"","fileTypesAndContributionMap":{"docs":{"insertions":1,"deletions":1}}},{"hash":"582c6bcc733a536794e601fe9a38fd8575823e71","messageTitle":"Update contributions","messageBody":"","fileTypesAndContributionMap":{"docs":{"insertions":2,"deletions":1}}},{"hash":"7d2bd94a592da337f2a2993108706a8af82a0646","messageTitle":"Update contributions","messageBody":"","fileTypesAndContributionMap":{"docs":{"insertions":1,"deletions":1}}},{"hash":"bd762daad0f7936b9ef05ae3fa66114ff5c6f734","messageTitle":"Fix title of developer guide","messageBody":"","fileTypesAndContributionMap":{"docs":{"insertions":4,"deletions":2}}},{"hash":"e1c1189796bcbf89340b9824bc8f8a7fe3bccc55","messageTitle":"Update developer guide title","messageBody":"","fileTypesAndContributionMap":{"docs":{"insertions":2,"deletions":1}}},{"hash":"a3c44b232c1317be8a0e1b7de9e4035ab0545a85","messageTitle":"Update User Guide","messageBody":"","fileTypesAndContributionMap":{"docs":{"insertions":38,"deletions":0}}},{"hash":"414333e0ea76fac6a8e2b017c6ea5228f0914152","messageTitle":"Update contributions","messageBody":"","fileTypesAndContributionMap":{"docs":{"insertions":4,"deletions":2}}},{"hash":"02ba1013731112464d647c07cc1b34b5efb608ab","messageTitle":"Update UserGuide","messageBody":"","fileTypesAndContributionMap":{"docs":{"insertions":1,"deletions":1}}}]},{"date":"2021-03-30","commitResults":[{"hash":"e206320da0c21618390717942a0de504459a2d1a","messageTitle":"Include email in search","messageBody":"","fileTypesAndContributionMap":{"functional-code":{"insertions":2,"deletions":1},"test-code":{"insertions":2,"deletions":2}}},{"hash":"9c95855d63137f5baa962eb05fb5f0237320e18f","messageTitle":"Enable search by remarks","messageBody":"","fileTypesAndContributionMap":{"functional-code":{"insertions":2,"deletions":1}}},{"hash":"c9ebc62031d5674ac8cbe8106189270262e61593","messageTitle":"Update contributions","messageBody":"","fileTypesAndContributionMap":{"docs":{"insertions":3,"deletions":1}}},{"hash":"7022631992c61bbf7c64245da1dd2c03bf024c69","messageTitle":"Enable search by tags","messageBody":"","fileTypesAndContributionMap":{"functional-code":{"insertions":14,"deletions":1}}},{"hash":"c5a48841ef1d54cd9e075a91f11d7ee0b470c806","messageTitle":"Add javaDoc comments","messageBody":"","fileTypesAndContributionMap":{"functional-code":{"insertions":16,"deletions":10}}},{"hash":"72182e25f7a77f7dd11987b52866b5fcf09bc746","messageTitle":"Fix empty tag bug","messageBody":"","fileTypesAndContributionMap":{"functional-code":{"insertions":9,"deletions":4}}},{"hash":"17d9577a3fda0c862cdc9c08df8ae1eacc2d3e1a","messageTitle":"Update methodName","messageBody":"","fileTypesAndContributionMap":{"functional-code":{"insertions":2,"deletions":2}}},{"hash":"9fb049966ce868df239b859cef98f81db179e7b7","messageTitle":"Update editCommandParser","messageBody":"","fileTypesAndContributionMap":{"functional-code":{"insertions":3,"deletions":1}}},{"hash":"555e70610d1a82137899bd3d29c8854d10701e0e","messageTitle":"Fix edit bug","messageBody":"","fileTypesAndContributionMap":{"functional-code":{"insertions":4,"deletions":3}}}]}],"CSjiade":[{"date":"2021-03-01","commitResults":[{"hash":"ee499793cecefc2aedb4e7e4f26f5f3f8f06513a","messageTitle":"Add Tutorial 3 - Adding a new Command","messageBody":"","fileTypesAndContributionMap":{"functional-code":{"insertions":201,"deletions":19},"test-code":{"insertions":256,"deletions":14}}},{"hash":"f286b0b5467f3467145c8f1a2d672ff6fdd7c90d","messageTitle":"Update tutorial-adding command whitespace error","messageBody":"","fileTypesAndContributionMap":{"functional-code":{"insertions":1,"deletions":6}}},{"hash":"e879a8d99771897d9e59fd082aaa7176affd1d0f","messageTitle":"Update tutorial-adding-command","messageBody":"","fileTypesAndContributionMap":{"functional-code":{"insertions":21,"deletions":18}}},{"hash":"c90863762c395486c907348ddcf2e1dc0dee61b1","messageTitle":"update tutorial-adding-command","messageBody":"","fileTypesAndContributionMap":{"functional-code":{"insertions":33,"deletions":19}}}]},{"date":"2021-03-02","commitResults":[{"hash":"cff1aeaf67e550c94bdf775d7bc32eee913ebd2e","messageTitle":"update tutorial-adding command","messageBody":"","fileTypesAndContributionMap":{"functional-code":{"insertions":6,"deletions":5}}},{"hash":"f0cd1588b01c0a8b978bc6b289b6abc22494a26b","messageTitle":"update tutorial-adding-command","messageBody":"","fileTypesAndContributionMap":{"functional-code":{"insertions":0,"deletions":1}}},{"hash":"0b8f12b69bc99d199e0a6055ba8543748b8e14ef","messageTitle":"update tutorial-adding-command","messageBody":"","fileTypesAndContributionMap":{"test-code":{"insertions":20,"deletions":14}}},{"hash":"a948cda507b77d9c269b741545f7df0b02565479","messageTitle":"update tutorial-adding-command","messageBody":"","fileTypesAndContributionMap":{"test-code":{"insertions":1,"deletions":1}}},{"hash":"d0641fb31f1701141064c4de44949570f7afe8d3","messageTitle":"update tutorial-adding-command","messageBody":"","fileTypesAndContributionMap":{"test-code":{"insertions":2,"deletions":2}}},{"hash":"d007b67203f376bd38327a2968daf93029f7284c","messageTitle":"update tutorial-adding-command","messageBody":"","fileTypesAndContributionMap":{"test-code":{"insertions":5,"deletions":5}}},{"hash":"6efd3769642e163676d43c33a210f4991316b865","messageTitle":"update tutorial-adding-command","messageBody":"","fileTypesAndContributionMap":{"test-code":{"insertions":3,"deletions":4}}}]},{"date":"2021-03-03","commitResults":[{"hash":"364ccd49cd8d3099324348e6c0cf4535489b1954","messageTitle":"Update Aboutus","messageBody":"","fileTypesAndContributionMap":{"docs":{"insertions":35,"deletions":69}}},{"hash":"a8a47b3cc81b73972bffd49e486dbcbaa5f1794d","messageTitle":"Update README","messageBody":"","fileTypesAndContributionMap":{"docs":{"insertions":10,"deletions":9}}},{"hash":"45b5f0b5e1c72b3420c51de8712a7f87fee4abbd","messageTitle":"Update CL status","messageBody":"","fileTypesAndContributionMap":{"docs":{"insertions":1,"deletions":1}}}]},{"date":"2021-03-08","commitResults":[{"hash":"3e49d2f84ec597ea9a1036a601b1ec9b43f76dcc","messageTitle":"Update Devloper Guide","messageBody":"","fileTypesAndContributionMap":{"docs":{"insertions":58,"deletions":30}}},{"hash":"be44bac7531b9f8c9c86bfd2654852a9ec339df4","messageTitle":"update index.md","messageBody":"","fileTypesAndContributionMap":{"docs":{"insertions":9,"deletions":7}}},{"hash":"86b756ac10d7b53e27fe4bf0cff2feead84ab2be","messageTitle":"Update index.md","messageBody":"fix bug in index.md","fileTypesAndContributionMap":{"docs":{"insertions":1,"deletions":1}}}]},{"date":"2021-03-09","commitResults":[{"hash":"3bc89f37bf944d1f36d6cb3418d1419b64f3647a","messageTitle":"Update UserGuide.md","messageBody":"Update the file path","fileTypesAndContributionMap":{"docs":{"insertions":2,"deletions":2}}}]},{"date":"2021-03-13","commitResults":[{"hash":"2a2b08136c2faf49e461782d31d5631e09599a31","messageTitle":"no message","messageBody":"","fileTypesAndContributionMap":{"docs":{"insertions":2,"deletions":2}}}]},{"date":"2021-03-15","commitResults":[{"hash":"2fcdc50c5453b1771f06cfa25a0df77e2859d9a3","messageTitle":"Update DoneCommand","messageBody":"Execute DoneCommand will produce a checkmark\n","fileTypesAndContributionMap":{"functional-code":{"insertions":224,"deletions":31},"test-code":{"insertions":85,"deletions":31}}},{"hash":"19fa4a9a248e2132d16bb9613a1dcde015c05f74","messageTitle":"fix whitespace problems preventing merge","messageBody":"","fileTypesAndContributionMap":{"functional-code":{"insertions":1,"deletions":1},"docs":{"insertions":10,"deletions":10}}},{"hash":"b035bc7c28bf25e2fa12de691b82bf8fbdc2ae4e","messageTitle":"fix some formatting problems","messageBody":"","fileTypesAndContributionMap":{"functional-code":{"insertions":27,"deletions":19}}},{"hash":"d3c1e38cd80cb476ccc2db991d2b61fba0770050","messageTitle":"fix formatting problems","messageBody":"","fileTypesAndContributionMap":{"functional-code":{"insertions":2,"deletions":2}}},{"hash":"277de1ab8471bb6623ba14847354949367abd357","messageTitle":"fix formatting problems","messageBody":"","fileTypesAndContributionMap":{"test-code":{"insertions":17,"deletions":8}}},{"hash":"faab9d99bc0bfd23be759653b97c3d22156b113e","messageTitle":"fix formatting problems","messageBody":"","fileTypesAndContributionMap":{"test-code":{"insertions":1,"deletions":1}}},{"hash":"184700a1a1c774ccbede3b44caeba14596a97b3d","messageTitle":"update formatting issues","messageBody":"","fileTypesAndContributionMap":{"test-code":{"insertions":2,"deletions":6}}},{"hash":"ebb2c35d081801c7bfbe5433d0a22d0ebd8e4573","messageTitle":"update formatting issues","messageBody":"","fileTypesAndContributionMap":{"test-code":{"insertions":0,"deletions":1}}},{"hash":"020d780c72c8fcda77e3bec09ce3ac73281ab5e2","messageTitle":"update formatting issues","messageBody":"","fileTypesAndContributionMap":{"test-code":{"insertions":0,"deletions":2}}}]},{"date":"2021-03-28","commitResults":[{"hash":"9b067c1f62e4262b6f69b9a3da0e9ce952a0433e","messageTitle":"enable assertions in gradle file","messageBody":"","fileTypesAndContributionMap":{"other":{"insertions":6,"deletions":2}}},{"hash":"71ece4cd3485a584828301042f647331171c3bbe","messageTitle":"update stats command update default  sample data to suit timeforwheels product change tags to suit timeforwheels product","messageBody":"","fileTypesAndContributionMap":{"functional-code":{"insertions":137,"deletions":7},"test-code":{"insertions":53,"deletions":9}}},{"hash":"50cbfc911c090fda3a4752ff5082011f796792a3","messageTitle":"fix eof","messageBody":"","fileTypesAndContributionMap":{"functional-code":{"insertions":1,"deletions":1},"test-code":{"insertions":1,"deletions":1}}},{"hash":"b75b5b891f4530a23d8eb29edc5e912b9e7b16fc","messageTitle":"update code format","messageBody":"","fileTypesAndContributionMap":{"functional-code":{"insertions":23,"deletions":24}}},{"hash":"a8d512d2e1f645036ed602dcd2945bbb85fdcd34","messageTitle":"update code format","messageBody":"","fileTypesAndContributionMap":{"functional-code":{"insertions":2,"deletions":2}}}]},{"date":"2021-03-29","commitResults":[{"hash":"c450ac9dc6f4dbba6df348eb9ddb57491a325eb3","messageTitle":"update code format","messageBody":"","fileTypesAndContributionMap":{"test-code":{"insertions":4,"deletions":4}}},{"hash":"f02852094366212dc0f32ca634f7081a4f49a300","messageTitle":"fix deliveriesNotdue percentage calculation","messageBody":"","fileTypesAndContributionMap":{"functional-code":{"insertions":6,"deletions":2}}},{"hash":"5ca9a43b2fe59a9033f34925d42d9d17c6d43530","messageTitle":"update code format","messageBody":"","fileTypesAndContributionMap":{"functional-code":{"insertions":3,"deletions":3}}},{"hash":"043379c46895a32a19efcaec84c58b5ce34bc1ac","messageTitle":"update ug and dg for statistics feature","messageBody":"","fileTypesAndContributionMap":{"docs":{"insertions":17,"deletions":0}}},{"hash":"ebe89265d3a2ba77fd581f03923166d2f05d81af","messageTitle":"fix bugs in stats command giving rise to nullpointerexception","messageBody":"","fileTypesAndContributionMap":{"functional-code":{"insertions":13,"deletions":8}}},{"hash":"1dacea7abe8de87989eb58adf6891e948c35443c","messageTitle":"update done command to have [x] if not done","messageBody":"","fileTypesAndContributionMap":{"functional-code":{"insertions":3,"deletions":2}}}]}]},"authorFileTypeContributionMap":{"cheunggalen":{"docs":593,"functional-code":1269,"test-code":1418},"Jacob-109":{"docs":46,"functional-code":93,"test-code":0},"pasha-292":{"docs":224,"functional-code":191,"test-code":97},"CSjiade":{"docs":71,"functional-code":473,"test-code":252,"other":6}},"authorContributionVariance":{"cheunggalen":443511.1,"Jacob-109":996.89014,"pasha-292":7698.696,"CSjiade":13515.281},"authorDisplayNameMap":{"cheunggalen":"CS2103T-W10-3 GALE..N YU","Jacob-109":"CS2103T-W10-3 NG H..ACOB","pasha-292":"CS2103T-W10-3 MD J..ASHA","CSjiade":"CS2103T-W10-3 LIAN..IADE"}}
