{"authorDailyContributionsMap":{"cheunggalen":[{"date":"2021-03-08","commitResults":[{"hash":"34f46ed30d35e008a5227987c711ca6ceb7cdd71","messageTitle":"Update DG","messageBody":"","fileTypesAndContributionMap":{"docs":{"insertions":653,"deletions":27}}},{"hash":"000b609ae718a3906c29549cd5e0178c18de39f5","messageTitle":"Update AboutUs","messageBody":"Add Galen\u0027s email and update Galen\u0027s image","fileTypesAndContributionMap":{"docs":{"insertions":2,"deletions":2}}}]},{"date":"2021-03-17","commitResults":[{"hash":"9ac95488a5050d18742ebcf031a3b58c14aa1820","messageTitle":"Add-Refactor","messageBody":"","fileTypesAndContributionMap":{"functional-code":{"insertions":842,"deletions":851},"other":{"insertions":134,"deletions":139},"docs":{"insertions":58,"deletions":58},"test-code":{"insertions":597,"deletions":605}}},{"hash":"2e2e287ca846d4d7550cf1048d428ebda34ceb67","messageTitle":"Fix Checkstyle Errors","messageBody":"","fileTypesAndContributionMap":{"functional-code":{"insertions":36,"deletions":14}}},{"hash":"358a3c578e09648802caacff975453397c49b139","messageTitle":"Fix Checkstyle Errors","messageBody":"","fileTypesAndContributionMap":{"functional-code":{"insertions":1,"deletions":1}}},{"hash":"85640aca5c5d4a8f278cc6c9ec89277a565ce286","messageTitle":"Add more refactor","messageBody":"","fileTypesAndContributionMap":{"functional-code":{"insertions":69,"deletions":69},"other":{"insertions":127,"deletions":127},"test-code":{"insertions":366,"deletions":351}}},{"hash":"1ed9353d1b9189c0ce92382116476e18a7bd5ce9","messageTitle":"Fix CI issues","messageBody":"","fileTypesAndContributionMap":{"functional-code":{"insertions":2,"deletions":1}}},{"hash":"e992537f4beb3d8108eda608472ed53054f70c96","messageTitle":"Fix CI issues","messageBody":"","fileTypesAndContributionMap":{"test-code":{"insertions":42,"deletions":32}}},{"hash":"bac8ffc7ec031af1b6d966024de91a26d33870f1","messageTitle":"Fix CI issues","messageBody":"","fileTypesAndContributionMap":{"test-code":{"insertions":2,"deletions":2}}}]},{"date":"2021-03-20","commitResults":[{"hash":"71b94febd23c12d0278211432e6c136fd4108131","messageTitle":"Fix CI issues","messageBody":"","fileTypesAndContributionMap":{"functional-code":{"insertions":2,"deletions":2},"other":{"insertions":9,"deletions":9},"test-code":{"insertions":11,"deletions":11}}},{"hash":"6349ead64404fc524984bebbeda6b81a891d601e","messageTitle":"Fix checkstyle","messageBody":"","fileTypesAndContributionMap":{"functional-code":{"insertions":2,"deletions":1}}},{"hash":"481733491fa276a351feccb9be0e5aa9bd1c127e","messageTitle":"Fix CI issues","messageBody":"","fileTypesAndContributionMap":{"other":{"insertions":0,"deletions":0},"test-code":{"insertions":8,"deletions":5}}},{"hash":"599e481c665d2debe563aad042379974ea10f35f","messageTitle":"Fix CI issues","messageBody":"","fileTypesAndContributionMap":{"test-code":{"insertions":5,"deletions":4}}},{"hash":"0a57b6d3357cb3ef3091ceec0f5126dcc87bfe5a","messageTitle":"Fix CI issues","messageBody":"","fileTypesAndContributionMap":{"test-code":{"insertions":2,"deletions":2}}},{"hash":"0c85ddb28a2c96f1d15a361813e46f1b8ac8611b","messageTitle":"Rename json file","messageBody":"","fileTypesAndContributionMap":{"other":{"insertions":0,"deletions":0}}}]},{"date":"2021-03-21","commitResults":[{"hash":"fa6260de0cc22cb90a26ec850432ee11dad60b21","messageTitle":"Update DG","messageBody":"","fileTypesAndContributionMap":{"docs":{"insertions":171,"deletions":256}}}]}],"Jacob-109":[{"date":"2021-03-04","commitResults":[{"hash":"82baa52d2de38abdd3066888bd4f87805e6cbc2f","messageTitle":"Update AboutUs and UserGuide","messageBody":"","fileTypesAndContributionMap":{"docs":{"insertions":43,"deletions":86}}}]},{"date":"2021-03-15","commitResults":[{"hash":"6396a17dc30b5f42cf417bc84c5af5c6ed1fa515","messageTitle":"Update HelpWindow with UG Url","messageBody":"","tags":["v1.2"],"fileTypesAndContributionMap":{"functional-code":{"insertions":1,"deletions":1}}}]}],"pasha-292":[{"date":"2021-03-05","commitResults":[{"hash":"9cfe1852ba04edbd9be1de8090e8a6d61aa25175","messageTitle":"update AboutUs","messageBody":"","fileTypesAndContributionMap":{"docs":{"insertions":3,"deletions":3}}},{"hash":"504723bf46e7817b15f7f056ed85eaf889236a9b","messageTitle":"Update UserGuide","messageBody":"","fileTypesAndContributionMap":{"docs":{"insertions":73,"deletions":48}}},{"hash":"52a135d6a90e21bf850d08ac5b6ebec91accbbd4","messageTitle":"Update UserGuide","messageBody":"","fileTypesAndContributionMap":{"docs":{"insertions":2,"deletions":2}}},{"hash":"3b68984781a041b2ac82212f0e14844a49278c57","messageTitle":"Update UserGuide","messageBody":"","fileTypesAndContributionMap":{"docs":{"insertions":1,"deletions":3}}},{"hash":"7b3eb6c0590761a86bd90bd1fef5af7636d69854","messageTitle":"Update UserGuide","messageBody":"","fileTypesAndContributionMap":{"docs":{"insertions":4,"deletions":1}}}]},{"date":"2021-03-17","commitResults":[{"hash":"650b09dd0b7e905d158f8c4e68c56eb239db341b","messageTitle":"Update message","messageBody":"","fileTypesAndContributionMap":{"functional-code":{"insertions":1,"deletions":1}}},{"hash":"a023969052761c717c5be0ad32bcb63f49c60125","messageTitle":"Update final messages","messageBody":"","fileTypesAndContributionMap":{"functional-code":{"insertions":17,"deletions":18}}}]},{"date":"2021-03-19","commitResults":[{"hash":"1a88d767dfbba46d63faa1811916dd1ae0e9e098","messageTitle":"Update imports","messageBody":"","fileTypesAndContributionMap":{"functional-code":{"insertions":24,"deletions":39}}},{"hash":"4d99c431db093b7ae651e6a4a140fbf206b0574d","messageTitle":"Update sequence of imports","messageBody":"","fileTypesAndContributionMap":{"functional-code":{"insertions":28,"deletions":10}}},{"hash":"5f406027717ade976ec86b8487c35e1d032a6f39","messageTitle":"Update import sequence","messageBody":"","fileTypesAndContributionMap":{"functional-code":{"insertions":2,"deletions":2}}},{"hash":"85a1480214bd026313133d1ebbbb13244b44e62a","messageTitle":"Update Find Command to get Address","messageBody":"","fileTypesAndContributionMap":{"functional-code":{"insertions":2,"deletions":1}}},{"hash":"8700e4e02b39def8fcd4f81af515cce9cff6834f","messageTitle":"Update test cases relevant to the find command","messageBody":"","fileTypesAndContributionMap":{"test-code":{"insertions":19,"deletions":2}}}]},{"date":"2021-03-20","commitResults":[{"hash":"89f41dd622c86979b38c366f6ea3297c93636918","messageTitle":"Allow search by phone","messageBody":"","fileTypesAndContributionMap":{"functional-code":{"insertions":3,"deletions":1},"test-code":{"insertions":10,"deletions":7}}},{"hash":"df29126077bd53699d2bdeebbf32b36c6353c01e","messageTitle":"Add date class","messageBody":"","fileTypesAndContributionMap":{"functional-code":{"insertions":51,"deletions":0}}},{"hash":"efcfef092612c66b03f3df19e8ec01085fd1fc83","messageTitle":"Update predicate class","messageBody":"","fileTypesAndContributionMap":{"functional-code":{"insertions":1,"deletions":2}}},{"hash":"8ffe8b1049bdcb1948a31296ee9e2143a5f3adc1","messageTitle":"Remove Date Class","messageBody":"","fileTypesAndContributionMap":{"functional-code":{"insertions":0,"deletions":51}}},{"hash":"cd49d4a86239449c8faa1f42f105d771f4d36b34","messageTitle":"Add Date class and corresponding test cases","messageBody":"","fileTypesAndContributionMap":{"functional-code":{"insertions":61,"deletions":0},"test-code":{"insertions":46,"deletions":0}}},{"hash":"233f42f32ae206bd27d122e9fa9564016bca9869","messageTitle":"Update Date Test file","messageBody":"","fileTypesAndContributionMap":{"test-code":{"insertions":3,"deletions":3}}},{"hash":"754c519afa58ba04f78dc3ff1654ed8417527b27","messageTitle":"Update import sequence in Date class","messageBody":"","fileTypesAndContributionMap":{"functional-code":{"insertions":3,"deletions":3}}},{"hash":"a61448d77fa531ec51ea0421a691d538f5db2797","messageTitle":"Update Date class","messageBody":"","fileTypesAndContributionMap":{"functional-code":{"insertions":1,"deletions":1}}},{"hash":"83bb7b5a1361d59069060d3912435a33cd021905","messageTitle":"Update Date class","messageBody":"","fileTypesAndContributionMap":{"functional-code":{"insertions":1,"deletions":1}}},{"hash":"9216ceb39524875593c8a11b7872815b1019182d","messageTitle":"Update import sequence for DateTest class","messageBody":"","fileTypesAndContributionMap":{"test-code":{"insertions":2,"deletions":2}}}]},{"date":"2021-03-24","commitResults":[{"hash":"ee06d5dd3add9f524d6e4ba1af29b1f14a6f7a66","messageTitle":"Add date field and ensure that the app runs","messageBody":"","fileTypesAndContributionMap":{"functional-code":{"insertions":95,"deletions":21},"test-code":{"insertions":9,"deletions":0}}},{"hash":"dd833d568bd85383f147dfa1781d32eec998946d","messageTitle":"Update test cases","messageBody":"","fileTypesAndContributionMap":{"test-code":{"insertions":38,"deletions":19}}},{"hash":"d00ecc9d8b51f3aeeb87362541da5f43b4c305f1","messageTitle":"Update Add command parser test","messageBody":"","fileTypesAndContributionMap":{"test-code":{"insertions":8,"deletions":8}}},{"hash":"7b9a93b51dd4007780781e8a939428fa3484e898","messageTitle":"Fix checkstyle error","messageBody":"","fileTypesAndContributionMap":{"functional-code":{"insertions":1,"deletions":1}}},{"hash":"910784f8425aa991a159c8265d37c2782a3852ef","messageTitle":"Fix test case bug by adding date to CustomerUtil class","messageBody":"","fileTypesAndContributionMap":{"test-code":{"insertions":2,"deletions":0}}},{"hash":"211e19834fcfaf300aeefef82a9191ac71249f33","messageTitle":"Add assertion","messageBody":"","fileTypesAndContributionMap":{"functional-code":{"insertions":4,"deletions":1}}},{"hash":"02753e82c77f30ad1a1dcc05a929472811cccca5","messageTitle":"Update Ui output to display Date in proper format","messageBody":"","fileTypesAndContributionMap":{"functional-code":{"insertions":1,"deletions":1}}},{"hash":"72592cfe4ea84614ca9c310c7f66ff130890a86f","messageTitle":"Add my contributions","messageBody":"","fileTypesAndContributionMap":{"docs":{"insertions":28,"deletions":0}}},{"hash":"60d21ae9bb5b73eca4f1f7ca7d0ca2983d6bc7b4","messageTitle":"Update contributions by adding link to PRs","messageBody":"","fileTypesAndContributionMap":{"docs":{"insertions":18,"deletions":15}}},{"hash":"3223d1bffa6d1a2b8745b817331d457cbfd4b2c7","messageTitle":"Enter contributions to user guide","messageBody":"","fileTypesAndContributionMap":{"docs":{"insertions":10,"deletions":7}}},{"hash":"8936239cbe6037bce17f96a2a3e65e7136edbc13","messageTitle":"Update community contributions","messageBody":"","fileTypesAndContributionMap":{"docs":{"insertions":10,"deletions":0}}},{"hash":"409f330b36a0e76896227d336af00905c7acd35f","messageTitle":"Fix checkstyle error","messageBody":"","fileTypesAndContributionMap":{"docs":{"insertions":0,"deletions":5}}}]}],"CSjiade":[{"date":"2021-03-01","commitResults":[{"hash":"ee499793cecefc2aedb4e7e4f26f5f3f8f06513a","messageTitle":"Add Tutorial 3 - Adding a new Command","messageBody":"","fileTypesAndContributionMap":{"functional-code":{"insertions":201,"deletions":19},"test-code":{"insertions":256,"deletions":14}}},{"hash":"f286b0b5467f3467145c8f1a2d672ff6fdd7c90d","messageTitle":"Update tutorial-adding command whitespace error","messageBody":"","fileTypesAndContributionMap":{"functional-code":{"insertions":1,"deletions":6}}},{"hash":"e879a8d99771897d9e59fd082aaa7176affd1d0f","messageTitle":"Update tutorial-adding-command","messageBody":"","fileTypesAndContributionMap":{"functional-code":{"insertions":21,"deletions":18}}},{"hash":"c90863762c395486c907348ddcf2e1dc0dee61b1","messageTitle":"update tutorial-adding-command","messageBody":"","fileTypesAndContributionMap":{"functional-code":{"insertions":33,"deletions":19}}}]},{"date":"2021-03-02","commitResults":[{"hash":"cff1aeaf67e550c94bdf775d7bc32eee913ebd2e","messageTitle":"update tutorial-adding command","messageBody":"","fileTypesAndContributionMap":{"functional-code":{"insertions":6,"deletions":5}}},{"hash":"f0cd1588b01c0a8b978bc6b289b6abc22494a26b","messageTitle":"update tutorial-adding-command","messageBody":"","fileTypesAndContributionMap":{"functional-code":{"insertions":0,"deletions":1}}},{"hash":"0b8f12b69bc99d199e0a6055ba8543748b8e14ef","messageTitle":"update tutorial-adding-command","messageBody":"","fileTypesAndContributionMap":{"test-code":{"insertions":20,"deletions":14}}},{"hash":"a948cda507b77d9c269b741545f7df0b02565479","messageTitle":"update tutorial-adding-command","messageBody":"","fileTypesAndContributionMap":{"test-code":{"insertions":1,"deletions":1}}},{"hash":"d0641fb31f1701141064c4de44949570f7afe8d3","messageTitle":"update tutorial-adding-command","messageBody":"","fileTypesAndContributionMap":{"test-code":{"insertions":2,"deletions":2}}},{"hash":"d007b67203f376bd38327a2968daf93029f7284c","messageTitle":"update tutorial-adding-command","messageBody":"","fileTypesAndContributionMap":{"test-code":{"insertions":5,"deletions":5}}},{"hash":"6efd3769642e163676d43c33a210f4991316b865","messageTitle":"update tutorial-adding-command","messageBody":"","fileTypesAndContributionMap":{"test-code":{"insertions":3,"deletions":4}}}]},{"date":"2021-03-03","commitResults":[{"hash":"364ccd49cd8d3099324348e6c0cf4535489b1954","messageTitle":"Update Aboutus","messageBody":"","fileTypesAndContributionMap":{"docs":{"insertions":35,"deletions":69}}},{"hash":"a8a47b3cc81b73972bffd49e486dbcbaa5f1794d","messageTitle":"Update README","messageBody":"","fileTypesAndContributionMap":{"docs":{"insertions":10,"deletions":9}}},{"hash":"45b5f0b5e1c72b3420c51de8712a7f87fee4abbd","messageTitle":"Update CL status","messageBody":"","fileTypesAndContributionMap":{"docs":{"insertions":1,"deletions":1}}}]},{"date":"2021-03-08","commitResults":[{"hash":"3e49d2f84ec597ea9a1036a601b1ec9b43f76dcc","messageTitle":"Update Devloper Guide","messageBody":"","fileTypesAndContributionMap":{"docs":{"insertions":58,"deletions":30}}},{"hash":"be44bac7531b9f8c9c86bfd2654852a9ec339df4","messageTitle":"update index.md","messageBody":"","fileTypesAndContributionMap":{"docs":{"insertions":9,"deletions":7}}},{"hash":"86b756ac10d7b53e27fe4bf0cff2feead84ab2be","messageTitle":"Update index.md","messageBody":"fix bug in index.md","fileTypesAndContributionMap":{"docs":{"insertions":1,"deletions":1}}}]},{"date":"2021-03-09","commitResults":[{"hash":"3bc89f37bf944d1f36d6cb3418d1419b64f3647a","messageTitle":"Update UserGuide.md","messageBody":"Update the file path","fileTypesAndContributionMap":{"docs":{"insertions":2,"deletions":2}}}]},{"date":"2021-03-13","commitResults":[{"hash":"2a2b08136c2faf49e461782d31d5631e09599a31","messageTitle":"no message","messageBody":"","fileTypesAndContributionMap":{"docs":{"insertions":2,"deletions":2}}}]},{"date":"2021-03-15","commitResults":[{"hash":"2fcdc50c5453b1771f06cfa25a0df77e2859d9a3","messageTitle":"Update DoneCommand","messageBody":"Execute DoneCommand will produce a checkmark\n","fileTypesAndContributionMap":{"functional-code":{"insertions":224,"deletions":31},"test-code":{"insertions":85,"deletions":31}}},{"hash":"19fa4a9a248e2132d16bb9613a1dcde015c05f74","messageTitle":"fix whitespace problems preventing merge","messageBody":"","fileTypesAndContributionMap":{"functional-code":{"insertions":1,"deletions":1},"docs":{"insertions":10,"deletions":10}}},{"hash":"b035bc7c28bf25e2fa12de691b82bf8fbdc2ae4e","messageTitle":"fix some formatting problems","messageBody":"","fileTypesAndContributionMap":{"functional-code":{"insertions":27,"deletions":19}}},{"hash":"d3c1e38cd80cb476ccc2db991d2b61fba0770050","messageTitle":"fix formatting problems","messageBody":"","fileTypesAndContributionMap":{"functional-code":{"insertions":2,"deletions":2}}},{"hash":"277de1ab8471bb6623ba14847354949367abd357","messageTitle":"fix formatting problems","messageBody":"","fileTypesAndContributionMap":{"test-code":{"insertions":17,"deletions":8}}},{"hash":"faab9d99bc0bfd23be759653b97c3d22156b113e","messageTitle":"fix formatting problems","messageBody":"","fileTypesAndContributionMap":{"test-code":{"insertions":1,"deletions":1}}},{"hash":"184700a1a1c774ccbede3b44caeba14596a97b3d","messageTitle":"update formatting issues","messageBody":"","fileTypesAndContributionMap":{"test-code":{"insertions":2,"deletions":6}}},{"hash":"ebb2c35d081801c7bfbe5433d0a22d0ebd8e4573","messageTitle":"update formatting issues","messageBody":"","fileTypesAndContributionMap":{"test-code":{"insertions":0,"deletions":1}}},{"hash":"020d780c72c8fcda77e3bec09ce3ac73281ab5e2","messageTitle":"update formatting issues","messageBody":"","fileTypesAndContributionMap":{"test-code":{"insertions":0,"deletions":2}}}]},{"date":"2021-03-28","commitResults":[{"hash":"9b067c1f62e4262b6f69b9a3da0e9ce952a0433e","messageTitle":"enable assertions in gradle file","messageBody":"","fileTypesAndContributionMap":{"other":{"insertions":6,"deletions":2}}}]}]},"authorFileTypeContributionMap":{"cheunggalen":{"docs":606,"functional-code":1197,"test-code":1311},"Jacob-109":{"docs":28,"functional-code":1,"test-code":0},"pasha-292":{"docs":88,"functional-code":162,"test-code":117},"CSjiade":{"docs":55,"functional-code":332,"test-code":229,"other":6}},"authorContributionVariance":{"cheunggalen":533742.0,"Jacob-109":426.14224,"pasha-292":4560.909,"CSjiade":14693.255},"authorDisplayNameMap":{"cheunggalen":"CS2103T-W10-3 GALE..N YU","Jacob-109":"CS2103T-W10-3 NG H..ACOB","pasha-292":"CS2103T-W10-3 MD J..ASHA","CSjiade":"CS2103T-W10-3 LIAN..IADE"}}
