{"authorDailyContributionsMap":{"hojiefeng":[{"date":"2021-02-26","commitResults":[{"hash":"545b6995f1fa0a8ff3e03be9324f2897fda62162","messageTitle":"Update user profile, value proposition, and user stories","messageBody":"","fileTypesAndContributionMap":{"docs":{"insertions":18,"deletions":10}}},{"hash":"d8065155e2e9cdfea22a7a5c0b9e2c74b2237a4e","messageTitle":"Add glossary terms","messageBody":"","fileTypesAndContributionMap":{"docs":{"insertions":1,"deletions":1}}},{"hash":"ea4595d5544053ebd71a17734c203158bc8e2cf8","messageTitle":"Add NFRs","messageBody":"","fileTypesAndContributionMap":{"docs":{"insertions":2,"deletions":3}}}]},{"date":"2021-03-08","commitResults":[{"hash":"41509db42f9d835e563d99c3f775ae5f8de450db","messageTitle":"Implement Booking and Venue class","messageBody":"","fileTypesAndContributionMap":{"functional-code":{"insertions":203,"deletions":0}}},{"hash":"ce9e9f3d3817c59f30f4619d3f622fb183b33984","messageTitle":"Add a class to store a list of bookings","messageBody":"","fileTypesAndContributionMap":{"functional-code":{"insertions":184,"deletions":0}}},{"hash":"e5ec051c5b61389988edf1d359f682969d03b0ee","messageTitle":"Add venue list class","messageBody":"","fileTypesAndContributionMap":{"functional-code":{"insertions":173,"deletions":14}}},{"hash":"50e93ca222dbd3d980866a19d188eefaaed16c38","messageTitle":"Add tests for bookings and venues","messageBody":"","fileTypesAndContributionMap":{"functional-code":{"insertions":1,"deletions":1},"test-code":{"insertions":150,"deletions":0}}},{"hash":"60b1d3fc3a58d4807b5c1babd0d66d81b9d2fef8","messageTitle":"Add id to booking class","messageBody":"","fileTypesAndContributionMap":{"functional-code":{"insertions":20,"deletions":1},"test-code":{"insertions":16,"deletions":4}}},{"hash":"ef09540592baa31b6cb3a8e8c8e8d6e95c1d35fd","messageTitle":"Add new method to check for duplicate ids","messageBody":"","fileTypesAndContributionMap":{"functional-code":{"insertions":9,"deletions":2}}}]},{"date":"2021-03-15","commitResults":[{"hash":"b484ec6a44ef4062d1b11aadba373f01a1476fc6","messageTitle":"Add booking list to UI","messageBody":"","fileTypesAndContributionMap":{"functional-code":{"insertions":159,"deletions":3}}},{"hash":"00d97a05c8a33528b5e4135a503ed6b28276beb9","messageTitle":"Display venue","messageBody":"","fileTypesAndContributionMap":{"functional-code":{"insertions":165,"deletions":5}}},{"hash":"fcf8c608a3239fdf5acd947e0b8d766081b27d8c","messageTitle":"Fix checkstyle and test errors","messageBody":"","fileTypesAndContributionMap":{"functional-code":{"insertions":6,"deletions":7},"test-code":{"insertions":10,"deletions":0}}},{"hash":"dfe68401bde2c65d0cf0244e3125adac26f7c18f","messageTitle":"Add newline at EOF","messageBody":"","fileTypesAndContributionMap":{"functional-code":{"insertions":1,"deletions":1}}}]},{"date":"2021-03-17","commitResults":[{"hash":"973842fc4ebb6ac5dcd87ae5aeb6b3a44713243b","messageTitle":"Fix compilation errors due to Venue","messageBody":"","fileTypesAndContributionMap":{"functional-code":{"insertions":5,"deletions":17},"test-code":{"insertions":5,"deletions":5}}},{"hash":"7878d1ce5b86cd5567416adfe3553c305a3779f2","messageTitle":"Fix ModelManager bug","messageBody":"","fileTypesAndContributionMap":{"functional-code":{"insertions":8,"deletions":1}}},{"hash":"282ba08fb5c595b043a1a5f81159aae6271c7b9e","messageTitle":"Modify methods related to booking list","messageBody":"","fileTypesAndContributionMap":{"test-code":{"insertions":4,"deletions":6}}},{"hash":"43cb1f80a1a5c41576edf0b0c87ba775c42a8384","messageTitle":"Display the correct list when executing a command","messageBody":"","fileTypesAndContributionMap":{"functional-code":{"insertions":28,"deletions":3}}},{"hash":"eb0b04353161c80c7885ce9cddba8dd394704fae","messageTitle":"Remove unused imports","messageBody":"","fileTypesAndContributionMap":{"functional-code":{"insertions":0,"deletions":3}}},{"hash":"8ca82e7b4fdc9a3ef97c04ab7a4f48945e701848","messageTitle":"Refactor AddressBook to BookingSystem","messageBody":"","fileTypesAndContributionMap":{"functional-code":{"insertions":246,"deletions":247},"other":{"insertions":64,"deletions":64},"docs":{"insertions":21,"deletions":22},"test-code":{"insertions":98,"deletions":98}}},{"hash":"1bcb049179d9648a15b7f186c548a0556d657df8","messageTitle":"Fix tests so that they pass","messageBody":"","fileTypesAndContributionMap":{"functional-code":{"insertions":3,"deletions":2},"other":{"insertions":29,"deletions":29},"test-code":{"insertions":52,"deletions":51}}},{"hash":"81474e3fcc1d0cb5a6ff0bfcfc9fb46519760f8f","messageTitle":"Rename package from address to booking","messageBody":"","fileTypesAndContributionMap":{"other":{"insertions":923,"deletions":923},"docs":{"insertions":12,"deletions":12},"test-code":{"insertions":3,"deletions":3}}}]},{"date":"2021-03-22","commitResults":[{"hash":"ea0fd9407d29c92bc234023958167ac13c46b762","messageTitle":"Change gradle properties for new package name","messageBody":"","fileTypesAndContributionMap":{"other":{"insertions":2,"deletions":2}}},{"hash":"acfde1dea8c6ab633a6699258947c60d3dcd1459","messageTitle":"Fix mode switch when entering command","messageBody":"","fileTypesAndContributionMap":{"functional-code":{"insertions":1,"deletions":0}}}]}],"ming-00":[{"date":"2021-02-26","commitResults":[{"hash":"bd2fd6be14dc05f001dccac0b27016ccd7446bb1","messageTitle":"Update AboutUs and add profile photos","messageBody":"","fileTypesAndContributionMap":{"docs":{"insertions":24,"deletions":28}}},{"hash":"2455af817c9b1cd282f8d301f2a55920eabf0a68","messageTitle":"Edit roles and responsibilities","messageBody":"","fileTypesAndContributionMap":{"docs":{"insertions":10,"deletions":10}}}]},{"date":"2021-03-09","commitResults":[{"hash":"fd3989271d20fd029bb04a1272d383ea42aff38c","messageTitle":"Add create_venue command","messageBody":"","fileTypesAndContributionMap":{"functional-code":{"insertions":187,"deletions":8},"test-code":{"insertions":15,"deletions":4}}},{"hash":"ea1e0f608091d4475200b8035862494d66486d0d","messageTitle":"Fix test case","messageBody":"","fileTypesAndContributionMap":{"test-code":{"insertions":3,"deletions":4}}},{"hash":"df04ed8c7cdeea4e466f66012954f871c566736e","messageTitle":"Fix test case for venue","messageBody":"","fileTypesAndContributionMap":{"test-code":{"insertions":4,"deletions":3}}},{"hash":"ce5e555bf4a0be47c624bad070b607e377da9c58","messageTitle":"Remove semicolon","messageBody":"","fileTypesAndContributionMap":{"functional-code":{"insertions":1,"deletions":1}}},{"hash":"e7a4247613543ebd439dd7a37b91748878c1a529","messageTitle":"Refactor AddVenue","messageBody":"","fileTypesAndContributionMap":{"functional-code":{"insertions":6,"deletions":6},"other":{"insertions":4,"deletions":4}}}]},{"date":"2021-03-15","commitResults":[{"hash":"4ba13e8e8bd9064fbc737c3f0fa4806c9bf5ba6d","messageTitle":"Implement tests for create_venue","messageBody":"","fileTypesAndContributionMap":{"functional-code":{"insertions":17,"deletions":14},"other":{"insertions":10,"deletions":8},"test-code":{"insertions":218,"deletions":3}}},{"hash":"c08aab991a9734300ce4621e6dae92e5ec237ce0","messageTitle":"Add tests for duplicate venues","messageBody":"","fileTypesAndContributionMap":{"functional-code":{"insertions":2,"deletions":1},"other":{"insertions":1,"deletions":1},"test-code":{"insertions":115,"deletions":0}}},{"hash":"028db610e39b9fd44fde32e8334e35d92833e86f","messageTitle":"Fix checkstyle errors","messageBody":"","fileTypesAndContributionMap":{"functional-code":{"insertions":11,"deletions":10},"test-code":{"insertions":29,"deletions":22}}},{"hash":"7ea8136296ad5dbc60de9440a44b3cc3490e179f","messageTitle":"Finish tests for venue","messageBody":"","fileTypesAndContributionMap":{"functional-code":{"insertions":9,"deletions":7},"test-code":{"insertions":253,"deletions":27}}}]},{"date":"2021-03-16","commitResults":[{"hash":"404887e27757b0e9523128622e63ab96b8eb2445","messageTitle":"Fix description bugs","messageBody":"","fileTypesAndContributionMap":{"functional-code":{"insertions":59,"deletions":3}}},{"hash":"c37b36c92f50bd2e5b4d6a9672736537ac7d4dfa","messageTitle":"Implement save to storage for venue","messageBody":"","fileTypesAndContributionMap":{"functional-code":{"insertions":26,"deletions":4}}},{"hash":"3186b0bf99fd5f9f3125603a3105229d4794ebf0","messageTitle":"Fix checkstyle errors","messageBody":"","fileTypesAndContributionMap":{"functional-code":{"insertions":1,"deletions":1}}},{"hash":"302ab561994a067ca9b40f9688f142794e32b14e","messageTitle":"Fix bugs in json initialisation","messageBody":"","fileTypesAndContributionMap":{"test-code":{"insertions":10,"deletions":7}}}]},{"date":"2021-03-22","commitResults":[{"hash":"843ff123d20bdc13c5abc79c4d94cb6ffc78ad19","messageTitle":"Change venue name prefix to v/ for create_venucommand","messageBody":"","fileTypesAndContributionMap":{"functional-code":{"insertions":4,"deletions":4}}},{"hash":"adc3acdfead240645b5880c17a4d15f497dd539c","messageTitle":"Modify url in help command","messageBody":"","fileTypesAndContributionMap":{"functional-code":{"insertions":1,"deletions":1}}},{"hash":"2af5ca6ce7b7c55acad1cafe0bc1592bb9120140","messageTitle":"Fix tests for create_venue","messageBody":"","fileTypesAndContributionMap":{"test-code":{"insertions":2,"deletions":2}}}]},{"date":"2021-03-23","commitResults":[{"hash":"845c2976c521255d234b3013174c23463cbf4f61","messageTitle":"Add description field and make non name venue fields optional","messageBody":"","fileTypesAndContributionMap":{"functional-code":{"insertions":71,"deletions":17},"test-code":{"insertions":60,"deletions":21}}}]}],"NiniJiaying":[{"date":"2021-02-27","commitResults":[{"hash":"af267dbd30c214c97d7ea0f329c635b71b9ec25d","messageTitle":"Update UserGuide.md","messageBody":"","fileTypesAndContributionMap":{"docs":{"insertions":58,"deletions":92}}}]},{"date":"2021-03-08","commitResults":[{"hash":"dd5cfbed13c9e680c0ddabf0f4bc8425ed8365e4","messageTitle":"Change keyword \"add\" to \"create\"","messageBody":"","fileTypesAndContributionMap":{"docs":{"insertions":8,"deletions":8}}}]},{"date":"2021-03-09","commitResults":[{"hash":"fed3f89d63a7bbe364b747816d064c612775952a","messageTitle":"Implement create booking","messageBody":"","fileTypesAndContributionMap":{"functional-code":{"insertions":291,"deletions":34},"test-code":{"insertions":194,"deletions":194}}},{"hash":"2c16984d00c74fe9b4347f0d4a693930528db2a8","messageTitle":"Create AddBookingCommand and AddBookingCommandParser for creating bookings","messageBody":"","fileTypesAndContributionMap":{"functional-code":{"insertions":175,"deletions":112}}}]},{"date":"2021-03-10","commitResults":[{"hash":"da3a66ebbaa2b3d863afdfd1e3bdb8fb99feeb8b","messageTitle":"no message","messageBody":"","fileTypesAndContributionMap":{"functional-code":{"insertions":1,"deletions":21}}},{"hash":"8ffc17b524c2be046c84709980777839c94b56dc","messageTitle":"no message","messageBody":"","fileTypesAndContributionMap":{"functional-code":{"insertions":6,"deletions":21}}},{"hash":"33f4585379e38a2a3f321f2428e01c09684fe4e2","messageTitle":"Fix checkstyle error","messageBody":"","fileTypesAndContributionMap":{"functional-code":{"insertions":6,"deletions":6}}},{"hash":"e4cb4d39a7102b33da5ef720c1acf1d792416b31","messageTitle":"no message","messageBody":"","fileTypesAndContributionMap":{"test-code":{"insertions":6,"deletions":0}}},{"hash":"11a9192152169095afd41de1c01b687e0786dbab","messageTitle":"no message","messageBody":"","fileTypesAndContributionMap":{"functional-code":{"insertions":2,"deletions":1}}}]},{"date":"2021-03-14","commitResults":[{"hash":"e95c68c2695cb86c8865a1d7a01e2d51c0bda3cd","messageTitle":"Change gradle package","messageBody":"","fileTypesAndContributionMap":{"other":{"insertions":1,"deletions":1}}},{"hash":"e3d9e538bb85daa6f287135c0aaebd12d1a32ce1","messageTitle":"Resolve issue \"Could not initialize class org.codehaus.groovy.reflection.ReflectionCache\"","messageBody":"","fileTypesAndContributionMap":{"other":{"insertions":1,"deletions":1}}}]},{"date":"2021-03-15","commitResults":[{"hash":"687762e6cec5d9c89364fad489cf344f5b59690a","messageTitle":"Remove all address and tag related fileds","messageBody":"","fileTypesAndContributionMap":{"functional-code":{"insertions":23,"deletions":626},"docs":{"insertions":0,"deletions":1},"test-code":{"insertions":22,"deletions":394}}},{"hash":"68227965777411fbc6951c098fb37c45d6e7fc90","messageTitle":"Use random number as BookingId","messageBody":"","fileTypesAndContributionMap":{"functional-code":{"insertions":2,"deletions":2}}},{"hash":"4aea86a117fe554e6ba455f316e1cabced0c2f3e","messageTitle":"Throw exception for invalid booking time","messageBody":"","fileTypesAndContributionMap":{"functional-code":{"insertions":16,"deletions":4}}},{"hash":"69a6bbc2d4cfc027be3696cd0ce962d239ce8d6d","messageTitle":"Create a separate folder for venue","messageBody":"","fileTypesAndContributionMap":{"functional-code":{"insertions":281,"deletions":11},"test-code":{"insertions":3,"deletions":3}}},{"hash":"0ed4783a0ee77c87ea9185f4f0f376476c30cb97","messageTitle":"Amend style errors","messageBody":"","fileTypesAndContributionMap":{"functional-code":{"insertions":9,"deletions":24},"other":{"insertions":1,"deletions":1},"test-code":{"insertions":21,"deletions":48}}},{"hash":"bdb93199b66a0d23a7f9cd5fc48e74bce7b312bb","messageTitle":"Edit tests","messageBody":"","fileTypesAndContributionMap":{"test-code":{"insertions":15,"deletions":102}}},{"hash":"76275addea2d37ea1dcd41ebef9d13fc3da1ec5f","messageTitle":"Use Person in Booking and check if the person exists","messageBody":"","fileTypesAndContributionMap":{"functional-code":{"insertions":30,"deletions":18},"test-code":{"insertions":6,"deletions":5}}},{"hash":"51bba4ef0d2b4908af435e274fdcea9c98ee43e3","messageTitle":"Remove two tests","messageBody":"","fileTypesAndContributionMap":{"test-code":{"insertions":0,"deletions":31}}},{"hash":"b4a070c0636b56fe6077fa5bcd75156582cc6eb1","messageTitle":"Rename AddBooking to CreateBooking and AddVenue to CreateVenue","messageBody":"","fileTypesAndContributionMap":{"functional-code":{"insertions":6,"deletions":6},"other":{"insertions":19,"deletions":20}}}]},{"date":"2021-03-16","commitResults":[{"hash":"2aecfdd1e30dde131785c252a57d98ae1d16029d","messageTitle":"Fix merge conflicts","messageBody":"","fileTypesAndContributionMap":{"functional-code":{"insertions":1,"deletions":1},"other":{"insertions":16,"deletions":16},"test-code":{"insertions":5,"deletions":3}}},{"hash":"496ad0a0f4ddbac70dd4940c431f88559861f33c","messageTitle":"Implement JsonAdaptedBooking.java","messageBody":"","fileTypesAndContributionMap":{"functional-code":{"insertions":106,"deletions":0}}},{"hash":"2288c32baa776dfa51fa6d1ff558905b3349514b","messageTitle":"Fix merge conflicts","messageBody":"","fileTypesAndContributionMap":{"functional-code":{"insertions":9,"deletions":18},"test-code":{"insertions":6,"deletions":4}}}]},{"date":"2021-03-17","commitResults":[{"hash":"e35c5429cb630c8560b4599d7edd1d38e4277af0","messageTitle":"Remove auto clear content in CommandBox.java","messageBody":"","fileTypesAndContributionMap":{"functional-code":{"insertions":0,"deletions":1}}}]}],"vvan-essa":[{"date":"2021-02-27","commitResults":[{"hash":"bdd8c427fae9364a85d91ad268dd9e7f3868ea98","messageTitle":"Update developer guide","messageBody":"","fileTypesAndContributionMap":{"docs":{"insertions":117,"deletions":11}}},{"hash":"e722ff994e6954eb7f0cd00bb42c3a99cadec495","messageTitle":"Add use cases","messageBody":"","fileTypesAndContributionMap":{"docs":{"insertions":33,"deletions":1}}}]},{"date":"2021-03-02","commitResults":[{"hash":"98628368657f44a75f57c636c587628cf68abb7b","messageTitle":"Update README.md","messageBody":"","fileTypesAndContributionMap":{"docs":{"insertions":1,"deletions":1}}}]},{"date":"2021-03-09","commitResults":[{"hash":"533349618ff82b73f4b918961f43fa88654be792","messageTitle":"Add delete venue command","messageBody":"","fileTypesAndContributionMap":{"functional-code":{"insertions":175,"deletions":13},"test-code":{"insertions":116,"deletions":0}}},{"hash":"449a600c6935f15b48444b70f3bbf5e98a6c2351","messageTitle":"Add newline","messageBody":"","fileTypesAndContributionMap":{"functional-code":{"insertions":2,"deletions":2},"test-code":{"insertions":23,"deletions":5}}},{"hash":"a7c4c37eaa8240341403bbf273ceac747c73bb7a","messageTitle":"Change venue objects to be used in tests","messageBody":"","fileTypesAndContributionMap":{"test-code":{"insertions":1,"deletions":1}}},{"hash":"07eee4d57b9af47b2531ad75fdf698fc4226d6e5","messageTitle":"Update delete venue command","messageBody":"","fileTypesAndContributionMap":{"functional-code":{"insertions":18,"deletions":2},"test-code":{"insertions":11,"deletions":12}}},{"hash":"520382fbdea4998a5bf0d50c2282b85ee691b8d7","messageTitle":"Add javadoc comments","messageBody":"","fileTypesAndContributionMap":{"functional-code":{"insertions":7,"deletions":2}}},{"hash":"0b4c2c23bc0c93ea64ef773a12f4feb5d8cda6bb","messageTitle":"Update delete venue command","messageBody":"","fileTypesAndContributionMap":{"functional-code":{"insertions":0,"deletions":2}}}]},{"date":"2021-03-15","commitResults":[{"hash":"6560b6adb1c827d40e10c8efd09119f44afba327","messageTitle":"Add new find venue command","messageBody":"","fileTypesAndContributionMap":{"functional-code":{"insertions":125,"deletions":1}}},{"hash":"e6c3d956c0513407a5164e484450a1323490db8d","messageTitle":"Add new find booking command","messageBody":"","fileTypesAndContributionMap":{"functional-code":{"insertions":134,"deletions":2}}},{"hash":"f9215120e1c04dcb84b163339e9b98e5cfbb2d35","messageTitle":"Update find booking command","messageBody":"","fileTypesAndContributionMap":{"functional-code":{"insertions":50,"deletions":33},"test-code":{"insertions":170,"deletions":51}}},{"hash":"3c4d168fd4918b1446cd3539b906a2f5530f451d","messageTitle":"Add tests for find_venue command","messageBody":"","fileTypesAndContributionMap":{"functional-code":{"insertions":17,"deletions":13},"test-code":{"insertions":99,"deletions":0}}},{"hash":"9b13fd3eb42557d9d9ee858a2aff4597547f6983","messageTitle":"Update find venue command","messageBody":"","fileTypesAndContributionMap":{"functional-code":{"insertions":3,"deletions":9},"test-code":{"insertions":0,"deletions":8}}},{"hash":"61742c150e6c979e660f30fb0a726d9d983294dc","messageTitle":"Add tests for find_venue command","messageBody":"","fileTypesAndContributionMap":{"test-code":{"insertions":132,"deletions":0}}},{"hash":"5dbbd85608e475bc036816c61c97443852624331","messageTitle":"Update tests for find_booking command","messageBody":"","fileTypesAndContributionMap":{"test-code":{"insertions":77,"deletions":0}}},{"hash":"af38a0533c1c562f2745febaf77fb2edf81d6204","messageTitle":"Add tests for find_booking command","messageBody":"","fileTypesAndContributionMap":{"test-code":{"insertions":164,"deletions":77}}},{"hash":"651163740da23a1eb0b0ea2093381118e1801ba3","messageTitle":"Update tests for find_venue command","messageBody":"","fileTypesAndContributionMap":{"functional-code":{"insertions":9,"deletions":5},"test-code":{"insertions":5,"deletions":15}}},{"hash":"87d5f5d7dd15878d00fd4cb9ded00c080394256d","messageTitle":"Update tests for find_booking command","messageBody":"","fileTypesAndContributionMap":{"test-code":{"insertions":4,"deletions":2}}}]},{"date":"2021-03-16","commitResults":[{"hash":"1473ad0370faa3c20dc0b46158b6badd969dceea","messageTitle":"Update find_venue command","messageBody":"","fileTypesAndContributionMap":{"functional-code":{"insertions":5,"deletions":5},"test-code":{"insertions":22,"deletions":7}}}]},{"date":"2021-03-21","commitResults":[{"hash":"bd2323a698c548ac703bb6c1a8b4dfa82a1aa4b8","messageTitle":"Add venue name class","messageBody":"","fileTypesAndContributionMap":{"functional-code":{"insertions":76,"deletions":13}}},{"hash":"44f6820503b5408ff18139eae38516aceafed6c7","messageTitle":"Add name attribute to venue class","messageBody":"","fileTypesAndContributionMap":{"test-code":{"insertions":11,"deletions":10}}},{"hash":"96c2d2fb851e7fd83d3db4a94cf6d1beb02f5286","messageTitle":"Add tests for venue related classes","messageBody":"","fileTypesAndContributionMap":{"functional-code":{"insertions":71,"deletions":14},"test-code":{"insertions":86,"deletions":16}}},{"hash":"6736d30a5e1ea421ece7af9079621ee3d924908e","messageTitle":"Add newline to end of file","messageBody":"","fileTypesAndContributionMap":{"functional-code":{"insertions":1,"deletions":1}}},{"hash":"7fd5ddba80485c68fc5061229f1fa92495afa56f","messageTitle":"Remove unnecessary import statement","messageBody":"","fileTypesAndContributionMap":{"functional-code":{"insertions":0,"deletions":2}}},{"hash":"be6420deace91333c8d673d1fc4b5d7dee360708","messageTitle":"Add edit venue command","messageBody":"","fileTypesAndContributionMap":{"functional-code":{"insertions":333,"deletions":21}}},{"hash":"22bb082c4ac4b81edee57e6610f9126f393efdf2","messageTitle":"Create class for new edit user command","messageBody":"","fileTypesAndContributionMap":{"functional-code":{"insertions":192,"deletions":0}}},{"hash":"edfc2fc80330b4cf84878ffcfbb0a2cb4285b346","messageTitle":"Update edit venue command","messageBody":"","fileTypesAndContributionMap":{"functional-code":{"insertions":8,"deletions":8},"test-code":{"insertions":469,"deletions":8}}},{"hash":"7bc5f4b0a384e3d260b079079f4b7dec289d26d8","messageTitle":"Update edit person command class","messageBody":"","fileTypesAndContributionMap":{"other":{"insertions":14,"deletions":19}}},{"hash":"cdd6002fe27bff5ed1185fb705bf43dc98206891","messageTitle":"Update edit person command","messageBody":"","fileTypesAndContributionMap":{"functional-code":{"insertions":97,"deletions":10}}},{"hash":"ba0ece5d077fb247672f9622b9be2da59a5b5318","messageTitle":"Add tests for edit person command","messageBody":"","fileTypesAndContributionMap":{"functional-code":{"insertions":10,"deletions":17},"test-code":{"insertions":440,"deletions":0}}},{"hash":"8c7f15245241505152a9f3ba7236f5900449e32d","messageTitle":"Update tests","messageBody":"","fileTypesAndContributionMap":{"functional-code":{"insertions":4,"deletions":24},"test-code":{"insertions":55,"deletions":26}}},{"hash":"cbc4082b044bb1f20a83da99fa12f75c81e225ce","messageTitle":"Add test utilities for edit venue command","messageBody":"","fileTypesAndContributionMap":{"test-code":{"insertions":19,"deletions":10}}},{"hash":"b6ef568fc428687808b8aba2bf29b13eb72c102b","messageTitle":"Add test utilities for edit person command","messageBody":"","fileTypesAndContributionMap":{"test-code":{"insertions":25,"deletions":21}}}]},{"date":"2021-03-22","commitResults":[{"hash":"0fbeea9c27c82c712a78a764b3c75d2c01dc0304","messageTitle":"Clean up test classes","messageBody":"","fileTypesAndContributionMap":{"functional-code":{"insertions":15,"deletions":11},"test-code":{"insertions":85,"deletions":105}}},{"hash":"ec87d1f0e3909c479f25c5be25024eeb8b812fb3","messageTitle":"Add an exception","messageBody":"","fileTypesAndContributionMap":{"functional-code":{"insertions":6,"deletions":3}}},{"hash":"1aff789b1db7a347ea4b8aa0338cf4ae039cb8aa","messageTitle":"Tweak code to adhere to checkstyle","messageBody":"","fileTypesAndContributionMap":{"test-code":{"insertions":4,"deletions":3}}}]}],"xuanqi966":[{"date":"2021-02-26","commitResults":[{"hash":"f7dc48a023288a5fd0189b12a290a63f665a8d45","messageTitle":"create-readme","messageBody":"","fileTypesAndContributionMap":{"docs":{"insertions":6,"deletions":9}}}]},{"date":"2021-03-09","commitResults":[{"hash":"b13b8d0fdc60d15cc3375cec707afcf34a759ac1","messageTitle":"Added Command delete_booking","messageBody":"","fileTypesAndContributionMap":{"functional-code":{"insertions":128,"deletions":3},"test-code":{"insertions":7,"deletions":0}}}]},{"date":"2021-03-10","commitResults":[{"hash":"65c546866d02b02fc7d9e7da0a547ae8a38d5d33","messageTitle":"Adjusted whitespaces","messageBody":"","fileTypesAndContributionMap":{"functional-code":{"insertions":19,"deletions":11},"docs":{"insertions":7,"deletions":9}}},{"hash":"fc9f860a48874c41d04864311204f23c49138809","messageTitle":"Modified delete booking","messageBody":"","fileTypesAndContributionMap":{"functional-code":{"insertions":4,"deletions":2}}}]},{"date":"2021-03-15","commitResults":[{"hash":"d3433ff166baa827574879f199ea3cb1fad6fc77","messageTitle":"Fixed bugs in delete_booking; Implemented list_booking and list_venue","messageBody":"","fileTypesAndContributionMap":{"functional-code":{"insertions":184,"deletions":27}}},{"hash":"a8ba2c5f5024a900ea3f2cebd5bb9238a6760a24","messageTitle":"Minor adjustments","messageBody":"","fileTypesAndContributionMap":{"functional-code":{"insertions":2,"deletions":5}}},{"hash":"579bcea5f7542bb6848570b4d70f41b475484a4b","messageTitle":"some errors","messageBody":"","fileTypesAndContributionMap":{"test-code":{"insertions":5,"deletions":0}}}]},{"date":"2021-03-16","commitResults":[{"hash":"c6abca1e9c3d55d0444a4e9104e52a39f1a93ede","messageTitle":"Fix syntax errors","messageBody":"","fileTypesAndContributionMap":{"functional-code":{"insertions":5,"deletions":5}}},{"hash":"4a25ec1eb6553dd083f901988a04fc28ac20a7a7","messageTitle":"Fix conflicts in tests","messageBody":"","fileTypesAndContributionMap":{"test-code":{"insertions":2,"deletions":2}}}]}]},"authorFileTypeContributionMap":{"hojiefeng":{"docs":54,"functional-code":1762,"test-code":768,"other":2},"ming-00":{"docs":27,"functional-code":285,"test-code":518},"NiniJiaying":{"docs":55,"functional-code":429,"test-code":87,"other":1},"vvan-essa":{"docs":136,"functional-code":1106,"test-code":1571},"xuanqi966":{"docs":5,"functional-code":253,"test-code":7}},"authorContributionVariance":{"hojiefeng":276704.2,"ming-00":18973.258,"NiniJiaying":115719.13,"vvan-essa":172826.5,"xuanqi966":1999.3301},"authorDisplayNameMap":{"hojiefeng":"CS2103-W17-3 HO J..FENG","ming-00":"CS2103-W17-3 WU W..MING","NiniJiaying":"CS2103-W17-3 NI J..YING","vvan-essa":"CS2103-W17-3 VANE.. YEE","xuanqi966":"CS2103-W17-3 WANG..N QI"}}
