{"authorDailyContributionsMap":{"hojiefeng":[{"date":"2021-02-26","commitResults":[{"hash":"545b6995f1fa0a8ff3e03be9324f2897fda62162","messageTitle":"Update user profile, value proposition, and user stories","messageBody":"","fileTypesAndContributionMap":{"docs":{"insertions":18,"deletions":10}}},{"hash":"d8065155e2e9cdfea22a7a5c0b9e2c74b2237a4e","messageTitle":"Add glossary terms","messageBody":"","fileTypesAndContributionMap":{"docs":{"insertions":1,"deletions":1}}},{"hash":"ea4595d5544053ebd71a17734c203158bc8e2cf8","messageTitle":"Add NFRs","messageBody":"","fileTypesAndContributionMap":{"docs":{"insertions":2,"deletions":3}}}]}],"ming-00":[{"date":"2021-02-26","commitResults":[{"hash":"bd2fd6be14dc05f001dccac0b27016ccd7446bb1","messageTitle":"Update AboutUs and add profile photos","messageBody":"","fileTypesAndContributionMap":{"docs":{"insertions":24,"deletions":28}}},{"hash":"2455af817c9b1cd282f8d301f2a55920eabf0a68","messageTitle":"Edit roles and responsibilities","messageBody":"","fileTypesAndContributionMap":{"docs":{"insertions":10,"deletions":10}}}]}],"NiniJiaying":[{"date":"2021-02-27","commitResults":[{"hash":"af267dbd30c214c97d7ea0f329c635b71b9ec25d","messageTitle":"Update UserGuide.md","messageBody":"","fileTypesAndContributionMap":{"docs":{"insertions":58,"deletions":92}}}]},{"date":"2021-03-08","commitResults":[{"hash":"dd5cfbed13c9e680c0ddabf0f4bc8425ed8365e4","messageTitle":"Change keyword \"add\" to \"create\"","messageBody":"","fileTypesAndContributionMap":{"docs":{"insertions":8,"deletions":8}}}]}],"vvan-essa":[{"date":"2021-02-27","commitResults":[{"hash":"bdd8c427fae9364a85d91ad268dd9e7f3868ea98","messageTitle":"Update developer guide","messageBody":"","fileTypesAndContributionMap":{"docs":{"insertions":117,"deletions":11}}},{"hash":"e722ff994e6954eb7f0cd00bb42c3a99cadec495","messageTitle":"Add use cases","messageBody":"","fileTypesAndContributionMap":{"docs":{"insertions":33,"deletions":1}}}]},{"date":"2021-03-02","commitResults":[{"hash":"98628368657f44a75f57c636c587628cf68abb7b","messageTitle":"Update README.md","messageBody":"","fileTypesAndContributionMap":{"docs":{"insertions":1,"deletions":1}}}]}],"xuanqi966":[{"date":"2021-02-26","commitResults":[{"hash":"f7dc48a023288a5fd0189b12a290a63f665a8d45","messageTitle":"create-readme","messageBody":"","fileTypesAndContributionMap":{"docs":{"insertions":6,"deletions":9}}}]}]},"authorFileTypeContributionMap":{"hojiefeng":{"docs":21,"functional-code":0,"test-code":0},"ming-00":{"docs":27,"functional-code":0,"test-code":0},"NiniJiaying":{"docs":55,"functional-code":0,"test-code":0},"vvan-essa":{"docs":136,"functional-code":0,"test-code":0},"xuanqi966":{"docs":6,"functional-code":0,"test-code":0}},"authorContributionVariance":{"hojiefeng":64.274704,"ming-00":272.0,"NiniJiaying":1179.1724,"vvan-essa":1375.2095,"xuanqi966":11.805554},"authorDisplayNameMap":{"hojiefeng":"CS2103-W17-3 HO J..FENG","ming-00":"CS2103-W17-3 WU W..MING","NiniJiaying":"CS2103-W17-3 NI J..YING","vvan-essa":"CS2103-W17-3 VANE.. YEE","xuanqi966":"CS2103-W17-3 WANG..N QI"}}
