{"authorDailyContributionsMap":{"hojiefeng":[{"date":"2021-02-26","commitResults":[{"hash":"545b6995f1fa0a8ff3e03be9324f2897fda62162","messageTitle":"Update user profile, value proposition, and user stories","messageBody":"","fileTypesAndContributionMap":{"docs":{"insertions":18,"deletions":10}}},{"hash":"d8065155e2e9cdfea22a7a5c0b9e2c74b2237a4e","messageTitle":"Add glossary terms","messageBody":"","fileTypesAndContributionMap":{"docs":{"insertions":1,"deletions":1}}},{"hash":"ea4595d5544053ebd71a17734c203158bc8e2cf8","messageTitle":"Add NFRs","messageBody":"","fileTypesAndContributionMap":{"docs":{"insertions":2,"deletions":3}}}]},{"date":"2021-03-08","commitResults":[{"hash":"41509db42f9d835e563d99c3f775ae5f8de450db","messageTitle":"Implement Booking and Venue class","messageBody":"","fileTypesAndContributionMap":{"functional-code":{"insertions":203,"deletions":0}}},{"hash":"ce9e9f3d3817c59f30f4619d3f622fb183b33984","messageTitle":"Add a class to store a list of bookings","messageBody":"","fileTypesAndContributionMap":{"functional-code":{"insertions":184,"deletions":0}}},{"hash":"e5ec051c5b61389988edf1d359f682969d03b0ee","messageTitle":"Add venue list class","messageBody":"","fileTypesAndContributionMap":{"functional-code":{"insertions":173,"deletions":14}}},{"hash":"50e93ca222dbd3d980866a19d188eefaaed16c38","messageTitle":"Add tests for bookings and venues","messageBody":"","fileTypesAndContributionMap":{"functional-code":{"insertions":1,"deletions":1},"test-code":{"insertions":150,"deletions":0}}},{"hash":"60b1d3fc3a58d4807b5c1babd0d66d81b9d2fef8","messageTitle":"Add id to booking class","messageBody":"","fileTypesAndContributionMap":{"functional-code":{"insertions":20,"deletions":1},"test-code":{"insertions":16,"deletions":4}}},{"hash":"ef09540592baa31b6cb3a8e8c8e8d6e95c1d35fd","messageTitle":"Add new method to check for duplicate ids","messageBody":"","fileTypesAndContributionMap":{"functional-code":{"insertions":9,"deletions":2}}}]},{"date":"2021-03-15","commitResults":[{"hash":"b484ec6a44ef4062d1b11aadba373f01a1476fc6","messageTitle":"Add booking list to UI","messageBody":"","fileTypesAndContributionMap":{"functional-code":{"insertions":311,"deletions":21}}},{"hash":"00d97a05c8a33528b5e4135a503ed6b28276beb9","messageTitle":"Display venue","messageBody":"","fileTypesAndContributionMap":{"functional-code":{"insertions":217,"deletions":7}}},{"hash":"fcf8c608a3239fdf5acd947e0b8d766081b27d8c","messageTitle":"Fix checkstyle and test errors","messageBody":"","fileTypesAndContributionMap":{"functional-code":{"insertions":6,"deletions":7},"test-code":{"insertions":10,"deletions":0}}},{"hash":"c4f264eb19793329d2f950cb6735dddb38b2c75e","messageTitle":"Add some styling","messageBody":"","fileTypesAndContributionMap":{"functional-code":{"insertions":46,"deletions":31}}},{"hash":"dfe68401bde2c65d0cf0244e3125adac26f7c18f","messageTitle":"Add newline at EOF","messageBody":"","fileTypesAndContributionMap":{"functional-code":{"insertions":2,"deletions":2}}}]},{"date":"2021-03-17","commitResults":[{"hash":"973842fc4ebb6ac5dcd87ae5aeb6b3a44713243b","messageTitle":"Fix compilation errors due to Venue","messageBody":"","fileTypesAndContributionMap":{"functional-code":{"insertions":5,"deletions":17},"test-code":{"insertions":5,"deletions":5}}},{"hash":"7878d1ce5b86cd5567416adfe3553c305a3779f2","messageTitle":"Fix ModelManager bug","messageBody":"","fileTypesAndContributionMap":{"functional-code":{"insertions":8,"deletions":1}}},{"hash":"282ba08fb5c595b043a1a5f81159aae6271c7b9e","messageTitle":"Modify methods related to booking list","messageBody":"","fileTypesAndContributionMap":{"test-code":{"insertions":4,"deletions":6}}},{"hash":"43cb1f80a1a5c41576edf0b0c87ba775c42a8384","messageTitle":"Display the correct list when executing a command","messageBody":"","fileTypesAndContributionMap":{"functional-code":{"insertions":28,"deletions":3}}},{"hash":"eb0b04353161c80c7885ce9cddba8dd394704fae","messageTitle":"Remove unused imports","messageBody":"","fileTypesAndContributionMap":{"functional-code":{"insertions":0,"deletions":3}}},{"hash":"8ca82e7b4fdc9a3ef97c04ab7a4f48945e701848","messageTitle":"Refactor AddressBook to BookingSystem","messageBody":"","fileTypesAndContributionMap":{"functional-code":{"insertions":247,"deletions":249},"other":{"insertions":64,"deletions":64},"docs":{"insertions":21,"deletions":22},"test-code":{"insertions":98,"deletions":98}}},{"hash":"1bcb049179d9648a15b7f186c548a0556d657df8","messageTitle":"Fix tests so that they pass","messageBody":"","fileTypesAndContributionMap":{"functional-code":{"insertions":3,"deletions":2},"other":{"insertions":29,"deletions":29},"test-code":{"insertions":52,"deletions":51}}},{"hash":"81474e3fcc1d0cb5a6ff0bfcfc9fb46519760f8f","messageTitle":"Rename package from address to booking","messageBody":"","fileTypesAndContributionMap":{"other":{"insertions":923,"deletions":923},"docs":{"insertions":12,"deletions":12},"test-code":{"insertions":3,"deletions":3}}}]},{"date":"2021-03-22","commitResults":[{"hash":"ea0fd9407d29c92bc234023958167ac13c46b762","messageTitle":"Change gradle properties for new package name","messageBody":"","fileTypesAndContributionMap":{"other":{"insertions":2,"deletions":2}}},{"hash":"acfde1dea8c6ab633a6699258947c60d3dcd1459","messageTitle":"Fix mode switch when entering command","messageBody":"","fileTypesAndContributionMap":{"functional-code":{"insertions":1,"deletions":0}}}]},{"date":"2021-03-24","commitResults":[{"hash":"f95311b0d53eaab9a8de09c8b9d02575adb143a0","messageTitle":"Rename AddressBook in docs to BookingSystem","messageBody":"","fileTypesAndContributionMap":{"docs":{"insertions":127,"deletions":101}}},{"hash":"930623a51c908268dafc6c1343259a8e063d6e82","messageTitle":"Update links from old project to forked project","messageBody":"","fileTypesAndContributionMap":{"docs":{"insertions":8,"deletions":8}}},{"hash":"197dc19d4056014cb5f97993500074719d9cb9c6","messageTitle":"Update UML diagrams and images","messageBody":"","fileTypesAndContributionMap":{"docs":{"insertions":46,"deletions":32}}},{"hash":"62d624f5e64e7be8bec3a6c78b9527d8063726d4","messageTitle":"Add more test cases to the developer guide","messageBody":"","fileTypesAndContributionMap":{"docs":{"insertions":26,"deletions":4}}}]},{"date":"2021-03-27","commitResults":[{"hash":"77574dba87e6ca767ee6b40e6c844735784f6a38","messageTitle":"Fix the mode switch to default to person list","messageBody":"","fileTypesAndContributionMap":{"functional-code":{"insertions":1,"deletions":1}}}]},{"date":"2021-03-30","commitResults":[{"hash":"98acfcdeb99e19defab759ee1ce1ee6384b3e523","messageTitle":"Add tags to Person and Booking","messageBody":"","fileTypesAndContributionMap":{"functional-code":{"insertions":203,"deletions":56},"test-code":{"insertions":23,"deletions":7}}},{"hash":"6d05f6116694f72095b27b5880b0420215a75261","messageTitle":"Fix checkstyle errors","messageBody":"","fileTypesAndContributionMap":{"functional-code":{"insertions":24,"deletions":28}}},{"hash":"2ba04cfbc68972f2f5ce6a80569c8e21209e5fc8","messageTitle":"Fix tests","messageBody":"","fileTypesAndContributionMap":{"functional-code":{"insertions":3,"deletions":3},"test-code":{"insertions":42,"deletions":9}}},{"hash":"e05f4db96e65422d83f9e5d295e40a212430462a","messageTitle":"Remove check for empty string to allow empty commands","messageBody":"","fileTypesAndContributionMap":{"functional-code":{"insertions":0,"deletions":3}}},{"hash":"ee5576a70e24fe8960c56cfaef6cf305d9eb6b21","messageTitle":"Clear command box after entering command","messageBody":"","fileTypesAndContributionMap":{"functional-code":{"insertions":1,"deletions":0}}},{"hash":"7871db173767dba01ab20326252faacfe4f684b5","messageTitle":"Fix merge conflicts","messageBody":"","fileTypesAndContributionMap":{"functional-code":{"insertions":18,"deletions":2}}},{"hash":"7733367f82440bf947857819ded5d001b9294c5e","messageTitle":"Add tags to UI","messageBody":"","fileTypesAndContributionMap":{"functional-code":{"insertions":22,"deletions":9}}},{"hash":"dfba3c1173adf0d524b8902b45262c04b6269f0f","messageTitle":"Reflect end time in booking list","messageBody":"","fileTypesAndContributionMap":{"functional-code":{"insertions":7,"deletions":4}}}]},{"date":"2021-03-31","commitResults":[{"hash":"2ac81701dfc9777aaed6e66d7be78fc2ab5c4451","messageTitle":"Add a new command to insert tags to a booking","messageBody":"","fileTypesAndContributionMap":{"functional-code":{"insertions":192,"deletions":7}}},{"hash":"9996db0ddb754a8ce803a58f4a439e3077bdd4ad","messageTitle":"Fix venue UI display","messageBody":"","fileTypesAndContributionMap":{"functional-code":{"insertions":2,"deletions":1}}},{"hash":"43554fd66e08f001759237b0ebd1949bc0c211db","messageTitle":"Display booking id in list","messageBody":"","fileTypesAndContributionMap":{"functional-code":{"insertions":4,"deletions":0}}},{"hash":"39e75b8e7529c7cdc992650d8e9de28e76a7bfc8","messageTitle":"Remove unneeded UI items","messageBody":"","fileTypesAndContributionMap":{"functional-code":{"insertions":7,"deletions":6}}},{"hash":"309fa4664f013f11c62f07d33298a7ee8a9f8840","messageTitle":"Add filter booking by tag command","messageBody":"","fileTypesAndContributionMap":{"functional-code":{"insertions":143,"deletions":32}}},{"hash":"53406a660fbd46915e9e472b186f4185a35b966e","messageTitle":"Include add booking tag command in parser","messageBody":"","fileTypesAndContributionMap":{"functional-code":{"insertions":5,"deletions":3}}},{"hash":"15cae2c377d11a948e228fd5258d575bb5061602","messageTitle":"List all bookings or venues in the list command","messageBody":"","fileTypesAndContributionMap":{"functional-code":{"insertions":8,"deletions":62}}},{"hash":"61ab295b54bd79a8130df74974d5f774f453e396","messageTitle":"Add find venue by tag command","messageBody":"","fileTypesAndContributionMap":{"functional-code":{"insertions":127,"deletions":0}}},{"hash":"43c6576a64f90507822ca7d68f25c35b653d8d98","messageTitle":"Add find person by tag command","messageBody":"","fileTypesAndContributionMap":{"functional-code":{"insertions":130,"deletions":3}}},{"hash":"7312d2c9fc02739963d537540394ef459d0f5236","messageTitle":"Revert \"Include add booking tag command in parser\"","messageBody":"This reverts commit 53406a660fbd46915e9e472b186f4185a35b966e.\n","fileTypesAndContributionMap":{"functional-code":{"insertions":3,"deletions":5}}},{"hash":"0c82c10878a7d507c8ec99781462518d32b07b56","messageTitle":"Remove the add tag to booking command","messageBody":"","fileTypesAndContributionMap":{"functional-code":{"insertions":7,"deletions":176}}}]},{"date":"2021-04-07","commitResults":[{"hash":"e500fb71ec98cfcf2518a7eaa65aadb1d170b14b","messageTitle":"Add tests for NonOverlappingBookingList","messageBody":"","fileTypesAndContributionMap":{"test-code":{"insertions":261,"deletions":0}}}]}],"ming-00":[{"date":"2021-02-26","commitResults":[{"hash":"bd2fd6be14dc05f001dccac0b27016ccd7446bb1","messageTitle":"Update AboutUs and add profile photos","messageBody":"","fileTypesAndContributionMap":{"docs":{"insertions":24,"deletions":28}}},{"hash":"2455af817c9b1cd282f8d301f2a55920eabf0a68","messageTitle":"Edit roles and responsibilities","messageBody":"","fileTypesAndContributionMap":{"docs":{"insertions":10,"deletions":10}}}]},{"date":"2021-03-09","commitResults":[{"hash":"fd3989271d20fd029bb04a1272d383ea42aff38c","messageTitle":"Add create_venue command","messageBody":"","fileTypesAndContributionMap":{"functional-code":{"insertions":187,"deletions":8},"test-code":{"insertions":15,"deletions":4}}},{"hash":"ea1e0f608091d4475200b8035862494d66486d0d","messageTitle":"Fix test case","messageBody":"","fileTypesAndContributionMap":{"test-code":{"insertions":3,"deletions":4}}},{"hash":"df04ed8c7cdeea4e466f66012954f871c566736e","messageTitle":"Fix test case for venue","messageBody":"","fileTypesAndContributionMap":{"test-code":{"insertions":4,"deletions":3}}},{"hash":"ce5e555bf4a0be47c624bad070b607e377da9c58","messageTitle":"Remove semicolon","messageBody":"","fileTypesAndContributionMap":{"functional-code":{"insertions":1,"deletions":1}}},{"hash":"e7a4247613543ebd439dd7a37b91748878c1a529","messageTitle":"Refactor AddVenue","messageBody":"","fileTypesAndContributionMap":{"functional-code":{"insertions":6,"deletions":6},"other":{"insertions":4,"deletions":4}}}]},{"date":"2021-03-15","commitResults":[{"hash":"4ba13e8e8bd9064fbc737c3f0fa4806c9bf5ba6d","messageTitle":"Implement tests for create_venue","messageBody":"","fileTypesAndContributionMap":{"functional-code":{"insertions":17,"deletions":14},"other":{"insertions":10,"deletions":8},"test-code":{"insertions":218,"deletions":3}}},{"hash":"c08aab991a9734300ce4621e6dae92e5ec237ce0","messageTitle":"Add tests for duplicate venues","messageBody":"","fileTypesAndContributionMap":{"functional-code":{"insertions":2,"deletions":1},"other":{"insertions":1,"deletions":1},"test-code":{"insertions":115,"deletions":0}}},{"hash":"028db610e39b9fd44fde32e8334e35d92833e86f","messageTitle":"Fix checkstyle errors","messageBody":"","fileTypesAndContributionMap":{"functional-code":{"insertions":11,"deletions":10},"test-code":{"insertions":29,"deletions":22}}},{"hash":"7ea8136296ad5dbc60de9440a44b3cc3490e179f","messageTitle":"Finish tests for venue","messageBody":"","fileTypesAndContributionMap":{"functional-code":{"insertions":9,"deletions":7},"test-code":{"insertions":253,"deletions":27}}}]},{"date":"2021-03-16","commitResults":[{"hash":"404887e27757b0e9523128622e63ab96b8eb2445","messageTitle":"Fix description bugs","messageBody":"","fileTypesAndContributionMap":{"functional-code":{"insertions":59,"deletions":3}}},{"hash":"c37b36c92f50bd2e5b4d6a9672736537ac7d4dfa","messageTitle":"Implement save to storage for venue","messageBody":"","fileTypesAndContributionMap":{"functional-code":{"insertions":26,"deletions":4}}},{"hash":"3186b0bf99fd5f9f3125603a3105229d4794ebf0","messageTitle":"Fix checkstyle errors","messageBody":"","fileTypesAndContributionMap":{"functional-code":{"insertions":1,"deletions":1}}},{"hash":"302ab561994a067ca9b40f9688f142794e32b14e","messageTitle":"Fix bugs in json initialisation","messageBody":"","fileTypesAndContributionMap":{"test-code":{"insertions":10,"deletions":7}}}]},{"date":"2021-03-22","commitResults":[{"hash":"843ff123d20bdc13c5abc79c4d94cb6ffc78ad19","messageTitle":"Change venue name prefix to v/ for create_venucommand","messageBody":"","fileTypesAndContributionMap":{"functional-code":{"insertions":4,"deletions":4}}},{"hash":"adc3acdfead240645b5880c17a4d15f497dd539c","messageTitle":"Modify url in help command","messageBody":"","fileTypesAndContributionMap":{"functional-code":{"insertions":1,"deletions":1}}},{"hash":"2af5ca6ce7b7c55acad1cafe0bc1592bb9120140","messageTitle":"Fix tests for create_venue","messageBody":"","fileTypesAndContributionMap":{"test-code":{"insertions":2,"deletions":2}}}]},{"date":"2021-03-23","commitResults":[{"hash":"845c2976c521255d234b3013174c23463cbf4f61","messageTitle":"Add description field and make non name venue fields optional","messageBody":"","fileTypesAndContributionMap":{"functional-code":{"insertions":71,"deletions":17},"test-code":{"insertions":60,"deletions":21}}},{"hash":"5cb20626fb84ed6bd7962b3c875cc069d5dcb9f7","messageTitle":"Add assertion and update venue creation message","messageBody":"","fileTypesAndContributionMap":{"functional-code":{"insertions":8,"deletions":5}}},{"hash":"4bd72f4141bda3588d81af4cac9aac6688870f81","messageTitle":"Update developer guide","messageBody":"","fileTypesAndContributionMap":{"functional-code":{"insertions":1,"deletions":1},"docs":{"insertions":22,"deletions":0}}},{"hash":"a6e57fef6e755bb353771dc6f8475595c8b7784c","messageTitle":"Add assertion","messageBody":"","fileTypesAndContributionMap":{"functional-code":{"insertions":4,"deletions":4}}},{"hash":"ab17e7b061c72de4fc06228912aedc583e628d91","messageTitle":"Add tests for create venue","messageBody":"","fileTypesAndContributionMap":{"functional-code":{"insertions":4,"deletions":3},"test-code":{"insertions":26,"deletions":13}}}]},{"date":"2021-03-24","commitResults":[{"hash":"d9f067040585cb9b35b6388a658fd48e7abed3ab","messageTitle":"Update venue description editing","messageBody":"","fileTypesAndContributionMap":{"functional-code":{"insertions":2,"deletions":1}}},{"hash":"d58ed6963f69f9e90def344830771b4e11612f06","messageTitle":"Update create venue prefix","messageBody":"","fileTypesAndContributionMap":{"functional-code":{"insertions":3,"deletions":3}}},{"hash":"3db1637a3da87a59761c2d4b153181b236be7684","messageTitle":"Update ModelClassDiagram.puml","messageBody":"","fileTypesAndContributionMap":{"docs":{"insertions":1,"deletions":0}}},{"hash":"0c2de9431af5398aaf29eb95438cedf5be82164e","messageTitle":"Update johndoe.md","messageBody":"","fileTypesAndContributionMap":{"docs":{"insertions":2,"deletions":2}}},{"hash":"308c4b7b90967cd3b81b63c0306685007be6392c","messageTitle":"Update AddRemark.md","messageBody":"","fileTypesAndContributionMap":{"docs":{"insertions":1,"deletions":1}}},{"hash":"809c21c4e4ce3f58b2176a32939c30b12a611145","messageTitle":"Update index.md","messageBody":"","fileTypesAndContributionMap":{"docs":{"insertions":4,"deletions":3}}},{"hash":"799fe69f44ab780fd0eb4162bcf9c189b9163254","messageTitle":"Update RemovingFields.md","messageBody":"","fileTypesAndContributionMap":{"docs":{"insertions":1,"deletions":1}}}]},{"date":"2021-03-27","commitResults":[{"hash":"df91f902eb7b52c6b777666e8468e400d36a0d55","messageTitle":"Add tags for venue","messageBody":"","fileTypesAndContributionMap":{"functional-code":{"insertions":270,"deletions":22},"test-code":{"insertions":24,"deletions":7}}}]},{"date":"2021-03-30","commitResults":[{"hash":"71b5fcb72c56610790be0ddc149df24137c34d34","messageTitle":"Finish tasks for Venue","messageBody":"","fileTypesAndContributionMap":{"functional-code":{"insertions":31,"deletions":24},"test-code":{"insertions":107,"deletions":9}}},{"hash":"2c3d69e908f21fa90aa326ff302a7643aa67a057","messageTitle":"Add tests for Json Tags","messageBody":"","fileTypesAndContributionMap":{"functional-code":{"insertions":5,"deletions":6},"test-code":{"insertions":35,"deletions":1}}},{"hash":"21cb4a1b43ff309df8d2645411588dcf439f8c85","messageTitle":"Fix checkstyle errors","messageBody":"","fileTypesAndContributionMap":{"test-code":{"insertions":4,"deletions":3}}}]},{"date":"2021-03-31","commitResults":[{"hash":"f588cf7b6565540ed8e2e9318a14959603e6f027","messageTitle":"implement-multistep-venue-command","messageBody":"","fileTypesAndContributionMap":{"functional-code":{"insertions":48,"deletions":40},"other":{"insertions":3,"deletions":3},"docs":{"insertions":18,"deletions":18},"test-code":{"insertions":18,"deletions":15}}},{"hash":"7341c64edb625ae992d893d261cf69ec6bda556a","messageTitle":"Add tests for list venue command","messageBody":"","fileTypesAndContributionMap":{"functional-code":{"insertions":2,"deletions":20},"other":{"insertions":2,"deletions":2},"test-code":{"insertions":60,"deletions":2}}},{"hash":"dc4d79b963a88fbf19f11e147fcfa3fb0a6305be","messageTitle":"Add tests for booking list","messageBody":"","fileTypesAndContributionMap":{"functional-code":{"insertions":5,"deletions":23},"test-code":{"insertions":161,"deletions":85}}},{"hash":"4411889d24e52b799a11b37f11f3b72b1ca87fbf","messageTitle":"Fix coding style issues","messageBody":"","fileTypesAndContributionMap":{"functional-code":{"insertions":41,"deletions":28},"test-code":{"insertions":16,"deletions":16}}}]},{"date":"2021-04-01","commitResults":[{"hash":"1c0f495383f89753177422087e9113671cbee42d","messageTitle":"Add multi-step command for add venue command","messageBody":"","fileTypesAndContributionMap":{"functional-code":{"insertions":437,"deletions":64},"other":{"insertions":70,"deletions":62}}},{"hash":"0ed513d6d658d09142e7f2ef5405cd208b8f33a1","messageTitle":"Modify tag parsing method","messageBody":"","fileTypesAndContributionMap":{"functional-code":{"insertions":3,"deletions":3}}},{"hash":"695bc04c119860d1f85b5a0fe32a1822770863aa","messageTitle":"Modify display message for multistep command","messageBody":"","fileTypesAndContributionMap":{"functional-code":{"insertions":2,"deletions":1}}},{"hash":"216d87dbf5872ceab5d11da16783828a926f8c6f","messageTitle":"Add to developer guide","messageBody":"","fileTypesAndContributionMap":{"docs":{"insertions":19,"deletions":9}}}]},{"date":"2021-04-03","commitResults":[{"hash":"63748238f3f61c998355125ea60c71728ae313e1","messageTitle":"Update user guide","messageBody":"","fileTypesAndContributionMap":{"functional-code":{"insertions":7,"deletions":5},"docs":{"insertions":29,"deletions":27}}},{"hash":"5cbf7e14a22a1c670515ab7bf5daff2049c61b82","messageTitle":"Update UserGuide.md","messageBody":"","fileTypesAndContributionMap":{"docs":{"insertions":1,"deletions":1}}},{"hash":"8014873c4689f767fdb496b6458a141093a1bd79","messageTitle":"Update UserGuide.md","messageBody":"","fileTypesAndContributionMap":{"docs":{"insertions":1,"deletions":1}}},{"hash":"c01ea1481f225dd568438cdc818600ee28bf94a8","messageTitle":"Update UserGuide.md","messageBody":"","fileTypesAndContributionMap":{"docs":{"insertions":0,"deletions":7}}},{"hash":"cbf479ef3c7518959c676e16c0d7cc2a3d25df78","messageTitle":"Update UserGuide.md","messageBody":"","fileTypesAndContributionMap":{"docs":{"insertions":0,"deletions":1}}},{"hash":"af94a13ee564d0a5973c25b0d00ee8ef9e146e9c","messageTitle":"Update UserGuide.md","messageBody":"","fileTypesAndContributionMap":{"docs":{"insertions":1,"deletions":0}}},{"hash":"b415c88269329b6bf0ab48ff743ad830ca240dca","messageTitle":"Update add_person command messages","messageBody":"","fileTypesAndContributionMap":{"functional-code":{"insertions":4,"deletions":8}}}]},{"date":"2021-04-04","commitResults":[{"hash":"e633668e02afb748ff0fd76cb333d045f45cd236","messageTitle":"Fix documentation bugs in user guide","messageBody":"","fileTypesAndContributionMap":{"functional-code":{"insertions":1,"deletions":1},"docs":{"insertions":111,"deletions":56}}},{"hash":"3d6d504f0e43aefd0009b8a7a7525302c03d2b13","messageTitle":"Update README.md","messageBody":"","fileTypesAndContributionMap":{"docs":{"insertions":7,"deletions":1}}},{"hash":"fe1701c11e69c8b3e8716305d3035eeefd23e2b6","messageTitle":"Update README.md","messageBody":"","fileTypesAndContributionMap":{"docs":{"insertions":1,"deletions":2}}},{"hash":"2feaf2319745a578ec893f08d8fcdb21fb87b1bd","messageTitle":"Update README.md","messageBody":"","fileTypesAndContributionMap":{"docs":{"insertions":6,"deletions":4}}},{"hash":"d0f4bfea39cd9b4c5730c78fe278482cb00c21df","messageTitle":"Update UserGuide.md","messageBody":"","fileTypesAndContributionMap":{"docs":{"insertions":138,"deletions":145}}},{"hash":"dff9fdaeb08e8b04c531cbe2a635f04ab3d93560","messageTitle":"Update UserGuide.md","messageBody":"","fileTypesAndContributionMap":{"docs":{"insertions":1,"deletions":0}}},{"hash":"a8712a5ac9d79d8354d081064149c1bb2ba2e323","messageTitle":"Update UserGuide.md","messageBody":"","fileTypesAndContributionMap":{"docs":{"insertions":2,"deletions":2}}},{"hash":"d941f53993150854e91a59b2c543ac534df8b3a1","messageTitle":"Update UserGuide.md","messageBody":"","fileTypesAndContributionMap":{"docs":{"insertions":1,"deletions":1}}},{"hash":"48f1631389b0ccec5e41bf4ea722807d3901a51f","messageTitle":"Update UserGuide.md","messageBody":"","fileTypesAndContributionMap":{"docs":{"insertions":2,"deletions":2}}},{"hash":"5d927023354fd36046341c19f1517379d506cc58","messageTitle":"Update UserGuide.md","messageBody":"","fileTypesAndContributionMap":{"docs":{"insertions":53,"deletions":34}}},{"hash":"bd5b89a8dc666d386368dffa48b80520621dc21c","messageTitle":"Update UserGuide.md","messageBody":"","fileTypesAndContributionMap":{"docs":{"insertions":4,"deletions":4}}},{"hash":"3e41a1b624ef3d7fe81df6680fba3224f2b4db01","messageTitle":"Update UserGuide.md","messageBody":"","fileTypesAndContributionMap":{"docs":{"insertions":4,"deletions":1}}},{"hash":"24a40aab6fc98e64b490abb751573bcf082fd39d","messageTitle":"Update AboutUs.md","messageBody":"","fileTypesAndContributionMap":{"docs":{"insertions":4,"deletions":1}}},{"hash":"39e14cf9ee776d22865a29fa11f369511b569eda","messageTitle":"Update AboutUs.md","messageBody":"","fileTypesAndContributionMap":{"docs":{"insertions":1,"deletions":1}}},{"hash":"d92647f8b9ae5a88e7a9eddde991973860d27d61","messageTitle":"Update DeveloperGuide.md","messageBody":"","fileTypesAndContributionMap":{"docs":{"insertions":1,"deletions":0}}},{"hash":"db71d4b15b9aff6e2d6f7e48b012352d578df608","messageTitle":"Update AboutUs.md","messageBody":"","fileTypesAndContributionMap":{"docs":{"insertions":1,"deletions":1}}},{"hash":"15723523df9b990e47edc183baf13e7385756010","messageTitle":"Update UserGuide.md","messageBody":"","fileTypesAndContributionMap":{"docs":{"insertions":8,"deletions":7}}},{"hash":"53c43146156d7f1c7608d80ff8fff2823bd95640","messageTitle":"Remove tests related to removed AB3 commands","messageBody":"","fileTypesAndContributionMap":{"functional-code":{"insertions":24,"deletions":33},"other":{"insertions":4,"deletions":4},"test-code":{"insertions":8,"deletions":35}}}]},{"date":"2021-04-05","commitResults":[{"hash":"c5f72c33ac33abdbb2101cf4c98e6520dd402f73","messageTitle":"Refactor tests and remove AB3 tests","messageBody":"","fileTypesAndContributionMap":{"functional-code":{"insertions":17,"deletions":226},"test-code":{"insertions":8,"deletions":613}}},{"hash":"5a3e8c0966b1bc79f71ca9a0b6b56419189666ad","messageTitle":"Update UserGuide.md","messageBody":"","fileTypesAndContributionMap":{"docs":{"insertions":1,"deletions":1}}},{"hash":"d0ee6ac7858ccae11fc6c69cf5ef032b1d967ee3","messageTitle":"Update index.md","messageBody":"","fileTypesAndContributionMap":{"docs":{"insertions":1,"deletions":1}}},{"hash":"02deb5a19a7bfc6505c87a7a4edb1dbaece63f9f","messageTitle":"Update index.md","messageBody":"","fileTypesAndContributionMap":{"docs":{"insertions":1,"deletions":1}}},{"hash":"f0e7a312f606600e777ffbe075dbd667d06ed05d","messageTitle":"Update index.md","messageBody":"","fileTypesAndContributionMap":{"docs":{"insertions":1,"deletions":0}}},{"hash":"4f9c97fc988400c62cca7d669821afa39e333760","messageTitle":"Update README.md","messageBody":"","fileTypesAndContributionMap":{"docs":{"insertions":2,"deletions":0}}},{"hash":"2dcc0ac2ad83fc099e2e8ec990d34b43561bcee6","messageTitle":"Update UserGuide.md","messageBody":"","fileTypesAndContributionMap":{"docs":{"insertions":10,"deletions":10}}},{"hash":"8ee839abbe96b594abbff1af672d11adab270f68","messageTitle":"Allow apostrophe and hyphens in venue","messageBody":"","fileTypesAndContributionMap":{"functional-code":{"insertions":1,"deletions":1}}}]},{"date":"2021-04-06","commitResults":[{"hash":"9e72b15cb4b6787c53c53f5627f23ed465049eef","messageTitle":"Add PPP","messageBody":"","fileTypesAndContributionMap":{"docs":{"insertions":37,"deletions":0}}},{"hash":"45d08c8ea7238b6d0ed4a5005ee2c33925ac2bf0","messageTitle":"Add tests for PromptAddVenueCommand","messageBody":"","fileTypesAndContributionMap":{"functional-code":{"insertions":15,"deletions":35},"other":{"insertions":7,"deletions":7},"test-code":{"insertions":171,"deletions":33}}},{"hash":"4d802230b58308f81be3c9d0f4664255bb8dced1","messageTitle":"Add tests for add venue parser","messageBody":"","fileTypesAndContributionMap":{"functional-code":{"insertions":172,"deletions":177},"other":{"insertions":1,"deletions":1},"docs":{"insertions":1,"deletions":1},"test-code":{"insertions":173,"deletions":6}}},{"hash":"ce330cf23a7f7abbed1b86c0272b7ab48b2626ca","messageTitle":"Add tests and refactor multi step add person","messageBody":"","fileTypesAndContributionMap":{"functional-code":{"insertions":183,"deletions":155},"other":{"insertions":9,"deletions":6},"test-code":{"insertions":338,"deletions":0}}}]},{"date":"2021-04-07","commitResults":[{"hash":"d3a247a2bcf540f02d17c499b90af70fa9f95213","messageTitle":"Update README.md","messageBody":"","fileTypesAndContributionMap":{"docs":{"insertions":0,"deletions":1}}}]},{"date":"2021-04-11","commitResults":[{"hash":"85afde74f4be9f4848444a4b847db5ec7d097c2e","messageTitle":"Add tests for booking parser","messageBody":"","fileTypesAndContributionMap":{"other":{"insertions":0,"deletions":0}}},{"hash":"a679363a65187507afd850f01d62a75035c0ee07","messageTitle":"Add tests for booking parser","messageBody":"","fileTypesAndContributionMap":{"functional-code":{"insertions":178,"deletions":132},"docs":{"insertions":29,"deletions":12},"test-code":{"insertions":353,"deletions":93}}}]}],"NiniJiaying":[{"date":"2021-02-27","commitResults":[{"hash":"af267dbd30c214c97d7ea0f329c635b71b9ec25d","messageTitle":"Update UserGuide.md","messageBody":"","fileTypesAndContributionMap":{"docs":{"insertions":58,"deletions":92}}}]},{"date":"2021-03-08","commitResults":[{"hash":"dd5cfbed13c9e680c0ddabf0f4bc8425ed8365e4","messageTitle":"Change keyword \"add\" to \"create\"","messageBody":"","fileTypesAndContributionMap":{"docs":{"insertions":8,"deletions":8}}}]},{"date":"2021-03-09","commitResults":[{"hash":"fed3f89d63a7bbe364b747816d064c612775952a","messageTitle":"Implement create booking","messageBody":"","fileTypesAndContributionMap":{"functional-code":{"insertions":291,"deletions":34},"test-code":{"insertions":194,"deletions":194}}},{"hash":"2c16984d00c74fe9b4347f0d4a693930528db2a8","messageTitle":"Create AddBookingCommand and AddBookingCommandParser for creating bookings","messageBody":"","fileTypesAndContributionMap":{"functional-code":{"insertions":175,"deletions":112}}}]},{"date":"2021-03-10","commitResults":[{"hash":"da3a66ebbaa2b3d863afdfd1e3bdb8fb99feeb8b","messageTitle":"no message","messageBody":"","fileTypesAndContributionMap":{"functional-code":{"insertions":1,"deletions":21}}},{"hash":"8ffc17b524c2be046c84709980777839c94b56dc","messageTitle":"no message","messageBody":"","fileTypesAndContributionMap":{"functional-code":{"insertions":6,"deletions":21}}},{"hash":"33f4585379e38a2a3f321f2428e01c09684fe4e2","messageTitle":"Fix checkstyle error","messageBody":"","fileTypesAndContributionMap":{"functional-code":{"insertions":6,"deletions":6}}},{"hash":"e4cb4d39a7102b33da5ef720c1acf1d792416b31","messageTitle":"no message","messageBody":"","fileTypesAndContributionMap":{"test-code":{"insertions":6,"deletions":0}}},{"hash":"11a9192152169095afd41de1c01b687e0786dbab","messageTitle":"no message","messageBody":"","fileTypesAndContributionMap":{"functional-code":{"insertions":2,"deletions":1}}}]},{"date":"2021-03-14","commitResults":[{"hash":"e95c68c2695cb86c8865a1d7a01e2d51c0bda3cd","messageTitle":"Change gradle package","messageBody":"","fileTypesAndContributionMap":{"other":{"insertions":1,"deletions":1}}},{"hash":"e3d9e538bb85daa6f287135c0aaebd12d1a32ce1","messageTitle":"Resolve issue \"Could not initialize class org.codehaus.groovy.reflection.ReflectionCache\"","messageBody":"","fileTypesAndContributionMap":{"other":{"insertions":1,"deletions":1}}}]},{"date":"2021-03-15","commitResults":[{"hash":"687762e6cec5d9c89364fad489cf344f5b59690a","messageTitle":"Remove all address and tag related fileds","messageBody":"","fileTypesAndContributionMap":{"functional-code":{"insertions":23,"deletions":627},"docs":{"insertions":0,"deletions":1},"test-code":{"insertions":22,"deletions":394}}},{"hash":"68227965777411fbc6951c098fb37c45d6e7fc90","messageTitle":"Use random number as BookingId","messageBody":"","fileTypesAndContributionMap":{"functional-code":{"insertions":2,"deletions":2}}},{"hash":"4aea86a117fe554e6ba455f316e1cabced0c2f3e","messageTitle":"Throw exception for invalid booking time","messageBody":"","fileTypesAndContributionMap":{"functional-code":{"insertions":16,"deletions":4}}},{"hash":"69a6bbc2d4cfc027be3696cd0ce962d239ce8d6d","messageTitle":"Create a separate folder for venue","messageBody":"","fileTypesAndContributionMap":{"functional-code":{"insertions":281,"deletions":11},"test-code":{"insertions":3,"deletions":3}}},{"hash":"0ed4783a0ee77c87ea9185f4f0f376476c30cb97","messageTitle":"Amend style errors","messageBody":"","fileTypesAndContributionMap":{"functional-code":{"insertions":9,"deletions":24},"other":{"insertions":1,"deletions":1},"test-code":{"insertions":21,"deletions":48}}},{"hash":"bdb93199b66a0d23a7f9cd5fc48e74bce7b312bb","messageTitle":"Edit tests","messageBody":"","fileTypesAndContributionMap":{"test-code":{"insertions":15,"deletions":102}}},{"hash":"76275addea2d37ea1dcd41ebef9d13fc3da1ec5f","messageTitle":"Use Person in Booking and check if the person exists","messageBody":"","fileTypesAndContributionMap":{"functional-code":{"insertions":30,"deletions":18},"test-code":{"insertions":6,"deletions":5}}},{"hash":"51bba4ef0d2b4908af435e274fdcea9c98ee43e3","messageTitle":"Remove two tests","messageBody":"","fileTypesAndContributionMap":{"test-code":{"insertions":0,"deletions":31}}},{"hash":"b4a070c0636b56fe6077fa5bcd75156582cc6eb1","messageTitle":"Rename AddBooking to CreateBooking and AddVenue to CreateVenue","messageBody":"","fileTypesAndContributionMap":{"functional-code":{"insertions":6,"deletions":6},"other":{"insertions":19,"deletions":20}}}]},{"date":"2021-03-16","commitResults":[{"hash":"2aecfdd1e30dde131785c252a57d98ae1d16029d","messageTitle":"Fix merge conflicts","messageBody":"","fileTypesAndContributionMap":{"functional-code":{"insertions":1,"deletions":1},"other":{"insertions":16,"deletions":16},"test-code":{"insertions":5,"deletions":3}}},{"hash":"496ad0a0f4ddbac70dd4940c431f88559861f33c","messageTitle":"Implement JsonAdaptedBooking.java","messageBody":"","fileTypesAndContributionMap":{"functional-code":{"insertions":106,"deletions":0}}},{"hash":"2288c32baa776dfa51fa6d1ff558905b3349514b","messageTitle":"Fix merge conflicts","messageBody":"","fileTypesAndContributionMap":{"functional-code":{"insertions":9,"deletions":18},"test-code":{"insertions":6,"deletions":4}}}]},{"date":"2021-03-17","commitResults":[{"hash":"e35c5429cb630c8560b4599d7edd1d38e4277af0","messageTitle":"Remove auto clear content in CommandBox.java","messageBody":"","fileTypesAndContributionMap":{"functional-code":{"insertions":0,"deletions":1}}}]},{"date":"2021-03-22","commitResults":[{"hash":"c200c3f06c31565ae2d6f9ba5d41c4c99b1abcc0","messageTitle":"Create Description, StartTime, EndTime, Id class.","messageBody":"","fileTypesAndContributionMap":{"functional-code":{"insertions":247,"deletions":54},"test-code":{"insertions":22,"deletions":16}}},{"hash":"f723344bee711f57f30ced5fb2376c52ffaead42","messageTitle":"Change property of id, bookingStart and bookingEnd","messageBody":"","fileTypesAndContributionMap":{"functional-code":{"insertions":33,"deletions":30}}}]},{"date":"2021-03-23","commitResults":[{"hash":"6b28546fb0872041a42f4691012471f4b998e90d","messageTitle":"Add booking component in JsonSerializableBookingSystem","messageBody":"","fileTypesAndContributionMap":{"functional-code":{"insertions":54,"deletions":37},"test-code":{"insertions":4,"deletions":4}}},{"hash":"e68bf45eacec5e7b1f74086571947ca2a5201e6d","messageTitle":"Fix check style issues","messageBody":"","fileTypesAndContributionMap":{"functional-code":{"insertions":4,"deletions":21},"test-code":{"insertions":34,"deletions":28}}},{"hash":"602dde440e5d29b20985b6a3139c9b8846ef8347","messageTitle":"Remove booking component from JsonSerializableBookingSystem","messageBody":"","fileTypesAndContributionMap":{"functional-code":{"insertions":20,"deletions":18}}},{"hash":"afcfb9591b50ac507ce6d308ec51cbbf4b6eb6b5","messageTitle":"Remove unused import","messageBody":"","fileTypesAndContributionMap":{"functional-code":{"insertions":0,"deletions":1}}}]},{"date":"2021-03-24","commitResults":[{"hash":"e9cfdba6857aa1e5d845189da0948929c6d15732","messageTitle":"Update developer guide","messageBody":"","fileTypesAndContributionMap":{"docs":{"insertions":84,"deletions":16}}},{"hash":"1eac2f8e34b509fa5a60cd6282450bd85873dcf0","messageTitle":"Modify Booking Class implementation and create_booking command","messageBody":"","fileTypesAndContributionMap":{"functional-code":{"insertions":158,"deletions":77}}},{"hash":"b4ddbd625de1506ac61aab394bf61c2e3eda2a6c","messageTitle":"Fix format of LocalDateFormat fields","messageBody":"","fileTypesAndContributionMap":{"functional-code":{"insertions":6,"deletions":2}}},{"hash":"f56597ae2acc5c59d4fb1e5216ab862cefcac5d5","messageTitle":"Fix list_booking command and booking-related storage issues.","messageBody":"","fileTypesAndContributionMap":{"functional-code":{"insertions":46,"deletions":33}}},{"hash":"a57a35127d80e2e37f0d29e7e3dd4335813a09ef","messageTitle":"Implement edit_booking command","messageBody":"","fileTypesAndContributionMap":{"functional-code":{"insertions":386,"deletions":24},"test-code":{"insertions":15,"deletions":13}}},{"hash":"e47632f26bc4daf0c95b55c2d5da4715971c1931","messageTitle":"Fix check coverage issues","messageBody":"","fileTypesAndContributionMap":{"functional-code":{"insertions":8,"deletions":7},"test-code":{"insertions":95,"deletions":17}}},{"hash":"0a88c7c542ae5cda435da16051b8f04c5e0fde63","messageTitle":"Fix CheckStyle issues","messageBody":"","fileTypesAndContributionMap":{"test-code":{"insertions":11,"deletions":5}}},{"hash":"2714c35e2f14fb723c56dae126aaccef938615f1","messageTitle":"Fix check style issues in test files","messageBody":"","fileTypesAndContributionMap":{"test-code":{"insertions":0,"deletions":4}}}]},{"date":"2021-03-27","commitResults":[{"hash":"a0b2fbae9eefefd4ccb3707f7c0f23922d92d456","messageTitle":"Create test for CreateBookingCommand","messageBody":"","fileTypesAndContributionMap":{"test-code":{"insertions":437,"deletions":5}}},{"hash":"00f863e9fa7fe6923e279deb58acc2ea641d66df","messageTitle":"Restore AddCommandParserTest","messageBody":"","fileTypesAndContributionMap":{"functional-code":{"insertions":0,"deletions":20},"test-code":{"insertions":120,"deletions":0}}}]},{"date":"2021-03-29","commitResults":[{"hash":"be5d344311515d4a5721c630fe9c7d000a958e46","messageTitle":"Add Person in Booking and update AddBookingCommand to store a Person object in Booking","messageBody":"","fileTypesAndContributionMap":{"functional-code":{"insertions":47,"deletions":3}}},{"hash":"9c0a5ce1155b80c6352432f6cadff6f1fbc8788d","messageTitle":"Check booking validity in EditBookingCommand","messageBody":"","fileTypesAndContributionMap":{"functional-code":{"insertions":21,"deletions":2}}}]},{"date":"2021-03-30","commitResults":[{"hash":"ed802096ae467d1c1ba43f12cd243ca85ea9df7a","messageTitle":"Keep BookingID unchanged in EditBookingCommand","messageBody":"","fileTypesAndContributionMap":{"functional-code":{"insertions":2,"deletions":5}}},{"hash":"b0bbc65f906e377bf4f53f6e0ae334b56ccdf3e6","messageTitle":"Get VenueName updated in Bookings in storage","messageBody":"","fileTypesAndContributionMap":{"functional-code":{"insertions":27,"deletions":2}}},{"hash":"ce2fa5b73366c82a982013cd850ac98726f3b20e","messageTitle":"Get Person updated in bookings in storage","messageBody":"","fileTypesAndContributionMap":{"functional-code":{"insertions":35,"deletions":39}}},{"hash":"9d671a7c3bd54e0dd41950a3201bb3a76c8500c0","messageTitle":"Rename CreateBookingCommandParser and CreateVenueCommandParser","messageBody":"","fileTypesAndContributionMap":{"functional-code":{"insertions":4,"deletions":4},"other":{"insertions":2,"deletions":2},"test-code":{"insertions":1,"deletions":1}}},{"hash":"af5cab489040e69a9466c7085e7a95b5b1ec0096","messageTitle":"Add check for overlapping bookings in AddBookingCommand","messageBody":"","fileTypesAndContributionMap":{"functional-code":{"insertions":23,"deletions":2}}},{"hash":"b0eadd5ee237ec1e871f38cbfe8447e41d04dd60","messageTitle":"Fix syntax error","messageBody":"","fileTypesAndContributionMap":{"functional-code":{"insertions":43,"deletions":11},"test-code":{"insertions":30,"deletions":0}}},{"hash":"41eb27dc5fcff26414088d722f462094b25b6e21","messageTitle":"Fix error is booking overlap message display","messageBody":"","fileTypesAndContributionMap":{"functional-code":{"insertions":26,"deletions":7},"other":{"insertions":1,"deletions":1}}},{"hash":"846c01b3ce74c209b22c8e637095b1038b79cdc0","messageTitle":"Fix check style issue","messageBody":"","fileTypesAndContributionMap":{"functional-code":{"insertions":2,"deletions":1}}},{"hash":"ca9f37be48d70bc409fdb5ee84b60515e2879d55","messageTitle":"Change CreateVenueCommandParserTest to AddVenueCommandParserTest","messageBody":"","fileTypesAndContributionMap":{"test-code":{"insertions":1,"deletions":1}}}]},{"date":"2021-03-31","commitResults":[{"hash":"6626c9c9bee65b7326b088fbb66ca2adead848d3","messageTitle":"Edit BookingBuilder","messageBody":"","fileTypesAndContributionMap":{"other":{"insertions":0,"deletions":0},"test-code":{"insertions":26,"deletions":24}}},{"hash":"1cc278bc92204e629ef4917e797d03cbfa4875b5","messageTitle":"Update DeveloperGuide","messageBody":"","fileTypesAndContributionMap":{"docs":{"insertions":11,"deletions":1}}},{"hash":"c95389ef801c3d789e5f99069ebc0f2dfe8027f6","messageTitle":"Edit AddBookingCommandTest to adapt to the changes in the BookingBuilder","messageBody":"","fileTypesAndContributionMap":{"functional-code":{"insertions":7,"deletions":6},"test-code":{"insertions":179,"deletions":159}}},{"hash":"153b8d1f6267f1e0fb01bef22a00f0893e724956","messageTitle":"Add AddBookingCommandParserTest","messageBody":"","fileTypesAndContributionMap":{"test-code":{"insertions":159,"deletions":103}}},{"hash":"a348eebbfed8b5d162503c4250c3ae6d965629b6","messageTitle":"Update booking tests with tag implementation","messageBody":"","fileTypesAndContributionMap":{"test-code":{"insertions":65,"deletions":74}}},{"hash":"0399ad80f2d7d6a69ec16819f3e76db328dfd743","messageTitle":"Fix check coverage errors","messageBody":"","fileTypesAndContributionMap":{"test-code":{"insertions":19,"deletions":8}}},{"hash":"be2dd5d748448bc86dc1c5ba9ec9ad331d56e345","messageTitle":"Add function getTypicalBookingStstem to TypicalBookings","messageBody":"","fileTypesAndContributionMap":{"test-code":{"insertions":33,"deletions":4}}},{"hash":"259f662675dead1044828ad3700e09b001ff3648","messageTitle":"Fix check coverage errors","messageBody":"","fileTypesAndContributionMap":{"test-code":{"insertions":2,"deletions":3}}}]},{"date":"2021-04-01","commitResults":[{"hash":"cdc63d25f63e671d901f484754d001f07a673890","messageTitle":"Merge branch \u0027master\u0027 of https://github.com/AY2021S2-CS2103-W17-3/tp into add-testing","messageBody":"* \u0027master\u0027 of https://github.com/AY2021S2-CS2103-W17-3/tp:\n  Add to developer guide\n  Modify display message for multistep command\n  Modify tag parsing method\n  Add multi-step command for add venue command\n  Fix coding style issues\n\n# Conflicts:\n#\tsrc/main/java/seedu/booking/commons/core/Messages.java\n#\tsrc/main/java/seedu/booking/logic/commands/BookingDescPromptCommand.java\n#\tsrc/main/java/seedu/booking/logic/commands/BookingEndPromptCommand.java\n#\tsrc/main/java/seedu/booking/logic/commands/BookingStartPromptCommand.java\n#\tsrc/main/java/seedu/booking/logic/commands/BookingTagPromptCommand.java\n#\tsrc/main/java/seedu/booking/logic/commands/EmailPromptCommand.java\n#\tsrc/main/java/seedu/booking/logic/commands/PromptBookingDescCommand.java\n#\tsrc/main/java/seedu/booking/logic/commands/PromptBookingEmailCommand.java\n#\tsrc/main/java/seedu/booking/logic/commands/PromptBookingEndCommand.java\n#\tsrc/main/java/seedu/booking/logic/commands/PromptBookingStartCommand.java\n#\tsrc/main/java/seedu/booking/logic/commands/PromptBookingTagsCommand.java\n#\tsrc/main/java/seedu/booking/logic/commands/PromptBookingVenueCommand.java\n#\tsrc/main/java/seedu/booking/logic/commands/VenueNamePromptCommand.java\n#\tsrc/main/java/seedu/booking/logic/commands/booking/BookingDescPromptCommand.java\n#\tsrc/main/java/seedu/booking/logic/commands/booking/BookingEmailPromptCommand.java\n#\tsrc/main/java/seedu/booking/logic/commands/booking/BookingEndPromptCommand.java\n#\tsrc/main/java/seedu/booking/logic/commands/booking/BookingStartPromptCommand.java\n#\tsrc/main/java/seedu/booking/logic/commands/booking/BookingTagPromptCommand.java\n#\tsrc/main/java/seedu/booking/logic/commands/booking/VenueNamePromptCommand.java\n#\tsrc/main/java/seedu/booking/logic/parser/BookingSystemParser.java\n#\tsrc/main/java/seedu/booking/logic/parser/promptparsers/booking/BookingDescPromptParser.java\n#\tsrc/main/java/seedu/booking/logic/parser/promptparsers/booking/BookingEndPromptParser.java\n#\tsrc/main/java/seedu/booking/logic/parser/promptparsers/booking/BookingStartPromptParser.java\n#\tsrc/main/java/seedu/booking/logic/parser/promptparsers/booking/BookingTagPromptParser.java\n#\tsrc/main/java/seedu/booking/logic/parser/promptparsers/booking/EmailPromptParser.java\n#\tsrc/main/java/seedu/booking/logic/parser/promptparsers/booking/VenueNamePromptParser.java\n","fileTypesAndContributionMap":{"functional-code":{"insertions":398,"deletions":3}}}]},{"date":"2021-04-02","commitResults":[{"hash":"031e37e0b9d3d3c6c7bc120c5cefbd1295767798","messageTitle":"Add termination at the last step of add_person_n","messageBody":"","fileTypesAndContributionMap":{"functional-code":{"insertions":1,"deletions":1}}},{"hash":"d9aeeb69dac525cb15fdc1752dd43f9d74c83589","messageTitle":"Make bookingId 4 digit long","messageBody":"","fileTypesAndContributionMap":{"functional-code":{"insertions":8,"deletions":6},"test-code":{"insertions":8,"deletions":8}}},{"hash":"70ca1202cbdf97765e923819c055c0e3aa371526","messageTitle":"Change booking time format to \"yyyy-MM-dd HH:mm:ss\"","messageBody":"","fileTypesAndContributionMap":{"functional-code":{"insertions":5,"deletions":5},"test-code":{"insertions":21,"deletions":21}}},{"hash":"8fa8521464a3774c64d9d4036b7379f511a5686a","messageTitle":"Update edit_person command with tag","messageBody":"","fileTypesAndContributionMap":{"functional-code":{"insertions":52,"deletions":5},"test-code":{"insertions":23,"deletions":3}}},{"hash":"a2ae8484c0babd028a15be2825118541ee3703c8","messageTitle":"Fix check style error","messageBody":"","fileTypesAndContributionMap":{"functional-code":{"insertions":0,"deletions":1}}},{"hash":"6d19bb841f9053b98bb37d7f6202251c63dbfaca","messageTitle":"Update UserGuide","messageBody":"","fileTypesAndContributionMap":{"docs":{"insertions":7,"deletions":6}}},{"hash":"b90af8443f98cb0f4ae7758ef69c62e40eefee62","messageTitle":"Update command word for add_person","messageBody":"","fileTypesAndContributionMap":{"functional-code":{"insertions":2,"deletions":2},"docs":{"insertions":1,"deletions":1}}},{"hash":"4eb2279e2349780e3b13c1a3be2a6e91b1e04562","messageTitle":"no message","messageBody":"","fileTypesAndContributionMap":{"functional-code":{"insertions":1,"deletions":0}}}]},{"date":"2021-04-03","commitResults":[{"hash":"88bdba013f57925323660279183b7d1b2ffc35d9","messageTitle":"Update prompt message","messageBody":"","fileTypesAndContributionMap":{"functional-code":{"insertions":6,"deletions":6}}},{"hash":"a9f3faba60f4cb46c3431e2226a8a011b9c89a60","messageTitle":"Implement check is_valid_time and is_overlapping in add_booking","messageBody":"","fileTypesAndContributionMap":{"functional-code":{"insertions":23,"deletions":12}}},{"hash":"afb16778d59cac06b34b96fdcd4ef3a8239ce3ea","messageTitle":"Fix checking for edit_booking command, add tag in edit_booking","messageBody":"","fileTypesAndContributionMap":{"functional-code":{"insertions":7,"deletions":11}}},{"hash":"c7c2b9ab585cf0cb731f6228ac275da5e127e457","messageTitle":"Make VenueName comparison case in-sensitive","messageBody":"","fileTypesAndContributionMap":{"functional-code":{"insertions":3,"deletions":1}}},{"hash":"f867c9a842f23768a96230262013dffa88633226","messageTitle":"Change Name Java Regex validation","messageBody":"","fileTypesAndContributionMap":{"functional-code":{"insertions":2,"deletions":2}}},{"hash":"98f886a9cae30abdaf363d642c6fc9bcf3cf5d2b","messageTitle":"Display venue name in booking card","messageBody":"","fileTypesAndContributionMap":{"functional-code":{"insertions":1,"deletions":1}}},{"hash":"3d1ea4799d806d5670479c5357f3663d4566e6a4","messageTitle":"Change prefix of booker email to e/","messageBody":"","fileTypesAndContributionMap":{"functional-code":{"insertions":17,"deletions":18},"test-code":{"insertions":3,"deletions":3}}},{"hash":"5b51f121695d5566427fb051adf21b6fa472f931","messageTitle":"Remove BookingId in edit_Booking command","messageBody":"","fileTypesAndContributionMap":{"functional-code":{"insertions":84,"deletions":46}}},{"hash":"a63ef328166548fba8658e6b731bc2d4ce315fa4","messageTitle":"Remove Booking id from delete_booking","messageBody":"","fileTypesAndContributionMap":{"functional-code":{"insertions":39,"deletions":48}}},{"hash":"2e6f92360606c8b165eafb5db1e250aea9683492","messageTitle":"Update tests","messageBody":"","fileTypesAndContributionMap":{"functional-code":{"insertions":6,"deletions":4},"test-code":{"insertions":53,"deletions":40}}},{"hash":"193bc842b2931bc9cba568424867767b1f423527","messageTitle":"Fix check style error","messageBody":"","fileTypesAndContributionMap":{"functional-code":{"insertions":17,"deletions":44},"test-code":{"insertions":1,"deletions":9}}}]},{"date":"2021-04-04","commitResults":[{"hash":"6c0ff3d8add04716128047a61552415d767ea9c1","messageTitle":"Make VenueName and Email comparison case insensitive","messageBody":"","fileTypesAndContributionMap":{"functional-code":{"insertions":8,"deletions":2}}}]},{"date":"2021-04-05","commitResults":[{"hash":"b6ab426d06fd2a46b31ff617ea97ae95be60de3a","messageTitle":"Update isOverlapping method in Booking class","messageBody":"","fileTypesAndContributionMap":{"functional-code":{"insertions":3,"deletions":8}}}]},{"date":"2021-04-06","commitResults":[{"hash":"d2c501d97b836d35ed418a9b2fe2e5f54921fe75","messageTitle":"Delete Booking Id class","messageBody":"","fileTypesAndContributionMap":{"functional-code":{"insertions":7,"deletions":251},"docs":{"insertions":7,"deletions":7},"test-code":{"insertions":11,"deletions":224}}},{"hash":"0d26d4d221db989461c8eb755e4842c7ef0b6759","messageTitle":"Add tests for edit_booking command","messageBody":"","fileTypesAndContributionMap":{"test-code":{"insertions":229,"deletions":18}}},{"hash":"894ad39a5dd927cd4de8c5c3825eb3b85d0ec2f3","messageTitle":"Fix check main error","messageBody":"","fileTypesAndContributionMap":{"functional-code":{"insertions":0,"deletions":1},"test-code":{"insertions":1,"deletions":1}}}]},{"date":"2021-04-07","commitResults":[{"hash":"9553a02e0c11893d2137211011ab3b5c295a6980","messageTitle":"Update User Guide and Developer Guide","messageBody":"","fileTypesAndContributionMap":{"functional-code":{"insertions":33,"deletions":23},"docs":{"insertions":30,"deletions":21}}},{"hash":"1af86cbb949c65429510910317d28d1b4ca82434","messageTitle":"Fix add_booking","messageBody":"","fileTypesAndContributionMap":{"functional-code":{"insertions":27,"deletions":4}}},{"hash":"327be1f0ab32872f1ba08fcf6a0103b26501204a","messageTitle":"Fix tests","messageBody":"","fileTypesAndContributionMap":{"functional-code":{"insertions":17,"deletions":7},"test-code":{"insertions":21,"deletions":13}}},{"hash":"41f7f2352410d354021f3aceebf1609d5b3965e1","messageTitle":"Fix add_booking test","messageBody":"","fileTypesAndContributionMap":{"functional-code":{"insertions":95,"deletions":8},"test-code":{"insertions":19,"deletions":6}}},{"hash":"5a8dc5148039a4e205df45535354100e5d799254","messageTitle":"Update Developer Guide","messageBody":"","fileTypesAndContributionMap":{"docs":{"insertions":5,"deletions":5},"test-code":{"insertions":4,"deletions":0}}},{"hash":"990c884277f65a9e95ab18ab8444e20bf6c50a3b","messageTitle":"no message","messageBody":"","fileTypesAndContributionMap":{"test-code":{"insertions":0,"deletions":4}}},{"hash":"085e4921e864ae2ab47338406773f59de0f3f489","messageTitle":"Update ppp","messageBody":"","fileTypesAndContributionMap":{"docs":{"insertions":47,"deletions":2}}},{"hash":"964e5b540cbac454e305f10edd5ae108b33fa5c6","messageTitle":"Fix style error","messageBody":"","fileTypesAndContributionMap":{"docs":{"insertions":2,"deletions":4}}}]},{"date":"2021-04-09","commitResults":[{"hash":"23966a2af9741e68fe1ce89037aba22454af3a73","messageTitle":"Add full stops to the end of error messages","messageBody":"","fileTypesAndContributionMap":{"functional-code":{"insertions":7,"deletions":7}}},{"hash":"6c083d5ded3aeba505328053773c2e84073bfe8d","messageTitle":"Update displayed message","messageBody":"","fileTypesAndContributionMap":{"functional-code":{"insertions":14,"deletions":8}}}]},{"date":"2021-04-10","commitResults":[{"hash":"9af11efc4585bc8cf7dbf2df5384795604400f05","messageTitle":"Add tests for edit_booking command","messageBody":"","fileTypesAndContributionMap":{"functional-code":{"insertions":0,"deletions":4},"test-code":{"insertions":92,"deletions":17}}},{"hash":"00183044f0b6b780e74cdcb23573c4917ef0bb51","messageTitle":"Update edit_booking command tests","messageBody":"","fileTypesAndContributionMap":{"test-code":{"insertions":89,"deletions":29}}},{"hash":"ca3287204f91297841236f3e09dba19f872083ee","messageTitle":"Add test for JsonAdaptedBooking","messageBody":"","fileTypesAndContributionMap":{"functional-code":{"insertions":58,"deletions":13},"test-code":{"insertions":127,"deletions":0}}},{"hash":"31b3dd0486d71adc60071b772985b31aa7788406","messageTitle":"Add DeleteBookingCommandParserTest","messageBody":"","fileTypesAndContributionMap":{"test-code":{"insertions":30,"deletions":0}}},{"hash":"f10678f2d738006c490c2f10833add467d0429f1","messageTitle":"Add EditBookingCommandParserTest","messageBody":"","fileTypesAndContributionMap":{"test-code":{"insertions":223,"deletions":3}}}]},{"date":"2021-04-11","commitResults":[{"hash":"c4a3f1b1a7429b3aa2cb72f9f33092a7326afdb5","messageTitle":"Remove outdated class","messageBody":"","fileTypesAndContributionMap":{"functional-code":{"insertions":0,"deletions":29}}}]}],"vvan-essa":[{"date":"2021-02-27","commitResults":[{"hash":"bdd8c427fae9364a85d91ad268dd9e7f3868ea98","messageTitle":"Update developer guide","messageBody":"","fileTypesAndContributionMap":{"docs":{"insertions":117,"deletions":11}}},{"hash":"e722ff994e6954eb7f0cd00bb42c3a99cadec495","messageTitle":"Add use cases","messageBody":"","fileTypesAndContributionMap":{"docs":{"insertions":33,"deletions":1}}}]},{"date":"2021-03-02","commitResults":[{"hash":"98628368657f44a75f57c636c587628cf68abb7b","messageTitle":"Update README.md","messageBody":"","fileTypesAndContributionMap":{"docs":{"insertions":1,"deletions":1}}}]},{"date":"2021-03-09","commitResults":[{"hash":"533349618ff82b73f4b918961f43fa88654be792","messageTitle":"Add delete venue command","messageBody":"","fileTypesAndContributionMap":{"functional-code":{"insertions":175,"deletions":13},"test-code":{"insertions":116,"deletions":0}}},{"hash":"449a600c6935f15b48444b70f3bbf5e98a6c2351","messageTitle":"Add newline","messageBody":"","fileTypesAndContributionMap":{"functional-code":{"insertions":2,"deletions":2},"test-code":{"insertions":23,"deletions":5}}},{"hash":"a7c4c37eaa8240341403bbf273ceac747c73bb7a","messageTitle":"Change venue objects to be used in tests","messageBody":"","fileTypesAndContributionMap":{"test-code":{"insertions":1,"deletions":1}}},{"hash":"07eee4d57b9af47b2531ad75fdf698fc4226d6e5","messageTitle":"Update delete venue command","messageBody":"","fileTypesAndContributionMap":{"functional-code":{"insertions":18,"deletions":2},"test-code":{"insertions":11,"deletions":12}}},{"hash":"520382fbdea4998a5bf0d50c2282b85ee691b8d7","messageTitle":"Add javadoc comments","messageBody":"","fileTypesAndContributionMap":{"functional-code":{"insertions":7,"deletions":2}}},{"hash":"0b4c2c23bc0c93ea64ef773a12f4feb5d8cda6bb","messageTitle":"Update delete venue command","messageBody":"","fileTypesAndContributionMap":{"functional-code":{"insertions":0,"deletions":2}}}]},{"date":"2021-03-15","commitResults":[{"hash":"6560b6adb1c827d40e10c8efd09119f44afba327","messageTitle":"Add new find venue command","messageBody":"","fileTypesAndContributionMap":{"functional-code":{"insertions":125,"deletions":1}}},{"hash":"e6c3d956c0513407a5164e484450a1323490db8d","messageTitle":"Add new find booking command","messageBody":"","fileTypesAndContributionMap":{"functional-code":{"insertions":134,"deletions":2}}},{"hash":"f9215120e1c04dcb84b163339e9b98e5cfbb2d35","messageTitle":"Update find booking command","messageBody":"","fileTypesAndContributionMap":{"functional-code":{"insertions":50,"deletions":33},"test-code":{"insertions":170,"deletions":51}}},{"hash":"3c4d168fd4918b1446cd3539b906a2f5530f451d","messageTitle":"Add tests for find_venue command","messageBody":"","fileTypesAndContributionMap":{"functional-code":{"insertions":17,"deletions":13},"test-code":{"insertions":99,"deletions":0}}},{"hash":"9b13fd3eb42557d9d9ee858a2aff4597547f6983","messageTitle":"Update find venue command","messageBody":"","fileTypesAndContributionMap":{"functional-code":{"insertions":3,"deletions":9},"test-code":{"insertions":0,"deletions":8}}},{"hash":"61742c150e6c979e660f30fb0a726d9d983294dc","messageTitle":"Add tests for find_venue command","messageBody":"","fileTypesAndContributionMap":{"test-code":{"insertions":132,"deletions":0}}},{"hash":"5dbbd85608e475bc036816c61c97443852624331","messageTitle":"Update tests for find_booking command","messageBody":"","fileTypesAndContributionMap":{"test-code":{"insertions":77,"deletions":0}}},{"hash":"af38a0533c1c562f2745febaf77fb2edf81d6204","messageTitle":"Add tests for find_booking command","messageBody":"","fileTypesAndContributionMap":{"test-code":{"insertions":164,"deletions":77}}},{"hash":"651163740da23a1eb0b0ea2093381118e1801ba3","messageTitle":"Update tests for find_venue command","messageBody":"","fileTypesAndContributionMap":{"functional-code":{"insertions":9,"deletions":5},"test-code":{"insertions":5,"deletions":15}}},{"hash":"87d5f5d7dd15878d00fd4cb9ded00c080394256d","messageTitle":"Update tests for find_booking command","messageBody":"","fileTypesAndContributionMap":{"test-code":{"insertions":4,"deletions":2}}}]},{"date":"2021-03-16","commitResults":[{"hash":"1473ad0370faa3c20dc0b46158b6badd969dceea","messageTitle":"Update find_venue command","messageBody":"","fileTypesAndContributionMap":{"functional-code":{"insertions":5,"deletions":5},"test-code":{"insertions":22,"deletions":7}}}]},{"date":"2021-03-21","commitResults":[{"hash":"bd2323a698c548ac703bb6c1a8b4dfa82a1aa4b8","messageTitle":"Add venue name class","messageBody":"","fileTypesAndContributionMap":{"functional-code":{"insertions":76,"deletions":13}}},{"hash":"44f6820503b5408ff18139eae38516aceafed6c7","messageTitle":"Add name attribute to venue class","messageBody":"","fileTypesAndContributionMap":{"test-code":{"insertions":11,"deletions":10}}},{"hash":"96c2d2fb851e7fd83d3db4a94cf6d1beb02f5286","messageTitle":"Add tests for venue related classes","messageBody":"","fileTypesAndContributionMap":{"functional-code":{"insertions":71,"deletions":14},"test-code":{"insertions":86,"deletions":16}}},{"hash":"6736d30a5e1ea421ece7af9079621ee3d924908e","messageTitle":"Add newline to end of file","messageBody":"","fileTypesAndContributionMap":{"functional-code":{"insertions":1,"deletions":1}}},{"hash":"7fd5ddba80485c68fc5061229f1fa92495afa56f","messageTitle":"Remove unnecessary import statement","messageBody":"","fileTypesAndContributionMap":{"functional-code":{"insertions":0,"deletions":2}}},{"hash":"be6420deace91333c8d673d1fc4b5d7dee360708","messageTitle":"Add edit venue command","messageBody":"","fileTypesAndContributionMap":{"functional-code":{"insertions":333,"deletions":21}}},{"hash":"22bb082c4ac4b81edee57e6610f9126f393efdf2","messageTitle":"Create class for new edit user command","messageBody":"","fileTypesAndContributionMap":{"functional-code":{"insertions":192,"deletions":0}}},{"hash":"edfc2fc80330b4cf84878ffcfbb0a2cb4285b346","messageTitle":"Update edit venue command","messageBody":"","fileTypesAndContributionMap":{"functional-code":{"insertions":8,"deletions":8},"test-code":{"insertions":469,"deletions":8}}},{"hash":"7bc5f4b0a384e3d260b079079f4b7dec289d26d8","messageTitle":"Update edit person command class","messageBody":"","fileTypesAndContributionMap":{"other":{"insertions":14,"deletions":19}}},{"hash":"cdd6002fe27bff5ed1185fb705bf43dc98206891","messageTitle":"Update edit person command","messageBody":"","fileTypesAndContributionMap":{"functional-code":{"insertions":97,"deletions":10}}},{"hash":"ba0ece5d077fb247672f9622b9be2da59a5b5318","messageTitle":"Add tests for edit person command","messageBody":"","fileTypesAndContributionMap":{"functional-code":{"insertions":10,"deletions":17},"test-code":{"insertions":440,"deletions":0}}},{"hash":"8c7f15245241505152a9f3ba7236f5900449e32d","messageTitle":"Update tests","messageBody":"","fileTypesAndContributionMap":{"functional-code":{"insertions":4,"deletions":24},"test-code":{"insertions":55,"deletions":26}}},{"hash":"cbc4082b044bb1f20a83da99fa12f75c81e225ce","messageTitle":"Add test utilities for edit venue command","messageBody":"","fileTypesAndContributionMap":{"test-code":{"insertions":19,"deletions":10}}},{"hash":"b6ef568fc428687808b8aba2bf29b13eb72c102b","messageTitle":"Add test utilities for edit person command","messageBody":"","fileTypesAndContributionMap":{"test-code":{"insertions":25,"deletions":21}}}]},{"date":"2021-03-22","commitResults":[{"hash":"0fbeea9c27c82c712a78a764b3c75d2c01dc0304","messageTitle":"Clean up test classes","messageBody":"","fileTypesAndContributionMap":{"functional-code":{"insertions":15,"deletions":11},"test-code":{"insertions":85,"deletions":105}}},{"hash":"ec87d1f0e3909c479f25c5be25024eeb8b812fb3","messageTitle":"Add an exception","messageBody":"","fileTypesAndContributionMap":{"functional-code":{"insertions":6,"deletions":3}}},{"hash":"1aff789b1db7a347ea4b8aa0338cf4ae039cb8aa","messageTitle":"Tweak code to adhere to checkstyle","messageBody":"","fileTypesAndContributionMap":{"test-code":{"insertions":4,"deletions":3}}}]},{"date":"2021-03-23","commitResults":[{"hash":"d049f1b66946e3e5491425c969d0788f67de1fcd","messageTitle":"Update developer guide","messageBody":"","fileTypesAndContributionMap":{"docs":{"insertions":22,"deletions":0}}},{"hash":"a6b6e0331f6e43e5538a816bdec70d5ac0d9a9e8","messageTitle":"Enable assertions","messageBody":"","fileTypesAndContributionMap":{"other":{"insertions":4,"deletions":0}}},{"hash":"beb8b0e282e9f798347c2f3ee2bdebad64858a37","messageTitle":"Declare variables with final keyword","messageBody":"","fileTypesAndContributionMap":{"functional-code":{"insertions":2,"deletions":2}}},{"hash":"c85b4d2ed16a8e93d6159967cb00f70f274fc01e","messageTitle":"Update developer guide","messageBody":"","fileTypesAndContributionMap":{"docs":{"insertions":21,"deletions":0}}}]},{"date":"2021-03-28","commitResults":[{"hash":"3907659a7fb7186a81ff49ef0b735fb41d996ec1","messageTitle":"Add new find person command","messageBody":"","fileTypesAndContributionMap":{"functional-code":{"insertions":126,"deletions":1},"test-code":{"insertions":161,"deletions":4}}},{"hash":"abf5812af8b9e6f8b0b4ba9413e2641fff17f0b8","messageTitle":"Revert \"Add new find person command\"","messageBody":"This reverts commit 3907659a7fb7186a81ff49ef0b735fb41d996ec1.\n","fileTypesAndContributionMap":{"functional-code":{"insertions":1,"deletions":126},"test-code":{"insertions":4,"deletions":161}}},{"hash":"3d0ed17400f3f0a4e0a5d1f8e0a485ab89bad78f","messageTitle":"Refactor class names","messageBody":"","fileTypesAndContributionMap":{"functional-code":{"insertions":22,"deletions":23},"other":{"insertions":37,"deletions":37},"test-code":{"insertions":21,"deletions":21}}}]},{"date":"2021-03-29","commitResults":[{"hash":"5210b352868a902b7116ad56860dc96e39a6fa04","messageTitle":"Update user guide","messageBody":"","fileTypesAndContributionMap":{"functional-code":{"insertions":4,"deletions":0},"docs":{"insertions":32,"deletions":13},"test-code":{"insertions":4,"deletions":0}}},{"hash":"7343d4b815a7ff2eebeb8e5a04c6f022b65b68f1","messageTitle":"Update venue name to be case-insensitive","messageBody":"","fileTypesAndContributionMap":{"functional-code":{"insertions":27,"deletions":8}}},{"hash":"e9aeac2b2c0c8486a36aada494a60993d53897ae","messageTitle":"Update person email to be case insensitive","messageBody":"","fileTypesAndContributionMap":{"functional-code":{"insertions":109,"deletions":6}}},{"hash":"7373623d636543e23c79fcfdff4f9f8dddd506d8","messageTitle":"Add tests for person commands","messageBody":"","fileTypesAndContributionMap":{"test-code":{"insertions":147,"deletions":6}}},{"hash":"e5888e0a2910bf26fafc866ddd7de5dda1358502","messageTitle":"Fix import statement ordering","messageBody":"","fileTypesAndContributionMap":{"functional-code":{"insertions":1,"deletions":1}}},{"hash":"dd2315dccbf01f6ecc4a163ba08c35a67f6f0377","messageTitle":"Update venue field as case-insensitive","messageBody":"","fileTypesAndContributionMap":{"functional-code":{"insertions":5,"deletions":5}}},{"hash":"e41ea2ea8380d25fbaaa7961ec2a2aecc9b4fce2","messageTitle":"Update email field as case-insensitive","messageBody":"","fileTypesAndContributionMap":{"functional-code":{"insertions":2,"deletions":4}}}]},{"date":"2021-03-30","commitResults":[{"hash":"85852c157d22e4076101b4fe1562d05be0207f78","messageTitle":"Update person to identify by email","messageBody":"","fileTypesAndContributionMap":{"functional-code":{"insertions":5,"deletions":1},"test-code":{"insertions":2,"deletions":2}}},{"hash":"72cd2c6023f38ae3124a9ec81e6420937b256f49","messageTitle":"Update person to identify by phone","messageBody":"","fileTypesAndContributionMap":{"test-code":{"insertions":16,"deletions":12}}},{"hash":"7fbc8c40baf94384f8c08611c5a315ccf9fde852","messageTitle":"Add missing space","messageBody":"","fileTypesAndContributionMap":{"functional-code":{"insertions":1,"deletions":1}}},{"hash":"c64cdf91ccc3c56204495a3962a7641ef728650f","messageTitle":"Remove unused import","messageBody":"","fileTypesAndContributionMap":{"functional-code":{"insertions":0,"deletions":2}}},{"hash":"0741c731a89f2d75691a4c82db13730a768d28b8","messageTitle":"Resolve merge conflict","messageBody":"","fileTypesAndContributionMap":{"functional-code":{"insertions":123,"deletions":0},"test-code":{"insertions":161,"deletions":4}}}]},{"date":"2021-03-31","commitResults":[{"hash":"f59907be20d080b6740495ecb3cfdc50cb2ce13f","messageTitle":"Update edit person command","messageBody":"","fileTypesAndContributionMap":{"functional-code":{"insertions":39,"deletions":5},"test-code":{"insertions":14,"deletions":2}}},{"hash":"21611b4ad5e6ec834bfdcd9fe2814811de0b64ee","messageTitle":"Fix checkstyle issues","messageBody":"","fileTypesAndContributionMap":{"functional-code":{"insertions":6,"deletions":3}}},{"hash":"77c8fb5384504e50a64906019f6d8c6ae4c66499","messageTitle":"Add filter booking tests","messageBody":"","fileTypesAndContributionMap":{"functional-code":{"insertions":4,"deletions":2},"test-code":{"insertions":237,"deletions":0}}},{"hash":"96378c09d37df36b554d16bb2fe2b0d00c161718","messageTitle":"Update booking tests","messageBody":"","fileTypesAndContributionMap":{"test-code":{"insertions":6,"deletions":0}}},{"hash":"0f1243c6dfa7dd8c6b0e5ccc1bfd7ae459d6d53c","messageTitle":"Add tests for filter bookings","messageBody":"","fileTypesAndContributionMap":{"functional-code":{"insertions":5,"deletions":4},"test-code":{"insertions":161,"deletions":15}}},{"hash":"36aba204f0841cae6afe63ff3b8545877ccdf63e","messageTitle":"Add booking command tests","messageBody":"","fileTypesAndContributionMap":{"functional-code":{"insertions":0,"deletions":3},"test-code":{"insertions":16,"deletions":47}}}]},{"date":"2021-04-01","commitResults":[{"hash":"eff22812ad007487183817df8a841d0242db860e","messageTitle":"Update user guide","messageBody":"","fileTypesAndContributionMap":{"docs":{"insertions":86,"deletions":35}}},{"hash":"56d6a502ff5ff94d707e34555ddffbc5d85b9953","messageTitle":"Update developer guide","messageBody":"","fileTypesAndContributionMap":{"functional-code":{"insertions":1,"deletions":1},"docs":{"insertions":89,"deletions":78}}}]},{"date":"2021-04-02","commitResults":[{"hash":"d91b6813b9b4b02d6359abffce95f574187275a6","messageTitle":"Update developer guide","messageBody":"","fileTypesAndContributionMap":{"docs":{"insertions":82,"deletions":54}}},{"hash":"86f1db906bda7ae8c3fd6d4090758a2942f8f7bc","messageTitle":"Update command classes","messageBody":"","fileTypesAndContributionMap":{"functional-code":{"insertions":8,"deletions":8}}},{"hash":"9949c3ffabe101c569cec3ff7874b15bff86314c","messageTitle":"Update command parser classes","messageBody":"","fileTypesAndContributionMap":{"functional-code":{"insertions":10,"deletions":15}}},{"hash":"c03a277a7b8c73bcd9fc15f264eb67245de9463f","messageTitle":"Update test classes","messageBody":"","fileTypesAndContributionMap":{"functional-code":{"insertions":4,"deletions":7},"test-code":{"insertions":19,"deletions":17}}}]},{"date":"2021-04-03","commitResults":[{"hash":"3e575160d5dfba150c93bd8caf5becc86234ec40","messageTitle":"Add to user guide","messageBody":"","fileTypesAndContributionMap":{"docs":{"insertions":58,"deletions":44},"test-code":{"insertions":3,"deletions":8}}},{"hash":"860fcb9f45b32c2c483d0d52b67af84309599194","messageTitle":"Update find user command","messageBody":"","fileTypesAndContributionMap":{"functional-code":{"insertions":184,"deletions":24}}},{"hash":"309bb56b5bacce8f96b6d10ee1f871178a9df570","messageTitle":"Update find venue command","messageBody":"","fileTypesAndContributionMap":{"functional-code":{"insertions":367,"deletions":145}}},{"hash":"f937ecae6df4915148e04626102a7f14796a70fd","messageTitle":"Add tests for find commands","messageBody":"","fileTypesAndContributionMap":{"test-code":{"insertions":41,"deletions":21}}}]},{"date":"2021-04-04","commitResults":[{"hash":"4626590e6804690d9c6eaf306f8246d8a6b50450","messageTitle":"Update find commands","messageBody":"","fileTypesAndContributionMap":{"functional-code":{"insertions":87,"deletions":44},"other":{"insertions":18,"deletions":18},"test-code":{"insertions":46,"deletions":18}}},{"hash":"4107bca8fdd4713949f208823e8516d539beb1e9","messageTitle":"Add find command tests","messageBody":"","fileTypesAndContributionMap":{"other":{"insertions":8,"deletions":8},"test-code":{"insertions":43,"deletions":25}}},{"hash":"d87f2fa9acf57da6b8359c8705a231f93ba9db1b","messageTitle":"Fix failing tests","messageBody":"","fileTypesAndContributionMap":{"functional-code":{"insertions":3,"deletions":0},"test-code":{"insertions":5,"deletions":7}}},{"hash":"5c8751559d35e32021354a3173989d10d378ec82","messageTitle":"Fix failing venue tests","messageBody":"","fileTypesAndContributionMap":{"test-code":{"insertions":45,"deletions":23}}},{"hash":"cc7af7ae92b745324156ba3eac288bf93a528ed1","messageTitle":"Rename method","messageBody":"","fileTypesAndContributionMap":{"functional-code":{"insertions":5,"deletions":5}}},{"hash":"aef95ed5ffd21a983170d5fb93771c40b63f513c","messageTitle":"Update phone number limit","messageBody":"","fileTypesAndContributionMap":{"functional-code":{"insertions":2,"deletions":2},"test-code":{"insertions":7,"deletions":2}}},{"hash":"9bd31f66676bc14dba0e5217696ccd3eb4786eee","messageTitle":"Fix tests","messageBody":"","fileTypesAndContributionMap":{"test-code":{"insertions":2,"deletions":2}}}]},{"date":"2021-04-05","commitResults":[{"hash":"f1c8732f4fd13d022d5bd5eb8042767e59a17325","messageTitle":"Add ppp","messageBody":"","fileTypesAndContributionMap":{"functional-code":{"insertions":2,"deletions":0},"other":{"insertions":1,"deletions":1},"docs":{"insertions":34,"deletions":0}}},{"hash":"bedf1755135c97f6066e7f588200ef05c87f0a38","messageTitle":"Update find booking command","messageBody":"","fileTypesAndContributionMap":{"functional-code":{"insertions":260,"deletions":84},"test-code":{"insertions":9,"deletions":9}}},{"hash":"05b82d7c1964ed11942792bad0e80b01fcdc157e","messageTitle":"Update tests for find booking","messageBody":"","fileTypesAndContributionMap":{"test-code":{"insertions":77,"deletions":25}}},{"hash":"38b7806d619e3745f0cd7d14ef4cd7e4ca2bdcae","messageTitle":"Update tests","messageBody":"","fileTypesAndContributionMap":{"functional-code":{"insertions":11,"deletions":231},"test-code":{"insertions":5,"deletions":227}}}]},{"date":"2021-04-06","commitResults":[{"hash":"e122a061335a82302b78e8d7639a2fa88ce53cca","messageTitle":"Update contributions in ppp","messageBody":"","fileTypesAndContributionMap":{"other":{"insertions":0,"deletions":0},"docs":{"insertions":12,"deletions":4},"test-code":{"insertions":248,"deletions":0}}},{"hash":"4ebae1880c149526e34398a09998dfd637f66273","messageTitle":"Refactor class names","messageBody":"","fileTypesAndContributionMap":{"functional-code":{"insertions":89,"deletions":73},"test-code":{"insertions":233,"deletions":104}}},{"hash":"04c6dd26ad7b7ca5f60cdc76b93ce3f1dd45b6f0","messageTitle":"Add tests","messageBody":"","fileTypesAndContributionMap":{"test-code":{"insertions":301,"deletions":15}}},{"hash":"1a840a0c0b9a96ec55d60fd2bcef0d4a273ce290","messageTitle":"Remove unused classes","messageBody":"","fileTypesAndContributionMap":{"functional-code":{"insertions":4,"deletions":631},"test-code":{"insertions":0,"deletions":290}}},{"hash":"07aefea3c24ee73e60b60d8cff330a7f2bd37fb6","messageTitle":"Update docs","messageBody":"","fileTypesAndContributionMap":{"docs":{"insertions":19,"deletions":48}}}]},{"date":"2021-04-10","commitResults":[{"hash":"329336cb9108f7ced30eb30c253ce786e89c3e62","messageTitle":"Add an extension to a use case","messageBody":"","fileTypesAndContributionMap":{"docs":{"insertions":11,"deletions":6}}},{"hash":"bd8e53908221ac4e59c32eb9ad70be9bf33b15fa","messageTitle":"Update developer guide","messageBody":"","fileTypesAndContributionMap":{"docs":{"insertions":24,"deletions":52}}},{"hash":"15acafa9954c6ffc901bd89052c09b0f9a158621","messageTitle":"Update user guide","messageBody":"","fileTypesAndContributionMap":{"docs":{"insertions":23,"deletions":9}}},{"hash":"5f001085f6ab131c6678a09949845e8a40b8ff95","messageTitle":"Standardise error messages","messageBody":"","fileTypesAndContributionMap":{"functional-code":{"insertions":30,"deletions":18},"test-code":{"insertions":7,"deletions":6}}},{"hash":"1389e45585c79e660a7f3fc73f7995a5935a4471","messageTitle":"Update developer guide","messageBody":"","fileTypesAndContributionMap":{"docs":{"insertions":11,"deletions":85}}},{"hash":"057d06a8b8770c091a596a2449d66f82d5f35171","messageTitle":"Update user guide","messageBody":"","fileTypesAndContributionMap":{"docs":{"insertions":20,"deletions":16}}},{"hash":"e13a1635cbe9e122c9580b8a85af12986a3dc87e","messageTitle":"Update error messages","messageBody":"","fileTypesAndContributionMap":{"functional-code":{"insertions":3,"deletions":3},"test-code":{"insertions":10,"deletions":6}}}]},{"date":"2021-04-11","commitResults":[{"hash":"960862b64654d512a3dfbb0c696169a1acc42ffb","messageTitle":"Update ppp","messageBody":"","fileTypesAndContributionMap":{"docs":{"insertions":0,"deletions":2}}},{"hash":"a011804be41a2f65e3fbf816e6674b32fe666260","messageTitle":"Update developer guide","messageBody":"","fileTypesAndContributionMap":{"docs":{"insertions":13,"deletions":13}}},{"hash":"967d10d39ba20bbc48e7d31fd8f4ff7a776096de","messageTitle":"Update user guide","messageBody":"","fileTypesAndContributionMap":{"docs":{"insertions":49,"deletions":24}}},{"hash":"da5ccd1042489edb7b619d8c546dd18ed3242cb5","messageTitle":"Update user guide","messageBody":"","fileTypesAndContributionMap":{"docs":{"insertions":6,"deletions":10}}},{"hash":"5d49dc8f48239ba2ed1e2c60149478a9d56c76f9","messageTitle":"Fix error messages","messageBody":"","fileTypesAndContributionMap":{"functional-code":{"insertions":4,"deletions":2}}},{"hash":"6b36e421f0a93e6d042ccff0afa4ae5814eb8f34","messageTitle":"Remove unused exceptions","messageBody":"","fileTypesAndContributionMap":{"functional-code":{"insertions":3,"deletions":9}}}]}],"xuanqi966":[{"date":"2021-02-26","commitResults":[{"hash":"f7dc48a023288a5fd0189b12a290a63f665a8d45","messageTitle":"create-readme","messageBody":"","fileTypesAndContributionMap":{"docs":{"insertions":6,"deletions":9}}}]},{"date":"2021-03-09","commitResults":[{"hash":"b13b8d0fdc60d15cc3375cec707afcf34a759ac1","messageTitle":"Added Command delete_booking","messageBody":"","fileTypesAndContributionMap":{"functional-code":{"insertions":128,"deletions":3},"test-code":{"insertions":7,"deletions":0}}}]},{"date":"2021-03-10","commitResults":[{"hash":"65c546866d02b02fc7d9e7da0a547ae8a38d5d33","messageTitle":"Adjusted whitespaces","messageBody":"","fileTypesAndContributionMap":{"functional-code":{"insertions":19,"deletions":11},"docs":{"insertions":7,"deletions":9}}},{"hash":"fc9f860a48874c41d04864311204f23c49138809","messageTitle":"Modified delete booking","messageBody":"","fileTypesAndContributionMap":{"functional-code":{"insertions":4,"deletions":2}}}]},{"date":"2021-03-15","commitResults":[{"hash":"d3433ff166baa827574879f199ea3cb1fad6fc77","messageTitle":"Fixed bugs in delete_booking; Implemented list_booking and list_venue","messageBody":"","fileTypesAndContributionMap":{"functional-code":{"insertions":184,"deletions":27}}},{"hash":"a8ba2c5f5024a900ea3f2cebd5bb9238a6760a24","messageTitle":"Minor adjustments","messageBody":"","fileTypesAndContributionMap":{"functional-code":{"insertions":2,"deletions":5}}},{"hash":"579bcea5f7542bb6848570b4d70f41b475484a4b","messageTitle":"some errors","messageBody":"","fileTypesAndContributionMap":{"test-code":{"insertions":5,"deletions":0}}}]},{"date":"2021-03-16","commitResults":[{"hash":"c6abca1e9c3d55d0444a4e9104e52a39f1a93ede","messageTitle":"Fix syntax errors","messageBody":"","fileTypesAndContributionMap":{"functional-code":{"insertions":5,"deletions":5}}},{"hash":"4a25ec1eb6553dd083f901988a04fc28ac20a7a7","messageTitle":"Fix conflicts in tests","messageBody":"","fileTypesAndContributionMap":{"test-code":{"insertions":2,"deletions":2}}}]},{"date":"2021-03-22","commitResults":[{"hash":"5f8bda082a36d8615430c78e1b0bf6da26c20931","messageTitle":"Add filter_booking_by_venue command","messageBody":"","fileTypesAndContributionMap":{"functional-code":{"insertions":128,"deletions":0},"other":{"insertions":1,"deletions":1}}},{"hash":"9369648909e19d9166d28d92e80bbebf8aebcf25","messageTitle":"Add filter_booking_by_booker command","messageBody":"","fileTypesAndContributionMap":{"functional-code":{"insertions":123,"deletions":8}}},{"hash":"33979df3bd3a39533fb492d25c57adfd4a224005","messageTitle":"Add filter_booking_by_date command","messageBody":"","fileTypesAndContributionMap":{"functional-code":{"insertions":128,"deletions":2}}},{"hash":"6f75bcabd3c2fae78b84077a17f5ea388f1a53cd","messageTitle":"Fix checkstyle errors","messageBody":"","fileTypesAndContributionMap":{"functional-code":{"insertions":29,"deletions":12}}}]},{"date":"2021-03-23","commitResults":[{"hash":"11949c35a8b63108b383117b2f5bba38d00b2aa7","messageTitle":"Add assertions","messageBody":"","fileTypesAndContributionMap":{"functional-code":{"insertions":18,"deletions":2}}}]},{"date":"2021-03-25","commitResults":[{"hash":"4380166135788e85dc96a3550f9e98eeef56f80e","messageTitle":"Changes to syntax","messageBody":"","fileTypesAndContributionMap":{"functional-code":{"insertions":1,"deletions":0}}},{"hash":"5a98cfe253cdf826d958eb9d64e4fbdab9d24ce6","messageTitle":"Updated dev guide","messageBody":"","fileTypesAndContributionMap":{"docs":{"insertions":52,"deletions":1}}},{"hash":"ae2a132b9f85bb2ee5118a3a5e01cdad9ecd5387","messageTitle":"Add some details to dev guide","messageBody":"","fileTypesAndContributionMap":{"docs":{"insertions":2,"deletions":0}}}]},{"date":"2021-03-29","commitResults":[{"hash":"1729d4b1c2097a2f2c937822d938e2deb1e798da","messageTitle":"Add multi-step prompting","messageBody":"","fileTypesAndContributionMap":{"functional-code":{"insertions":634,"deletions":10},"test-code":{"insertions":105,"deletions":4}}},{"hash":"40d1ff5bf1259f27d84ba31feed69e3c3bccd331","messageTitle":"Resolve access modifiers","messageBody":"","fileTypesAndContributionMap":{"functional-code":{"insertions":81,"deletions":27},"test-code":{"insertions":6,"deletions":4}}},{"hash":"81e1c9f81854c58204da50280496fcccd291acb2","messageTitle":"Fix checkstyle error","messageBody":"","fileTypesAndContributionMap":{"functional-code":{"insertions":0,"deletions":1}}},{"hash":"a1ddbdf20873e6ca88b53e6f1c8fadf32eb1c615","messageTitle":"Fix checkstyle error","messageBody":"","fileTypesAndContributionMap":{"test-code":{"insertions":0,"deletions":27}}}]},{"date":"2021-03-30","commitResults":[{"hash":"33b326e2b4b144a1621deab0f1824f152b1bb460","messageTitle":"fix errors","messageBody":"","fileTypesAndContributionMap":{"functional-code":{"insertions":0,"deletions":5}}}]},{"date":"2021-03-31","commitResults":[{"hash":"aa7a77ea530a2137e29a118fc85226d97a64af52","messageTitle":"Add tag support for add_booking","messageBody":"","fileTypesAndContributionMap":{"functional-code":{"insertions":78,"deletions":8},"docs":{"insertions":41,"deletions":5}}},{"hash":"b59d13bd858556dc007c3c1482b7bb416a6e2414","messageTitle":"Fix filter by booker and fix date formatting","messageBody":"","fileTypesAndContributionMap":{"functional-code":{"insertions":18,"deletions":16},"docs":{"insertions":3,"deletions":3}}}]},{"date":"2021-04-01","commitResults":[{"hash":"601c7445b04807974bfe88c7cfb7835f8b8cfec9","messageTitle":"Make booking tag input optional, add booking time overlapping support","messageBody":"","fileTypesAndContributionMap":{"functional-code":{"insertions":19,"deletions":8}}}]},{"date":"2021-04-02","commitResults":[{"hash":"acb7087bc5ed985aa826b4fd4500aaa39ed85eeb","messageTitle":"add tests for some booking related prompts","messageBody":"","fileTypesAndContributionMap":{"functional-code":{"insertions":94,"deletions":2},"test-code":{"insertions":425,"deletions":3}}},{"hash":"bd1916e8c7e58b821a7abc0a633a2372d4cce94d","messageTitle":"Add tests for all booking related prompt commands, prompt states and promot intermediates","messageBody":"","fileTypesAndContributionMap":{"functional-code":{"insertions":5,"deletions":0},"test-code":{"insertions":238,"deletions":7}}},{"hash":"84326e5e82cd1750dbed4a8e4abf140f0bbd9226","messageTitle":"Fix checkstyle errors","messageBody":"","fileTypesAndContributionMap":{"functional-code":{"insertions":10,"deletions":3},"test-code":{"insertions":32,"deletions":136}}},{"hash":"e0e28f453e276c8b5d729e5b17ee46494704e232","messageTitle":"Changes","messageBody":"","fileTypesAndContributionMap":{"test-code":{"insertions":10,"deletions":18}}},{"hash":"e912f57e3680163c886e33be2d034a81d002f2d7","messageTitle":"Fix test errors","messageBody":"","fileTypesAndContributionMap":{"test-code":{"insertions":9,"deletions":9}}},{"hash":"d7d5a9a1f658d47c88f9c8bd490f9a8a1e3905e7","messageTitle":"Fix error","messageBody":"","fileTypesAndContributionMap":{"test-code":{"insertions":2,"deletions":2}}},{"hash":"6a537097d907d5e2a91889c3c3d571864bc943c0","messageTitle":"Fix errors","messageBody":"","fileTypesAndContributionMap":{"test-code":{"insertions":3,"deletions":79}}},{"hash":"2e7937709fd9081ca3f6f967a0d783d856461775","messageTitle":"Fix errors","messageBody":"","fileTypesAndContributionMap":{"test-code":{"insertions":6,"deletions":0}}},{"hash":"28f8c6b7de4dc00739359e0447ed4552bcef8b7b","messageTitle":"Fix","messageBody":"","fileTypesAndContributionMap":{"test-code":{"insertions":0,"deletions":6}}},{"hash":"9dca87172598d34ed98fd08692a86a025649269c","messageTitle":"Reset states","messageBody":"","fileTypesAndContributionMap":{"functional-code":{"insertions":4,"deletions":0},"test-code":{"insertions":15,"deletions":0}}},{"hash":"f5090c101359d0945c9f062e94b2a5d0e333f5c8","messageTitle":"Fix errors","messageBody":"","fileTypesAndContributionMap":{"test-code":{"insertions":87,"deletions":0}}},{"hash":"914b861af75e5ea03e815dfaaa6b85a0f3f5f803","messageTitle":"Checkstyle error fix","messageBody":"","fileTypesAndContributionMap":{"test-code":{"insertions":1,"deletions":1}}}]},{"date":"2021-04-07","commitResults":[{"hash":"e8ed509c6f431e83c446bc7117ed6161d7be09ee","messageTitle":"Update PPP","messageBody":"","fileTypesAndContributionMap":{"docs":{"insertions":45,"deletions":0}}},{"hash":"f138fcb7d64f0663eb531636007a86beb4c81455","messageTitle":"Fix style","messageBody":"","fileTypesAndContributionMap":{"docs":{"insertions":2,"deletions":1}}},{"hash":"41d4bc081ad2ff00dc29cb1b9f6a03ee14050edb","messageTitle":"Fix style errors of DG and UG","messageBody":"","fileTypesAndContributionMap":{"docs":{"insertions":13,"deletions":14}}}]}]},"authorFileTypeContributionMap":{"hojiefeng":{"docs":198,"functional-code":1801,"test-code":878,"other":2},"ming-00":{"docs":299,"functional-code":1371,"test-code":1742},"NiniJiaying":{"docs":116,"functional-code":1681,"test-code":1699,"other":1},"vvan-essa":{"docs":369,"functional-code":1895,"test-code":2702,"other":2},"xuanqi966":{"docs":61,"functional-code":843,"test-code":483}},"authorContributionVariance":{"hojiefeng":200701.28,"ming-00":95564.2,"NiniJiaying":123455.055,"vvan-essa":216685.23,"xuanqi966":45176.58},"authorDisplayNameMap":{"hojiefeng":"CS2103-W17-3 HO J..FENG","ming-00":"CS2103-W17-3 WU W..MING","NiniJiaying":"CS2103-W17-3 NI J..YING","vvan-essa":"CS2103-W17-3 VANE.. YEE","xuanqi966":"CS2103-W17-3 WANG..N QI"}}
