[{"path":"README.md","fileType":"docs","lines":[{"lineNumber":1,"author":{"gitId":"LimJunxue"},"content":"[![Java CI](https://github.com/AY2021S2-CS2103T-T10-2/tp/actions/workflows/gradle.yml/badge.svg)](https://github.com/AY2021S2-CS2103T-T10-2/tp/actions/workflows/gradle.yml)"},{"lineNumber":2,"author":{"gitId":"-"},"content":""},{"lineNumber":3,"author":{"gitId":"LimJunxue"},"content":"Team project name: **PlanIT**"},{"lineNumber":4,"author":{"gitId":"-"},"content":""},{"lineNumber":5,"author":{"gitId":"-"},"content":"![Ui](docs/images/Ui.png)"},{"lineNumber":6,"author":{"gitId":"-"},"content":""},{"lineNumber":7,"author":{"gitId":"LimJunxue"},"content":"**PlanIT** is a todo list, calendar application for NUS computer science"},{"lineNumber":8,"author":{"gitId":"LimJunxue"},"content":"students with a busy schedule to quickly and efficiently add classes"},{"lineNumber":9,"author":{"gitId":"LimJunxue"},"content":"for modules and easily view their tasks. "},{"lineNumber":10,"author":{"gitId":"LimJunxue"},"content":"It is optimised for users who prefer typing."},{"lineNumber":11,"author":{"gitId":"-"},"content":""},{"lineNumber":12,"author":{"gitId":"LimJunxue"},"content":"This project is based on the AddressBook-Level3 project created by the "},{"lineNumber":13,"author":{"gitId":"LimJunxue"},"content":"[SE-EDU initiative](https://se-education.org)."}],"authorContributionMap":{"LimJunxue":8,"-":5}},{"path":"docs/AboutUs.md","fileType":"docs","lines":[{"lineNumber":1,"author":{"gitId":"-"},"content":"---"},{"lineNumber":2,"author":{"gitId":"-"},"content":"layout: page"},{"lineNumber":3,"author":{"gitId":"-"},"content":"title: About Us"},{"lineNumber":4,"author":{"gitId":"-"},"content":"---"},{"lineNumber":5,"author":{"gitId":"-"},"content":""},{"lineNumber":6,"author":{"gitId":"-"},"content":"We are a team based in the [School of Computing, National University of Singapore](http://www.comp.nus.edu.sg)."},{"lineNumber":7,"author":{"gitId":"-"},"content":""},{"lineNumber":8,"author":{"gitId":"-"},"content":"You can reach us at the email `seer[at]comp.nus.edu.sg`"},{"lineNumber":9,"author":{"gitId":"-"},"content":""},{"lineNumber":10,"author":{"gitId":"-"},"content":"## Project team"},{"lineNumber":11,"author":{"gitId":"-"},"content":""},{"lineNumber":12,"author":{"gitId":"maxxng"},"content":"### Max Ng"},{"lineNumber":13,"author":{"gitId":"-"},"content":""},{"lineNumber":14,"author":{"gitId":"maxxng"},"content":"\u003cimg src\u003d\"images/maxxng.png\" width\u003d\"200px\"\u003e"},{"lineNumber":15,"author":{"gitId":"-"},"content":""},{"lineNumber":16,"author":{"gitId":"maxxng"},"content":"[[github](https://github.com/maxxng)]"},{"lineNumber":17,"author":{"gitId":"maxxng"},"content":"[[portfolio](team/maxxng.md)]"},{"lineNumber":18,"author":{"gitId":"-"},"content":""},{"lineNumber":19,"author":{"gitId":"mesyeux"},"content":"* Role: Developer"},{"lineNumber":20,"author":{"gitId":"mesyeux"},"content":"* Responsibilities: Integration / Code Quality / Testing"},{"lineNumber":21,"author":{"gitId":"-"},"content":""},{"lineNumber":22,"author":{"gitId":"maxxng"},"content":"### Lee Han Bin"},{"lineNumber":23,"author":{"gitId":"-"},"content":""},{"lineNumber":24,"author":{"gitId":"habi39"},"content":"\u003cimg src\u003d\"images/habi39.png\" width\u003d\"200px\"\u003e"},{"lineNumber":25,"author":{"gitId":"-"},"content":""},{"lineNumber":26,"author":{"gitId":"habi39"},"content":"[[homepage](http://www.comp.nus.edu.sg/~habi39)]"},{"lineNumber":27,"author":{"gitId":"habi39"},"content":"[[github](https://github.com/habi39)]"},{"lineNumber":28,"author":{"gitId":"habi39"},"content":"[[portfolio](team/habi39.md)]"},{"lineNumber":29,"author":{"gitId":"mesyeux"},"content":"* Role: Team Lead / Developer"},{"lineNumber":30,"author":{"gitId":"mesyeux"},"content":"* Responsibilities: Integration / Testing"},{"lineNumber":31,"author":{"gitId":"-"},"content":""},{"lineNumber":32,"author":{"gitId":"kaixiangtay"},"content":"### Tay Kai Xiang"},{"lineNumber":33,"author":{"gitId":"-"},"content":""},{"lineNumber":34,"author":{"gitId":"kaixiangtay"},"content":"\u003cimg src\u003d\"images/kaixiangtay.png\" width\u003d\"200px\"\u003e"},{"lineNumber":35,"author":{"gitId":"-"},"content":""},{"lineNumber":36,"author":{"gitId":"kaixiangtay"},"content":"[[github](http://github.com/kaixiangtay)]"},{"lineNumber":37,"author":{"gitId":"kaixiangtay"},"content":"[[portfolio](team/kaixiangtay.md)]"},{"lineNumber":38,"author":{"gitId":"-"},"content":""},{"lineNumber":39,"author":{"gitId":"-"},"content":"* Role: Developer"},{"lineNumber":40,"author":{"gitId":"mesyeux"},"content":"* Responsibilities: Code Quality / Deliverables and Deadline / Scheduling and Tracking"},{"lineNumber":41,"author":{"gitId":"-"},"content":""},{"lineNumber":42,"author":{"gitId":"mesyeux"},"content":"### Lau Cheuk Ying"},{"lineNumber":43,"author":{"gitId":"-"},"content":""},{"lineNumber":44,"author":{"gitId":"mesyeux"},"content":"\u003cimg src\u003d\"images/mesyeux.png\" width\u003d\"200px\"\u003e"},{"lineNumber":45,"author":{"gitId":"-"},"content":""},{"lineNumber":46,"author":{"gitId":"mesyeux"},"content":"[[github](http://github.com/mesyeux/ip)]"},{"lineNumber":47,"author":{"gitId":"mesyeux"},"content":"[[portfolio](team/mesyeux.md)]"},{"lineNumber":48,"author":{"gitId":"-"},"content":""},{"lineNumber":49,"author":{"gitId":"-"},"content":"* Role: Developer"},{"lineNumber":50,"author":{"gitId":"mesyeux"},"content":"* Responsibilities: Documentation / Testing"},{"lineNumber":51,"author":{"gitId":"-"},"content":""},{"lineNumber":52,"author":{"gitId":"LimJunxue"},"content":"### Lim Junxue"},{"lineNumber":53,"author":{"gitId":"-"},"content":""},{"lineNumber":54,"author":{"gitId":"LimJunxue"},"content":"\u003cimg src\u003d\"images/limjunxue.png\" width\u003d\"200px\"\u003e"},{"lineNumber":55,"author":{"gitId":"-"},"content":""},{"lineNumber":56,"author":{"gitId":"LimJunxue"},"content":"[[github](http://github.com/LimJunxue)]"},{"lineNumber":57,"author":{"gitId":"LimJunxue"},"content":"[[portfolio](team/limjunxue.md)]"},{"lineNumber":58,"author":{"gitId":"-"},"content":""},{"lineNumber":59,"author":{"gitId":"-"},"content":"* Role: Developer"},{"lineNumber":60,"author":{"gitId":"mesyeux"},"content":"* Responsibilities: Testing / Code Quality"}],"authorContributionMap":{"maxxng":5,"LimJunxue":4,"mesyeux":11,"kaixiangtay":4,"habi39":4,"-":32}},{"path":"docs/team/habi39.md","fileType":"docs","lines":[{"lineNumber":1,"author":{"gitId":"habi39"},"content":"---"},{"lineNumber":2,"author":{"gitId":"habi39"},"content":"layout: page"},{"lineNumber":3,"author":{"gitId":"habi39"},"content":"title: Lee Han Bin\u0027s Project Portfolio Page"},{"lineNumber":4,"author":{"gitId":"habi39"},"content":"---"},{"lineNumber":5,"author":{"gitId":"habi39"},"content":""},{"lineNumber":6,"author":{"gitId":"habi39"},"content":"## Project: AddressBook Level 3"},{"lineNumber":7,"author":{"gitId":"habi39"},"content":""},{"lineNumber":8,"author":{"gitId":"habi39"},"content":"AddressBook - Level 3 is a desktop address book application used for teaching Software Engineering principles. The user interacts with it using a CLI, and it has a GUI created with JavaFX. It is written in Java, and has about 10 kLoC."},{"lineNumber":9,"author":{"gitId":"habi39"},"content":""},{"lineNumber":10,"author":{"gitId":"habi39"},"content":"Given below are my contributions to the project."},{"lineNumber":11,"author":{"gitId":"habi39"},"content":""},{"lineNumber":12,"author":{"gitId":"habi39"},"content":"* **New Feature**: Added the ability to undo/redo previous commands."},{"lineNumber":13,"author":{"gitId":"habi39"},"content":"    * What it does: allows the user to undo all previous commands one at a time. Preceding undo commands can be reversed by using the redo command."},{"lineNumber":14,"author":{"gitId":"habi39"},"content":"    * Justification: This feature improves the product significantly because a user can make mistakes in commands and the app should provide a convenient way to rectify them."},{"lineNumber":15,"author":{"gitId":"habi39"},"content":"    * Highlights: This enhancement affects existing commands and commands to be added in future. It required an in-depth analysis of design alternatives. The implementation too was challenging as it required changes to existing commands."},{"lineNumber":16,"author":{"gitId":"habi39"},"content":"    * Credits: *{mention here if you reused any code/ideas from elsewhere or if a third-party library is heavily used in the feature so that a reader can make a more accurate judgement of how much effort went into the feature}*"},{"lineNumber":17,"author":{"gitId":"habi39"},"content":""},{"lineNumber":18,"author":{"gitId":"habi39"},"content":"* **New Feature**: Added a history command that allows the user to navigate to previous commands using up/down keys."},{"lineNumber":19,"author":{"gitId":"habi39"},"content":""},{"lineNumber":20,"author":{"gitId":"habi39"},"content":"* **Code contributed**: [RepoSense link]()"},{"lineNumber":21,"author":{"gitId":"habi39"},"content":""},{"lineNumber":22,"author":{"gitId":"habi39"},"content":"* **Project management**:"},{"lineNumber":23,"author":{"gitId":"habi39"},"content":"    * Managed releases `v1.3` - `v1.5rc` (3 releases) on GitHub"},{"lineNumber":24,"author":{"gitId":"habi39"},"content":""},{"lineNumber":25,"author":{"gitId":"habi39"},"content":"* **Enhancements to existing features**:"},{"lineNumber":26,"author":{"gitId":"habi39"},"content":"    * Updated the GUI color scheme (Pull requests [\\#33](), [\\#34]())"},{"lineNumber":27,"author":{"gitId":"habi39"},"content":"    * Wrote additional tests for existing features to increase coverage from 88% to 92% (Pull requests [\\#36](), [\\#38]())"},{"lineNumber":28,"author":{"gitId":"habi39"},"content":""},{"lineNumber":29,"author":{"gitId":"habi39"},"content":"* **Documentation**:"},{"lineNumber":30,"author":{"gitId":"habi39"},"content":"    * User Guide:"},{"lineNumber":31,"author":{"gitId":"habi39"},"content":"        * Added documentation for the features `delete` and `find` [\\#72]()"},{"lineNumber":32,"author":{"gitId":"habi39"},"content":"        * Did cosmetic tweaks to existing documentation of features `clear`, `exit`: [\\#74]()"},{"lineNumber":33,"author":{"gitId":"habi39"},"content":"    * Developer Guide:"},{"lineNumber":34,"author":{"gitId":"habi39"},"content":"        * Added implementation details of the `delete` feature."},{"lineNumber":35,"author":{"gitId":"habi39"},"content":""},{"lineNumber":36,"author":{"gitId":"habi39"},"content":"* **Community**:"},{"lineNumber":37,"author":{"gitId":"habi39"},"content":"    * PRs reviewed (with non-trivial review comments): [\\#12](), [\\#32](), [\\#19](), [\\#42]()"},{"lineNumber":38,"author":{"gitId":"habi39"},"content":"    * Contributed to forum discussions (examples: [1](), [2](), [3](), [4]())"},{"lineNumber":39,"author":{"gitId":"habi39"},"content":"    * Reported bugs and suggestions for other teams in the class (examples: [1](), [2](), [3]())"},{"lineNumber":40,"author":{"gitId":"habi39"},"content":"    * Some parts of the history feature I added was adopted by several other class mates ([1](), [2]())"},{"lineNumber":41,"author":{"gitId":"habi39"},"content":""},{"lineNumber":42,"author":{"gitId":"habi39"},"content":"* **Tools**:"},{"lineNumber":43,"author":{"gitId":"habi39"},"content":"    * Integrated a third party library (Natty) to the project ([\\#42]())"},{"lineNumber":44,"author":{"gitId":"habi39"},"content":"    * Integrated a new Github plugin (CircleCI) to the team repo"},{"lineNumber":45,"author":{"gitId":"habi39"},"content":""},{"lineNumber":46,"author":{"gitId":"habi39"},"content":"* _{you can add/remove categories in the list above}_"}],"authorContributionMap":{"habi39":46}},{"path":"docs/team/kaixiangtay.md","fileType":"docs","lines":[{"lineNumber":1,"author":{"gitId":"kaixiangtay"},"content":"---"},{"lineNumber":2,"author":{"gitId":"kaixiangtay"},"content":"layout: page"},{"lineNumber":3,"author":{"gitId":"kaixiangtay"},"content":"title: Tay Kai Xiang\u0027s Project Portfolio Page"},{"lineNumber":4,"author":{"gitId":"kaixiangtay"},"content":"---"},{"lineNumber":5,"author":{"gitId":"kaixiangtay"},"content":""},{"lineNumber":6,"author":{"gitId":"kaixiangtay"},"content":"## Project: AddressBook Level 3"},{"lineNumber":7,"author":{"gitId":"kaixiangtay"},"content":""},{"lineNumber":8,"author":{"gitId":"kaixiangtay"},"content":"AddressBook - Level 3 is a desktop address book application used for teaching Software Engineering principles. The user interacts with it using a CLI, and it has a GUI created with JavaFX. It is written in Java, and has about 10 kLoC."},{"lineNumber":9,"author":{"gitId":"kaixiangtay"},"content":""},{"lineNumber":10,"author":{"gitId":"kaixiangtay"},"content":"Given below are my contributions to the project."},{"lineNumber":11,"author":{"gitId":"kaixiangtay"},"content":""},{"lineNumber":12,"author":{"gitId":"kaixiangtay"},"content":"* **New Feature**: Added the ability to undo/redo previous commands."},{"lineNumber":13,"author":{"gitId":"kaixiangtay"},"content":"    * What it does: allows the user to undo all previous commands one at a time. Preceding undo commands can be reversed by using the redo command."},{"lineNumber":14,"author":{"gitId":"kaixiangtay"},"content":"    * Justification: This feature improves the product significantly because a user can make mistakes in commands and the app should provide a convenient way to rectify them."},{"lineNumber":15,"author":{"gitId":"kaixiangtay"},"content":"    * Highlights: This enhancement affects existing commands and commands to be added in future. It required an in-depth analysis of design alternatives. The implementation too was challenging as it required changes to existing commands."},{"lineNumber":16,"author":{"gitId":"kaixiangtay"},"content":"    * Credits: *{mention here if you reused any code/ideas from elsewhere or if a third-party library is heavily used in the feature so that a reader can make a more accurate judgement of how much effort went into the feature}*"},{"lineNumber":17,"author":{"gitId":"kaixiangtay"},"content":""},{"lineNumber":18,"author":{"gitId":"kaixiangtay"},"content":"* **New Feature**: Added a history command that allows the user to navigate to previous commands using up/down keys."},{"lineNumber":19,"author":{"gitId":"kaixiangtay"},"content":""},{"lineNumber":20,"author":{"gitId":"kaixiangtay"},"content":"* **Code contributed**: [RepoSense link]()"},{"lineNumber":21,"author":{"gitId":"kaixiangtay"},"content":""},{"lineNumber":22,"author":{"gitId":"kaixiangtay"},"content":"* **Project management**:"},{"lineNumber":23,"author":{"gitId":"kaixiangtay"},"content":"    * Managed releases `v1.3` - `v1.5rc` (3 releases) on GitHub"},{"lineNumber":24,"author":{"gitId":"kaixiangtay"},"content":""},{"lineNumber":25,"author":{"gitId":"kaixiangtay"},"content":"* **Enhancements to existing features**:"},{"lineNumber":26,"author":{"gitId":"kaixiangtay"},"content":"    * Updated the GUI color scheme (Pull requests [\\#33](), [\\#34]())"},{"lineNumber":27,"author":{"gitId":"kaixiangtay"},"content":"    * Wrote additional tests for existing features to increase coverage from 88% to 92% (Pull requests [\\#36](), [\\#38]())"},{"lineNumber":28,"author":{"gitId":"kaixiangtay"},"content":""},{"lineNumber":29,"author":{"gitId":"kaixiangtay"},"content":"* **Documentation**:"},{"lineNumber":30,"author":{"gitId":"kaixiangtay"},"content":"    * User Guide:"},{"lineNumber":31,"author":{"gitId":"kaixiangtay"},"content":"        * Added documentation for the features `delete` and `find` [\\#72]()"},{"lineNumber":32,"author":{"gitId":"kaixiangtay"},"content":"        * Did cosmetic tweaks to existing documentation of features `clear`, `exit`: [\\#74]()"},{"lineNumber":33,"author":{"gitId":"kaixiangtay"},"content":"    * Developer Guide:"},{"lineNumber":34,"author":{"gitId":"kaixiangtay"},"content":"        * Added implementation details of the `delete` feature."},{"lineNumber":35,"author":{"gitId":"kaixiangtay"},"content":""},{"lineNumber":36,"author":{"gitId":"kaixiangtay"},"content":"* **Community**:"},{"lineNumber":37,"author":{"gitId":"kaixiangtay"},"content":"    * PRs reviewed (with non-trivial review comments): [\\#12](), [\\#32](), [\\#19](), [\\#42]()"},{"lineNumber":38,"author":{"gitId":"kaixiangtay"},"content":"    * Contributed to forum discussions (examples: [1](), [2](), [3](), [4]())"},{"lineNumber":39,"author":{"gitId":"kaixiangtay"},"content":"    * Reported bugs and suggestions for other teams in the class (examples: [1](), [2](), [3]())"},{"lineNumber":40,"author":{"gitId":"kaixiangtay"},"content":"    * Some parts of the history feature I added was adopted by several other class mates ([1](), [2]())"},{"lineNumber":41,"author":{"gitId":"kaixiangtay"},"content":""},{"lineNumber":42,"author":{"gitId":"kaixiangtay"},"content":"* **Tools**:"},{"lineNumber":43,"author":{"gitId":"kaixiangtay"},"content":"    * Integrated a third party library (Natty) to the project ([\\#42]())"},{"lineNumber":44,"author":{"gitId":"kaixiangtay"},"content":"    * Integrated a new Github plugin (CircleCI) to the team repo"},{"lineNumber":45,"author":{"gitId":"kaixiangtay"},"content":""},{"lineNumber":46,"author":{"gitId":"kaixiangtay"},"content":"* _{you can add/remove categories in the list above}_"}],"authorContributionMap":{"kaixiangtay":46}},{"path":"docs/team/limjunxue.md","fileType":"docs","lines":[{"lineNumber":1,"author":{"gitId":"LimJunxue"},"content":"---"},{"lineNumber":2,"author":{"gitId":"LimJunxue"},"content":"layout: page"},{"lineNumber":3,"author":{"gitId":"LimJunxue"},"content":"title: John Doe\u0027s Project Portfolio Page"},{"lineNumber":4,"author":{"gitId":"LimJunxue"},"content":"---"},{"lineNumber":5,"author":{"gitId":"LimJunxue"},"content":""},{"lineNumber":6,"author":{"gitId":"LimJunxue"},"content":"## Project: AddressBook Level 3"},{"lineNumber":7,"author":{"gitId":"LimJunxue"},"content":""},{"lineNumber":8,"author":{"gitId":"LimJunxue"},"content":"AddressBook - Level 3 is a desktop address book application used for teaching Software Engineering principles. The user interacts with it using a CLI, and it has a GUI created with JavaFX. It is written in Java, and has about 10 kLoC."},{"lineNumber":9,"author":{"gitId":"LimJunxue"},"content":""},{"lineNumber":10,"author":{"gitId":"LimJunxue"},"content":"Given below are my contributions to the project."},{"lineNumber":11,"author":{"gitId":"LimJunxue"},"content":""},{"lineNumber":12,"author":{"gitId":"LimJunxue"},"content":"* **New Feature**:"},{"lineNumber":13,"author":{"gitId":"LimJunxue"},"content":""},{"lineNumber":14,"author":{"gitId":"LimJunxue"},"content":"* _{you can add/remove categories in the list above}_"}],"authorContributionMap":{"LimJunxue":14}},{"path":"docs/team/maxxng.md","fileType":"docs","lines":[{"lineNumber":1,"author":{"gitId":"-"},"content":"---"},{"lineNumber":2,"author":{"gitId":"-"},"content":"layout: page"},{"lineNumber":3,"author":{"gitId":"maxxng"},"content":"title: Max Ng\u0027s Project Portfolio Page"},{"lineNumber":4,"author":{"gitId":"-"},"content":"---"},{"lineNumber":5,"author":{"gitId":"-"},"content":""},{"lineNumber":6,"author":{"gitId":"-"},"content":"## Project: AddressBook Level 3"},{"lineNumber":7,"author":{"gitId":"-"},"content":""},{"lineNumber":8,"author":{"gitId":"-"},"content":"AddressBook - Level 3 is a desktop address book application used for teaching Software Engineering principles. The user interacts with it using a CLI, and it has a GUI created with JavaFX. It is written in Java, and has about 10 kLoC."},{"lineNumber":9,"author":{"gitId":"-"},"content":""},{"lineNumber":10,"author":{"gitId":"-"},"content":"Given below are my contributions to the project."},{"lineNumber":11,"author":{"gitId":"-"},"content":""},{"lineNumber":12,"author":{"gitId":"-"},"content":"* **New Feature**: Added the ability to undo/redo previous commands."},{"lineNumber":13,"author":{"gitId":"-"},"content":"  * What it does: allows the user to undo all previous commands one at a time. Preceding undo commands can be reversed by using the redo command."},{"lineNumber":14,"author":{"gitId":"-"},"content":"  * Justification: This feature improves the product significantly because a user can make mistakes in commands and the app should provide a convenient way to rectify them."},{"lineNumber":15,"author":{"gitId":"-"},"content":"  * Highlights: This enhancement affects existing commands and commands to be added in future. It required an in-depth analysis of design alternatives. The implementation too was challenging as it required changes to existing commands."},{"lineNumber":16,"author":{"gitId":"-"},"content":"  * Credits: *{mention here if you reused any code/ideas from elsewhere or if a third-party library is heavily used in the feature so that a reader can make a more accurate judgement of how much effort went into the feature}*"},{"lineNumber":17,"author":{"gitId":"-"},"content":""},{"lineNumber":18,"author":{"gitId":"-"},"content":"* **New Feature**: Added a history command that allows the user to navigate to previous commands using up/down keys."},{"lineNumber":19,"author":{"gitId":"-"},"content":""},{"lineNumber":20,"author":{"gitId":"-"},"content":"* **Code contributed**: [RepoSense link]()"},{"lineNumber":21,"author":{"gitId":"-"},"content":""},{"lineNumber":22,"author":{"gitId":"-"},"content":"* **Project management**:"},{"lineNumber":23,"author":{"gitId":"-"},"content":"  * Managed releases `v1.3` - `v1.5rc` (3 releases) on GitHub"},{"lineNumber":24,"author":{"gitId":"-"},"content":""},{"lineNumber":25,"author":{"gitId":"-"},"content":"* **Enhancements to existing features**:"},{"lineNumber":26,"author":{"gitId":"-"},"content":"  * Updated the GUI color scheme (Pull requests [\\#33](), [\\#34]())"},{"lineNumber":27,"author":{"gitId":"-"},"content":"  * Wrote additional tests for existing features to increase coverage from 88% to 92% (Pull requests [\\#36](), [\\#38]())"},{"lineNumber":28,"author":{"gitId":"-"},"content":""},{"lineNumber":29,"author":{"gitId":"-"},"content":"* **Documentation**:"},{"lineNumber":30,"author":{"gitId":"-"},"content":"  * User Guide:"},{"lineNumber":31,"author":{"gitId":"-"},"content":"    * Added documentation for the features `delete` and `find` [\\#72]()"},{"lineNumber":32,"author":{"gitId":"-"},"content":"    * Did cosmetic tweaks to existing documentation of features `clear`, `exit`: [\\#74]()"},{"lineNumber":33,"author":{"gitId":"-"},"content":"  * Developer Guide:"},{"lineNumber":34,"author":{"gitId":"-"},"content":"    * Added implementation details of the `delete` feature."},{"lineNumber":35,"author":{"gitId":"-"},"content":""},{"lineNumber":36,"author":{"gitId":"-"},"content":"* **Community**:"},{"lineNumber":37,"author":{"gitId":"-"},"content":"  * PRs reviewed (with non-trivial review comments): [\\#12](), [\\#32](), [\\#19](), [\\#42]()"},{"lineNumber":38,"author":{"gitId":"-"},"content":"  * Contributed to forum discussions (examples: [1](), [2](), [3](), [4]())"},{"lineNumber":39,"author":{"gitId":"-"},"content":"  * Reported bugs and suggestions for other teams in the class (examples: [1](), [2](), [3]())"},{"lineNumber":40,"author":{"gitId":"-"},"content":"  * Some parts of the history feature I added was adopted by several other class mates ([1](), [2]())"},{"lineNumber":41,"author":{"gitId":"-"},"content":""},{"lineNumber":42,"author":{"gitId":"-"},"content":"* **Tools**:"},{"lineNumber":43,"author":{"gitId":"-"},"content":"  * Integrated a third party library (Natty) to the project ([\\#42]())"},{"lineNumber":44,"author":{"gitId":"-"},"content":"  * Integrated a new Github plugin (CircleCI) to the team repo"},{"lineNumber":45,"author":{"gitId":"-"},"content":""},{"lineNumber":46,"author":{"gitId":"-"},"content":"* _{you can add/remove categories in the list above}_"}],"authorContributionMap":{"maxxng":1,"-":45}},{"path":"docs/team/mesyeux.md","fileType":"docs","lines":[{"lineNumber":1,"author":{"gitId":"mesyeux"},"content":"---"},{"lineNumber":2,"author":{"gitId":"mesyeux"},"content":"layout: page"},{"lineNumber":3,"author":{"gitId":"mesyeux"},"content":"title: Lau Cheuk Ying\u0027s Project Portfolio Page"},{"lineNumber":4,"author":{"gitId":"mesyeux"},"content":"---"},{"lineNumber":5,"author":{"gitId":"mesyeux"},"content":""},{"lineNumber":6,"author":{"gitId":"mesyeux"},"content":"## Project: AddressBook Level 3"},{"lineNumber":7,"author":{"gitId":"mesyeux"},"content":""},{"lineNumber":8,"author":{"gitId":"mesyeux"},"content":"AddressBook - Level 3 is a desktop address book application used for teaching Software Engineering principles. The user interacts with it using a CLI, and it has a GUI created with JavaFX. It is written in Java, and has about 10 kLoC."},{"lineNumber":9,"author":{"gitId":"mesyeux"},"content":""},{"lineNumber":10,"author":{"gitId":"mesyeux"},"content":"Given below are my contributions to the project."},{"lineNumber":11,"author":{"gitId":"mesyeux"},"content":""},{"lineNumber":12,"author":{"gitId":"mesyeux"},"content":"* **New Feature**: Added the ability to undo/redo previous commands."},{"lineNumber":13,"author":{"gitId":"mesyeux"},"content":"    * What it does: allows the user to undo all previous commands one at a time. Preceding undo commands can be reversed by using the redo command."},{"lineNumber":14,"author":{"gitId":"mesyeux"},"content":"    * Justification: This feature improves the product significantly because a user can make mistakes in commands and the app should provide a convenient way to rectify them."},{"lineNumber":15,"author":{"gitId":"mesyeux"},"content":"    * Highlights: This enhancement affects existing commands and commands to be added in future. It required an in-depth analysis of design alternatives. The implementation too was challenging as it required changes to existing commands."},{"lineNumber":16,"author":{"gitId":"mesyeux"},"content":"    * Credits: *{mention here if you reused any code/ideas from elsewhere or if a third-party library is heavily used in the feature so that a reader can make a more accurate judgement of how much effort went into the feature}*"},{"lineNumber":17,"author":{"gitId":"mesyeux"},"content":""},{"lineNumber":18,"author":{"gitId":"mesyeux"},"content":"* **New Feature**: Added a history command that allows the user to navigate to previous commands using up/down keys."},{"lineNumber":19,"author":{"gitId":"mesyeux"},"content":""},{"lineNumber":20,"author":{"gitId":"mesyeux"},"content":"* **Code contributed**: [RepoSense link]()"},{"lineNumber":21,"author":{"gitId":"mesyeux"},"content":""},{"lineNumber":22,"author":{"gitId":"mesyeux"},"content":"* **Project management**:"},{"lineNumber":23,"author":{"gitId":"mesyeux"},"content":"    * Managed releases `v1.3` - `v1.5rc` (3 releases) on GitHub"},{"lineNumber":24,"author":{"gitId":"mesyeux"},"content":""},{"lineNumber":25,"author":{"gitId":"mesyeux"},"content":"* **Enhancements to existing features**:"},{"lineNumber":26,"author":{"gitId":"mesyeux"},"content":"    * Updated the GUI color scheme (Pull requests [\\#33](), [\\#34]())"},{"lineNumber":27,"author":{"gitId":"mesyeux"},"content":"    * Wrote additional tests for existing features to increase coverage from 88% to 92% (Pull requests [\\#36](), [\\#38]())"},{"lineNumber":28,"author":{"gitId":"mesyeux"},"content":""},{"lineNumber":29,"author":{"gitId":"mesyeux"},"content":"* **Documentation**:"},{"lineNumber":30,"author":{"gitId":"mesyeux"},"content":"    * User Guide:"},{"lineNumber":31,"author":{"gitId":"mesyeux"},"content":"        * Added documentation for the features `delete` and `find` [\\#72]()"},{"lineNumber":32,"author":{"gitId":"mesyeux"},"content":"        * Did cosmetic tweaks to existing documentation of features `clear`, `exit`: [\\#74]()"},{"lineNumber":33,"author":{"gitId":"mesyeux"},"content":"    * Developer Guide:"},{"lineNumber":34,"author":{"gitId":"mesyeux"},"content":"        * Added implementation details of the `delete` feature."},{"lineNumber":35,"author":{"gitId":"mesyeux"},"content":""},{"lineNumber":36,"author":{"gitId":"mesyeux"},"content":"* **Community**:"},{"lineNumber":37,"author":{"gitId":"mesyeux"},"content":"    * PRs reviewed (with non-trivial review comments): [\\#12](), [\\#32](), [\\#19](), [\\#42]()"},{"lineNumber":38,"author":{"gitId":"mesyeux"},"content":"    * Contributed to forum discussions (examples: [1](), [2](), [3](), [4]())"},{"lineNumber":39,"author":{"gitId":"mesyeux"},"content":"    * Reported bugs and suggestions for other teams in the class (examples: [1](), [2](), [3]())"},{"lineNumber":40,"author":{"gitId":"mesyeux"},"content":"    * Some parts of the history feature I added was adopted by several other class mates ([1](), [2]())"},{"lineNumber":41,"author":{"gitId":"mesyeux"},"content":""},{"lineNumber":42,"author":{"gitId":"mesyeux"},"content":"* **Tools**:"},{"lineNumber":43,"author":{"gitId":"mesyeux"},"content":"    * Integrated a third party library (Natty) to the project ([\\#42]())"},{"lineNumber":44,"author":{"gitId":"mesyeux"},"content":"    * Integrated a new Github plugin (CircleCI) to the team repo"},{"lineNumber":45,"author":{"gitId":"mesyeux"},"content":""},{"lineNumber":46,"author":{"gitId":"mesyeux"},"content":"* _{you can add/remove categories in the list above}_"}],"authorContributionMap":{"mesyeux":46}}]
