{"authorDailyContributionsMap":{"LimJunxue":[{"date":"2021-02-22","commitResults":[{"hash":"9c0f74374f2cf5db898c645e97fae6329a050ff1","messageTitle":"Update README.md","messageBody":"Update Github Actions build status badge.\n","fileTypesAndContributionMap":{"docs":{"insertions":1,"deletions":1}}},{"hash":"e909bb4740abd753cd0158c5090ba7bd8c4c04eb","messageTitle":"Update README.md","messageBody":"Update Github Actions build status badge.\n","fileTypesAndContributionMap":{"docs":{"insertions":1,"deletions":1}}}]},{"date":"2021-02-24","commitResults":[{"hash":"caaa3a4cd94c68f589bd1e7daa18cee66b31a308","messageTitle":"Update AboutUs to include team member","messageBody":"Update AboutUs to include my profile picture and portfolio.\n","fileTypesAndContributionMap":{"docs":{"insertions":18,"deletions":4}}}]},{"date":"2021-02-26","commitResults":[{"hash":"ecb3c75f7d6992596d15ab901a00a1169a7d04fd","messageTitle":"Update ReadMe to match product","messageBody":"Add mockup of our product and update ReadMe to reflect product Ui and details.\n","fileTypesAndContributionMap":{"docs":{"insertions":8,"deletions":11}}},{"hash":"21ec92b804d92ad8551b2997317bda0dbcd84481","messageTitle":"Solve CI","messageBody":"","fileTypesAndContributionMap":{"docs":{"insertions":1,"deletions":1}}},{"hash":"605c8858a8173c7de30eac336fdcad902cbaf214","messageTitle":"Update UG","messageBody":"Update UG to reflect planit instead of addressbook. Change adding a person to adding a task, and its corresponding format.\n","fileTypesAndContributionMap":{"docs":{"insertions":17,"deletions":20}}}]},{"date":"2021-02-27","commitResults":[{"hash":"d4a08776055bce133f552685260152d93ef6a9a0","messageTitle":"Update DG with 3 use cases","messageBody":"Add use cases for deadline, delete, and find commands to the DG under Use cases\n","fileTypesAndContributionMap":{"docs":{"insertions":42,"deletions":1}}}]},{"date":"2021-03-01","commitResults":[{"hash":"29f796ddc1f092de67c74466225830ff50b88967","messageTitle":"Update DG glossary","messageBody":"","fileTypesAndContributionMap":{"docs":{"insertions":1,"deletions":2}}}]},{"date":"2021-03-02","commitResults":[{"hash":"6f731c0801f94622153586a21eb7c21e6f49829e","messageTitle":"Try fixing CI","messageBody":"","fileTypesAndContributionMap":{"docs":{"insertions":3,"deletions":3}}},{"hash":"c4bb7b63195328a6bf6021ab1fb1a8a41c2486e7","messageTitle":"Refactor all occurrences of Person into Task","messageBody":"The abstraction of a Person should be changed to a Task because the project is a planner now.\n\nLet\u0027s rename the Person class and package, any PERSON constant and any person occurrence.\n","fileTypesAndContributionMap":{"functional-code":{"insertions":417,"deletions":417},"other":{"insertions":194,"deletions":194},"docs":{"insertions":120,"deletions":120},"test-code":{"insertions":704,"deletions":704}}}]},{"date":"2021-03-03","commitResults":[{"hash":"d003c99156ea54f19a9413e42d54cd95c2f7aa7e","messageTitle":"Refactor Name field into Title","messageBody":"The abstraction of the Name field should be changed to Title because it\nis clearer as the title of a Task.\n\nLet\u0027s rename the Name class, constants and its occurrences.\n","fileTypesAndContributionMap":{"functional-code":{"insertions":75,"deletions":75},"other":{"insertions":23,"deletions":23},"docs":{"insertions":10,"deletions":10},"test-code":{"insertions":286,"deletions":286}}},{"hash":"a752310207437fffb5cf6cb27e99be619a4a0c99","messageTitle":"Fix checkstyle errors","messageBody":"","fileTypesAndContributionMap":{"functional-code":{"insertions":6,"deletions":6},"test-code":{"insertions":21,"deletions":19}}}]},{"date":"2021-03-04","commitResults":[{"hash":"ba0f65c9f9dc9fe479d2344450824b968aed1ce9","messageTitle":"Make Task fields optional except Title","messageBody":"Fields other than Title will be deleted or reformatted later, and other\nfeatures should still work when the add command has less arguments.\n\nLet\u0027s give placeholders to those fields in the add command, implemented\nin the AddCommandParser class.\n","fileTypesAndContributionMap":{"functional-code":{"insertions":7,"deletions":6},"test-code":{"insertions":5,"deletions":3}}},{"hash":"411704569c5f0afe485467fca40adaae2bb1b3bd","messageTitle":"Update UG for add command format","messageBody":"","fileTypesAndContributionMap":{"docs":{"insertions":7,"deletions":11}}}]},{"date":"2021-03-09","commitResults":[{"hash":"d5202a7b5459f6f953c1e899218ffd006ea68557","messageTitle":"Change Address Book into Planner","messageBody":"","fileTypesAndContributionMap":{"functional-code":{"insertions":179,"deletions":178},"other":{"insertions":98,"deletions":98},"docs":{"insertions":12,"deletions":13},"test-code":{"insertions":247,"deletions":247}}},{"hash":"e77cb7157cf382e9ede62370f11c95f0945fa279","messageTitle":"Fix checkstyle errors","messageBody":"","fileTypesAndContributionMap":{"test-code":{"insertions":4,"deletions":4}}}]},{"date":"2021-03-10","commitResults":[{"hash":"ab9ef7fc67ef0e2d4e718d00f36522e99334b917","messageTitle":"Update DG addressbook references with planner","messageBody":"","fileTypesAndContributionMap":{"docs":{"insertions":25,"deletions":25}}}]},{"date":"2021-03-11","commitResults":[{"hash":"3bcaa8be2c3f7a539596af2163ea576fb5f6d70d","messageTitle":"Change Address to Description","messageBody":"Address field of Task is not needed and its functionality is similar to\nDescription, that needs to be used for Tasks.\n\nAddress can be renamed to Description as well as all other references.\nPrefix used can be changed from \u0027a/\u0027 to \u0027d/\u0027 for clarification.\nFunctionality may remain the same.\n","fileTypesAndContributionMap":{"functional-code":{"insertions":135,"deletions":128},"docs":{"insertions":12,"deletions":10},"test-code":{"insertions":196,"deletions":188}}},{"hash":"625014a118c5827dd101993453a3187d71208349","messageTitle":"Fix checkstyle error","messageBody":"","fileTypesAndContributionMap":{"test-code":{"insertions":1,"deletions":3}}},{"hash":"9fe0792ad69b1ee6af689022ecfc80d441d943f1","messageTitle":"Update UML diagrams with Description and Planner","messageBody":"","fileTypesAndContributionMap":{"docs":{"insertions":13,"deletions":13}}}]},{"date":"2021-03-12","commitResults":[{"hash":"863827cf21fabc5ca641654636c84ed6915ff542","messageTitle":"Show apprpriate tasks in typicalTasks and SampleData","messageBody":"Hard coded tasks data still shows Person fields.\n","fileTypesAndContributionMap":{"functional-code":{"insertions":20,"deletions":18},"test-code":{"insertions":34,"deletions":34}}},{"hash":"8bc6baf76e2166550197ff5d022c4e83946c6d5a","messageTitle":"Change some planner to planit","messageBody":"Json files, the log, title of the app, and some command feedback show\nplanner and might be more appropriate as planit.\n","fileTypesAndContributionMap":{"functional-code":{"insertions":5,"deletions":5},"other":{"insertions":1,"deletions":1},"docs":{"insertions":1,"deletions":1},"test-code":{"insertions":3,"deletions":3}}},{"hash":"a5fa01ff8ee7bcdae90b90cdef52c62870b58711","messageTitle":"Add multiline description, line wrapping in input","messageBody":"TextField used only allows a single line which can be inconvenient for\nwriting tasks and descriptions.\n\nTextArea can be used to leverage on the line wrapping functionality, and\nadd line breaks in command input.\n\nLet\u0027s change TextField to TextArea for the Ui text input box and replace\nenter with shift+enter to introduce line breaks.\n","fileTypesAndContributionMap":{"functional-code":{"insertions":51,"deletions":20}}},{"hash":"81f9101c73ab0cdbc2b435baf872907c7a6b1a67","messageTitle":"Format TextArea and Separator for descriptions","messageBody":"","fileTypesAndContributionMap":{"functional-code":{"insertions":38,"deletions":8}}},{"hash":"d1c27d48e1fb8af586b1c9551e25521331b542cd","messageTitle":"Edit Add and Find command usage message","messageBody":"","fileTypesAndContributionMap":{"functional-code":{"insertions":5,"deletions":5}}}]},{"date":"2021-03-14","commitResults":[{"hash":"9d539818d1e52ff05cddad581b9d2034209c4b88","messageTitle":"Update UG toc","messageBody":"","fileTypesAndContributionMap":{"docs":{"insertions":1,"deletions":1}}},{"hash":"d0f47a4474054e84f60b9a2fe7c82bbdf5f40a57","messageTitle":"Update UG headings","messageBody":"","fileTypesAndContributionMap":{"docs":{"insertions":3,"deletions":3}}}]},{"date":"2021-03-15","commitResults":[{"hash":"359bfa9f1dc6920101358844dbfea6482fd66777","messageTitle":"Allow email field to be blank","messageBody":"Email field will be refactored at a later stage and should not\nbe visible in the view now.\n\nLet\u0027s change the validation regex of the email field and\nremove the tests for invalid emails.\n","fileTypesAndContributionMap":{"functional-code":{"insertions":3,"deletions":5},"test-code":{"insertions":24,"deletions":11}}},{"hash":"31026b1fa6b6b2694696ef246180e0f3825408c4","messageTitle":"Update UserGuide.md","messageBody":"","fileTypesAndContributionMap":{"docs":{"insertions":19,"deletions":7}}},{"hash":"2c3c3de5833c36feb7a2ed2986c65e4ea7ee1430","messageTitle":"Update desc multiline regex and responses with email","messageBody":"","fileTypesAndContributionMap":{"functional-code":{"insertions":15,"deletions":17},"test-code":{"insertions":9,"deletions":9}}}]},{"date":"2021-03-16","commitResults":[{"hash":"f0194eee2048a9ae2f03294f7486649106f04500","messageTitle":"Make dynamic addition of optional task fields in view","messageBody":"Optional fields of task are still rendered on the view and\nwould be better to appear dynamically for aesthetic\npurposes. Details of a task are rendered statically in the\ntaskListCard fxml and should become dynamic.\n\nLet\u0027s refactor details of the task into its own class that\nis responsible for controlling the display of each task field.\n","fileTypesAndContributionMap":{"functional-code":{"insertions":222,"deletions":51}}}]},{"date":"2021-03-17","commitResults":[{"hash":"acd2b0a8887b887a17d9e768ea83f8f98fbb2b24","messageTitle":"Change UI for v1.2 demo","messageBody":"","fileTypesAndContributionMap":{"functional-code":{"insertions":114,"deletions":62}}},{"hash":"eccf81eb80870ed92afc82c35042791f30fb583a","messageTitle":"Edit response messages","messageBody":"","fileTypesAndContributionMap":{"functional-code":{"insertions":15,"deletions":16}}},{"hash":"7b56a1b4424968c5e25b3ebbb07be9882eb80c3d","messageTitle":"Fix checkstyle","messageBody":"","fileTypesAndContributionMap":{"functional-code":{"insertions":1,"deletions":1}}},{"hash":"345f568889205a9dc6d408aed79f74fd26e1b781","messageTitle":"Fix checkstyle, mainly trailing newlines","messageBody":"","fileTypesAndContributionMap":{"functional-code":{"insertions":1,"deletions":1},"docs":{"insertions":32,"deletions":33}}},{"hash":"7e63ecd0caf0b18300543f8d0d26c7d958dc7830","messageTitle":"Update TaskCardDetails.java","messageBody":"","fileTypesAndContributionMap":{"functional-code":{"insertions":1,"deletions":1}}},{"hash":"954406716200bc5c23b743d10bf602dace19a3c5","messageTitle":"Fix bug: HBox of tasklist does not grow at some length","messageBody":"","fileTypesAndContributionMap":{"functional-code":{"insertions":9,"deletions":9}}},{"hash":"ab7728d7978c6a39e4a277df45627b42f22a0eb3","messageTitle":"Update help command message","messageBody":"","fileTypesAndContributionMap":{"functional-code":{"insertions":6,"deletions":3}}}]},{"date":"2021-03-21","commitResults":[{"hash":"131094ba2c82b7334f6923ea51af03fbb7411d17","messageTitle":"Fix bug: recurringSchedule not added to taskCard","messageBody":"","fileTypesAndContributionMap":{"functional-code":{"insertions":1,"deletions":1}}}]},{"date":"2021-03-22","commitResults":[{"hash":"f4f37678c2b23ea6ca23be4d17564f9b5aa54e90","messageTitle":"Refactor rendering of taskfields onto view, enable assert","messageBody":"Each of the task fields in the taskCardDetails have individual\nmethods and have a lot of duplicate code.\n\nUsing a command-like pattern can be more easily extensible\nfor the rendering of each field. It also maintains the\nresponsibility of knowing the values of each field within\nTask.\n\nLet\u0027s use Task to return the compulsory and optional fields\nand their values to the TaskCardDetails and render them\naccording to these 2 variables instead of by fields.\n","fileTypesAndContributionMap":{"functional-code":{"insertions":121,"deletions":122},"other":{"insertions":4,"deletions":0}}},{"hash":"67ac22935d693a90d5dbdfc4a2eb7ed08f62c37c","messageTitle":"Rerefactor responsibility of compulsory fields in the view","messageBody":"","fileTypesAndContributionMap":{"functional-code":{"insertions":27,"deletions":34}}},{"hash":"86f76e106ea367a87e2a9dd4ec0bcb1dff81603c","messageTitle":"Delete comment bc maybe not","messageBody":"","fileTypesAndContributionMap":{"functional-code":{"insertions":0,"deletions":2}}},{"hash":"4212e42586a43f3de31f52c005bebead7cdf800e","messageTitle":"Update UG and DG","messageBody":"","fileTypesAndContributionMap":{"docs":{"insertions":40,"deletions":24}}}]},{"date":"2021-03-23","commitResults":[{"hash":"272e9d393ecc8db120021129adaedd054d7183a0","messageTitle":"Truncate recurring schedule text in view","messageBody":"","fileTypesAndContributionMap":{"functional-code":{"insertions":22,"deletions":9},"test-code":{"insertions":5,"deletions":1}}}]},{"date":"2021-03-24","commitResults":[{"hash":"a0c47a2b873561289f4f0f96cabe186b6ce43b77","messageTitle":"Refactor Tags into a UniqueTagList","messageBody":"Each Task object needs their own set of Tag objects and they\nmight not be unique. It would be more Object-Oriented to\nallow a Task consist of some Tags that are shared among all\nthe Tasks, as this allows Tag to be a separate entity without\nneeding to be instantiated for a Task.\n\nLet\u0027s create a UniqueTagList under Planner that exposes an\nobservableList for Ui to watch, and update this\nUniqueTagList whenever there is a change.\n","fileTypesAndContributionMap":{"functional-code":{"insertions":541,"deletions":24},"test-code":{"insertions":43,"deletions":0}}},{"hash":"4d7f1b9ad5157d7c6f3a1339092aad4c262db1e5","messageTitle":"Fix merge bugs","messageBody":"","fileTypesAndContributionMap":{"functional-code":{"insertions":7,"deletions":8}}},{"hash":"1d0195eb62693580d85d4cf6a9ee011033111664","messageTitle":"Do ui for tags list","messageBody":"","fileTypesAndContributionMap":{"functional-code":{"insertions":36,"deletions":8}}},{"hash":"795801d8220890d09c45b55b85ead49cefb2dbd3","messageTitle":"Fix updating of tag list in view after commands","messageBody":"Commands not correctly inducing a change in the view of the\ntag list.\n","fileTypesAndContributionMap":{"functional-code":{"insertions":59,"deletions":20},"test-code":{"insertions":24,"deletions":2}}},{"hash":"3241e3d84c31cb13fbcd4152072746593936925b","messageTitle":"Fix checkstyle","messageBody":"","fileTypesAndContributionMap":{"functional-code":{"insertions":36,"deletions":40},"test-code":{"insertions":0,"deletions":2}}},{"hash":"bbfae2c11588ca4072472bf74d9bd8b465a279f8","messageTitle":"Update DG with viewing list of tags","messageBody":"","fileTypesAndContributionMap":{"docs":{"insertions":120,"deletions":27}}},{"hash":"10796fd871c85c31be6071b4c953d097bfe169ac","messageTitle":"Fix checkstyle","messageBody":"","fileTypesAndContributionMap":{"functional-code":{"insertions":1,"deletions":1},"docs":{"insertions":17,"deletions":13}}},{"hash":"f1967c73f8e9a86a1e925fc25eb88cd40d5827cb","messageTitle":"Update UniqueTagList.java","messageBody":"","fileTypesAndContributionMap":{"functional-code":{"insertions":24,"deletions":1}}}]},{"date":"2021-03-25","commitResults":[{"hash":"6e13c25e2b3c4d42ea14455441f7ee29d70f7a5d","messageTitle":"Update DG with tutorial advice","messageBody":"","fileTypesAndContributionMap":{"docs":{"insertions":6,"deletions":5}}},{"hash":"0e2cee75b784230e3e526e1816f8c478a91ce12a","messageTitle":"Try to fix listed multiline code in UG","messageBody":"","fileTypesAndContributionMap":{"docs":{"insertions":3,"deletions":6}}},{"hash":"7c597e8a0f3b895275755b16911bf96f64c73ae2","messageTitle":"Fix listed multiline code in UG","messageBody":"","fileTypesAndContributionMap":{"docs":{"insertions":7,"deletions":3}}}]},{"date":"2021-03-29","commitResults":[{"hash":"7bb06d1aba27de5f69d4ff53bc7f836c8f11c142","messageTitle":"Make view day command logic","messageBody":"Users should be able to know their available timings of the\nday. The view command gets all the tasks on the day\nspecified and lists them for the user.\n\nImplement with a predicate to check tasks\u0027 deadlines and\nschedules.\n","fileTypesAndContributionMap":{"functional-code":{"insertions":188,"deletions":15},"test-code":{"insertions":112,"deletions":0}}},{"hash":"9ecce94aac3c10e29de57bc4f4c206260676c89d","messageTitle":"Repackage predicates for better organization","messageBody":"","fileTypesAndContributionMap":{"functional-code":{"insertions":4,"deletions":4},"other":{"insertions":16,"deletions":6}}},{"hash":"55ae195a13083f2154d6feca6e6b6b50df294b97","messageTitle":"Fix viewing dates in recurring schedule not showing","messageBody":"","fileTypesAndContributionMap":{"functional-code":{"insertions":55,"deletions":9},"test-code":{"insertions":51,"deletions":2}}},{"hash":"e4495bf525c114a17d37fd662bcdd305796b2f50","messageTitle":"Create raw calendar","messageBody":"","fileTypesAndContributionMap":{"functional-code":{"insertions":167,"deletions":17},"test-code":{"insertions":1,"deletions":6}}},{"hash":"338fb3441871c9f06e7cd388955e4e82f9f0d180","messageTitle":"Link viewing date to calendar view","messageBody":"Viewing date only filters the list but not show the date on\nthe calendar when the calendar is so prominent.\n\nLinking the viewing date to the calendar view will be more\nintuitive and convenient for the user.\n\nLet\u0027s make an observable calendar date which allows the\ncalendar panel to receive updates from the view day\ncommand, and update the calendar view accordingly.\n","fileTypesAndContributionMap":{"functional-code":{"insertions":207,"deletions":31},"test-code":{"insertions":21,"deletions":7}}},{"hash":"e8f5ccdce6f7a3dab272e28d3d4c7afd965e0968","messageTitle":"Style css for calendar for css","messageBody":"","fileTypesAndContributionMap":{"functional-code":{"insertions":64,"deletions":68}}},{"hash":"9ed0a50b2924318aa2666ea112eef79379cdcdf6","messageTitle":"Retract duration changes and checkstyle","messageBody":"","fileTypesAndContributionMap":{"functional-code":{"insertions":1,"deletions":28},"test-code":{"insertions":5,"deletions":0}}},{"hash":"606dd0417b6ce110cd2a086a099a45e789a44622","messageTitle":"Fix checkstyle","messageBody":"","fileTypesAndContributionMap":{"functional-code":{"insertions":1,"deletions":1}}},{"hash":"ea635dc8439f10af1fa2c62faad727f8eeac0b6a","messageTitle":"Fix checkstyle","messageBody":"","fileTypesAndContributionMap":{"functional-code":{"insertions":1,"deletions":1}}}]},{"date":"2021-03-30","commitResults":[{"hash":"ab210d3e12139b1a48ebfffaeb6ac85acb6e2944","messageTitle":"Create next and prev cli commands for calendar","messageBody":"User prefers typing so allowing a typed out command for\nnavigating the calendar would be better.\n","fileTypesAndContributionMap":{"functional-code":{"insertions":165,"deletions":35},"test-code":{"insertions":20,"deletions":9}}},{"hash":"9d38e3de1c556d32706a4f338056477cf1827bae","messageTitle":"Improve calendar look","messageBody":"","fileTypesAndContributionMap":{"functional-code":{"insertions":132,"deletions":45},"other":{"insertions":0,"deletions":0},"test-code":{"insertions":2,"deletions":2}}},{"hash":"ebbfbb4ca8111a2232b927efd043ce726501f59b","messageTitle":"Fix command message tests","messageBody":"","fileTypesAndContributionMap":{"functional-code":{"insertions":17,"deletions":13},"test-code":{"insertions":2,"deletions":3}}},{"hash":"0568b16b139a922f671af3106d5f5a1aec09f9b1","messageTitle":"Rename calendar panel fxid","messageBody":"","fileTypesAndContributionMap":{"functional-code":{"insertions":7,"deletions":7}}},{"hash":"fa34ccc28c82e73a36672882d6f476483f224dbf","messageTitle":"Remove obsolete logger in calendarpanel.java","messageBody":"","fileTypesAndContributionMap":{"functional-code":{"insertions":0,"deletions":1}}},{"hash":"b11c1d9ab7d6bce3323d22c68b544bcd3495ace3","messageTitle":"Fix checkstyle","messageBody":"","fileTypesAndContributionMap":{"functional-code":{"insertions":0,"deletions":3}}}]},{"date":"2021-03-31","commitResults":[{"hash":"e55d878574047fcac4e249c07c3317a4ed85453e","messageTitle":"Update UG/DG with view command and calendar info","messageBody":"","fileTypesAndContributionMap":{"docs":{"insertions":243,"deletions":38}}}]},{"date":"2021-04-01","commitResults":[{"hash":"fad8110c5d13d39b6543b1ada3c00296581d7193","messageTitle":"Fix glitchy slider","messageBody":"","fileTypesAndContributionMap":{"functional-code":{"insertions":8,"deletions":4}}},{"hash":"fe12b7477b434b3e7ff376c0635dcb64eff148c4","messageTitle":"Fix filtering tasks by biweekly recurring dates","messageBody":"Remove dependency on real time date for biweekly recurring\ndates by only testing with weekly dates.\n","fileTypesAndContributionMap":{"test-code":{"insertions":2,"deletions":2}}},{"hash":"5b32e1da2d035fc8626e311b4c81d63d33e53ebc","messageTitle":"Fix checkstyle","messageBody":"","fileTypesAndContributionMap":{"test-code":{"insertions":0,"deletions":1}}}]},{"date":"2021-04-06","commitResults":[{"hash":"7490eabee61d5c92832bc296eae82d347a04af36","messageTitle":"Set minWidth for ui things so that no labels will truncate","messageBody":"","fileTypesAndContributionMap":{"functional-code":{"insertions":28,"deletions":22}}},{"hash":"5a266579c40db7a90a8dd521a98a97ba7268f683","messageTitle":"Fix some UG known bugs","messageBody":"","fileTypesAndContributionMap":{"functional-code":{"insertions":1,"deletions":2},"docs":{"insertions":5,"deletions":6}}},{"hash":"e9b1c97863c1779c4f44f08cb2f648f1c2128e27","messageTitle":"Fix editing task not correctly displaying tag list","messageBody":"","fileTypesAndContributionMap":{"functional-code":{"insertions":0,"deletions":3}}},{"hash":"0bc83d2839e2da308bad61437152701044340c3f","messageTitle":"Check view day command and some UG parts","messageBody":"","fileTypesAndContributionMap":{"functional-code":{"insertions":2,"deletions":4},"docs":{"insertions":6,"deletions":6}}}]},{"date":"2021-04-07","commitResults":[{"hash":"4a295bc78708a24088447e34b6257bc0782b146a","messageTitle":"Update PPP draft","messageBody":"","fileTypesAndContributionMap":{"docs":{"insertions":58,"deletions":7}}},{"hash":"83f4e3c9c1891b2f0a970e27d0e8fb5c38ee4459","messageTitle":"Reformat attributes into table and add some pics to UG","messageBody":"","fileTypesAndContributionMap":{"docs":{"insertions":20,"deletions":43}}},{"hash":"9acf799e1dfd50d7a159c90b3de8c39558e0d25f","messageTitle":"Prevent long tags from pushing status label out of view","messageBody":"","fileTypesAndContributionMap":{"functional-code":{"insertions":13,"deletions":7}}},{"hash":"f0b0f5f9ca8a0e0d783690df0333e48bf852839e","messageTitle":"Make tag list always sorted","messageBody":"","fileTypesAndContributionMap":{"functional-code":{"insertions":5,"deletions":1}}},{"hash":"29fa008953ff4d3f9f279ea337192a8e700eb99c","messageTitle":"Fix edit test","messageBody":"","fileTypesAndContributionMap":{"functional-code":{"insertions":1,"deletions":1},"test-code":{"insertions":3,"deletions":1}}},{"hash":"02ad860d42cc02f4a5aea9b98a6c274413ad7935","messageTitle":"Add line break tests on fields","messageBody":"","fileTypesAndContributionMap":{"functional-code":{"insertions":3,"deletions":3},"test-code":{"insertions":23,"deletions":1}}},{"hash":"e66094e486ef01b44d91833231689bd1bb3b3b34","messageTitle":"Update UG description field and DG use cases","messageBody":"","fileTypesAndContributionMap":{"docs":{"insertions":40,"deletions":25}}}]},{"date":"2021-04-08","commitResults":[{"hash":"d0393bc83115215fdbfb70b5757fc64a31e6e7ea","messageTitle":"Add UniqueTagList and Tag tests","messageBody":"","fileTypesAndContributionMap":{"functional-code":{"insertions":12,"deletions":1},"test-code":{"insertions":258,"deletions":4}}},{"hash":"ac84c6cd9892e562991ed6bb8270a6b8872f7ad5","messageTitle":"Add ModelManager tests for tag list","messageBody":"","fileTypesAndContributionMap":{"functional-code":{"insertions":5,"deletions":21},"test-code":{"insertions":137,"deletions":30}}},{"hash":"756ef6e8d17ccabc46ec406ad56b59e8b5907ef9","messageTitle":"Add Planner tests for tag list","messageBody":"","fileTypesAndContributionMap":{"functional-code":{"insertions":1,"deletions":3},"test-code":{"insertions":123,"deletions":14}}},{"hash":"040373a9a5027231855f70478818616e85b2574a","messageTitle":"Fix import checkstyle","messageBody":"","fileTypesAndContributionMap":{"test-code":{"insertions":20,"deletions":20}}}]},{"date":"2021-04-09","commitResults":[{"hash":"494258c70ebe0dedcd85fdc00a163bf6b0e95180","messageTitle":"Add ObservableCalendarDate tests","messageBody":"","fileTypesAndContributionMap":{"functional-code":{"insertions":40,"deletions":9},"test-code":{"insertions":173,"deletions":0}}},{"hash":"cc5d44494524cd861d352b9dcd8d6db97e757ef9","messageTitle":"Delete CalendarPanelTest.java","messageBody":"Not able to implement testfx\n","fileTypesAndContributionMap":{"test-code":{"insertions":0,"deletions":34}}}]},{"date":"2021-04-10","commitResults":[{"hash":"31a1d29e0ced41da015ae9f8210687dd44eb259b","messageTitle":"Add ViewDayCommandParser tests","messageBody":"","fileTypesAndContributionMap":{"functional-code":{"insertions":30,"deletions":0},"test-code":{"insertions":84,"deletions":37}}},{"hash":"be1592c4db1306cd8d9ac1d4ceeb130693a6b1a6","messageTitle":"Add calendar commands tests","messageBody":"","fileTypesAndContributionMap":{"test-code":{"insertions":46,"deletions":1}}},{"hash":"c6e2ee52725d8c369942f033ea7beb8c94e14c9b","messageTitle":"Edit min width for main window","messageBody":"","fileTypesAndContributionMap":{"functional-code":{"insertions":1,"deletions":1}}},{"hash":"27fc09bf817747d59fd9f995013dd6e385055486","messageTitle":"Update docs","messageBody":"","fileTypesAndContributionMap":{"docs":{"insertions":27,"deletions":121}}},{"hash":"dd51e4bb45dcb45cd741cc719e34051533dfa48c","messageTitle":"Update predicate dates to a later date","messageBody":"","fileTypesAndContributionMap":{"test-code":{"insertions":2,"deletions":2}}},{"hash":"7004d0dda99a54cf9dd95080d545c697c50f9568","messageTitle":"Update PPP","messageBody":"","fileTypesAndContributionMap":{"docs":{"insertions":3,"deletions":7}}},{"hash":"f63334343e8d7e3ba14c7414f97a34eb9ed15d47","messageTitle":"Reset calendar for commands that show full list","messageBody":"","fileTypesAndContributionMap":{"functional-code":{"insertions":6,"deletions":2},"docs":{"insertions":10,"deletions":12},"test-code":{"insertions":4,"deletions":0}}},{"hash":"3dce9a62e1a1e62ac239a563d9448085508ad2cd","messageTitle":"Check date constraints","messageBody":"","fileTypesAndContributionMap":{"functional-code":{"insertions":3,"deletions":1},"docs":{"insertions":3,"deletions":1},"test-code":{"insertions":14,"deletions":2}}},{"hash":"800c371fc53f3dc9a0ee0679db3144f904db0f5c","messageTitle":"Fix table lists, layout pic in UG, use cases in DG","messageBody":"","fileTypesAndContributionMap":{"docs":{"insertions":6,"deletions":8}}}]},{"date":"2021-04-11","commitResults":[{"hash":"e7a54b416761b5eb664ef5c7591a7f21b11cc474","messageTitle":"Check coding standard","messageBody":"","fileTypesAndContributionMap":{"functional-code":{"insertions":47,"deletions":16},"test-code":{"insertions":4,"deletions":10}}},{"hash":"933a14515573d749e989efe3e42d624c44168d1e","messageTitle":"Shift DG part and update models","messageBody":"","fileTypesAndContributionMap":{"docs":{"insertions":68,"deletions":69}}},{"hash":"e9d64422da791600b48d7725a818d6870ce066f7","messageTitle":"Update date specifications","messageBody":"","fileTypesAndContributionMap":{"functional-code":{"insertions":1,"deletions":1},"docs":{"insertions":1,"deletions":1}}},{"hash":"2eeaa092ee1300b0738f6c0fe384c8530f1be10e","messageTitle":"Improve UG","messageBody":"","fileTypesAndContributionMap":{"functional-code":{"insertions":1,"deletions":1},"docs":{"insertions":4,"deletions":5}}},{"hash":"b5b809dd00684ec8182ed3b3d27a769267aa339c","messageTitle":"Specify trimmed whitespaces in UG","messageBody":"","fileTypesAndContributionMap":{"docs":{"insertions":7,"deletions":7}}},{"hash":"b7b3d56aa8ed9860ec8ec69507dd806cdd203b3f","messageTitle":"Edit status attribute description about whitespaces","messageBody":"","fileTypesAndContributionMap":{"docs":{"insertions":1,"deletions":1}}},{"hash":"2c1a2874ee98ddedd1ca7d4f6ed90f35f736f4c3","messageTitle":"Remove scroll bar in tag panel","messageBody":"Tag panel uses ListView whose slider resizes according to\nthe elements it contains. This causes a glitchy resizing issue\nwhen the elements sizes are too different. This is a known\nbug of JavaFX and has no clear solution.\n\nThe issue can be solved by hiding the slider such that users\ncannot access the issue at all.\n","fileTypesAndContributionMap":{"functional-code":{"insertions":6,"deletions":4}}},{"hash":"9ec5726d3b9d7696c3a6e0990776811f5e172cfd","messageTitle":"Update DG diagrams according to bug reports in AB3","messageBody":"","fileTypesAndContributionMap":{"docs":{"insertions":12,"deletions":4}}},{"hash":"518d4bc4af9614bd39c3d44792dfc5b8db9dad2d","messageTitle":"Update UG","messageBody":"","fileTypesAndContributionMap":{"docs":{"insertions":9,"deletions":9}}},{"hash":"ce833c0783ca9b2c07dd67cd34de4145e3ead166","messageTitle":"Update PPP","messageBody":"","fileTypesAndContributionMap":{"docs":{"insertions":2,"deletions":2}}}]}],"maxxng":[{"date":"2021-02-24","commitResults":[{"hash":"6d7241fc72cc447599e5137fdf94330a1c3781b0","messageTitle":"edit AboutUs.md","messageBody":"","fileTypesAndContributionMap":{"docs":{"insertions":9,"deletions":10}}}]},{"date":"2021-02-28","commitResults":[{"hash":"9cc0c49fec26dbd58edbdf5e4496ed3070cc98a4","messageTitle":"edit UserGuide.md","messageBody":"","fileTypesAndContributionMap":{"docs":{"insertions":11,"deletions":17}}},{"hash":"f7205cdaa30447edaa61c294875c120142c67739","messageTitle":"edit DeveloperGuide.md","messageBody":"","fileTypesAndContributionMap":{"docs":{"insertions":11,"deletions":10}}}]},{"date":"2021-03-14","commitResults":[{"hash":"3341017db7489d4770ed2cea7770ebefe31f3104","messageTitle":"delete HelpWindow.java and edit help message","messageBody":"","fileTypesAndContributionMap":{"functional-code":{"insertions":24,"deletions":168}}},{"hash":"f6525163bffbee111e1d3426244eeb3c62aece03","messageTitle":"minimum implementation for done command","messageBody":"","fileTypesAndContributionMap":{"functional-code":{"insertions":16,"deletions":0}}},{"hash":"420fc2806497e4680e07ecdf03bb43ed40485251","messageTitle":"done command accepts input","messageBody":"","fileTypesAndContributionMap":{"functional-code":{"insertions":44,"deletions":4}}}]},{"date":"2021-03-15","commitResults":[{"hash":"ee0fd5dcf9c45b69236aa3f5c781487ac84fdd44","messageTitle":"add status attrbute to task","messageBody":"","fileTypesAndContributionMap":{"functional-code":{"insertions":55,"deletions":2}}},{"hash":"3a3be536ac920b762f6b17ef80530a4fc433a81d","messageTitle":"add status attribute to task","messageBody":"","fileTypesAndContributionMap":{"functional-code":{"insertions":77,"deletions":15},"test-code":{"insertions":43,"deletions":10}}},{"hash":"a5293ca65dc1d3c0eb659d4699d72d521fe27c20","messageTitle":"complete done command feature","messageBody":"","fileTypesAndContributionMap":{"functional-code":{"insertions":40,"deletions":4}}},{"hash":"36e1072a1b389c3f9ee253c143c85e068bd31c8f","messageTitle":"add unit test for DoneCOmmand","messageBody":"","fileTypesAndContributionMap":{"test-code":{"insertions":70,"deletions":0}}},{"hash":"f72b53dfff479aa1879bc0ecb2666b3d1a2ecf81","messageTitle":"fixed code based on test","messageBody":"","fileTypesAndContributionMap":{"functional-code":{"insertions":8,"deletions":2},"test-code":{"insertions":23,"deletions":6}}}]},{"date":"2021-03-16","commitResults":[{"hash":"10231255c4c3db4dba7ccf9686bdfd0b187cf5e3","messageTitle":"resolve merge issues","messageBody":"","fileTypesAndContributionMap":{"functional-code":{"insertions":18,"deletions":9},"test-code":{"insertions":36,"deletions":27}}},{"hash":"ff589b7932109e7bbdef96dcb29c6e4c14a08517","messageTitle":"fix style errors","messageBody":"","fileTypesAndContributionMap":{"functional-code":{"insertions":33,"deletions":13}}},{"hash":"7968279e082eea4202ca6dc96b18a6ccf86afb59","messageTitle":"fix stylecheck for Test","messageBody":"","fileTypesAndContributionMap":{"functional-code":{"insertions":1,"deletions":1},"test-code":{"insertions":5,"deletions":7}}},{"hash":"d77ff5bee10a44a12964cdd969ba9c3bb13791d8","messageTitle":"edit DoneCommand.java","messageBody":"","fileTypesAndContributionMap":{"functional-code":{"insertions":6,"deletions":4}}},{"hash":"74e8bc2a55528c857b0376b0f616b6d26a0558f3","messageTitle":"fix DoneCommand exception","messageBody":"","fileTypesAndContributionMap":{"functional-code":{"insertions":5,"deletions":4}}},{"hash":"ca754c7da5859b3a6c22dd6bbea3d6101f92dfe8","messageTitle":"add activity diagram for DG","messageBody":"","fileTypesAndContributionMap":{"docs":{"insertions":42,"deletions":2}}},{"hash":"2da11338283c4e0afd693649bb08ec487f46e615","messageTitle":"add Use case for doneCommand","messageBody":"","fileTypesAndContributionMap":{"docs":{"insertions":21,"deletions":6}}},{"hash":"d366d3cce3b0a1d77c1e70ff95fa88c02b47752a","messageTitle":"refactor DoneCommand.java for SLAP","messageBody":"","fileTypesAndContributionMap":{"functional-code":{"insertions":22,"deletions":5}}},{"hash":"846c5a92ea1fa652ca5b23370336c2782e5e319e","messageTitle":"add unit test for DoneCommandParser","messageBody":"","fileTypesAndContributionMap":{"test-code":{"insertions":59,"deletions":0}}},{"hash":"297a47bcd8aa1511a36b6f5741fe263a17293893","messageTitle":"fix checkstyle for test","messageBody":"","fileTypesAndContributionMap":{"test-code":{"insertions":0,"deletions":1}}},{"hash":"40c34519a01980ae855fec64473b7ee44519ea50","messageTitle":"fix Unit test for DoneCommand","messageBody":"","fileTypesAndContributionMap":{"functional-code":{"insertions":1,"deletions":1},"test-code":{"insertions":3,"deletions":3}}}]},{"date":"2021-03-17","commitResults":[{"hash":"739800294796b822eb2b1731975579b7996776f9","messageTitle":"add test for Status.java","messageBody":"","fileTypesAndContributionMap":{"functional-code":{"insertions":3,"deletions":0},"test-code":{"insertions":52,"deletions":0}}},{"hash":"9249aab13ab0a8d6d1298949ffb9fee629345aef","messageTitle":"refactor for SRP","messageBody":"","fileTypesAndContributionMap":{"functional-code":{"insertions":31,"deletions":11}}},{"hash":"84a006e1cc4167e1f0d3aff7579409af7c774bc8","messageTitle":"update UG for DoneCommand","messageBody":"","fileTypesAndContributionMap":{"docs":{"insertions":5,"deletions":5}}},{"hash":"d4332e440818d045f687f15ff9091663c0f00af1","messageTitle":"improve test coverage for Status","messageBody":"","fileTypesAndContributionMap":{"test-code":{"insertions":9,"deletions":0}}}]},{"date":"2021-03-21","commitResults":[{"hash":"c321fcfd7d5cc8d364bd98d51b4f67f986263d4c","messageTitle":"update help message","messageBody":"","fileTypesAndContributionMap":{"functional-code":{"insertions":9,"deletions":5}}},{"hash":"ec6a712678bdb33ddb674306d5f81df7fe9822a7","messageTitle":"edit help command description","messageBody":"","fileTypesAndContributionMap":{"functional-code":{"insertions":2,"deletions":2}}},{"hash":"83d9bd0367ecd608554785e9fe3608948b1dc656","messageTitle":"remove redundant field","messageBody":"","fileTypesAndContributionMap":{"functional-code":{"insertions":0,"deletions":2}}}]},{"date":"2021-03-22","commitResults":[{"hash":"c85a93e8a4f0b7001885484dcabb880e50124148","messageTitle":"add doneCommand sequence diag","messageBody":"","fileTypesAndContributionMap":{"docs":{"insertions":67,"deletions":4}}},{"hash":"4e950cbc2264d24cd31d67e86b33e509d1558b5f","messageTitle":"add explanation to DG for Done","messageBody":"","fileTypesAndContributionMap":{"other":{"insertions":4,"deletions":0},"docs":{"insertions":2,"deletions":1}}},{"hash":"d4e2b6024ef601fcae386daabc27e375824c01fd","messageTitle":"edit table of content for UG DG","messageBody":"","fileTypesAndContributionMap":{"docs":{"insertions":4,"deletions":10}}}]},{"date":"2021-03-27","commitResults":[{"hash":"d6f7d6e5fbaa8a95cb36b2c3cce17f92cafc4fb6","messageTitle":"add condition for Deadline and Event","messageBody":"","fileTypesAndContributionMap":{"functional-code":{"insertions":62,"deletions":6}}},{"hash":"6e03f31b77d47e91a04168771dc937c75d24758b","messageTitle":"Edit Task to check empty values","messageBody":"","fileTypesAndContributionMap":{"functional-code":{"insertions":51,"deletions":1},"test-code":{"insertions":10,"deletions":6}}},{"hash":"bb41ebf0146a2be46963d6b528cc6b50025e8107","messageTitle":"Add integration and unit test for Add","messageBody":"","fileTypesAndContributionMap":{"functional-code":{"insertions":4,"deletions":4},"test-code":{"insertions":96,"deletions":2}}},{"hash":"0d555735c5e776beed90db057288d60aa6dfd6e1","messageTitle":"add integration test for Add command","messageBody":"","fileTypesAndContributionMap":{"functional-code":{"insertions":2,"deletions":2},"test-code":{"insertions":36,"deletions":43}}},{"hash":"fac58a77d152dce0279608bf3e57d66c2d1119a9","messageTitle":"refactor EditCommand","messageBody":"","fileTypesAndContributionMap":{"functional-code":{"insertions":25,"deletions":6}}},{"hash":"57ebaf197201fb39549501dd3108655c20b8aacf","messageTitle":"Refactor constraint code using DRY principle","messageBody":"","fileTypesAndContributionMap":{"functional-code":{"insertions":50,"deletions":27}}},{"hash":"090b4671867ad5e4f59110efbcf6be0b9f516bb2","messageTitle":"fix gradle tests","messageBody":"","fileTypesAndContributionMap":{"test-code":{"insertions":24,"deletions":29}}},{"hash":"909e626ca639113a9efb86c7a8dd459233ab636a","messageTitle":"fix checkStyle","messageBody":"","fileTypesAndContributionMap":{"functional-code":{"insertions":4,"deletions":4},"test-code":{"insertions":9,"deletions":9}}},{"hash":"f0eb97f7b942048e8601bec085501c44d304b64f","messageTitle":"add logging to ConditionManager and Add","messageBody":"","fileTypesAndContributionMap":{"functional-code":{"insertions":17,"deletions":0}}}]},{"date":"2021-03-30","commitResults":[{"hash":"5b37defb87cb26a5bf7d7850ae08eaa3fe102c77","messageTitle":"change constraints on tasks","messageBody":"","fileTypesAndContributionMap":{"functional-code":{"insertions":8,"deletions":13},"test-code":{"insertions":5,"deletions":48}}},{"hash":"cc14de083ac612f57aa2fa90e9efa897e73a6ddd","messageTitle":"add constraint to delete-field","messageBody":"","fileTypesAndContributionMap":{"functional-code":{"insertions":2,"deletions":0}}},{"hash":"611cefb1a5206c046c024e002d314b0a5e9852e5","messageTitle":"fix checkStyleTest","messageBody":"","fileTypesAndContributionMap":{"test-code":{"insertions":2,"deletions":11}}},{"hash":"79e6a5489140ecf9a976fa25a90e314a3a34abef","messageTitle":"add snooze command code","messageBody":"","fileTypesAndContributionMap":{"functional-code":{"insertions":198,"deletions":5}}},{"hash":"cbd79d02b6571cb8060e13e159df4ab33605b853","messageTitle":"refactor SnoozeCommandParser.java","messageBody":"","fileTypesAndContributionMap":{"functional-code":{"insertions":32,"deletions":21}}},{"hash":"0d941f55a0b41ab8b6bf00fb383d77e33c263ba8","messageTitle":"fixed checkStyle for SnoozeCommand","messageBody":"","fileTypesAndContributionMap":{"functional-code":{"insertions":12,"deletions":8},"test-code":{"insertions":1,"deletions":1}}}]},{"date":"2021-03-31","commitResults":[{"hash":"4b2e4c7f10bfb7073867bd9295728cd6fb21f3e6","messageTitle":"add SnoozeCommandTest","messageBody":"","fileTypesAndContributionMap":{"functional-code":{"insertions":5,"deletions":5},"test-code":{"insertions":87,"deletions":0}}},{"hash":"fd948d4520b6443c1b5fd6b143246a998644c6e0","messageTitle":"add SnoozeCommandParserTest","messageBody":"","fileTypesAndContributionMap":{"functional-code":{"insertions":11,"deletions":3},"test-code":{"insertions":73,"deletions":0}}},{"hash":"1857d3c517509d286497a430f22d2ed76c921162","messageTitle":"fix checkStyle","messageBody":"","fileTypesAndContributionMap":{"functional-code":{"insertions":2,"deletions":2}}}]},{"date":"2021-04-01","commitResults":[{"hash":"8c700031f0e933d9aee06245d9c66dd6b2119c7a","messageTitle":"add ConditionManagerTest","messageBody":"","fileTypesAndContributionMap":{"test-code":{"insertions":31,"deletions":0}}},{"hash":"472d28e44f80bb8d2837015b92f557770f023e4f","messageTitle":"add test for ConditionManager","messageBody":"","fileTypesAndContributionMap":{"functional-code":{"insertions":0,"deletions":6},"test-code":{"insertions":56,"deletions":2}}},{"hash":"cc87fff2278341c92e7083aa83abad29d9eff47b","messageTitle":"fix checkStyle errors","messageBody":"","fileTypesAndContributionMap":{"test-code":{"insertions":6,"deletions":6}}}]},{"date":"2021-04-02","commitResults":[{"hash":"16aac453ada4c1cec2cf0e8b207eb5050fd173c4","messageTitle":"Update user guide layout","messageBody":"","fileTypesAndContributionMap":{"docs":{"insertions":43,"deletions":4}}},{"hash":"7b76f105c8df68c9d468851e97c391d9bff0c0df","messageTitle":"Add task attribute to UG","messageBody":"","fileTypesAndContributionMap":{"docs":{"insertions":27,"deletions":12}}},{"hash":"f71f03d572296fbe21c17b61c6fc97a96365de66","messageTitle":"Add snooze command to UG","messageBody":"","fileTypesAndContributionMap":{"docs":{"insertions":14,"deletions":0}}},{"hash":"167e9db0f3e0dad506e5d1aedb2aec481d9752e7","messageTitle":"Add constraint explanation to UG","messageBody":"","fileTypesAndContributionMap":{"docs":{"insertions":14,"deletions":0}}},{"hash":"ab745e1a6638bc128538e90d5186038c0b927c99","messageTitle":"Add IndexManager","messageBody":"","fileTypesAndContributionMap":{"functional-code":{"insertions":21,"deletions":0},"other":{"insertions":0,"deletions":0}}},{"hash":"45282e19cfcf71667f1fccd8d998a4f3e044bda7","messageTitle":"Refactor constrains","messageBody":"","fileTypesAndContributionMap":{"functional-code":{"insertions":42,"deletions":46},"test-code":{"insertions":13,"deletions":13}}},{"hash":"e2dff81d9ff8a8b7fe21d2b692b7aefac53ded36","messageTitle":"Refactor commands for IndexManager","messageBody":"","fileTypesAndContributionMap":{"functional-code":{"insertions":6,"deletions":20}}}]},{"date":"2021-04-04","commitResults":[{"hash":"67539a6bf70ea4c27fd9075441d5329e6313674a","messageTitle":"Edit help command concisesness","messageBody":"","fileTypesAndContributionMap":{"functional-code":{"insertions":8,"deletions":19}}},{"hash":"00564fe2dd2ec8267b63fb3d598c950ae8890ea4","messageTitle":"Specify error message for Add command","messageBody":"","fileTypesAndContributionMap":{"functional-code":{"insertions":12,"deletions":5}}},{"hash":"7d5f48788d6268934f66397c5b34d7248fdfd95d","messageTitle":"Refactor boolean variable for consistency","messageBody":"","fileTypesAndContributionMap":{"functional-code":{"insertions":19,"deletions":9},"test-code":{"insertions":1,"deletions":1}}},{"hash":"a2a5a786dbe765eccb19266e02742f6028c35a65","messageTitle":"Fix EditCommand error message","messageBody":"","fileTypesAndContributionMap":{"functional-code":{"insertions":2,"deletions":2}}},{"hash":"0ecfd8173bc3a46f22cf1e1e5ad33262d587f07e","messageTitle":"Fix error message for ls","messageBody":"","fileTypesAndContributionMap":{"functional-code":{"insertions":2,"deletions":2},"docs":{"insertions":6,"deletions":7}}},{"hash":"ea838208cd4b4f30104c2906051526134954fab9","messageTitle":"Fix styleCheck","messageBody":"","fileTypesAndContributionMap":{"functional-code":{"insertions":9,"deletions":5}}},{"hash":"d98537cda46d341303f984262e45d44896e00333","messageTitle":"Refactor attributes into attribute package","messageBody":"","fileTypesAndContributionMap":{"functional-code":{"insertions":65,"deletions":59},"other":{"insertions":10,"deletions":6},"test-code":{"insertions":44,"deletions":32}}},{"hash":"6ddc2e9c1e9171ed317515da820766f81e2f37c9","messageTitle":"Add attribute interface","messageBody":"","fileTypesAndContributionMap":{"functional-code":{"insertions":20,"deletions":6}}},{"hash":"45c6bf817e0a04ac03f77a509d171077a114c701","messageTitle":"Add DateVerifier to increase cohesion","messageBody":"","fileTypesAndContributionMap":{"functional-code":{"insertions":46,"deletions":38}}},{"hash":"51d9ac113dbadaf07770a731b66382d9967aca25","messageTitle":"Fix checkStyle","messageBody":"","fileTypesAndContributionMap":{"functional-code":{"insertions":11,"deletions":11},"test-code":{"insertions":3,"deletions":6}}},{"hash":"322ea2e749411b6ed42d7e329d6200e5647eb06c","messageTitle":"Reduce responsibility on Task","messageBody":"","fileTypesAndContributionMap":{"functional-code":{"insertions":125,"deletions":97},"test-code":{"insertions":4,"deletions":1}}},{"hash":"c88c76f06871308f704c7e33819305c8bde2ce8a","messageTitle":"Edit Task.toString","messageBody":"","fileTypesAndContributionMap":{"functional-code":{"insertions":16,"deletions":11}}},{"hash":"e261f0b849b8afd542de65a7a0596675e2147ec5","messageTitle":"Fix checkStyle errors","messageBody":"","fileTypesAndContributionMap":{"functional-code":{"insertions":5,"deletions":4},"test-code":{"insertions":0,"deletions":1}}}]},{"date":"2021-04-09","commitResults":[{"hash":"839029447167367473bc9e3d1761797cdc7db3cd","messageTitle":"Fix ped issues","messageBody":"","fileTypesAndContributionMap":{"functional-code":{"insertions":2,"deletions":1},"docs":{"insertions":6,"deletions":6}}}]},{"date":"2021-04-10","commitResults":[{"hash":"ac747929d09797fe127b4ac4ea895f3ef3e1e11c","messageTitle":"Edit Logic and Model diagrams","messageBody":"","fileTypesAndContributionMap":{"docs":{"insertions":26,"deletions":4}}},{"hash":"cbf94895f86def06cbf656c92f306d5f5b875455","messageTitle":"Use facade pattern for constraints","messageBody":"","fileTypesAndContributionMap":{"functional-code":{"insertions":96,"deletions":21},"test-code":{"insertions":4,"deletions":2}}},{"hash":"e8d32d2beb18255467e3f0173f43a64644efb6ae","messageTitle":"Enforce title max characters","messageBody":"","fileTypesAndContributionMap":{"functional-code":{"insertions":5,"deletions":3},"docs":{"insertions":1,"deletions":1}}},{"hash":"307a2ec33dec6b6e0a12c7a9f19d01e8d059454b","messageTitle":"Fix checkstyel","messageBody":"","fileTypesAndContributionMap":{"functional-code":{"insertions":48,"deletions":12}}},{"hash":"0d5b934a9553e7c0e45d13d878aefdbc2ff19511","messageTitle":"Update LogicClassDiagram.puml","messageBody":"","fileTypesAndContributionMap":{"docs":{"insertions":9,"deletions":6}}},{"hash":"dc399e9970b80900c769bba5f4c13eb48b6975e0","messageTitle":"Add date verifier","messageBody":"","fileTypesAndContributionMap":{"functional-code":{"insertions":108,"deletions":42},"docs":{"insertions":4,"deletions":8}}},{"hash":"631b0d8e3620d7e4ce5405c28cec3aa3c1c1d111","messageTitle":"Edit Logic diagram","messageBody":"","fileTypesAndContributionMap":{"functional-code":{"insertions":8,"deletions":6},"docs":{"insertions":4,"deletions":0}}}]},{"date":"2021-04-11","commitResults":[{"hash":"b0cfb43c6af9a5ae824c2bde2eb60d79b8ccce91","messageTitle":"Add ConditionClass to DG","messageBody":"","fileTypesAndContributionMap":{"functional-code":{"insertions":41,"deletions":17},"docs":{"insertions":96,"deletions":4}}},{"hash":"c5ddf8599aaa0bcb1274c34306282790062c1340","messageTitle":"Fix checkstyle","messageBody":"","fileTypesAndContributionMap":{"functional-code":{"insertions":12,"deletions":3}}},{"hash":"96fb0c21d66420e749a3ae26c1a67c78f65e0893","messageTitle":"Fix CI for conditionClassDiagram","messageBody":"","fileTypesAndContributionMap":{"docs":{"insertions":1,"deletions":0}}},{"hash":"ab0f3ed681d9c019148175c6037943f571226c22","messageTitle":"Fix CI for ConditionClassDiagram","messageBody":"","fileTypesAndContributionMap":{"docs":{"insertions":1,"deletions":1}}},{"hash":"e8938b336cdd04de6bcffad19e8aae95aff409b2","messageTitle":"Bug fixes on error message","messageBody":"","fileTypesAndContributionMap":{"functional-code":{"insertions":12,"deletions":22}}},{"hash":"bb7e361767bc9f8fea0478a3c08c6bd48eb4d1db","messageTitle":"Fix formatting for UG div","messageBody":"","fileTypesAndContributionMap":{"functional-code":{"insertions":3,"deletions":0},"docs":{"insertions":2,"deletions":2}}},{"hash":"f51bf787e759793695e31961c8699239e1d49008","messageTitle":"Fix index error","messageBody":"","fileTypesAndContributionMap":{"functional-code":{"insertions":16,"deletions":23},"docs":{"insertions":3,"deletions":3},"test-code":{"insertions":10,"deletions":8}}},{"hash":"d0ef25a2dcc596ebe143e25c499af7b46c749c3f","messageTitle":"Fix compilation error","messageBody":"","fileTypesAndContributionMap":{"functional-code":{"insertions":0,"deletions":2}}},{"hash":"9379ea7422cdef412d393f3e9cb615c8f53df3fd","messageTitle":"Update ppp","messageBody":"","fileTypesAndContributionMap":{"docs":{"insertions":63,"deletions":21}}},{"hash":"4144ef196a1008e9552e3d1c07fbec6010a7035c","messageTitle":"Add done command in UG","messageBody":"","fileTypesAndContributionMap":{"functional-code":{"insertions":12,"deletions":0},"docs":{"insertions":14,"deletions":0}}},{"hash":"6b7fbf2fa63af4f2ca2df0e2337fd8a0166f242b","messageTitle":"Update ppp","messageBody":"","fileTypesAndContributionMap":{"docs":{"insertions":6,"deletions":3}}},{"hash":"3f7d703cb25a3b88e2163f6486c8581a28a987f1","messageTitle":"Fix title enforcement","messageBody":"","fileTypesAndContributionMap":{"functional-code":{"insertions":6,"deletions":3}}},{"hash":"3d403fa6f9d259037347a634f20e6b84f8acf923","messageTitle":"Add contributions to PPP","messageBody":"","fileTypesAndContributionMap":{"docs":{"insertions":6,"deletions":10}}},{"hash":"2f4628c15c20e751055693e84a28f9d22541aab3","messageTitle":"Fix markdown html","messageBody":"","fileTypesAndContributionMap":{"docs":{"insertions":2,"deletions":2}}},{"hash":"e9954d622280c292cc85ac5a66a14b495d719330","messageTitle":"Fix UG attribute table","messageBody":"","fileTypesAndContributionMap":{"docs":{"insertions":0,"deletions":14}}}]}],"mesyeux":[{"date":"2021-02-24","commitResults":[{"hash":"8313b04777c9def92c5a256718fe677a4dcb6bda","messageTitle":"Update AboutUs.md","messageBody":"","fileTypesAndContributionMap":{"docs":{"insertions":4,"deletions":4}}}]},{"date":"2021-02-26","commitResults":[{"hash":"35e2d547516c7e9b8cdb8c33bb9e69b1faf91a01","messageTitle":"Update AboutUs.md","messageBody":"","fileTypesAndContributionMap":{"docs":{"insertions":47,"deletions":1}}},{"hash":"ba47c246d718095477c4ec2834dbdf774719b888","messageTitle":"Update AboutUs.md","messageBody":"","fileTypesAndContributionMap":{"docs":{"insertions":10,"deletions":3}}}]},{"date":"2021-03-01","commitResults":[{"hash":"2e3a910bddbff098da90fc972e2f566f84a62861","messageTitle":"Update DG with use cases","messageBody":"","fileTypesAndContributionMap":{"docs":{"insertions":33,"deletions":11}}},{"hash":"65b57f1c7572cea263e1f92d478c2d36be176e56","messageTitle":"Update UG","messageBody":"","fileTypesAndContributionMap":{"docs":{"insertions":6,"deletions":6}}},{"hash":"b9a2db751f6dd3853222048c081687a7e6282e5d","messageTitle":"Update DG","messageBody":"","fileTypesAndContributionMap":{"docs":{"insertions":1,"deletions":1}}},{"hash":"78384376d74f26347a27b3c32b26dec4157e29ee","messageTitle":"Minor changes to UG","messageBody":"","fileTypesAndContributionMap":{"docs":{"insertions":1,"deletions":1}}}]},{"date":"2021-03-16","commitResults":[{"hash":"6ec3f8123af2d0308a8681cd8e689d15cdb32408","messageTitle":"Update DG","messageBody":"","fileTypesAndContributionMap":{"docs":{"insertions":1,"deletions":1}}},{"hash":"29c09b299c77dba51e071ad94b3b4f7ad2d70f88","messageTitle":"Add authorship tags","messageBody":"","fileTypesAndContributionMap":{"functional-code":{"insertions":2,"deletions":0},"test-code":{"insertions":4,"deletions":0}}},{"hash":"4a9fe8c6ef724d281a15635d17d95e203aaf0ad3","messageTitle":"Update implementation of delete field method","messageBody":"","fileTypesAndContributionMap":{"functional-code":{"insertions":9,"deletions":5},"docs":{"insertions":2,"deletions":2}}}]},{"date":"2021-03-17","commitResults":[{"hash":"955b6f331306c61c49fcfdf69b86eb1269157ebd","messageTitle":"Add authorship tags","messageBody":"","fileTypesAndContributionMap":{"functional-code":{"insertions":16,"deletions":0},"test-code":{"insertions":27,"deletions":0}}}]},{"date":"2021-03-21","commitResults":[{"hash":"7635fe33439931d451c83238eda37baecd831935","messageTitle":"Refactor Deadline to use LocalDate and StartTime to use LocalTime","messageBody":"","fileTypesAndContributionMap":{"functional-code":{"insertions":68,"deletions":28},"test-code":{"insertions":57,"deletions":55}}},{"hash":"c9f5318380a3c12e9e8830991034c45061d38d56","messageTitle":"Update values in AddCommandParser and SampleDataUtil","messageBody":"","fileTypesAndContributionMap":{"functional-code":{"insertions":7,"deletions":7}}},{"hash":"fb7ef83447947e0094ac57200b164ad455ab21c5","messageTitle":"Fix checkstyle errors","messageBody":"","fileTypesAndContributionMap":{"test-code":{"insertions":2,"deletions":1}}}]},{"date":"2021-03-22","commitResults":[{"hash":"d53c03c618583c9886521754763330def09f6764","messageTitle":"Implement Countdown command","messageBody":"","fileTypesAndContributionMap":{"functional-code":{"insertions":181,"deletions":8},"test-code":{"insertions":10,"deletions":0}}},{"hash":"13813d5807df6e77d9ef76b52b7dd297bc6ce97c","messageTitle":"Add Junit tests for CountdownCommand and CountdownCommandParser","messageBody":"","fileTypesAndContributionMap":{"functional-code":{"insertions":2,"deletions":1},"test-code":{"insertions":132,"deletions":2}}},{"hash":"4a3f104eaec82492377567f5e811984469ff6521","messageTitle":"Fix checkstyle errors","messageBody":"","fileTypesAndContributionMap":{"functional-code":{"insertions":18,"deletions":5}}}]},{"date":"2021-03-24","commitResults":[{"hash":"841923598e770a9faf00303a261ac1b9fdd107df","messageTitle":"Update DG, added UML diagrams","messageBody":"","fileTypesAndContributionMap":{"docs":{"insertions":124,"deletions":0}}},{"hash":"a5e22ffc08a034f9e4955d598087fc9e6272f150","messageTitle":"Add assertions and logging","messageBody":"","fileTypesAndContributionMap":{"functional-code":{"insertions":24,"deletions":1}}}]},{"date":"2021-03-28","commitResults":[{"hash":"24bf858565477dd68450fb48c2ce3f00d4e0634c","messageTitle":"Modify command words and update command messages","messageBody":"","fileTypesAndContributionMap":{"functional-code":{"insertions":55,"deletions":53},"test-code":{"insertions":1,"deletions":1}}},{"hash":"40a3e2b36ab205ee3e42b881f5bb3fc100dd4cf8","messageTitle":"Update UG to match modified command words","messageBody":"","fileTypesAndContributionMap":{"docs":{"insertions":29,"deletions":29}}},{"hash":"5e162b29f3f1ce43df926b47494da0c01ae55084","messageTitle":"Update ability to delete more fields in DeleteFieldCommand","messageBody":"","fileTypesAndContributionMap":{"functional-code":{"insertions":9,"deletions":6}}}]},{"date":"2021-03-29","commitResults":[{"hash":"9a22f940717187951e91b20da5035e433307f0c4","messageTitle":"Fix bugs for deadline countdown","messageBody":"","fileTypesAndContributionMap":{"functional-code":{"insertions":8,"deletions":1}}},{"hash":"43e3c2451aa342a6b8ff2b0018dbffef6fe1f37d","messageTitle":"Add command to display statistics","messageBody":"","fileTypesAndContributionMap":{"functional-code":{"insertions":198,"deletions":0}}},{"hash":"c0a9a420928829ed7519134fa5281d2c3af0e6f6","messageTitle":"Add Junit tests for StatsCommand","messageBody":"","fileTypesAndContributionMap":{"functional-code":{"insertions":7,"deletions":3},"test-code":{"insertions":57,"deletions":0}}}]},{"date":"2021-03-30","commitResults":[{"hash":"7ce5e6afcc67e438caef7659fcc42f1ab3a1681c","messageTitle":"Update UG with information for Stats command and Countdown command","messageBody":"","fileTypesAndContributionMap":{"docs":{"insertions":40,"deletions":11}}},{"hash":"4a9a1418ec3704f7adf05f5a447e857367b75240","messageTitle":"Update DG","messageBody":"","fileTypesAndContributionMap":{"docs":{"insertions":8,"deletions":7}}}]},{"date":"2021-04-05","commitResults":[{"hash":"e9c96f8400430fbfbb807ca9898cf8773732eee7","messageTitle":"Fix bugs in UG, improve readability by adding line breaks","messageBody":"","fileTypesAndContributionMap":{"docs":{"insertions":8,"deletions":6}}},{"hash":"7225af3f34f495dc16067a69137293bab95d5554","messageTitle":"Update message usages for commands","messageBody":"","fileTypesAndContributionMap":{"functional-code":{"insertions":5,"deletions":5}}},{"hash":"03a65d7e24f74547e97f9a1033bb03a6dfeaa461","messageTitle":"Update remove field command to feedback when field is already empty","messageBody":"","fileTypesAndContributionMap":{"functional-code":{"insertions":46,"deletions":12}}},{"hash":"da2914c7c047da43dbfaf0a29c65f27933b330f5","messageTitle":"Update DG with new commands, update use cases","messageBody":"","fileTypesAndContributionMap":{"docs":{"insertions":69,"deletions":17}}}]},{"date":"2021-04-09","commitResults":[{"hash":"a342343cfc86176153ac2de03ebd7e57e86e9076","messageTitle":"Fix minor grammar mistakes","messageBody":"","fileTypesAndContributionMap":{"docs":{"insertions":12,"deletions":11}}},{"hash":"2444d05851f55ce509682a2d86618488f4d3bca3","messageTitle":"Modify commands to fit latest command syntax, fix minor grammar mistakes","messageBody":"","fileTypesAndContributionMap":{"docs":{"insertions":35,"deletions":31}}}]},{"date":"2021-04-11","commitResults":[{"hash":"9dce102546c5e28e9d2eb00d54dfb79df64a8473","messageTitle":"Fix checkstyle errors","messageBody":"","fileTypesAndContributionMap":{"functional-code":{"insertions":21,"deletions":14}}},{"hash":"a023948b19a181a3e7244303e86b7760fba98e0e","messageTitle":"Extract methods out from long code","messageBody":"","fileTypesAndContributionMap":{"functional-code":{"insertions":43,"deletions":42}}},{"hash":"37f0895046e7404a0fe11f067ed6e0457e63e68f","messageTitle":"Update error messages in test cases","messageBody":"","fileTypesAndContributionMap":{"test-code":{"insertions":2,"deletions":2}}},{"hash":"41f318911612ad6ae0b1ba58daa57ebd93ab0112","messageTitle":"Update PPP","messageBody":"","fileTypesAndContributionMap":{"docs":{"insertions":32,"deletions":27}}},{"hash":"c5663b7bc8c5978d71e21e73e1cbca16a4d368d4","messageTitle":"Update PPP","messageBody":"","fileTypesAndContributionMap":{"docs":{"insertions":9,"deletions":8}}},{"hash":"a4bd7cb77286344da465b90f1e639994a68a8488","messageTitle":"Update DG and UML diagram bugs","messageBody":"","fileTypesAndContributionMap":{"docs":{"insertions":3,"deletions":3}}},{"hash":"8a7b46c1d50278713774d2e4dafc384edb649a22","messageTitle":"Update use cases in DG","messageBody":"","fileTypesAndContributionMap":{"docs":{"insertions":32,"deletions":29}}},{"hash":"7baac7738735d904a7ff81b3c357696220ba2b02","messageTitle":"Fix grammar mistake in error","messageBody":"","fileTypesAndContributionMap":{"functional-code":{"insertions":1,"deletions":1}}},{"hash":"5f42f19e27e72d10aa4045bd3d8ef535bd5a7378","messageTitle":"Update UG","messageBody":"","fileTypesAndContributionMap":{"docs":{"insertions":3,"deletions":3}}},{"hash":"77351b74e0989b55b568d12b23beaaff36ccc4e1","messageTitle":"Fix bug in Stats command","messageBody":"","fileTypesAndContributionMap":{"functional-code":{"insertions":40,"deletions":39},"test-code":{"insertions":0,"deletions":16}}}]}],"kaixiangtay":[{"date":"2021-02-24","commitResults":[{"hash":"ee441fd7302bf546d1562947667290f0411b8c3c","messageTitle":"Update AboutUs.md and add kaixiangtay.md, kaixiangtay.png","messageBody":"","fileTypesAndContributionMap":{"docs":{"insertions":52,"deletions":6}}}]},{"date":"2021-02-27","commitResults":[{"hash":"5904abc9bc7ef20b595f548c2677e878a16f2945","messageTitle":"Update find task command section in UserGuide.md","messageBody":"","fileTypesAndContributionMap":{"docs":{"insertions":13,"deletions":15}}},{"hash":"c3e295622da5d16072dd6838ca37c28c7d0370e8","messageTitle":"Update Non-functional requirements in DeveloperGuide.md","messageBody":"","fileTypesAndContributionMap":{"docs":{"insertions":30,"deletions":3}}}]},{"date":"2021-03-10","commitResults":[{"hash":"f34cd8e094ae3ff7cb39e446ca66234cfadb43bd","messageTitle":"Create TagContainsKeyword.java and rename TitleContainsKeywordsPredicate.java to DescriptionContainsKeywordsPredicate.java","messageBody":"","fileTypesAndContributionMap":{"functional-code":{"insertions":56,"deletions":8},"other":{"insertions":16,"deletions":16},"test-code":{"insertions":18,"deletions":18}}},{"hash":"3203e06d817eb7ae036239e7ada65e1e02b24766","messageTitle":"Add TagContainsKeywordsPredicateTest.java and fix checkstyle errors","messageBody":"","fileTypesAndContributionMap":{"functional-code":{"insertions":3,"deletions":3},"other":{"insertions":16,"deletions":16},"test-code":{"insertions":97,"deletions":18}}},{"hash":"722b40c009a6fb45a090bcd7398bec407c00805f","messageTitle":"Handle empty tag input into find command and add new test cases to TagContainsKeyWordsPredicateTest","messageBody":"","fileTypesAndContributionMap":{"functional-code":{"insertions":24,"deletions":5},"test-code":{"insertions":26,"deletions":10}}}]},{"date":"2021-03-11","commitResults":[{"hash":"bc625c0ef3da94b96e363ce93869f6ec56cd2d0f","messageTitle":"Add extra test cases into FindCommandParserTest.java","messageBody":"Run through test coverage report, found out\nTagContainsKeywordsPredicate in parse function and\nhandleSearchByTag function in FindCommandParser\nare not covered in testing.\n","fileTypesAndContributionMap":{"test-code":{"insertions":11,"deletions":1}}},{"hash":"0a7b0d8e8876c1e23c02624d1753f091c7011511","messageTitle":"Update UserGuide by adding a section for find a task by tag","messageBody":"","fileTypesAndContributionMap":{"docs":{"insertions":23,"deletions":4}}}]},{"date":"2021-03-14","commitResults":[{"hash":"5306a8c190b656469b36491d56bd212730db52c5","messageTitle":"Add enhancement of finding task by description keywords","messageBody":"Include test cases for the find task by description feature\n\nRefactor code in FindCommandParser for empty input field using\ncheckEmptyInputField function\n\nUpdate User guide by adding find task by description section\n\nCheck code coverage for newly added feature find task by description\n","fileTypesAndContributionMap":{"functional-code":{"insertions":91,"deletions":15},"docs":{"insertions":16,"deletions":1},"test-code":{"insertions":92,"deletions":0}}},{"hash":"b6726086aa6b9b6880d85098e91a8fbf07d427be","messageTitle":"Add extra checks to check for invalid multiple find queries in FindParser","messageBody":"Include extra test cases in FindParserTest to account\nfor the new checks\n\nAdd new Parse exception message for invalid multiple commands\nin FindCommand\n","fileTypesAndContributionMap":{"functional-code":{"insertions":70,"deletions":8},"test-code":{"insertions":17,"deletions":1}}}]},{"date":"2021-03-16","commitResults":[{"hash":"b77b8c8c04f3dd2e2b585164bd12196a909bd4eb","messageTitle":"Update DG, improve code quality in Command files and added java docs in FindCommandParser","messageBody":"Changed primitive type Boolean to boolean type in DoneCommand\n\nRefactor codes in if else block statements in AddCommand,\nDeleteFieldCommand, DeleteTaskCommand, EditCommand, PlanParser which\ninclude boolean variables to improve code readability\n","fileTypesAndContributionMap":{"functional-code":{"insertions":68,"deletions":24},"docs":{"insertions":5,"deletions":3}}},{"hash":"43de669985c3d0b337b3e1b057083d7e92427132","messageTitle":"Modify the diagrams in the DG to suit PlanIT implementation","messageBody":"","fileTypesAndContributionMap":{"docs":{"insertions":26,"deletions":19}}},{"hash":"ef9748ef181cad8dc754ab0eba43d0e4082cf0fa","messageTitle":"Update small change in user story","messageBody":"","fileTypesAndContributionMap":{"docs":{"insertions":1,"deletions":1}}}]},{"date":"2021-03-17","commitResults":[{"hash":"08962ada518d138937b43064b116273517cff284","messageTitle":"Refactor email field in PlanIT project to recurringSchedule","messageBody":"","fileTypesAndContributionMap":{"functional-code":{"insertions":144,"deletions":142},"test-code":{"insertions":220,"deletions":207}}},{"hash":"7c7ed659a36af8664d34b1128b39b625b50425bc","messageTitle":"Fix checkstyle errors in AddCommandParserTest, EditCommandParserTest, TaskTest","messageBody":"","fileTypesAndContributionMap":{"test-code":{"insertions":50,"deletions":38}}},{"hash":"ceb1734b765152402d89c768c6a74967392065d2","messageTitle":"Resolve error in DeleteFieldCommandTest","messageBody":"","fileTypesAndContributionMap":{"test-code":{"insertions":2,"deletions":2}}},{"hash":"e64639a3943eac7b838d0f9394020877908aa113","messageTitle":"Remove unnecessary println statement","messageBody":"","fileTypesAndContributionMap":{"test-code":{"insertions":0,"deletions":1}}},{"hash":"7d335a65306f851d881e3d140c4835c0b66e7c43","messageTitle":"Add test cases for recurring schedule in RecurringScheduleTest","messageBody":"Rename occurrences of email to recurring schedule when required\n\nFix check style error and check through code coverage in general\nespecially for recurring schedule\n","fileTypesAndContributionMap":{"functional-code":{"insertions":7,"deletions":8},"docs":{"insertions":1,"deletions":1},"test-code":{"insertions":110,"deletions":89}}}]},{"date":"2021-03-18","commitResults":[{"hash":"a8b8054918e253d358e54e8c29c4451c04553558","messageTitle":"Fix bug related to recurring schedule where recurring schedule previously have to be compulsory field","messageBody":"Update message description in RecurringSchedule\n\nChange java docs in TagContainsKeywordsPredicate,\nTitleContainsPredicate, DescriptionContainsKeywordsPredicate and\nFindCommandParser to adhere to Java coding standard\n\nUpdate UI in README to be in sync with latest working product\n","fileTypesAndContributionMap":{"functional-code":{"insertions":109,"deletions":53},"test-code":{"insertions":36,"deletions":27}}}]},{"date":"2021-03-19","commitResults":[{"hash":"676d4c229645d008e183ac96110c4453ee1cdd41","messageTitle":"Update comments and inputs in RecurringScheduleTest according to feedback from team mate given in Github","messageBody":"","fileTypesAndContributionMap":{"test-code":{"insertions":4,"deletions":4}}}]},{"date":"2021-03-21","commitResults":[{"hash":"1a14ae351eb3dafe87b3d152d31b01868c24e760","messageTitle":"Update regex in recurring schedule, test cases in recurringScheduleTest and sample data in json and test files","messageBody":"Resolve error in SampleDataUtil due to incorrect format in deadline\n","fileTypesAndContributionMap":{"functional-code":{"insertions":27,"deletions":24},"test-code":{"insertions":52,"deletions":52}}}]},{"date":"2021-03-22","commitResults":[{"hash":"33ce21d856601999b6c48cc3e6aa1a9d2f3bbef0","messageTitle":"Add biweekly and weekly dates generation to recurring schedule","messageBody":"","fileTypesAndContributionMap":{"functional-code":{"insertions":62,"deletions":2},"test-code":{"insertions":19,"deletions":2}}},{"hash":"cb3e0af7f6bfc6379b5cb164a06d49cb3e4150dd","messageTitle":"Refactor code of generateRecurringSchedule into sub methods within Recurring Schedule","messageBody":"Improve code formatting of recurring schedule output into JavaFx\nby introducing a line break for each date within the schedule\n\nAdd equals test cases in RecurringScheduleTest\n","fileTypesAndContributionMap":{"functional-code":{"insertions":74,"deletions":39},"test-code":{"insertions":23,"deletions":7}}},{"hash":"083e0156e13575fdeb9c091b0686d31c0e9ba69a","messageTitle":"Create a utility class FindCommandParserUtil to store miscellaneous methods for FindCommandParser","messageBody":"Create a new test class for FindCommandParserUtil and\nadded some test cases to check for parse exception\n","fileTypesAndContributionMap":{"functional-code":{"insertions":115,"deletions":96},"test-code":{"insertions":64,"deletions":8}}},{"hash":"7b1b6d5ca86cca747cd698250f45a6bd45a989ec","messageTitle":"Fix checkstyle error","messageBody":"","fileTypesAndContributionMap":{"test-code":{"insertions":1,"deletions":1}}}]},{"date":"2021-03-23","commitResults":[{"hash":"5b8a101bc029a6c87ea17313218f02b8f9f096ab","messageTitle":"Fix bug in Recurring Schedule where the data is previously corrupted, has problems loading upon app startup after adding recurring schedule to the task once","messageBody":"Add 2 constraints where end date in recurring schedule not only have to\nbe after the current system date but also have to\nbe at least one week away from current system date\n\nUpdate java docs in RecurringSchedule\n\nUpdate test cases in json and test files\n\nAdd use case and user stories to DG\n\nUpdate small description of recurring schedule\nand commands of find in UG\n","fileTypesAndContributionMap":{"functional-code":{"insertions":74,"deletions":53},"docs":{"insertions":51,"deletions":9},"test-code":{"insertions":53,"deletions":54}}},{"hash":"cb930e996faebb7a8a5353c2204bee6616aff7ac","messageTitle":"Update access modifiers of recurring Schedule","messageBody":"","fileTypesAndContributionMap":{"functional-code":{"insertions":46,"deletions":38}}},{"hash":"f4baa6dfcb2c94b5ab511c829e0195ba3b98a687","messageTitle":"Update UG and added comments to unclear parts in RecurringSchedule","messageBody":"","fileTypesAndContributionMap":{"functional-code":{"insertions":6,"deletions":3},"docs":{"insertions":7,"deletions":5}}},{"hash":"30117cbceacf24bfba1fcdf00e7db068e24b8d26","messageTitle":"Add code coverage badge to ReadME.md file for team repo","messageBody":"","fileTypesAndContributionMap":{"docs":{"insertions":1,"deletions":0}}},{"hash":"7394175889c576cacb7a35284c0341decbac39ad","messageTitle":"Resolve bugs pertaining to RecurringSchedule and Deadline","messageBody":"","fileTypesAndContributionMap":{"functional-code":{"insertions":1,"deletions":3}}},{"hash":"5c225d9fc406949797255686bd91d431fb2c01fc","messageTitle":"Add logging to exception handling places in AddCommand, FindCommandParser, FindCommandParserUtil","messageBody":"Update assert statement in Recurring Schedule\n","fileTypesAndContributionMap":{"functional-code":{"insertions":23,"deletions":8}}},{"hash":"b74596fb111ba8c899e23563e2e028249110f584","messageTitle":"Update test cases in EditTaskDescriptor and ParserUtilTest","messageBody":"","fileTypesAndContributionMap":{"functional-code":{"insertions":1,"deletions":2},"test-code":{"insertions":3,"deletions":7}}},{"hash":"2c211d1353881636b32e3de64241a7173a060b11","messageTitle":"Add logger to FindCommandParserUtil","messageBody":"","fileTypesAndContributionMap":{"functional-code":{"insertions":11,"deletions":0},"test-code":{"insertions":0,"deletions":1}}}]},{"date":"2021-03-24","commitResults":[{"hash":"b39e4fc97f0d82ae71ce985ce605e701600fe4d1","messageTitle":"Add find command sequence diagram and description in DeveloperGuide.md","messageBody":"","fileTypesAndContributionMap":{"functional-code":{"insertions":1,"deletions":0},"docs":{"insertions":130,"deletions":0}}},{"hash":"c2a83f06bb73fe68f63fb1dbd9a0d4eb57ae0055","messageTitle":"Add Activity Diagram for FindCommand and update use case and glossary in DG","messageBody":"Resolve data not saved after merge from master\nby updating SampleDataUtil\n","fileTypesAndContributionMap":{"functional-code":{"insertions":6,"deletions":6},"docs":{"insertions":40,"deletions":7}}}]},{"date":"2021-03-26","commitResults":[{"hash":"4daabfe654f4f0a41d07a97bf2cca4df32e4dca1","messageTitle":"Update DG Sequence Diagram size","messageBody":"","fileTypesAndContributionMap":{"docs":{"insertions":1,"deletions":1}}},{"hash":"8e03db34e9a96a887d9f9bd128a59452dbb3110f","messageTitle":"Fix Duration bug and make it not a compulsory field","messageBody":"","fileTypesAndContributionMap":{"functional-code":{"insertions":2,"deletions":2}}},{"hash":"57dbff1412af55b05fc794aa765c494b8aa85a21","messageTitle":"Fix test error is DurationTest","messageBody":"","fileTypesAndContributionMap":{"docs":{"insertions":1,"deletions":1},"test-code":{"insertions":9,"deletions":10}}}]},{"date":"2021-03-27","commitResults":[{"hash":"ec6d6f087805ceb66c4ac2611a67fc8f5321206b","messageTitle":"Improve OOP design of Recurring Schedule by introducing an interface RecurringDates and a utility class RecurringDatesUtil to store the utility methods of RecurringDates","messageBody":"Improve message error of Duration\n","fileTypesAndContributionMap":{"functional-code":{"insertions":121,"deletions":85}}},{"hash":"866f5a8b7f28883f5fc0ebdcc38f1be231c28578","messageTitle":"Create RecurringDatesUtilTest file and add test cases for checkExpiryDate and formatRecurringScheduleInput methods in RecurringDatesUtil","messageBody":"","fileTypesAndContributionMap":{"test-code":{"insertions":41,"deletions":0}}},{"hash":"135444622a399daa8ad427eb7e6b8a3c2845fb61","messageTitle":"Update invalid input message for recurring schedule","messageBody":"","fileTypesAndContributionMap":{"functional-code":{"insertions":3,"deletions":3}}},{"hash":"78a76bf5a41460cf92e3beb88afaaf5e6886527d","messageTitle":"Create ListCommandParser and added the feature to list all tasks based on status from user input either done or not done","messageBody":"Update ListCommandTest and added ListCommandTest as well as\nTaskDoneStatusPredicate to filter the task list in model based on status\n\nUpdate changes in other test files\n","fileTypesAndContributionMap":{"functional-code":{"insertions":106,"deletions":6},"test-code":{"insertions":10,"deletions":6}}},{"hash":"3e5a0281b5299d49eb9534702f5fde3169f6aa3c","messageTitle":"Fix checkstyle errors","messageBody":"","fileTypesAndContributionMap":{"functional-code":{"insertions":3,"deletions":3}}}]},{"date":"2021-03-30","commitResults":[{"hash":"53c57b2706feb9a5555afcea48602d12f51e63e5","messageTitle":"Create predicate test files and fine tune the output of recurring schedule","messageBody":"","fileTypesAndContributionMap":{"functional-code":{"insertions":33,"deletions":11},"test-code":{"insertions":14,"deletions":0}}},{"hash":"54e5d969d6c2789bbb89144a8bd8fad874a622ce","messageTitle":"Shift predicate files into predicate folder","messageBody":"","fileTypesAndContributionMap":{"functional-code":{"insertions":5,"deletions":5},"other":{"insertions":12,"deletions":7},"test-code":{"insertions":7,"deletions":7}}},{"hash":"789038cf0e7449f16670bf257ae0a37f38d2ddee","messageTitle":"Update RecurringScheduleTest and move TaskDoneStatusPredicateTest into predicate folder","messageBody":"","fileTypesAndContributionMap":{"functional-code":{"insertions":2,"deletions":2},"other":{"insertions":1,"deletions":1},"test-code":{"insertions":28,"deletions":9}}},{"hash":"3dc808d8e36288555b201436297ee8cc2681e071","messageTitle":"Add more test cases for RecurringDatesUtilTest","messageBody":"Fine tune java docs explaination for week calculation\nin number of weeks between dates in RecurringDatesUtil\n","fileTypesAndContributionMap":{"functional-code":{"insertions":6,"deletions":4},"test-code":{"insertions":57,"deletions":2}}},{"hash":"bc575d77e6d66a8db8d051fe9870bed4c4e9a1ae","messageTitle":"Simplify list undone tasks by removing the use of Predicate\u003cTask\u003e in ListCommand and adding a Predicate filter directly in model","messageBody":"","fileTypesAndContributionMap":{"functional-code":{"insertions":15,"deletions":50},"test-code":{"insertions":25,"deletions":14}}},{"hash":"d01ebf83592ada628558f6e3260af88b733e6e69","messageTitle":"Make additional changes to ListCommand and add in java docs for FindCommand","messageBody":"","fileTypesAndContributionMap":{"functional-code":{"insertions":15,"deletions":17},"test-code":{"insertions":16,"deletions":8}}},{"hash":"1f080c5551459b7da59ee0b4d6aece7d85c84f6d","messageTitle":"Fix checkstyle errors","messageBody":"","fileTypesAndContributionMap":{"functional-code":{"insertions":0,"deletions":2},"test-code":{"insertions":1,"deletions":1}}}]},{"date":"2021-03-31","commitResults":[{"hash":"3ea178d19332ed606c4e4b04a3d6962fc33cbf7d","messageTitle":"Remove RecurringDatesUtil after considering from OOP perspective it actually increase coupling and reduce cohesion as well as the ease of testability for RecurringSchedule","messageBody":"Enhance code quality in Recurring Schedule by wrapping end Date as an\nOptional\u003cLocalDate\u003e so there will not be\nany instance of null initialisation\n\nEnhance code readability by using conditional expression\nin place of if else in Recurring Schedule\n\nAdd check for unchecked and unsafe operations in build.gradle\n","fileTypesAndContributionMap":{"functional-code":{"insertions":94,"deletions":150},"other":{"insertions":4,"deletions":0},"test-code":{"insertions":92,"deletions":103}}},{"hash":"643f30330e52c8506a56537bf4faf30dd0eb74d9","messageTitle":"Update User Guide and add in user-centric motivation of using the features.","messageBody":"","fileTypesAndContributionMap":{"docs":{"insertions":105,"deletions":46}}},{"hash":"e287d8c1c77955ec5d68006613f9365b3a1d7274","messageTitle":"Modify sample data upon app startup to simulate the tasks that our target user will have","messageBody":"","fileTypesAndContributionMap":{"functional-code":{"insertions":23,"deletions":19}}}]},{"date":"2021-04-01","commitResults":[{"hash":"7293c738a87b96c2783db2092a7fc4b51f230ab4","messageTitle":"Add date constraint check for months of 30, 31 and leap year in a new public class ValidDateFormatter","messageBody":"Update the same date range constraint check\nin AddCommand and EditCommand\n\nUpdate the same constraint check in RecurringSchedule and added a\nnew boolean variable isValidDateRange\nas well as a method isInvalidDateRange to be used in Task\n\nUpdate UserGuide to combine search by description and search by title\ninto one section since they are very similar\n","fileTypesAndContributionMap":{"functional-code":{"insertions":82,"deletions":10},"docs":{"insertions":14,"deletions":22}}}]},{"date":"2021-04-06","commitResults":[{"hash":"b031942576957ccf1d7c7cc73ae0dfcb2231d99c","messageTitle":"Update UG by fixing based on peer testers findings","messageBody":"Update error messages in ListCommand, FindCommand and RecurringSchedule\nto be more straightforward and understandable\n","fileTypesAndContributionMap":{"functional-code":{"insertions":41,"deletions":30},"docs":{"insertions":50,"deletions":42}}},{"hash":"efcd808d30d60e0f26c9de12861db144ce7df3db","messageTitle":"Fix ListCommand in gradle test cases","messageBody":"","fileTypesAndContributionMap":{"functional-code":{"insertions":2,"deletions":2}}},{"hash":"86c9e77b2ce96ee2629c86e0a6190965bdb5aa12","messageTitle":"Fix checkstyle","messageBody":"","fileTypesAndContributionMap":{"functional-code":{"insertions":2,"deletions":2}}},{"hash":"8fc6edb2a32b79bf21c44055f8c8eb3f82e0122c","messageTitle":"update UG minor grammar editing","messageBody":"","fileTypesAndContributionMap":{"docs":{"insertions":2,"deletions":2}}},{"hash":"ba6fdfdc71fae4c6634aa1898e3d509f466104a7","messageTitle":"Fix grammar in UG","messageBody":"","fileTypesAndContributionMap":{"docs":{"insertions":1,"deletions":1}}}]},{"date":"2021-04-10","commitResults":[{"hash":"59a5a46839179c614f81c4aa3eade46617997a2a","messageTitle":"Update FindCommandParserTest test cases for find by tag and find by description queries to account for invalid whitespace right after prefix (d/, t/) but allow whitespace between keywords","messageBody":"Improve error message in FindCommandParserUtil\n\nUpdate test cases in RecurringScheduleTest to account for white space\nand invalid date range to check for invalid dates in non-leap years\nand months of 30\n\nUpdate User Guide to be more specific in explanation\nof when is white spaces allowed for find a task by tag and description\n","fileTypesAndContributionMap":{"functional-code":{"insertions":8,"deletions":7},"docs":{"insertions":19,"deletions":7},"test-code":{"insertions":107,"deletions":23}}}]},{"date":"2021-04-11","commitResults":[{"hash":"cad51a8fc0e5498f36d11ea13f2bf64b304acb2c","messageTitle":"Add test cases to manual testing, improve sequence diagram to show only required details, improve user stories and enhance use cases in DG","messageBody":"Rename Deadline to Date in ModelClassDiagram and ModelClassDiagram of DG\n\nUpdate Project Portfolio Page and improve error message of FindCommand\n","fileTypesAndContributionMap":{"functional-code":{"insertions":23,"deletions":21},"docs":{"insertions":361,"deletions":83}}},{"hash":"e2704503220c6e638f28fb4e09c7a1fdd32c2244","messageTitle":"Update PPP","messageBody":"","fileTypesAndContributionMap":{"docs":{"insertions":3,"deletions":3}}},{"hash":"ed240dc4d78e86f1c220cbe257798cac94d15560","messageTitle":"Fix trailing white spaces","messageBody":"","fileTypesAndContributionMap":{"docs":{"insertions":4,"deletions":1}}},{"hash":"a094fa6a0d6b0c060da667937d9d9a2295ac5a32","messageTitle":"Update ModelClassDiagram","messageBody":"","fileTypesAndContributionMap":{"docs":{"insertions":12,"deletions":0}}},{"hash":"50c9e48f4cc11a37c36ca473adca7abbe09b3f92","messageTitle":"Update UG","messageBody":"","fileTypesAndContributionMap":{"docs":{"insertions":1,"deletions":1}}},{"hash":"12a42fbe35e058f3df49b9a054db765744faad56","messageTitle":"Update error messages and fix UG parts","messageBody":"","fileTypesAndContributionMap":{"functional-code":{"insertions":3,"deletions":3},"docs":{"insertions":14,"deletions":12}}},{"hash":"de44374308ff32ca1cc79753fc8839f3086a4bfc","messageTitle":"Fix checkstyle","messageBody":"","fileTypesAndContributionMap":{"docs":{"insertions":2,"deletions":1}}}]}],"habi39":[{"date":"2021-02-24","commitResults":[{"hash":"2550fc251c15a0a7b432fb5dfb2d5b1731edc516","messageTitle":"Update about us","messageBody":"","fileTypesAndContributionMap":{"docs":{"insertions":9,"deletions":9}}},{"hash":"303ad023c56bc11d175f86265c9d9a62eb196d86","messageTitle":"Undo refractor","messageBody":"","fileTypesAndContributionMap":{"docs":{"insertions":4,"deletions":4}}}]},{"date":"2021-02-26","commitResults":[{"hash":"c57fa6ae66110efb07d876755759e51468ad8932","messageTitle":"Update of merge","messageBody":"","fileTypesAndContributionMap":{"docs":{"insertions":1,"deletions":1}}},{"hash":"aa7f6889591e3d2971fe0ca61944a485771d1818","messageTitle":"Updated habi39.md","messageBody":"","fileTypesAndContributionMap":{"docs":{"insertions":47,"deletions":0}}}]},{"date":"2021-02-28","commitResults":[{"hash":"d0e008b307274ff8457c8aabe1c09a2e9b9cd283","messageTitle":"Update UG and DG by Han Bin","messageBody":"","fileTypesAndContributionMap":{"docs":{"insertions":27,"deletions":2}}}]},{"date":"2021-03-14","commitResults":[{"hash":"0d8a6b2454062464f7b497d586513af8f8dbede4","messageTitle":"Refractor phone number to deadline","messageBody":"","fileTypesAndContributionMap":{"functional-code":{"insertions":70,"deletions":79},"other":{"insertions":14,"deletions":14},"docs":{"insertions":14,"deletions":14},"test-code":{"insertions":194,"deletions":200}}},{"hash":"d98d0adb82addb893db4dded0b9a18b192ba9d9a","messageTitle":"checkstyle issues","messageBody":"","fileTypesAndContributionMap":{"functional-code":{"insertions":20,"deletions":10},"test-code":{"insertions":24,"deletions":18}}},{"hash":"d7be4d7f9f0738ae144aae8e2b63fa44c7fcdcdf","messageTitle":"Improvement to deadline and addition of start time","messageBody":"","fileTypesAndContributionMap":{"functional-code":{"insertions":164,"deletions":29},"test-code":{"insertions":193,"deletions":72}}}]},{"date":"2021-03-15","commitResults":[{"hash":"01d7e0a76023fb928d92fd0bdd772e87688a4aaa","messageTitle":"Merged Delete Field","messageBody":"","fileTypesAndContributionMap":{"functional-code":{"insertions":171,"deletions":12},"other":{"insertions":32,"deletions":31},"docs":{"insertions":44,"deletions":21},"test-code":{"insertions":188,"deletions":40}}}]},{"date":"2021-03-21","commitResults":[{"hash":"121f40e3da8627e80a3cf13f1837d65b95db9f18","messageTitle":"Update constraints for Deadline","messageBody":"","fileTypesAndContributionMap":{"functional-code":{"insertions":8,"deletions":3},"test-code":{"insertions":30,"deletions":30}}}]},{"date":"2021-03-22","commitResults":[{"hash":"a15798c3a5bf14a16b90098f01b00635cfe6cbcd","messageTitle":"Regex for starttime and improved regex for deadline","messageBody":"","fileTypesAndContributionMap":{"functional-code":{"insertions":9,"deletions":4},"test-code":{"insertions":28,"deletions":26}}},{"hash":"5883a694d017af2a3d19f4ff39d3c99eccd8c637","messageTitle":"Regex for deadline","messageBody":"","fileTypesAndContributionMap":{"functional-code":{"insertions":2,"deletions":2}}},{"hash":"70a429ce4531bd10d3d8cc53116f5a44df2a62d6","messageTitle":"Update DG","messageBody":"","fileTypesAndContributionMap":{"functional-code":{"insertions":2,"deletions":2},"docs":{"insertions":18,"deletions":1}}},{"hash":"e9f4f5520751c316ea6a8eb2e4a2e9cce78213d1","messageTitle":"Make deadline not compulsory","messageBody":"","fileTypesAndContributionMap":{"functional-code":{"insertions":43,"deletions":27},"test-code":{"insertions":3,"deletions":3}}}]},{"date":"2021-03-23","commitResults":[{"hash":"2a937da05fc3d37b313db61d6cf636fa5beca214","messageTitle":"Implement sort by deadline","messageBody":"","fileTypesAndContributionMap":{"functional-code":{"insertions":186,"deletions":14}}},{"hash":"707fefd9470925c17603de970d44e81eb167fb39","messageTitle":"Final changes to sort by deadline","messageBody":"","fileTypesAndContributionMap":{"functional-code":{"insertions":25,"deletions":18},"test-code":{"insertions":12,"deletions":4}}},{"hash":"7ce158990fa1dcc0320e414d9e95053e667e5f35","messageTitle":"Implement deadline constraints and sort deadline","messageBody":"","fileTypesAndContributionMap":{"functional-code":{"insertions":17,"deletions":6},"test-code":{"insertions":21,"deletions":26}}},{"hash":"5a5c142ba7b2c905efa36c5b2b53d513b9bfe9cf","messageTitle":"Final Merge","messageBody":"","fileTypesAndContributionMap":{"functional-code":{"insertions":10,"deletions":6}}},{"hash":"a363e8d6129e3b055b610fb96b9e79ff96930937","messageTitle":"Bug fix","messageBody":"","fileTypesAndContributionMap":{"functional-code":{"insertions":5,"deletions":8}}},{"hash":"0003576c2013353fa4af951acc2bc712af1958b5","messageTitle":"Logging and DG","messageBody":"","fileTypesAndContributionMap":{"functional-code":{"insertions":11,"deletions":0},"docs":{"insertions":14,"deletions":0}}},{"hash":"63688895694e6b33b3ba4bc368ab412e89517f7f","messageTitle":"Refactor of StartTime to duration","messageBody":"","fileTypesAndContributionMap":{"functional-code":{"insertions":85,"deletions":84},"other":{"insertions":29,"deletions":29},"test-code":{"insertions":92,"deletions":92}}},{"hash":"56c49a9c185a0dea98ce91b960112c6d07ae277c","messageTitle":"Change duration to string","messageBody":"","fileTypesAndContributionMap":{"functional-code":{"insertions":6,"deletions":11},"test-code":{"insertions":26,"deletions":26}}}]},{"date":"2021-03-30","commitResults":[{"hash":"b2d4f5a0c6a72fbdf4a064cad520d1ba3c0a7dd1","messageTitle":"Refactor Deadline to date and remove some logging","messageBody":"","fileTypesAndContributionMap":{"functional-code":{"insertions":142,"deletions":143},"other":{"insertions":29,"deletions":30},"docs":{"insertions":18,"deletions":18},"test-code":{"insertions":258,"deletions":258}}}]},{"date":"2021-03-31","commitResults":[{"hash":"19d66888645bc88b34466670ebe963f8c8b75db5","messageTitle":"UG changes","messageBody":"","fileTypesAndContributionMap":{"functional-code":{"insertions":1,"deletions":1},"docs":{"insertions":30,"deletions":6}}},{"hash":"07fbfab1c0df61036f4518d2574635b5b0b290ee","messageTitle":"small bug","messageBody":"","fileTypesAndContributionMap":{"docs":{"insertions":3,"deletions":3}}},{"hash":"08214906b1bdf03d809ac0b1509b2d19ed997af0","messageTitle":"Constraints","messageBody":"","fileTypesAndContributionMap":{"docs":{"insertions":3,"deletions":0}}},{"hash":"d609058e770ee0bb73aa3f0cd289eec4eec1a373","messageTitle":"specify constraints","messageBody":"","fileTypesAndContributionMap":{"docs":{"insertions":4,"deletions":4}}}]},{"date":"2021-04-02","commitResults":[{"hash":"1d7e41aa5e0c77bdca3802a5490ec8f5a003b80f","messageTitle":"Added constraints to date","messageBody":"","fileTypesAndContributionMap":{"functional-code":{"insertions":35,"deletions":7},"test-code":{"insertions":7,"deletions":7}}},{"hash":"909d848107afa1d86e793a690bae573b0e35db80","messageTitle":"Adding constraints to date","messageBody":"","fileTypesAndContributionMap":{"functional-code":{"insertions":4,"deletions":13}}},{"hash":"fa01c5376bdc1b18defc7febadcab0425b61e555","messageTitle":"Bug fix","messageBody":"","fileTypesAndContributionMap":{"functional-code":{"insertions":1,"deletions":1}}}]},{"date":"2021-04-08","commitResults":[{"hash":"9ef794f07ffbc4dd157c2bff2e5768f67930aebd","messageTitle":"Solve issues presented and update UG","messageBody":"","fileTypesAndContributionMap":{"functional-code":{"insertions":23,"deletions":5},"docs":{"insertions":7,"deletions":7},"test-code":{"insertions":2,"deletions":2}}}]},{"date":"2021-04-09","commitResults":[{"hash":"c399ed1538bb33c042749af3268e8938278ad63a","messageTitle":"remove confusion","messageBody":"","fileTypesAndContributionMap":{"docs":{"insertions":1,"deletions":24}}}]},{"date":"2021-04-10","commitResults":[{"hash":"c9b73c2ed219b48e44d73f3a2678fcaf49a346dd","messageTitle":"Changes to habi39.md","messageBody":"","fileTypesAndContributionMap":{"docs":{"insertions":17,"deletions":1}}},{"hash":"f875f2f071893b6613c7675560a0e3e9d3a9a4c9","messageTitle":"Minor test bug","messageBody":"","fileTypesAndContributionMap":{"test-code":{"insertions":4,"deletions":4}}}]},{"date":"2021-04-11","commitResults":[{"hash":"a2a441d02264fd1c0faf086d50b2743e0f33a1f8","messageTitle":"Changes to DG","messageBody":"","fileTypesAndContributionMap":{"docs":{"insertions":8,"deletions":9}}},{"hash":"03b8ca2c14d963cf70c98c4d54ede8eb3ba8cfc3","messageTitle":"Update DG","messageBody":"","fileTypesAndContributionMap":{"functional-code":{"insertions":1,"deletions":1}}},{"hash":"083509c476304ce8210a03daebbec7b36ad01329","messageTitle":"Bug fix","messageBody":"","fileTypesAndContributionMap":{"functional-code":{"insertions":0,"deletions":2}}},{"hash":"ed612f420ca2aa49711b328e2341c1010aab219a","messageTitle":"Update DG","messageBody":"","fileTypesAndContributionMap":{"docs":{"insertions":126,"deletions":1}}},{"hash":"179fce444ea5960c103ac9c5f928b5db27054ff7","messageTitle":"Update PPP and also redo SortDequenceDiagram","messageBody":"","fileTypesAndContributionMap":{"docs":{"insertions":25,"deletions":41}}},{"hash":"06a1b44167a8778d2ce899b9b789a0d34b9a6d1b","messageTitle":"bug","messageBody":"","fileTypesAndContributionMap":{"docs":{"insertions":1,"deletions":1}}},{"hash":"959298cdc1d43d4576300d5ede810c758803e2d3","messageTitle":"Crediting","messageBody":"","fileTypesAndContributionMap":{"docs":{"insertions":19,"deletions":19}}}]}]},"authorFileTypeContributionMap":{"LimJunxue":{"docs":624,"functional-code":2559,"test-code":2161,"other":6},"maxxng":{"docs":351,"functional-code":1138,"test-code":593,"other":2},"mesyeux":{"docs":351,"functional-code":666,"test-code":413},"kaixiangtay":{"docs":766,"functional-code":759,"test-code":758,"other":4},"habi39":{"docs":258,"functional-code":483,"test-code":352}},"authorContributionVariance":{"LimJunxue":224773.66,"maxxng":27168.053,"mesyeux":7967.3643,"kaixiangtay":43536.19,"habi39":55371.945},"authorDisplayNameMap":{"LimJunxue":"CS2103T-T10-2 LIM ..NXUE","maxxng":"CS2103T-T10-2 MAX ..SHEN","mesyeux":"CS2103T-T10-2 LAU ..YING","kaixiangtay":"CS2103T-T10-2 TAY ..IANG","habi39":"CS2103T-T10-2 LEE .. BIN"}}
