{"authorDailyContributionsMap":{"kangtinglee":[{"date":"2021-03-14","commitResults":[{"hash":"be8e394d80b2685ba25f747a2d8111fd7f3b2cc4","messageTitle":"modify components and corresponding parsers","messageBody":"Modify components (Inventory, Menu, Shopping, Order) and their\ncorresponding parser classes so as to add support for delete commands.\n\nAdd the corresponding invalid index error messages to Messages.\n","fileTypesAndContributionMap":{"functional-code":{"insertions":63,"deletions":15}}}]}],"Sharptail":[{"date":"2021-03-02","commitResults":[{"hash":"ac2d09aad6a3ef22ed019078383099c8560f710d","messageTitle":"Update README.md UI mockup and content","messageBody":"","fileTypesAndContributionMap":{"docs":{"insertions":8,"deletions":1}}},{"hash":"458fd9fcc3e9f42ff9d5bd385df23184d0e9d118","messageTitle":"Update index and AboutUs","messageBody":"","fileTypesAndContributionMap":{"docs":{"insertions":37,"deletions":36}}}]},{"date":"2021-03-12","commitResults":[{"hash":"ab1ceb55933b804007c83da325bc9c6ed079d9ee","messageTitle":"Update Parser to understand new components","messageBody":"","fileTypesAndContributionMap":{"functional-code":{"insertions":379,"deletions":4},"other":{"insertions":58,"deletions":54},"test-code":{"insertions":13,"deletions":7}}},{"hash":"6a8d1d78f410c37f519f85f1548f07a49e930412","messageTitle":"Update Parser structure","messageBody":"","fileTypesAndContributionMap":{"functional-code":{"insertions":835,"deletions":122},"other":{"insertions":178,"deletions":150},"test-code":{"insertions":39,"deletions":34}}}]},{"date":"2021-03-17","commitResults":[{"hash":"f4110947275e8971394a56cc5e072f591a4a7402","messageTitle":"Fix GUI where empty panels will show emply spaces","messageBody":"","fileTypesAndContributionMap":{"functional-code":{"insertions":13,"deletions":3}}},{"hash":"a7cabdec4d2832a6e5be9607e0b203186847142f","messageTitle":"Fix where GUI only showing list when \u0027LIST\u0027 command is called","messageBody":"","fileTypesAndContributionMap":{"functional-code":{"insertions":8,"deletions":10}}}]}],"guanyz":[{"date":"2021-03-02","commitResults":[{"hash":"d339b67ad16778e7d489b5c0045bc0c42d0b6c9b","messageTitle":"Update user stories for v1.1","messageBody":"","fileTypesAndContributionMap":{"docs":{"insertions":17,"deletions":10}}}]},{"date":"2021-03-04","commitResults":[{"hash":"89c1932809a5a8fd6c1b9ed2c67e6b1ddc2f3e4d","messageTitle":"Update NFRs, glossary","messageBody":"","fileTypesAndContributionMap":{"docs":{"insertions":7,"deletions":5}}}]},{"date":"2021-03-16","commitResults":[{"hash":"a8e3dca2415fda7bd676ab18eac2f618e62ba1aa","messageTitle":"Add add command","messageBody":"","fileTypesAndContributionMap":{"functional-code":{"insertions":208,"deletions":40}}}]}],"IanCKW":[{"date":"2021-03-02","commitResults":[{"hash":"3b6b98c2565653755cc073c0eec7ae064c0b23bb","messageTitle":"Update DeveloperGuide for v1.1","messageBody":"","fileTypesAndContributionMap":{"docs":{"insertions":273,"deletions":46}}},{"hash":"b012e9036f8d0cd6562643840e09e0a0332ae18d","messageTitle":"Update DeveloperGuide for v1.1","messageBody":"","fileTypesAndContributionMap":{"docs":{"insertions":27,"deletions":11}}}]},{"date":"2021-03-16","commitResults":[{"hash":"6930c7f2e24b340d88b3efcf95b0f8a525fba517","messageTitle":"Update DeveloperGuide.md","messageBody":"Add user stories for v1.2","fileTypesAndContributionMap":{"docs":{"insertions":8,"deletions":0}}},{"hash":"4613d10fddd4ad9475a0041c6d49ebe7e77ba3bd","messageTitle":"no message","messageBody":"","fileTypesAndContributionMap":{"functional-code":{"insertions":8,"deletions":39}}}]},{"date":"2021-03-17","commitResults":[{"hash":"680fb692f03a203b3d9437f4a222f76acc4e81c8","messageTitle":"commit","messageBody":"","fileTypesAndContributionMap":{"functional-code":{"insertions":27,"deletions":0}}},{"hash":"4f1bfe2a76ef45ab1d426096307e0c5c34834c94","messageTitle":"commit initial changes for list feature","messageBody":"","fileTypesAndContributionMap":{"functional-code":{"insertions":139,"deletions":0}}},{"hash":"63cd09510278f684576fc6126a691924cff604df","messageTitle":"add the list feature for customer, order, inventory and menu","messageBody":"","fileTypesAndContributionMap":{"functional-code":{"insertions":308,"deletions":8}}}]}],"jamesleeht":[{"date":"2021-03-02","commitResults":[{"hash":"6bc8e7009988c5cd8ef33ca5b152891556f24e8a","messageTitle":"Update user guide","messageBody":"","fileTypesAndContributionMap":{"docs":{"insertions":123,"deletions":140}}}]},{"date":"2021-03-04","commitResults":[{"hash":"6a7ceac429c7249d6675ab8a30ec7bb69d9fa2f5","messageTitle":"Remove trace of AB3 from user guide","messageBody":"","fileTypesAndContributionMap":{"docs":{"insertions":1,"deletions":1}}}]},{"date":"2021-03-13","commitResults":[{"hash":"834991c51bb3a0a9592cfc417f0c136ca8ed6dc9","messageTitle":"Add new model classes and unique lists","messageBody":"","fileTypesAndContributionMap":{"functional-code":{"insertions":767,"deletions":1}}},{"hash":"3af0b94ce663332322f2677c35bc8e5d7f91a5fd","messageTitle":"Refactor model classes and book classes","messageBody":"","fileTypesAndContributionMap":{"functional-code":{"insertions":821,"deletions":631},"other":{"insertions":54,"deletions":60},"docs":{"insertions":1,"deletions":1},"test-code":{"insertions":49,"deletions":49}}}]},{"date":"2021-03-14","commitResults":[{"hash":"2b15a25d630448b69caee13d7f0b2a4c05dcc8e7","messageTitle":"Fix checkstyle errors","messageBody":"","fileTypesAndContributionMap":{"functional-code":{"insertions":174,"deletions":158},"other":{"insertions":9,"deletions":9},"test-code":{"insertions":119,"deletions":172}}}]},{"date":"2021-03-15","commitResults":[{"hash":"38ceb6f6b42aa0dab8792e357321a879d0c71b38","messageTitle":"Update storage classes","messageBody":"","fileTypesAndContributionMap":{"functional-code":{"insertions":636,"deletions":56},"other":{"insertions":29,"deletions":31},"test-code":{"insertions":34,"deletions":34}}},{"hash":"d80f47afe208ba499b9c4b25394c95a1ad449533","messageTitle":"Fix tests","messageBody":"","fileTypesAndContributionMap":{"functional-code":{"insertions":6,"deletions":3},"test-code":{"insertions":24,"deletions":4}}},{"hash":"4ccd6ef937bd1fc3596acd1e245ced6ca9bbf9f6","messageTitle":"Fix more tests","messageBody":"","fileTypesAndContributionMap":{"functional-code":{"insertions":1,"deletions":2},"test-code":{"insertions":13,"deletions":2}}},{"hash":"6846c0d6f9c0604d35eb21f5d3741c73dc6aae53","messageTitle":"Fix checkstyle","messageBody":"","fileTypesAndContributionMap":{"functional-code":{"insertions":72,"deletions":55}}}]}]},"authorFileTypeContributionMap":{"kangtinglee":{"docs":0,"functional-code":63,"test-code":0},"Sharptail":{"docs":45,"functional-code":837,"test-code":179},"guanyz":{"docs":22,"functional-code":207,"test-code":0},"IanCKW":{"docs":277,"functional-code":572,"test-code":0},"jamesleeht":{"docs":125,"functional-code":1849,"test-code":262,"other":1}},"authorContributionVariance":{"kangtinglee":216.98767,"Sharptail":124795.78,"guanyz":2197.2703,"IanCKW":12340.616,"jamesleeht":248524.3},"authorDisplayNameMap":{"kangtinglee":"CS2103T-W15-3 LEE ..RCUS","Sharptail":"CS2103T-W15-3 KONG.. WEI","guanyz":"CS2103T-W15-3 GUAN..G ZE","IanCKW":"CS2103T-W15-3 IAN .. WAI","jamesleeht":"CS2103T-W15-3 LEE ..AMES"}}
