{"authorDailyContributionsMap":{"kangtinglee":[{"date":"2021-03-14","commitResults":[{"hash":"be8e394d80b2685ba25f747a2d8111fd7f3b2cc4","messageTitle":"modify components and corresponding parsers","messageBody":"Modify components (Inventory, Menu, Shopping, Order) and their\ncorresponding parser classes so as to add support for delete commands.\n\nAdd the corresponding invalid index error messages to Messages.\n","fileTypesAndContributionMap":{"functional-code":{"insertions":63,"deletions":15}}}]},{"date":"2021-03-24","commitResults":[{"hash":"6c9808bdcd8acd9a55bee5a59d6da175f2dd19e5","messageTitle":"add cascading deletion of customers","messageBody":"Modify ModelManager to also delete all orders pertaining to a\nparticular customer when they are deleted.\n\nModify Order to include method to check if order belongs to a customer\n","fileTypesAndContributionMap":{"functional-code":{"insertions":18,"deletions":0}}},{"hash":"432f31cd2fd211a1147131b052a131f28f5cb096","messageTitle":"modify ModelManger constructor to support deleteCustomer tests","messageBody":"","fileTypesAndContributionMap":{"functional-code":{"insertions":3,"deletions":3}}},{"hash":"d42b23a886d54d54c17df0d186931d12bf3fba75","messageTitle":"update DG","messageBody":"","fileTypesAndContributionMap":{"docs":{"insertions":12,"deletions":0}}}]},{"date":"2021-03-26","commitResults":[{"hash":"02ed8fbb96dd29f300a6a4d7d61c5312ff9ce964","messageTitle":"add assertions to deletePerson to confirm cascading delete","messageBody":"","fileTypesAndContributionMap":{"functional-code":{"insertions":6,"deletions":0}}},{"hash":"518d5c6cf79a7622238b80c2156424dd3055a1ec","messageTitle":"add logging for cascading delete of customers","messageBody":"","fileTypesAndContributionMap":{"functional-code":{"insertions":1,"deletions":0}}},{"hash":"313f6532d2b5cb7204e5b1d26eaf4e161a3e17d2","messageTitle":"add lookup methods to Model.java","messageBody":"Previously, the locating of certain objects such as dishes by ingredients or\norders belonging to specific persons was done manually by way of for loops. This\ncommit adds look up methods to be used in place of those.\n","fileTypesAndContributionMap":{"functional-code":{"insertions":87,"deletions":18}}},{"hash":"43886dcbc3de4f56777e4cd49d030a8b9453bf68","messageTitle":"update ModelManager stubs to support updated Model interface","messageBody":"","fileTypesAndContributionMap":{"test-code":{"insertions":21,"deletions":0}}},{"hash":"a005ca1f6d26b05de59fb6e65b1e210e19d45f0b","messageTitle":"modify developer guide for week 10","messageBody":"","fileTypesAndContributionMap":{"docs":{"insertions":18,"deletions":2}}}]},{"date":"2021-03-31","commitResults":[{"hash":"9682b59f358d361569ba4f5b2160ac80514a357d","messageTitle":"add cascading deletion data link for deleting menu items","messageBody":"","fileTypesAndContributionMap":{"functional-code":{"insertions":68,"deletions":1},"other":{"insertions":1,"deletions":1},"test-code":{"insertions":10,"deletions":0}}},{"hash":"80e1b8bd7ff8e3aac9d387f06c4c43d8d9d9d4ac","messageTitle":"Update MenuAddCommandParser.java","messageBody":"","fileTypesAndContributionMap":{"functional-code":{"insertions":5,"deletions":5}}},{"hash":"d9c392c86b601c5594859e71ade5cef3ec619f61","messageTitle":"Update MenuAddCommandParser.java","messageBody":"","fileTypesAndContributionMap":{"functional-code":{"insertions":3,"deletions":3}}},{"hash":"c34e3d92ad1803cce352d414e4b5371675a58189","messageTitle":"modify menu delete command to cancel instead of delete order","messageBody":"","fileTypesAndContributionMap":{"functional-code":{"insertions":22,"deletions":1}}},{"hash":"a300240b30ef4c69d76d73662ca1d0e09dbc28a7","messageTitle":"update model stubs to support cancelOrder interface requirement","messageBody":"","fileTypesAndContributionMap":{"test-code":{"insertions":10,"deletions":0}}}]},{"date":"2021-04-01","commitResults":[{"hash":"2314b7de3e2613ef9149458c70065000f42655a5","messageTitle":"add warning before cascading deletion of customer","messageBody":"","fileTypesAndContributionMap":{"functional-code":{"insertions":53,"deletions":4},"docs":{"insertions":3,"deletions":1},"test-code":{"insertions":5,"deletions":0}}},{"hash":"b89274d19bd4728640e08b61b41b263473720d1f","messageTitle":"change contacts to customers in UG","messageBody":"","fileTypesAndContributionMap":{"docs":{"insertions":8,"deletions":8}}},{"hash":"6bd0ec77f6d26c318cd021b2311d093c685f915a","messageTitle":"add javadoc comments for CustomerDeleteCommand and MenuDeleteCommand","messageBody":"","fileTypesAndContributionMap":{"functional-code":{"insertions":8,"deletions":4}}},{"hash":"2c88920c24ef67ac1c06ea943f5d3e136e7bffea","messageTitle":"add check to ensure that only orders that can be fulfilled are added","messageBody":"","fileTypesAndContributionMap":{"functional-code":{"insertions":86,"deletions":6},"docs":{"insertions":5,"deletions":5},"test-code":{"insertions":20,"deletions":0}}},{"hash":"de42a89d5d2009a9db554d08dbb356240ccf166d","messageTitle":"add function to toggle menu visibility","messageBody":"Add `-a` flag to `menu list` to show only available dishes.\n","fileTypesAndContributionMap":{"functional-code":{"insertions":54,"deletions":8}}},{"hash":"13402c819b5310203ca5ec8efdaae31e562ba744","messageTitle":"Resolve checkstyle issues","messageBody":"","fileTypesAndContributionMap":{"functional-code":{"insertions":12,"deletions":14}}},{"hash":"8583b16927767c9681741c7b56c4c7fd6bc9369d","messageTitle":"Fixed issue with incorrect menu item creation logic","messageBody":"","fileTypesAndContributionMap":{"functional-code":{"insertions":2,"deletions":2}}}]},{"date":"2021-04-02","commitResults":[{"hash":"3d8d293b01e946307405cdc337efa3587d5419a1","messageTitle":"Update UG with examples for Customer commands","messageBody":"","fileTypesAndContributionMap":{"docs":{"insertions":47,"deletions":2}}}]}],"Sharptail":[{"date":"2021-03-02","commitResults":[{"hash":"ac2d09aad6a3ef22ed019078383099c8560f710d","messageTitle":"Update README.md UI mockup and content","messageBody":"","fileTypesAndContributionMap":{"docs":{"insertions":8,"deletions":1}}},{"hash":"458fd9fcc3e9f42ff9d5bd385df23184d0e9d118","messageTitle":"Update index and AboutUs","messageBody":"","fileTypesAndContributionMap":{"docs":{"insertions":37,"deletions":36}}}]},{"date":"2021-03-12","commitResults":[{"hash":"ab1ceb55933b804007c83da325bc9c6ed079d9ee","messageTitle":"Update Parser to understand new components","messageBody":"","fileTypesAndContributionMap":{"functional-code":{"insertions":379,"deletions":4},"other":{"insertions":58,"deletions":54},"test-code":{"insertions":13,"deletions":7}}},{"hash":"6a8d1d78f410c37f519f85f1548f07a49e930412","messageTitle":"Update Parser structure","messageBody":"","fileTypesAndContributionMap":{"functional-code":{"insertions":835,"deletions":122},"other":{"insertions":178,"deletions":150},"test-code":{"insertions":39,"deletions":34}}}]},{"date":"2021-03-17","commitResults":[{"hash":"f4110947275e8971394a56cc5e072f591a4a7402","messageTitle":"Fix GUI where empty panels will show emply spaces","messageBody":"","fileTypesAndContributionMap":{"functional-code":{"insertions":13,"deletions":3}}},{"hash":"a7cabdec4d2832a6e5be9607e0b203186847142f","messageTitle":"Fix where GUI only showing list when \u0027LIST\u0027 command is called","messageBody":"","fileTypesAndContributionMap":{"functional-code":{"insertions":8,"deletions":10}}},{"hash":"1094697940ee6fe4ab0117023f1148aa912e3f4c","messageTitle":"Fix sample usage for add and delete commands","messageBody":"","fileTypesAndContributionMap":{"functional-code":{"insertions":33,"deletions":18}}}]},{"date":"2021-03-23","commitResults":[{"hash":"8634fdfea5cd8a1d7b4dc152cabf1adc26171ee9","messageTitle":"Checkstyle for v1.2 updates","messageBody":"","fileTypesAndContributionMap":{"functional-code":{"insertions":50,"deletions":92}}},{"hash":"f8f5ba4714a20438c8b68be4690d9107b63460bf","messageTitle":"Split customer and other component to 2 columns","messageBody":"","fileTypesAndContributionMap":{"functional-code":{"insertions":27,"deletions":25}}}]},{"date":"2021-03-24","commitResults":[{"hash":"f181356e9bdccdba7d58f7efe64392ef77d18837","messageTitle":"Enable assertion in build.gradle","messageBody":"","fileTypesAndContributionMap":{"other":{"insertions":4,"deletions":0}}},{"hash":"c512ce00b22a6efe49cbcda2441afec43a590026","messageTitle":"Add DG for Component Parser","messageBody":"","fileTypesAndContributionMap":{"functional-code":{"insertions":19,"deletions":19},"docs":{"insertions":28,"deletions":4}}},{"hash":"bf354e4092b219a68131b51bc6870a9a3d08a445","messageTitle":"Add Logs for Component Parser","messageBody":"","fileTypesAndContributionMap":{"functional-code":{"insertions":24,"deletions":4}}}]},{"date":"2021-03-25","commitResults":[{"hash":"7e62af30bfd590d2f7c229f6b981b34e1e2be48d","messageTitle":"Remove Command Summary from UserGuide.md","messageBody":"","fileTypesAndContributionMap":{"docs":{"insertions":0,"deletions":14}}}]},{"date":"2021-03-31","commitResults":[{"hash":"31595d9062dab26501d00455ea773fe5e9e44ee0","messageTitle":"Personalise GUI for JJIMY","messageBody":"","fileTypesAndContributionMap":{"functional-code":{"insertions":164,"deletions":1}}}]},{"date":"2021-04-01","commitResults":[{"hash":"99fa648b545ebe3f0c52d74f641e0fd6c35b0a07","messageTitle":"Add prefix mapping for \u0027-f\u0027 in MenuDeleteCommandParser and change force deleted order to cancelled instead of completed","messageBody":"","fileTypesAndContributionMap":{"functional-code":{"insertions":13,"deletions":3}}},{"hash":"1c0405859c504452154c49b9990fa359f71ef21c","messageTitle":"Improve MESSAGE_DELETE_DISH_FAILURE and change to throw exception instead","messageBody":"","fileTypesAndContributionMap":{"functional-code":{"insertions":3,"deletions":3}}},{"hash":"93dd71162c9c13e548ce56d639b8134096dc7351","messageTitle":"Fix Checkstyle for others in the meantime, pls rmb to checkstyle before you push your PR pleash","messageBody":"","fileTypesAndContributionMap":{"functional-code":{"insertions":7,"deletions":5}}},{"hash":"17bde07e50f9aef7b943f0518922a2222b31c893","messageTitle":"implement force delete for inventory","messageBody":"","fileTypesAndContributionMap":{"functional-code":{"insertions":47,"deletions":6}}},{"hash":"b48c0b92de169526559d66796d29fbf7dc529f2a","messageTitle":"fix checkstyle in the meantime beecause my frens keeps forgetting :(","messageBody":"","fileTypesAndContributionMap":{"functional-code":{"insertions":6,"deletions":11}}},{"hash":"05039877ee336d910aa57d7d01a59bb69a9ee634","messageTitle":"Add force delete to user guide","messageBody":"","fileTypesAndContributionMap":{"functional-code":{"insertions":4,"deletions":2},"docs":{"insertions":4,"deletions":0}}},{"hash":"4a168a6e1c58716a50679cf94e1107cf76a10db1","messageTitle":"Update Menu Card GUI","messageBody":"","fileTypesAndContributionMap":{"functional-code":{"insertions":15,"deletions":1}}},{"hash":"b373380335e8344eb5a5ea30b005965292a98282","messageTitle":"Fix checkstyle","messageBody":"","fileTypesAndContributionMap":{"functional-code":{"insertions":2,"deletions":2}}},{"hash":"0054aa8c50df8017ccebbb86e1ad113b40aeb526","messageTitle":"Update optional field in UG","messageBody":"","fileTypesAndContributionMap":{"docs":{"insertions":2,"deletions":2}}},{"hash":"61f2e2259f5d64235c1e082869020759384e4e35","messageTitle":"Update Order and Inventory GUI","messageBody":"","fileTypesAndContributionMap":{"functional-code":{"insertions":52,"deletions":21}}}]},{"date":"2021-04-02","commitResults":[{"hash":"3310866075673f840970cae06dc6b134a29e0b00","messageTitle":"Update Help and Exit UG","messageBody":"","fileTypesAndContributionMap":{"docs":{"insertions":9,"deletions":4}}}]}],"guanyz":[{"date":"2021-03-02","commitResults":[{"hash":"d339b67ad16778e7d489b5c0045bc0c42d0b6c9b","messageTitle":"Update user stories for v1.1","messageBody":"","fileTypesAndContributionMap":{"docs":{"insertions":17,"deletions":10}}}]},{"date":"2021-03-04","commitResults":[{"hash":"89c1932809a5a8fd6c1b9ed2c67e6b1ddc2f3e4d","messageTitle":"Update NFRs, glossary","messageBody":"","fileTypesAndContributionMap":{"docs":{"insertions":7,"deletions":5}}}]},{"date":"2021-03-16","commitResults":[{"hash":"a8e3dca2415fda7bd676ab18eac2f618e62ba1aa","messageTitle":"Add add command","messageBody":"","fileTypesAndContributionMap":{"functional-code":{"insertions":208,"deletions":40}}}]},{"date":"2021-03-17","commitResults":[{"hash":"bccd3a7e6034b8bc003a828dd84d89bf95fdc6ec","messageTitle":"Add sample data for other lists","messageBody":"","fileTypesAndContributionMap":{"functional-code":{"insertions":54,"deletions":6}}}]},{"date":"2021-03-25","commitResults":[{"hash":"d64e71e5461741f9f1b2f95340f1981fde44f274","messageTitle":"Update Developer Guide for v1.3","messageBody":"","fileTypesAndContributionMap":{"docs":{"insertions":117,"deletions":83}}}]},{"date":"2021-03-30","commitResults":[{"hash":"b8d64b0057ca56d824fa8a2151adb6f3b5cbe190","messageTitle":"Add command utils","messageBody":"","fileTypesAndContributionMap":{"functional-code":{"insertions":230,"deletions":113}}}]},{"date":"2021-03-31","commitResults":[{"hash":"45efff6c3d67fd68d693a75275424d618a80289e","messageTitle":"Fix double addition bug in inventory","messageBody":"","fileTypesAndContributionMap":{"functional-code":{"insertions":0,"deletions":1}}},{"hash":"46283e656d122178018389d8fa9ef6dda1c7e7d4","messageTitle":"Implement ingredient list inside dishes","messageBody":"","fileTypesAndContributionMap":{"functional-code":{"insertions":18,"deletions":6}}}]},{"date":"2021-04-01","commitResults":[{"hash":"a2aecbe8d916a7c6dad1b21a900ae9840d17529d","messageTitle":"Implement edit command","messageBody":"","fileTypesAndContributionMap":{"functional-code":{"insertions":949,"deletions":77}}},{"hash":"3e4cd37709c1385a2fea7450901c09c82c9fea41","messageTitle":"Fix bug preventing adding orders at same datetime","messageBody":"","fileTypesAndContributionMap":{"functional-code":{"insertions":5,"deletions":11}}}]},{"date":"2021-04-02","commitResults":[{"hash":"57225e6c421067001521ce99ceaedf64bd9fae6f","messageTitle":"Update UG with edit command","messageBody":"","fileTypesAndContributionMap":{"docs":{"insertions":55,"deletions":42}}}]}],"IanCKW":[{"date":"2021-03-02","commitResults":[{"hash":"3b6b98c2565653755cc073c0eec7ae064c0b23bb","messageTitle":"Update DeveloperGuide for v1.1","messageBody":"","fileTypesAndContributionMap":{"docs":{"insertions":273,"deletions":46}}},{"hash":"b012e9036f8d0cd6562643840e09e0a0332ae18d","messageTitle":"Update DeveloperGuide for v1.1","messageBody":"","fileTypesAndContributionMap":{"docs":{"insertions":27,"deletions":11}}}]},{"date":"2021-03-16","commitResults":[{"hash":"6930c7f2e24b340d88b3efcf95b0f8a525fba517","messageTitle":"Update DeveloperGuide.md","messageBody":"Add user stories for v1.2","fileTypesAndContributionMap":{"docs":{"insertions":8,"deletions":0}}},{"hash":"4613d10fddd4ad9475a0041c6d49ebe7e77ba3bd","messageTitle":"no message","messageBody":"","fileTypesAndContributionMap":{"functional-code":{"insertions":8,"deletions":39}}}]},{"date":"2021-03-17","commitResults":[{"hash":"680fb692f03a203b3d9437f4a222f76acc4e81c8","messageTitle":"commit","messageBody":"","fileTypesAndContributionMap":{"functional-code":{"insertions":27,"deletions":0}}},{"hash":"4f1bfe2a76ef45ab1d426096307e0c5c34834c94","messageTitle":"commit initial changes for list feature","messageBody":"","fileTypesAndContributionMap":{"functional-code":{"insertions":139,"deletions":0}}},{"hash":"63cd09510278f684576fc6126a691924cff604df","messageTitle":"add the list feature for customer, order, inventory and menu","messageBody":"","fileTypesAndContributionMap":{"functional-code":{"insertions":308,"deletions":8}}}]},{"date":"2021-03-24","commitResults":[{"hash":"44b5961b35dfbadebb690312c1b23d6cb578ffe0","messageTitle":"add enum for list","messageBody":"","fileTypesAndContributionMap":{"functional-code":{"insertions":33,"deletions":24}}},{"hash":"8cf25bc905c65a2774b1135d9a8508b8b967e94a","messageTitle":"fixed failed tests","messageBody":"","fileTypesAndContributionMap":{"functional-code":{"insertions":55,"deletions":13}}}]},{"date":"2021-03-25","commitResults":[{"hash":"9e448448a19d7d131f228d489eeafe09d613b58e","messageTitle":"1.3 update DG","messageBody":"","fileTypesAndContributionMap":{"docs":{"insertions":12,"deletions":1}}}]},{"date":"2021-03-26","commitResults":[{"hash":"31a40ef63613db12f87a56317675c6150b4c6c13","messageTitle":"add Assertion","messageBody":"","fileTypesAndContributionMap":{"functional-code":{"insertions":1,"deletions":1}}}]},{"date":"2021-03-30","commitResults":[{"hash":"93340e2f9824c89eff91871ee18dc57d16371076","messageTitle":"Add datetime to order","messageBody":"","fileTypesAndContributionMap":{"functional-code":{"insertions":41,"deletions":23}}},{"hash":"99d48f674cc572315a604e99625cef103b186c5c","messageTitle":"Display \"order list\" command with orders sorted by datetime, in chronological order","messageBody":"","fileTypesAndContributionMap":{"functional-code":{"insertions":75,"deletions":17},"test-code":{"insertions":164,"deletions":150}}},{"hash":"4d1e885fea3deb89bef6c630166b766505cdb9cf","messageTitle":"trying to add complete command to order","messageBody":"","fileTypesAndContributionMap":{"functional-code":{"insertions":144,"deletions":11},"test-code":{"insertions":5,"deletions":0}}},{"hash":"d4c8907be68b8477f24e4688060e4c229ae8d476","messageTitle":"commit","messageBody":"","fileTypesAndContributionMap":{"functional-code":{"insertions":1,"deletions":1}}},{"hash":"64ab1d48f607ad52f6e0a89b07a0af2018de6ff4","messageTitle":"Add order complete command and order list only shows uncompleted orders","messageBody":"","fileTypesAndContributionMap":{"functional-code":{"insertions":42,"deletions":30},"test-code":{"insertions":2,"deletions":2}}},{"hash":"98455cbbd55fd3edbb391e20259ae6fd55b680b1","messageTitle":"remove print line","messageBody":"","fileTypesAndContributionMap":{"functional-code":{"insertions":0,"deletions":1}}},{"hash":"f77b9cb14fc3ee5908a21a4fcb954c69566c97f1","messageTitle":"add order history command","messageBody":"","fileTypesAndContributionMap":{"functional-code":{"insertions":104,"deletions":34},"test-code":{"insertions":11,"deletions":0}}}]},{"date":"2021-04-01","commitResults":[{"hash":"51989ea548aaa7d43c0827ba1c76c89499acf613","messageTitle":"add changes to updateFilteredOrderList","messageBody":"","fileTypesAndContributionMap":{"functional-code":{"insertions":52,"deletions":64}}},{"hash":"4bb07b8ea9e0385dac13fc4e08d28ef80969df32","messageTitle":"make updating the filteredorder list more elegant","messageBody":"","fileTypesAndContributionMap":{"functional-code":{"insertions":11,"deletions":17},"test-code":{"insertions":12,"deletions":14}}},{"hash":"36960cc68587a9201e67b9cf267a5be01b43cafb","messageTitle":"Update UserGuide.md","messageBody":"added in order history, order complete and changed all the orders to order","fileTypesAndContributionMap":{"docs":{"insertions":16,"deletions":5}}}]}],"jamesleeht":[{"date":"2021-03-02","commitResults":[{"hash":"6bc8e7009988c5cd8ef33ca5b152891556f24e8a","messageTitle":"Update user guide","messageBody":"","fileTypesAndContributionMap":{"docs":{"insertions":123,"deletions":140}}}]},{"date":"2021-03-04","commitResults":[{"hash":"6a7ceac429c7249d6675ab8a30ec7bb69d9fa2f5","messageTitle":"Remove trace of AB3 from user guide","messageBody":"","fileTypesAndContributionMap":{"docs":{"insertions":1,"deletions":1}}}]},{"date":"2021-03-13","commitResults":[{"hash":"834991c51bb3a0a9592cfc417f0c136ca8ed6dc9","messageTitle":"Add new model classes and unique lists","messageBody":"","fileTypesAndContributionMap":{"functional-code":{"insertions":767,"deletions":1}}},{"hash":"3af0b94ce663332322f2677c35bc8e5d7f91a5fd","messageTitle":"Refactor model classes and book classes","messageBody":"","fileTypesAndContributionMap":{"functional-code":{"insertions":821,"deletions":631},"other":{"insertions":54,"deletions":60},"docs":{"insertions":1,"deletions":1},"test-code":{"insertions":49,"deletions":49}}}]},{"date":"2021-03-14","commitResults":[{"hash":"2b15a25d630448b69caee13d7f0b2a4c05dcc8e7","messageTitle":"Fix checkstyle errors","messageBody":"","fileTypesAndContributionMap":{"functional-code":{"insertions":174,"deletions":158},"other":{"insertions":9,"deletions":9},"test-code":{"insertions":119,"deletions":172}}}]},{"date":"2021-03-15","commitResults":[{"hash":"38ceb6f6b42aa0dab8792e357321a879d0c71b38","messageTitle":"Update storage classes","messageBody":"","fileTypesAndContributionMap":{"functional-code":{"insertions":636,"deletions":56},"other":{"insertions":29,"deletions":31},"test-code":{"insertions":34,"deletions":34}}},{"hash":"d80f47afe208ba499b9c4b25394c95a1ad449533","messageTitle":"Fix tests","messageBody":"","fileTypesAndContributionMap":{"functional-code":{"insertions":6,"deletions":3},"test-code":{"insertions":24,"deletions":4}}},{"hash":"4ccd6ef937bd1fc3596acd1e245ced6ca9bbf9f6","messageTitle":"Fix more tests","messageBody":"","fileTypesAndContributionMap":{"functional-code":{"insertions":1,"deletions":2},"test-code":{"insertions":13,"deletions":2}}},{"hash":"6846c0d6f9c0604d35eb21f5d3741c73dc6aae53","messageTitle":"Fix checkstyle","messageBody":"","fileTypesAndContributionMap":{"functional-code":{"insertions":72,"deletions":55}}}]},{"date":"2021-03-17","commitResults":[{"hash":"839146f37721cb12e0b816391532a12e3c27a3af","messageTitle":"Fix storage and add sample dishbook","messageBody":"","fileTypesAndContributionMap":{"functional-code":{"insertions":102,"deletions":17}}}]},{"date":"2021-03-21","commitResults":[{"hash":"16d2a668b23d340a01825f7fe312d657f70bc3bd","messageTitle":"Force java11 in build.gradle","messageBody":"","fileTypesAndContributionMap":{"other":{"insertions":4,"deletions":2}}}]},{"date":"2021-03-23","commitResults":[{"hash":"88589fa4ff2b9a09b7400bbccd03b9c47b7fe228","messageTitle":"Update DG for week 10, remove proposed changes from AB3","messageBody":"","fileTypesAndContributionMap":{"docs":{"insertions":26,"deletions":70}}}]},{"date":"2021-03-24","commitResults":[{"hash":"ad52efcb2eda723592a5ccb5bb62642c4366c019","messageTitle":"Remove all field classes for Person","messageBody":"","fileTypesAndContributionMap":{"functional-code":{"insertions":62,"deletions":470},"test-code":{"insertions":16,"deletions":272}}}]},{"date":"2021-03-25","commitResults":[{"hash":"9fadd6057f7dfd8478a8398db29056487a121cf7","messageTitle":"Fix model person bugs","messageBody":"","fileTypesAndContributionMap":{"functional-code":{"insertions":12,"deletions":24},"test-code":{"insertions":66,"deletions":386}}},{"hash":"aa251c0147527fe3c0065ef21389f0bf16e0451c","messageTitle":"Remove tag model class","messageBody":"","fileTypesAndContributionMap":{"functional-code":{"insertions":18,"deletions":88},"test-code":{"insertions":5,"deletions":36}}},{"hash":"cb2884a97096ce024aceac126fb091681019f71b","messageTitle":"Fix storage issues","messageBody":"","fileTypesAndContributionMap":{"functional-code":{"insertions":84,"deletions":5},"test-code":{"insertions":15,"deletions":15}}}]},{"date":"2021-03-26","commitResults":[{"hash":"64bac4ae5defcca9f52f9ffc600df29d65f50126","messageTitle":"Fix more storage issues","messageBody":"","fileTypesAndContributionMap":{"functional-code":{"insertions":107,"deletions":166},"test-code":{"insertions":70,"deletions":72}}},{"hash":"6554ed59ae5d3565d6f1abbe83e46320c332c95a","messageTitle":"Change person setTags to copy list","messageBody":"","fileTypesAndContributionMap":{"functional-code":{"insertions":2,"deletions":3}}},{"hash":"59f651027e115a2e7850bce516c4608bab234964","messageTitle":"Fix list copying bug","messageBody":"","fileTypesAndContributionMap":{"functional-code":{"insertions":1,"deletions":1}}},{"hash":"806f04ae0883518e823f067554e9cb529ef15300","messageTitle":"Update DG for week 10","messageBody":"","fileTypesAndContributionMap":{"docs":{"insertions":17,"deletions":2}}}]},{"date":"2021-03-30","commitResults":[{"hash":"e5653387474f1a8e9ea64d8b9955ce9c3e3b4f4d","messageTitle":"Implement inventory find command and change messages format","messageBody":"","fileTypesAndContributionMap":{"functional-code":{"insertions":167,"deletions":23},"other":{"insertions":4,"deletions":4},"test-code":{"insertions":42,"deletions":28}}},{"hash":"34207134057bde86eeb1f9dde9e88363e4ff803d","messageTitle":"Fix checkstyle","messageBody":"","fileTypesAndContributionMap":{"functional-code":{"insertions":52,"deletions":31},"other":{"insertions":0,"deletions":1}}},{"hash":"f8e1e7a9c199551be2780277bc5120532e3cf84d","messageTitle":"Disable checkstyle failure temporarily","messageBody":"","fileTypesAndContributionMap":{"other":{"insertions":1,"deletions":0}}},{"hash":"dc976c474f54a3eb6c91e773eff1ef72f12d8958","messageTitle":"Add predicate util","messageBody":"","fileTypesAndContributionMap":{"functional-code":{"insertions":106,"deletions":7}}}]},{"date":"2021-03-31","commitResults":[{"hash":"6e27d93682d544098bdd1860dbd0b66d4dc124cf","messageTitle":"Implement inventory finding by quantity and update ParserUtil","messageBody":"","fileTypesAndContributionMap":{"functional-code":{"insertions":188,"deletions":39},"test-code":{"insertions":11,"deletions":3}}},{"hash":"ebc7514e0fca9b71bc6b794fbe2888f8b263c789","messageTitle":"Update user guide for find command","messageBody":"","fileTypesAndContributionMap":{"docs":{"insertions":2,"deletions":2}}},{"hash":"573489c394606797059804843cb41da5c398e1e4","messageTitle":"Fix list printing for find command","messageBody":"","fileTypesAndContributionMap":{"functional-code":{"insertions":7,"deletions":5}}},{"hash":"1aa9895f20db81d5a3d5e77f3e4c3c5d9ed134af","messageTitle":"FIx list command predicate resetting bug","messageBody":"","fileTypesAndContributionMap":{"functional-code":{"insertions":21,"deletions":17},"test-code":{"insertions":4,"deletions":4}}},{"hash":"d4c355a3519a1f0946fab94348d50d109c64aeee","messageTitle":"Fix more bugs and remove predicate reset for customer add / edit","messageBody":"","fileTypesAndContributionMap":{"functional-code":{"insertions":72,"deletions":8},"test-code":{"insertions":2,"deletions":2}}},{"hash":"10e8c3212c28beb7f5b98e0c5d75653f592d1048","messageTitle":"Remove test expecting predicate reset","messageBody":"","fileTypesAndContributionMap":{"test-code":{"insertions":0,"deletions":17}}}]},{"date":"2021-04-01","commitResults":[{"hash":"8b13f162773e2c5d49abaa9e77494134ac2a815e","messageTitle":"Implement menu find command","messageBody":"","fileTypesAndContributionMap":{"functional-code":{"insertions":162,"deletions":44}}},{"hash":"63ea7f47f8e73397eb9475f64352235aedfcc5c7","messageTitle":"Change prefix in menu find","messageBody":"","fileTypesAndContributionMap":{"functional-code":{"insertions":7,"deletions":7}}},{"hash":"14297a42c4cf2d31b5c339d17d3c08d3a767a299","messageTitle":"Implement order find command","messageBody":"","fileTypesAndContributionMap":{"functional-code":{"insertions":158,"deletions":9}}},{"hash":"d23494fec91a4a4fc193dd96cc3439bc19d873f6","messageTitle":"Fix order find size","messageBody":"","fileTypesAndContributionMap":{"functional-code":{"insertions":1,"deletions":10}}},{"hash":"9de0f56821e85ea4ffaa02104936ea1653da5003","messageTitle":"Update UG for find commands","messageBody":"","fileTypesAndContributionMap":{"functional-code":{"insertions":19,"deletions":16},"docs":{"insertions":43,"deletions":27}}}]}]},"authorFileTypeContributionMap":{"kangtinglee":{"docs":60,"functional-code":787,"test-code":65},"Sharptail":{"docs":62,"functional-code":1356,"test-code":164,"other":5},"guanyz":{"docs":166,"functional-code":1236,"test-code":12},"IanCKW":{"docs":266,"functional-code":855,"test-code":62},"jamesleeht":{"docs":127,"functional-code":2574,"test-code":470,"other":3}},"authorContributionVariance":{"kangtinglee":3063.5508,"Sharptail":80645.65,"guanyz":28402.549,"IanCKW":24426.436,"jamesleeht":186753.69},"authorDisplayNameMap":{"kangtinglee":"CS2103T-W15-3 LEE ..RCUS","Sharptail":"CS2103T-W15-3 KONG.. WEI","guanyz":"CS2103T-W15-3 GUAN..G ZE","IanCKW":"CS2103T-W15-3 IAN .. WAI","jamesleeht":"CS2103T-W15-3 LEE ..AMES"}}
