{"authorDailyContributionsMap":{"YuFeng0930":[{"date":"2021-02-24","commitResults":[{"hash":"fa24e578275618035806c49a6981aa1d8c01e1ad","messageTitle":"Update README and AboutUS","messageBody":"What have been done:\n- Update my part [YuFeng] in AboutUs\n- Add my photo [YuFeng] into images file\n- Update README page\n- Update Ui.png to SOChedule\n\nWhat need to be done:\n- Fill up the roles \u0026 responsibilities in AboutUs\n","fileTypesAndContributionMap":{"docs":{"insertions":23,"deletions":19}}},{"hash":"eda5c831d099063122a8a6c25970222306b377e8","messageTitle":"Update UG \u0026 DG [Delete Event]","messageBody":"What has been done:\n- Update UG feature list, features, command summary\n- Update DG use case in the format of [Delete Person] in AB3\n\nWhat need to discuss:\n- For my DG use case update, should we\n\t1. Add invalid command format extension?\n\t2. The delete part maybe won\u0027t involve \"list\"?\n\t3. Choose to delete (step 3) and enter\n\t    the index (step 4) should be together?\n\t4. If the index invalid, should resume at step 3?\n","fileTypesAndContributionMap":{"docs":{"insertions":40,"deletions":4}}}]},{"date":"2021-03-01","commitResults":[{"hash":"16e095c06507c7ce232ee8a6253b5bd95933a33d","messageTitle":"Add class: AddEventCommandParser","messageBody":"Add a AddEventCommandParser without deleting the AB3 AddCommandParser.\nRestore the AboutUs table (which was delete by me last time).\n","fileTypesAndContributionMap":{"functional-code":{"insertions":65,"deletions":0},"docs":{"insertions":4,"deletions":1}}},{"hash":"6da215300e798840932307a404b8d7576f2fb432","messageTitle":"Add class: DeleteEventCommandParser","messageBody":"Add a DeleteEventCommandParser without deleting the AB3 DeleteCommandParser.\n","fileTypesAndContributionMap":{"functional-code":{"insertions":29,"deletions":0}}}]},{"date":"2021-03-06","commitResults":[{"hash":"009507369c498a0c93eae460ef502ac14f8d7ba4","messageTitle":"Fix the parser function names","messageBody":"","fileTypesAndContributionMap":{"functional-code":{"insertions":5,"deletions":5}}}]},{"date":"2021-03-07","commitResults":[{"hash":"1b90ed5d24f75582d5d820c2cb7d99ca8f57391a","messageTitle":"Add classes: AddEventCommand, DeleteEventCommand","messageBody":"What has been done:\n- Add two classes and change \"Person\" to \"Event\"\n- Change the import (Name \u0026 Tag) in ParserUtil to fit the other parsers\n- Add constant messages in seedu.address.commons.core.Messages\n","fileTypesAndContributionMap":{"functional-code":{"insertions":126,"deletions":2}}}]},{"date":"2021-03-08","commitResults":[{"hash":"8f73cee6ad8466f38d5b6fd699900f359911b310","messageTitle":"Change dependencies to SocheduleParserUtil","messageBody":"","fileTypesAndContributionMap":{"functional-code":{"insertions":10,"deletions":10}}},{"hash":"0700e5680a872ab5302acf74f8ece00513be5fea","messageTitle":"Add AddEventCommand.java","messageBody":"Finish the code for AddEventCommand.java\n","fileTypesAndContributionMap":{"functional-code":{"insertions":22,"deletions":17}}},{"hash":"6eeb157170d1a41cae0c7819b7c40ca4ae1aecdc","messageTitle":"Add DeleteEventCommand.java","messageBody":"Change COMMAND_WORD.\n","fileTypesAndContributionMap":{"functional-code":{"insertions":1,"deletions":1}}},{"hash":"e114192f4f16f34bb8e56ba2061e96ae319740c3","messageTitle":"Add ListEventCommand.java","messageBody":"Finish the code of this file.\n","fileTypesAndContributionMap":{"functional-code":{"insertions":24,"deletions":0}}}]},{"date":"2021-03-09","commitResults":[{"hash":"c2e8a84e759b2726c24d2a6f097fdfd7d882f8b9","messageTitle":"Fix JavaDocs","messageBody":"","fileTypesAndContributionMap":{"functional-code":{"insertions":1,"deletions":1}}}]},{"date":"2021-03-13","commitResults":[{"hash":"7ec3756893f582c9601af86bed1f4ebc5d335723","messageTitle":"Remove model dependencies","messageBody":"","fileTypesAndContributionMap":{"functional-code":{"insertions":12,"deletions":987},"test-code":{"insertions":0,"deletions":12}}}]},{"date":"2021-03-16","commitResults":[{"hash":"a58c05d55ba71e90f4751fcc511399703f8858ca","messageTitle":"Restore EventBuilder","messageBody":"","fileTypesAndContributionMap":{"test-code":{"insertions":119,"deletions":118}}}]},{"date":"2021-03-18","commitResults":[{"hash":"21d97e9c1130be07b61d58556720172689584f10","messageTitle":"Add Event related tests","messageBody":"","fileTypesAndContributionMap":{"functional-code":{"insertions":3,"deletions":2},"test-code":{"insertions":361,"deletions":6}}},{"hash":"6fe2297b90b56c5b57958f92fb1845fd3ccffd3b","messageTitle":"Check package common unit tests","messageBody":"Comment out the regex, and use try catch block to strictly examine whether the date is valid.\n","fileTypesAndContributionMap":{"functional-code":{"insertions":13,"deletions":4},"test-code":{"insertions":3,"deletions":0}}}]},{"date":"2021-03-23","commitResults":[{"hash":"1c96c71c0fe4171780f572c152093d181fc44198","messageTitle":"Add Date and Time check predicate for Task and Event","messageBody":"","fileTypesAndContributionMap":{"functional-code":{"insertions":83,"deletions":6}}},{"hash":"d21ecf5d4cf4bd3348c7f98377cd32fef8611b2a","messageTitle":"Update ParserTests class","messageBody":"- AddEventCommandParserTest\n- AddTestCommandParserTest\n(but the tests are still disabled)\n","fileTypesAndContributionMap":{"test-code":{"insertions":366,"deletions":102}}}]},{"date":"2021-03-24","commitResults":[{"hash":"ef03931671b95c1a97d002e0611f7f34f666dd6a","messageTitle":"Add clearing features","messageBody":"Features:\n- Clear completed tasks\n- Clear expired tasks\n- Clear expired events\n","fileTypesAndContributionMap":{"functional-code":{"insertions":170,"deletions":2},"docs":{"insertions":28,"deletions":6},"test-code":{"insertions":24,"deletions":0}}},{"hash":"3fce66de40974bda27966f4b102350568b04aee3","messageTitle":"Add EditEventCommand","messageBody":"Need to be done:\n- Cannot change expired event\n- Cannot change expired task\n- StartDateTime cannot \u003e EndDateTime\n","fileTypesAndContributionMap":{"functional-code":{"insertions":380,"deletions":0}}},{"hash":"6391a1e7f82d0bdd09ebd1e9790462843e72326b","messageTitle":"Add date restriction to EditEvent","messageBody":"Restriction:\n- StartDateTime \u003c EndDateTime \u003c CurrentDateTime\n","fileTypesAndContributionMap":{"functional-code":{"insertions":39,"deletions":4}}}]},{"date":"2021-03-29","commitResults":[{"hash":"99577e99a49fc3ea14ce4ac84c2593c2dbf94cde","messageTitle":"Add UnitTests for EditEventCommandParser and EditEventCommand","messageBody":"","fileTypesAndContributionMap":{"functional-code":{"insertions":1,"deletions":1},"test-code":{"insertions":667,"deletions":12}}}]},{"date":"2021-03-30","commitResults":[{"hash":"745d4cc19a0e4f6d4b968faf7339aeaa226eb0d9","messageTitle":"Enable Parset UnitTests","messageBody":"- AddEventCommandParserTest\n- AddTaskCommandParserTest\n","fileTypesAndContributionMap":{"functional-code":{"insertions":5,"deletions":2},"test-code":{"insertions":8,"deletions":26}}},{"hash":"4f1fedfbf8e7171e6ebca61b8c5c80d19af65e2b","messageTitle":"Fix InvocationError","messageBody":"","fileTypesAndContributionMap":{"functional-code":{"insertions":8,"deletions":7},"test-code":{"insertions":5,"deletions":3}}},{"hash":"d29beedacd089e55a3644c40679f371bb67e62ea","messageTitle":"Add Sequence Diagrams","messageBody":"For commands:\n- AddEventCommand\n- ClearCompletedTaskCommand\n- ClearCompletedEventCommand\n- EditEventCommand\n","fileTypesAndContributionMap":{"functional-code":{"insertions":2,"deletions":1},"docs":{"insertions":313,"deletions":0}}},{"hash":"e64c73abf8b1803e6b8340d7f0b108a662859fd6","messageTitle":"Fix HH:MM:SS error","messageBody":"","fileTypesAndContributionMap":{"functional-code":{"insertions":3,"deletions":2}}}]},{"date":"2021-03-31","commitResults":[{"hash":"0b3c35ac9d282227a5d6b0641965cab64e9db8ee","messageTitle":"Update DG (YF)","messageBody":"- Draw sequence diagram\n- Update DG content\n","fileTypesAndContributionMap":{"functional-code":{"insertions":8,"deletions":8},"docs":{"insertions":297,"deletions":0},"test-code":{"insertions":1,"deletions":1}}},{"hash":"09b68cc9c5ea82412047d001665d8ae04163d0ee","messageTitle":"Update UG","messageBody":"- Edit Event\n","fileTypesAndContributionMap":{"docs":{"insertions":24,"deletions":3}}},{"hash":"2f839b11e091bc8fb734ebcd33f1c8bb7231aab5","messageTitle":"Fix checkstyle","messageBody":"","fileTypesAndContributionMap":{"functional-code":{"insertions":2,"deletions":0},"test-code":{"insertions":2,"deletions":1}}}]}],"icelenaugust":[{"date":"2021-02-23","commitResults":[{"hash":"d23e992989fde4bdf9f462f429109e4f353cd781","messageTitle":"Update various docs","messageBody":"","fileTypesAndContributionMap":{"docs":{"insertions":62,"deletions":149}}},{"hash":"122b12d19ad86f91eacc4810a4857839a6eeb16e","messageTitle":"Add \"task\" in the example","messageBody":"","fileTypesAndContributionMap":{"docs":{"insertions":1,"deletions":1}}}]},{"date":"2021-02-28","commitResults":[{"hash":"ae52648643e771fb76f36d2836a4402fc3d6fe7c","messageTitle":"Set up variables","messageBody":"","fileTypesAndContributionMap":{"functional-code":{"insertions":221,"deletions":0}}},{"hash":"4f37d872d3bc5c2d74a6569726e4eac843da45dc","messageTitle":"Fix no new line error","messageBody":"","fileTypesAndContributionMap":{"functional-code":{"insertions":2,"deletions":1},"docs":{"insertions":11,"deletions":11}}},{"hash":"e922e8171c22971b4bb7deb9b46f1716261b8bd2","messageTitle":"Fix import checkstyle error","messageBody":"","fileTypesAndContributionMap":{"functional-code":{"insertions":10,"deletions":14}}},{"hash":"1b73f161931d3d2e69d78dc1bca6f73a3ed87bee","messageTitle":"Rearrange model date and time","messageBody":"","fileTypesAndContributionMap":{"functional-code":{"insertions":0,"deletions":20}}},{"hash":"29f234b64122b8f6ca6121857edc603127c7d2d3","messageTitle":"Rearrange model date and time","messageBody":"","fileTypesAndContributionMap":{"functional-code":{"insertions":18,"deletions":8}}}]},{"date":"2021-03-02","commitResults":[{"hash":"6625078da0e0954c1b51a051e548311d8df70fcd","messageTitle":"Create uniqueTaskList and add constructors","messageBody":"","fileTypesAndContributionMap":{"functional-code":{"insertions":276,"deletions":0}}},{"hash":"00f79265bb848d3e231ed817534c6fb4a088500b","messageTitle":"Fix checkstyle error on constructors","messageBody":"","fileTypesAndContributionMap":{"functional-code":{"insertions":44,"deletions":5}}},{"hash":"1c8f1550e2556a0c8331ad6746bb1022cd4d83eb","messageTitle":"Update Javadoc","messageBody":"","fileTypesAndContributionMap":{"functional-code":{"insertions":1,"deletions":1}}},{"hash":"5398462bae3812786f70d8e2b0a39db17761350d","messageTitle":"Create test classes","messageBody":"","fileTypesAndContributionMap":{"functional-code":{"insertions":6,"deletions":3},"other":{"insertions":2,"deletions":2},"test-code":{"insertions":23,"deletions":0}}},{"hash":"f94030861ca74f1c4e090cbdcbd59343730eb1fb","messageTitle":"Remove unused imports","messageBody":"","fileTypesAndContributionMap":{"test-code":{"insertions":0,"deletions":3}}},{"hash":"b717f1d61661905e6c9f6e3551a2cb518be56bb2","messageTitle":"Change attributes to string","messageBody":"","fileTypesAndContributionMap":{"functional-code":{"insertions":7,"deletions":7}}},{"hash":"9f847aca6231fbec5bde167140e64ce9b819ed88","messageTitle":"Add regex validation","messageBody":"","fileTypesAndContributionMap":{"functional-code":{"insertions":33,"deletions":6},"test-code":{"insertions":60,"deletions":0}}},{"hash":"94367ccc13646c89f97344bbbab5866a26b95310","messageTitle":"Fix regex validation","messageBody":"","fileTypesAndContributionMap":{"functional-code":{"insertions":1,"deletions":1}}},{"hash":"5067e691b4acad48371ec91b10ed7ae9c9ad8c81","messageTitle":"Change date format","messageBody":"","fileTypesAndContributionMap":{"functional-code":{"insertions":3,"deletions":3},"other":{"insertions":4,"deletions":6}}},{"hash":"49f16ea892308bec88f15c6f075302337eda3a3a","messageTitle":"Add methods to model interface","messageBody":"","fileTypesAndContributionMap":{"functional-code":{"insertions":197,"deletions":0}}},{"hash":"29c8c1333cee733833982e5de05793184e804eb1","messageTitle":"Fix compiling error","messageBody":"","fileTypesAndContributionMap":{"test-code":{"insertions":24,"deletions":7}}}]},{"date":"2021-03-03","commitResults":[{"hash":"e36aa206cc6e080d655d65f0cdb82d58cf99bba4","messageTitle":"Fix checkstyle","messageBody":"","fileTypesAndContributionMap":{"test-code":{"insertions":6,"deletions":20}}}]},{"date":"2021-03-05","commitResults":[{"hash":"e644fcb4df855e3f46aa6e0a921901404a24c7f5","messageTitle":"add SocModelManager for task","messageBody":"","fileTypesAndContributionMap":{"functional-code":{"insertions":335,"deletions":1}}},{"hash":"f509b2480c0b00b0406077765689829b7e2afb58","messageTitle":"Fix file extension","messageBody":"","fileTypesAndContributionMap":{"functional-code":{"insertions":2,"deletions":2}}}]},{"date":"2021-03-08","commitResults":[{"hash":"5243becb4f3d12dee0f212f2250d2a705a85f4f0","messageTitle":"Update Logic, logic manager, and UI","messageBody":"","fileTypesAndContributionMap":{"functional-code":{"insertions":324,"deletions":14}}},{"hash":"6c1d858472ff1f7a5197bca685e841ec3298a992","messageTitle":"Edit Model and model manager","messageBody":"","fileTypesAndContributionMap":{"functional-code":{"insertions":21,"deletions":27}}}]},{"date":"2021-03-14","commitResults":[{"hash":"e00e5ae2dcb5dbc93bac4c598d6cdbe087c3d813","messageTitle":"Fix UI status bar, Fix logic and logic manager, fix model and model manager","messageBody":"","fileTypesAndContributionMap":{"functional-code":{"insertions":31,"deletions":56}}}]},{"date":"2021-03-15","commitResults":[{"hash":"a372132368b331566201c2ad50a941d84a4104c0","messageTitle":"Add completion status to UI","messageBody":"","fileTypesAndContributionMap":{"functional-code":{"insertions":12,"deletions":5}}}]},{"date":"2021-03-16","commitResults":[{"hash":"1658ef65c975748ff52293ea9caa4c09d20edf3e","messageTitle":"Add unit test for task","messageBody":"","fileTypesAndContributionMap":{"test-code":{"insertions":307,"deletions":1}}},{"hash":"8bb252591245d65083c009638a70a1366a2ebab2","messageTitle":"Remove unused import","messageBody":"","fileTypesAndContributionMap":{"test-code":{"insertions":0,"deletions":1}}}]},{"date":"2021-03-21","commitResults":[{"hash":"cd20768c747480fedc6377fdb206d27777b1455b","messageTitle":"uncomment tests","messageBody":"","fileTypesAndContributionMap":{"test-code":{"insertions":30,"deletions":27}}},{"hash":"8bb26bcef9dcfc82b2f02e71b61e32e4e4ae598a","messageTitle":"Fix checkstyle","messageBody":"","fileTypesAndContributionMap":{"test-code":{"insertions":5,"deletions":3}}}]},{"date":"2021-03-23","commitResults":[{"hash":"dd842849ec220c3b10183d8a45829d5ce549ac74","messageTitle":"Create Unit tests","messageBody":"","fileTypesAndContributionMap":{"functional-code":{"insertions":6,"deletions":31},"test-code":{"insertions":521,"deletions":1}}}]},{"date":"2021-03-24","commitResults":[{"hash":"7b126c8929c8aef7846c20bb4e81b70e5170eaf6","messageTitle":"Summary command partial done","messageBody":"","fileTypesAndContributionMap":{"functional-code":{"insertions":18,"deletions":0}}},{"hash":"4dec76a98c7cf02db2ea48c392e0761b597b7169","messageTitle":"Add summary command complete","messageBody":"","fileTypesAndContributionMap":{"functional-code":{"insertions":197,"deletions":15}}},{"hash":"533a9e3e9039edf8b6b4487edb36554428c2b858","messageTitle":"Fix Checkstyle","messageBody":"","fileTypesAndContributionMap":{"functional-code":{"insertions":30,"deletions":24},"test-code":{"insertions":43,"deletions":0}}},{"hash":"8d8f99af1db4f88288b4db4708f9a2aef275e814","messageTitle":"Add UI class diagram, seq diagram for SummaryCommand","messageBody":"","fileTypesAndContributionMap":{"docs":{"insertions":130,"deletions":12}}}]},{"date":"2021-03-25","commitResults":[{"hash":"3d91c0a90f245ac6d9c6d004a16a7f9bf280d376","messageTitle":"Rename file","messageBody":"","fileTypesAndContributionMap":{"functional-code":{"insertions":1,"deletions":1}}}]},{"date":"2021-03-27","commitResults":[{"hash":"816394eaece60126c0d363afa570583aeca393ba","messageTitle":"Fix issues","messageBody":"","fileTypesAndContributionMap":{"functional-code":{"insertions":2,"deletions":2}}},{"hash":"991a078ed331986617b3626630a911fc5cb920e5","messageTitle":"Create ClearCommand, added deleteTask in UG","messageBody":"","fileTypesAndContributionMap":{"functional-code":{"insertions":40,"deletions":0},"docs":{"insertions":168,"deletions":3},"test-code":{"insertions":32,"deletions":0}}},{"hash":"b2d23f1b939c712f5ea9680d2c9845097a0a264e","messageTitle":"Fix checkstyle","messageBody":"","fileTypesAndContributionMap":{"functional-code":{"insertions":2,"deletions":1},"test-code":{"insertions":2,"deletions":3}}}]},{"date":"2021-03-28","commitResults":[{"hash":"2635400bd3f67d22d950cbeb610cd818ecc75dfb","messageTitle":"Add pin and completion tick box in UI","messageBody":"","fileTypesAndContributionMap":{"functional-code":{"insertions":16,"deletions":6}}}]},{"date":"2021-03-29","commitResults":[{"hash":"25ba791a649bc5ebe3674a68860dda058c772b55","messageTitle":"Add Header in UI","messageBody":"","fileTypesAndContributionMap":{"functional-code":{"insertions":8,"deletions":8}}},{"hash":"e6503fb70538c4fd7bbcbafce2873662d76f6dfc","messageTitle":"Add find free time slot command","messageBody":"","fileTypesAndContributionMap":{"functional-code":{"insertions":280,"deletions":1},"test-code":{"insertions":12,"deletions":0}}}]},{"date":"2021-03-30","commitResults":[{"hash":"2c76b412432fba5df5f32e59747012906b276f01","messageTitle":"Fix UG diagram error and update find free time related diagram","messageBody":"","fileTypesAndContributionMap":{"docs":{"insertions":86,"deletions":3}}},{"hash":"2d970d03b04d2662506a94c8f1b5b0cd51de8ee3","messageTitle":"Fix checkstyle","messageBody":"","fileTypesAndContributionMap":{"docs":{"insertions":1,"deletions":1}}},{"hash":"7f5c6f30204039bbff2d6a21d38fd71de4eb71b6","messageTitle":"Delete cross","messageBody":"","fileTypesAndContributionMap":{"docs":{"insertions":7,"deletions":13}}},{"hash":"49cab8ec0b924b7f8dd380320e35425c8793866a","messageTitle":"Fix bug","messageBody":"","fileTypesAndContributionMap":{"functional-code":{"insertions":67,"deletions":51},"test-code":{"insertions":113,"deletions":1}}},{"hash":"9eb061ab29c478996b142588de9752b3d86c26c1","messageTitle":"Add unit test for find free time command","messageBody":"","fileTypesAndContributionMap":{"functional-code":{"insertions":11,"deletions":8},"test-code":{"insertions":26,"deletions":70}}},{"hash":"8e3aa818bd5d38fe127257778bd5d7ec46f2da61","messageTitle":"Delete magic number","messageBody":"","fileTypesAndContributionMap":{"functional-code":{"insertions":1,"deletions":1},"test-code":{"insertions":12,"deletions":4}}},{"hash":"bdd3d2ea6e6d3be99f31dc01198bcde74f11254b","messageTitle":"Break up methods","messageBody":"","fileTypesAndContributionMap":{"functional-code":{"insertions":55,"deletions":53}}}]},{"date":"2021-03-31","commitResults":[{"hash":"367499905e4938f7aa4cea01af649265b25d56e0","messageTitle":"Update UG","messageBody":"","fileTypesAndContributionMap":{"docs":{"insertions":34,"deletions":1}}}]}],"litone01":[{"date":"2021-02-25","commitResults":[{"hash":"288da999456f4393d7aded62592879c898e1799a","messageTitle":"Update AboutUs.md","messageBody":"About us is not updated after being forked.\n\nUpdate is needed to make the content useful and relevant.\n\nLet\u0027s update the information relevant to ourselves.\n\n(The other sections of commit message are omitted as they are not relevant.)\n","fileTypesAndContributionMap":{"docs":{"insertions":52,"deletions":5}}}]},{"date":"2021-02-26","commitResults":[{"hash":"5e8652170a9e3e9a7a9cb71cf5173980af815dfc","messageTitle":"Update User Guide for adding event and listing event","messageBody":"User Guide is not updated after being forked.\n\nUpdate is needed to make the content useful and relevant.\n\nLet\u0027s update the information relevant to our project.\n\n(The other sections of commit message are omitted as they are not relevant.)\n","fileTypesAndContributionMap":{"docs":{"insertions":18,"deletions":0}}},{"hash":"1ce94921d00c0ae664729a8b2497110a7fec0c46","messageTitle":"Update Developer Guide for adding event and listing event","messageBody":"Use cases for adding event and listing event in Developer Guide is not updated after being forked.\n\nUpdate is needed to make the content useful and relevant.\n\nLet\u0027s update the information relevant to our project.\n","fileTypesAndContributionMap":{"docs":{"insertions":29,"deletions":0}}},{"hash":"adb423d40ebfd2ecf92dd9596b4810a2c4fe35de","messageTitle":"Minor fix for updates on Developer Guide for adding event and listing event","messageBody":"","fileTypesAndContributionMap":{"docs":{"insertions":7,"deletions":1}}}]},{"date":"2021-02-28","commitResults":[{"hash":"b0da259927e5623485e3d9e903b3fb8443064f18","messageTitle":"Fix displaying of user guide on website","messageBody":"The current website is not showing the user guide page on the header.\n\nThe initial lines indicating that the .md is a page is accidentally deleted.\n\nLet\u0027s add it back.\n","fileTypesAndContributionMap":{"docs":{"insertions":3,"deletions":0}}}]},{"date":"2021-03-06","commitResults":[{"hash":"8af2592379877bf4ecf72642aeb0857917cc24e5","messageTitle":"Update CliSyntax","messageBody":"The current CliSyntax does not support parsing for task and event objects.\n\nLet\u0027s add additional prefixes to support parsing of task and event objects.\n\nUpdates are needed to change \u0027p\u0027 from the prefix of phone to the prefix of priority.\nName in our project will eventually refer to the name of the task or event instead of a person\u0027s name.\n","fileTypesAndContributionMap":{"functional-code":{"insertions":15,"deletions":2}}},{"hash":"7f5cf84c63637691e64da4ccca894363a39e04ef","messageTitle":"Add SocheduleParser","messageBody":"The current AddressBookParser does not accept new commands like addtask and add event parsing.\n\nLet\u0027s add a new parser to replace it.\n\nUpdates are needed to replace the addreebookparser with this.\n","fileTypesAndContributionMap":{"functional-code":{"insertions":88,"deletions":0}}},{"hash":"d730bf40acd58a4548beeaf75c115a93fb6ad85e","messageTitle":"Update ParserUtil","messageBody":"The current ParserUtil does not support parsing inputs for tasks and events.\n\nLet\u0027s add the util functions to support them.\n","fileTypesAndContributionMap":{"functional-code":{"insertions":73,"deletions":0}}},{"hash":"fa116cc4a5aa9521f0072ec3dfca3bd738ebfc0a","messageTitle":"Temporarily remove SocheduleParser to resolve build error","messageBody":"Build error occurs since SocheduleParser requires dependency on other classes not merged yet. But these classes depend on clisyntax and parseutil.\n\nThus, the best way is to merge CliSyntax and ParseUtil first, then after the other classes are merged, commit and push SocheduleParser again.\n\nLet\u0027s remove SocheduleParser first.\n","fileTypesAndContributionMap":{"functional-code":{"insertions":0,"deletions":88}}},{"hash":"7b871f7f98ed9d986e29ffd42bb0a225cd1cadf1","messageTitle":"Uncomment all prefixes in CliSyntax","messageBody":"","fileTypesAndContributionMap":{"functional-code":{"insertions":3,"deletions":3}}},{"hash":"0d1969ca8447280ff67c5976c49d42031e0d634a","messageTitle":"Fix checkstyle error because of indentatons","messageBody":"","fileTypesAndContributionMap":{"functional-code":{"insertions":2,"deletions":2}}}]},{"date":"2021-03-07","commitResults":[{"hash":"8166ead4cdb9e031a39be1e7aac821e3eb4c4cb2","messageTitle":"Add dummy SocheduleParser The current AddressBookParser does not accept new commands like addtask and add event parsing.","messageBody":"Let\u0027s add a new parser to replace it eventually. For now, we add a dummy one so that build error is resolved.\n\nUpdates are needed to replace the addreebookparser with this.\n","fileTypesAndContributionMap":{"functional-code":{"insertions":69,"deletions":0}}},{"hash":"55046d4f2523db66a42178df03553ec17540bdfd","messageTitle":"Add SocheduleParserUtil","messageBody":"Since storage and UI are not editted yet, a SocheduleParserUtil is added to provide util function for Sochedule-related command objects.\n\nLet\u0027s add a temp SocheduleParserUtil class.\n","fileTypesAndContributionMap":{"functional-code":{"insertions":150,"deletions":0}}}]},{"date":"2021-03-13","commitResults":[{"hash":"ba1aa1837223714ab5141f7cec09c184cbf0a068","messageTitle":"Add doneTask","messageBody":"Users can now mark a task as complete given the task index.\n","fileTypesAndContributionMap":{"functional-code":{"insertions":29,"deletions":4}}},{"hash":"030793d4d54eb81b6e73f7a95c9f17729e51b107","messageTitle":"Minor bug fixed","messageBody":"","fileTypesAndContributionMap":{"functional-code":{"insertions":1,"deletions":1}}},{"hash":"953b56996cb3ca8e6c2b1cc3fd312b6bbb86f028","messageTitle":"Update SocheduleParser","messageBody":"Currently parser is dummy.\n\nLet\u0027s add in all the relevant commands and make it work!\n","fileTypesAndContributionMap":{"functional-code":{"insertions":35,"deletions":6}}},{"hash":"8303a45b58267b085ab9543fc297d1af303a7e4f","messageTitle":"Update unit tests regarding logic and parsers in logic","messageBody":"Since we have updated parser, we need to update parsers testing as well for regression testing.\n\nLet\u0027s update it!\n","fileTypesAndContributionMap":{"functional-code":{"insertions":1,"deletions":1},"test-code":{"insertions":69,"deletions":18}}}]},{"date":"2021-03-16","commitResults":[{"hash":"6797885b924c4d4b1897b14779041c085c735e01","messageTitle":"Remove dependency of AB3 for logic manager","messageBody":"Person and personlists are removed from logic and logic manager.\n","fileTypesAndContributionMap":{"functional-code":{"insertions":0,"deletions":24},"test-code":{"insertions":5,"deletions":6}}},{"hash":"2f9a985a11daf309aa6663cdf89672c68462148f","messageTitle":"Update clisyntax","messageBody":"Syntax for index, startdate and enddate are updated.\n","fileTypesAndContributionMap":{"functional-code":{"insertions":4,"deletions":3}}},{"hash":"837a0127c6ab431498e44289bf92fd54c5ba8518","messageTitle":"Update latest command word for done task and clisyntax","messageBody":"done_task is used rather than done; \"i/\" is removed.\n","fileTypesAndContributionMap":{"functional-code":{"insertions":2,"deletions":3}}},{"hash":"7c1819b784b424f77136cecee8a23d989ebdbfaa","messageTitle":"Update UserGuide and Appendix in DeveloperGuide","messageBody":"Changes are reflected in user guide and developer guide.\n","fileTypesAndContributionMap":{"docs":{"insertions":60,"deletions":54}}},{"hash":"5c469b03dab35f86f34dbda4c4fe3477cf2f6007","messageTitle":"Fixed typo in error message","messageBody":"","fileTypesAndContributionMap":{"functional-code":{"insertions":6,"deletions":6}}},{"hash":"226bdc9e43246969548d44123c630589bd7495f0","messageTitle":"Updated equals method in name class","messageBody":"Currently name.equals is checking for the wrong name class(from AB3), this has been fixed.\n","fileTypesAndContributionMap":{"functional-code":{"insertions":3,"deletions":3}}},{"hash":"635ead99778b2e7f6b8b46ccfc776ae2deab8f7f","messageTitle":"Remove dependency for parserUtil","messageBody":"AB3 parserUtil still exists.\n\nLet\u0027s remove it.\n\nParserUtil is replaced by SocheduleParserUtil officially. Test methods have also been updated.\n","fileTypesAndContributionMap":{"functional-code":{"insertions":8,"deletions":202},"test-code":{"insertions":118,"deletions":196}}},{"hash":"3239e1972bccf0ef5040ed0e5a46cce61f02cd6d","messageTitle":"Fix wrong use of class tag in equals method","messageBody":"","fileTypesAndContributionMap":{"functional-code":{"insertions":2,"deletions":2}}},{"hash":"b218dce90989b55bcfaf09b89d20eef5808cfc6f","messageTitle":"Updated equals method for attributes in model","messageBody":"","fileTypesAndContributionMap":{"functional-code":{"insertions":108,"deletions":18}}},{"hash":"17922c5a5854b5f36de74086c5c711daa3f82932","messageTitle":"Fix bug where status of task is not updated after done","messageBody":"Currently, a task is directly assessed and getting its status updated as complete.\nHowever, since this does not update the observable task list and filtered task list,\nthis changes are not reflected unless the app restarts.\n\nWe can create a new task with the status marked as complete and replace the old task\nwith the new task. This is essentially a simplified edit task command. It is easy to be adapted\nand can be helpful for building edit command in the next iteration.\n\nLet\u0027s do the changes!\n","fileTypesAndContributionMap":{"functional-code":{"insertions":66,"deletions":7}}},{"hash":"713f9f1731033f25379a00d52beee51490a65f93","messageTitle":"Fix checkstyle issues","messageBody":"","fileTypesAndContributionMap":{"test-code":{"insertions":3,"deletions":2}}},{"hash":"394e610f3927d469418f86724761be87495e4799","messageTitle":"Fix checkstyle errors","messageBody":"","fileTypesAndContributionMap":{"functional-code":{"insertions":0,"deletions":2}}},{"hash":"5fc6ccc587c127493a89b4a5f5109cd753d29fb3","messageTitle":"Complete unit test for SocheduleParserUtil","messageBody":"Include testing for priority, category, categories, date and time.\n","fileTypesAndContributionMap":{"test-code":{"insertions":146,"deletions":1}}},{"hash":"e83a58243f2c57a6ccf08e563058e1c968574028","messageTitle":"Minor updates on Developer Guide.","messageBody":"","fileTypesAndContributionMap":{"docs":{"insertions":1,"deletions":1}}},{"hash":"72e7c641f48548adaaaea673da574db104e664af","messageTitle":"Update link to user guide in help window","messageBody":"","fileTypesAndContributionMap":{"functional-code":{"insertions":1,"deletions":1}}}]},{"date":"2021-03-17","commitResults":[{"hash":"9d7fe3991c702e4f58632a9d64850c8bc3c98584","messageTitle":"Update Typo in User Guide","messageBody":"","fileTypesAndContributionMap":{"docs":{"insertions":2,"deletions":2}}}]},{"date":"2021-03-23","commitResults":[{"hash":"62dfb05ecd0b63db8c50833e28d27b0a991cb8c5","messageTitle":"Add EditTaskCommand for editing task","messageBody":"Tasks created and uncompleted should be allowed to be edited.\n\nLet\u0027s implement it.\n","fileTypesAndContributionMap":{"functional-code":{"insertions":249,"deletions":0}}},{"hash":"5b0d156d7cb1a1efcaaecf80b4ae299cae8162a9","messageTitle":"Update parser related to edit task","messageBody":"","fileTypesAndContributionMap":{"functional-code":{"insertions":101,"deletions":0}}},{"hash":"6b0caaf4182055aec4126e02d1d337d524c16f61","messageTitle":"Minor updates for logger","messageBody":"","fileTypesAndContributionMap":{"functional-code":{"insertions":4,"deletions":3}}},{"hash":"32ed16b0804b2216ef6922846838ca376019b749","messageTitle":"Fix checkstyle error","messageBody":"","fileTypesAndContributionMap":{"functional-code":{"insertions":1,"deletions":1}}},{"hash":"3ff9a58f01ba18d2370cf5d00582ee40184b1029","messageTitle":"Update version number for trial release","messageBody":"","fileTypesAndContributionMap":{"functional-code":{"insertions":1,"deletions":1}}}]},{"date":"2021-03-24","commitResults":[{"hash":"ed9e2048bee5aa4970d4e16a4f9764a8bd26931a","messageTitle":"Update isSameTask to compare all attributes entered by user","messageBody":"","fileTypesAndContributionMap":{"functional-code":{"insertions":6,"deletions":2}}},{"hash":"b5d7293600f00d926fe1a6eeff2e75a270228d42","messageTitle":"Update relevant tests for isSameTask","messageBody":"","fileTypesAndContributionMap":{"test-code":{"insertions":24,"deletions":13}}},{"hash":"43afafd0cc82b732e4c112b328de30e4f806647c","messageTitle":"Update isSameEvent","messageBody":"","fileTypesAndContributionMap":{"functional-code":{"insertions":7,"deletions":1}}},{"hash":"0dfe05156a8a6129252d2bfbb5e5d14f362156bf","messageTitle":"Update relevant tests for isSameEvent","messageBody":"","fileTypesAndContributionMap":{"test-code":{"insertions":29,"deletions":10}}},{"hash":"9fa8dd65c64feecc43c7024b62a853bf0cf876c2","messageTitle":"Try to fix gradle build issue","messageBody":"","fileTypesAndContributionMap":{"functional-code":{"insertions":1,"deletions":1}}}]},{"date":"2021-03-29","commitResults":[{"hash":"4f5eb037de44aeb8dd5d6333538b4de4c7c005f1","messageTitle":"Add FindScheduleCommand(Part1)","messageBody":"","fileTypesAndContributionMap":{"functional-code":{"insertions":64,"deletions":0}}}]},{"date":"2021-03-30","commitResults":[{"hash":"4017f15e61b6f8f51ab9dba0226746bd6e6f75d6","messageTitle":"Add Predicate for find_schedule(Part 2)","messageBody":"","fileTypesAndContributionMap":{"functional-code":{"insertions":113,"deletions":7}}},{"hash":"c5139f8cc043de5c4a21cd895a1106a51114ed4b","messageTitle":"Add Parser for find_schedule(Part3)","messageBody":"","fileTypesAndContributionMap":{"functional-code":{"insertions":45,"deletions":6},"other":{"insertions":4,"deletions":4}}},{"hash":"590a7f3b088d90610a83d845e00ba5d4d5ff6c8c","messageTitle":"Update UG for edit_task","messageBody":"","fileTypesAndContributionMap":{"docs":{"insertions":19,"deletions":2}}},{"hash":"d349744f25ca5faec485ed259fff03739aae7a3d","messageTitle":"Update UG edit_task description","messageBody":"","fileTypesAndContributionMap":{"docs":{"insertions":5,"deletions":4}}},{"hash":"c20295a8800f12c8cd66b479a65079520bf7ce2b","messageTitle":"Update UG for find_schedule","messageBody":"","fileTypesAndContributionMap":{"functional-code":{"insertions":1,"deletions":1},"docs":{"insertions":10,"deletions":0}}},{"hash":"8bb3d98baefc9ecfc2aa7eda202fa11675d2b081","messageTitle":"Update find_schedule command","messageBody":"Find_schedule returns uncompleted tasks with with deadline before or on the specified date\nand events with start date before or on the specified date and end date after or on the specified date.\n","fileTypesAndContributionMap":{"functional-code":{"insertions":16,"deletions":14},"other":{"insertions":27,"deletions":10},"docs":{"insertions":4,"deletions":1}}},{"hash":"70999fa3df728811820a910c9720139fcfcfa19b","messageTitle":"Fix build error","messageBody":"","fileTypesAndContributionMap":{"docs":{"insertions":1,"deletions":1}}},{"hash":"fb2aa029247fa353312d9f2cf6efcd0f97b97961","messageTitle":"Add undone_task","messageBody":"Tasks marked as complete can now be marked as uncompleted.\n","fileTypesAndContributionMap":{"functional-code":{"insertions":161,"deletions":5}}},{"hash":"31d691a89548048a7b45f7dbf1f5956a75f78760","messageTitle":"Update UD for undone_task","messageBody":"","fileTypesAndContributionMap":{"docs":{"insertions":15,"deletions":0}}},{"hash":"2b4821393ff70e95215c6a6d9e5b8c8e8298dba0","messageTitle":"Update done_task to support multiple task indexes","messageBody":"","fileTypesAndContributionMap":{"functional-code":{"insertions":153,"deletions":31}}},{"hash":"894dd0841080814ad958e61869f40b43c6e429ea","messageTitle":"Update UG for done_task","messageBody":"","fileTypesAndContributionMap":{"functional-code":{"insertions":1,"deletions":1},"docs":{"insertions":8,"deletions":6}}}]}],"ljhgab":[{"date":"2021-02-25","commitResults":[{"hash":"48ad23b18a24b1be17d1d87c5e5027d45f83e0ba","messageTitle":"Update AboutUs","messageBody":"","fileTypesAndContributionMap":{"docs":{"insertions":6,"deletions":5}}},{"hash":"0ec6fd28759ec142bb32b49172ac907530c8e011","messageTitle":"Update UserGuide to include \"marking task\" feature","messageBody":"","fileTypesAndContributionMap":{"docs":{"insertions":13,"deletions":3}}},{"hash":"33c309f76084cfc8f9b45f103b4fe06c5738a9e4","messageTitle":"Update DeveloperGuide to include the \"completing task\" user cases","messageBody":"","fileTypesAndContributionMap":{"docs":{"insertions":26,"deletions":1}}},{"hash":"ddefff30637e01569a0d1dad8f2576617da0e90e","messageTitle":"Update NFRs for SOChedule.","messageBody":"","fileTypesAndContributionMap":{"docs":{"insertions":7,"deletions":3}}},{"hash":"5923a4460618c8a389a397ab47888c380b735544","messageTitle":"Update UserGuide with \"Done\" command","messageBody":"","fileTypesAndContributionMap":{"docs":{"insertions":1,"deletions":0}}}]},{"date":"2021-03-05","commitResults":[{"hash":"849d689e8f2ab39cb6adc74b7c7b6e7f1ac0f15c","messageTitle":"Update parser package to include AddTaskCommandParser","messageBody":"","fileTypesAndContributionMap":{"functional-code":{"insertions":72,"deletions":0}}},{"hash":"a73236a351e75e440e832346f852d81f23431c3c","messageTitle":"Update parser package to include DeleteTaskCommandParser and update relevant DeleteTaskCommand","messageBody":"","fileTypesAndContributionMap":{"functional-code":{"insertions":48,"deletions":2}}},{"hash":"36f162558f0e59d91aff45796032cc2f217f7c7b","messageTitle":"Update parser package to include DoneTaskCommandParser and update DoneTaskCommand class","messageBody":"","fileTypesAndContributionMap":{"functional-code":{"insertions":47,"deletions":2}}}]},{"date":"2021-03-08","commitResults":[{"hash":"4cf25e6757d4259dacc44f33b09df3cb8d435690","messageTitle":"Update the corresponding add_task, delete_task and done command","messageBody":"","fileTypesAndContributionMap":{"functional-code":{"insertions":129,"deletions":7}}},{"hash":"b22259f1b889af85683471b0cbc4748da2c27541","messageTitle":"Fix checkstyle for the update","messageBody":"","fileTypesAndContributionMap":{"functional-code":{"insertions":34,"deletions":28}}},{"hash":"0fe0420cfe3ea6c8de383bc502cd2d601a229f5e","messageTitle":"Update the message in AddCommand","messageBody":"","fileTypesAndContributionMap":{"functional-code":{"insertions":9,"deletions":11}}}]},{"date":"2021-03-12","commitResults":[{"hash":"1fe586850d509e97f3451e257385987e84e80ec2","messageTitle":"Add ListTaskCommand into command package","messageBody":"","fileTypesAndContributionMap":{"functional-code":{"insertions":21,"deletions":0}}},{"hash":"4a4db4521f22f4ffe21a006e1e427e467429b06a","messageTitle":"Fix checkstyle bug","messageBody":"","fileTypesAndContributionMap":{"functional-code":{"insertions":1,"deletions":0}}}]},{"date":"2021-03-14","commitResults":[{"hash":"937b93615d74be1f4aff540bb5e017a23d200a67","messageTitle":"Fix bugs for parsing time for Event object","messageBody":"Fix pattern of time\n\nFix bug in completing task feature\n\nRemove redundant command\n","fileTypesAndContributionMap":{"functional-code":{"insertions":7,"deletions":25},"test-code":{"insertions":5,"deletions":3}}}]},{"date":"2021-03-15","commitResults":[{"hash":"f0b9c9a0e5ef7b66029e8c1e17799ab4ef9723e1","messageTitle":"Remove AddCommand, DeleteCommand and ListCommand and their relevant classes from Logic package","messageBody":"","fileTypesAndContributionMap":{"functional-code":{"insertions":5,"deletions":312},"test-code":{"insertions":0,"deletions":726}}}]},{"date":"2021-03-16","commitResults":[{"hash":"179e3178957e9bbedf6654dd337c40c8346c80b6","messageTitle":"Remove ClearCommand, EditCommand and FindCommand and their relevant classes from Logic package","messageBody":"","fileTypesAndContributionMap":{"functional-code":{"insertions":0,"deletions":406},"test-code":{"insertions":0,"deletions":591}}},{"hash":"fed2d3073feb01683733ee09e45566a131ce06f7","messageTitle":"Update relevant instructions in AddTaskCommand and AddEventCommand class","messageBody":"","fileTypesAndContributionMap":{"functional-code":{"insertions":8,"deletions":8},"docs":{"insertions":1,"deletions":1},"test-code":{"insertions":1,"deletions":13}}},{"hash":"eccd7ef73029d6dc672459d2346697561b45ab83","messageTitle":"Remove EditPersonDescriptor test class from testutil","messageBody":"","fileTypesAndContributionMap":{"test-code":{"insertions":1,"deletions":88}}},{"hash":"27f51b23422befae6c9cec4a70f2e994da550b2f","messageTitle":"Remove prefixes for Person","messageBody":"","fileTypesAndContributionMap":{"functional-code":{"insertions":0,"deletions":5},"test-code":{"insertions":0,"deletions":24}}}]},{"date":"2021-03-19","commitResults":[{"hash":"97da6c82c363e3f0b246c0ab3afdeb75e9917616","messageTitle":"Add unit tests for AddTask/EventCommand and DeleteTaskCommand","messageBody":"","fileTypesAndContributionMap":{"functional-code":{"insertions":60,"deletions":0},"test-code":{"insertions":484,"deletions":40}}},{"hash":"0c7620b53fa7e442d00209398c756348cf59d392","messageTitle":"Add unit tests for DeleteEventCommand","messageBody":"","fileTypesAndContributionMap":{"test-code":{"insertions":145,"deletions":13}}},{"hash":"5d655d75864df8aefba9a635a0f2dc311c4c09e5","messageTitle":"Add unit tests for ListTaskCommand and ListEventCommand","messageBody":"","fileTypesAndContributionMap":{"test-code":{"insertions":78,"deletions":0}}},{"hash":"6b7a96f0bd54bd095188abd75a2593200304b59e","messageTitle":"Fix bugs for checkstyle and test, leaving some tests in DeleteEventCommandTest class disabled","messageBody":"","fileTypesAndContributionMap":{"test-code":{"insertions":54,"deletions":38}}}]},{"date":"2021-03-20","commitResults":[{"hash":"974c8892aa659dd1a7027ef8ac3324e1c578cb94","messageTitle":"Add unit tests for AddTaskCommandParser and DeleteTaskCommandParser","messageBody":"","fileTypesAndContributionMap":{"test-code":{"insertions":239,"deletions":32}}},{"hash":"6f9079e8190ed41ca4599d26af74156fbb6771b8","messageTitle":"Finalize all the changes","messageBody":"","fileTypesAndContributionMap":{"test-code":{"insertions":0,"deletions":6}}},{"hash":"c8ff0f53003c6df1f3048f6d510906e16299cd98","messageTitle":"Update setSochedule to reset the event data","messageBody":"","fileTypesAndContributionMap":{"functional-code":{"insertions":1,"deletions":0}}}]},{"date":"2021-03-24","commitResults":[{"hash":"a010a1e204c46d39c2ed620015d1b3e41daeaa6c","messageTitle":"Fix InvocationTargetException","messageBody":"","fileTypesAndContributionMap":{"functional-code":{"insertions":3,"deletions":3}}},{"hash":"6fb3dfeff1f49d9ca4f13c30bf9706cb50741ac0","messageTitle":"Handle the case when endDate and endTime is before startDate and startTime","messageBody":"","fileTypesAndContributionMap":{"functional-code":{"insertions":62,"deletions":1}}}]},{"date":"2021-03-25","commitResults":[{"hash":"6462709aa2e6da1c219b6263700435ec5121e483","messageTitle":"Include FindTaskCommand feature","messageBody":"","fileTypesAndContributionMap":{"functional-code":{"insertions":83,"deletions":0}}},{"hash":"ebd8f949de48a598ab405a18844c37b456a77845","messageTitle":"Include FindEventCommand feature","messageBody":"","fileTypesAndContributionMap":{"functional-code":{"insertions":70,"deletions":3}}}]},{"date":"2021-03-26","commitResults":[{"hash":"ccc0c3381595a620dec1daffc0c21ea8b8a5f969","messageTitle":"Update UG about the increment of two features","messageBody":"","fileTypesAndContributionMap":{"functional-code":{"insertions":5,"deletions":0},"docs":{"insertions":19,"deletions":0}}},{"hash":"89fae961ca1fbe55a87cc6b5b282a0a154f214b7","messageTitle":"Fix bugs for DeleteEventTest and ListEventTest","messageBody":"","fileTypesAndContributionMap":{"functional-code":{"insertions":0,"deletions":5},"test-code":{"insertions":4,"deletions":11}}}]},{"date":"2021-03-29","commitResults":[{"hash":"5f0b084334ccad48a7613555c419bb0a84bc2108","messageTitle":"Fix minor bugs for add task command regarding some date time issue","messageBody":"","fileTypesAndContributionMap":{"functional-code":{"insertions":4,"deletions":5}}},{"hash":"b4aac64232ac40a7750ad0cd38ab18d020f1f8d4","messageTitle":"Rephrase error message","messageBody":"","fileTypesAndContributionMap":{"functional-code":{"insertions":1,"deletions":1}}}]},{"date":"2021-03-30","commitResults":[{"hash":"5feb657eec5bb9dac09a2f835f75e096e01b23cf","messageTitle":"Update DG AddTask Implementation","messageBody":"","fileTypesAndContributionMap":{"docs":{"insertions":87,"deletions":1}}},{"hash":"cf555c722712eb7d6c1dcfa4e5594709ed094498","messageTitle":"EOF error fixed","messageBody":"","fileTypesAndContributionMap":{"docs":{"insertions":1,"deletions":1}}},{"hash":"c381dfba9bc6cd4f339f084392486a5c1070c13e","messageTitle":"Achieve TodayTask feature","messageBody":"","fileTypesAndContributionMap":{"functional-code":{"insertions":69,"deletions":2}}},{"hash":"620cc2f8312c1d02e0078971acd018f164056ca8","messageTitle":"Achieve TodayEvent feature","messageBody":"","fileTypesAndContributionMap":{"functional-code":{"insertions":68,"deletions":0}}},{"hash":"e6954ae6ae7d8fcdcd480e3319a9e79970538326","messageTitle":"Update UG about the Today Feature","messageBody":"","fileTypesAndContributionMap":{"docs":{"insertions":22,"deletions":6}}},{"hash":"3a77476fcc1c3d2ca24b336c5712e3ded5127539","messageTitle":"Minor change in phrasing the today event feature in UG","messageBody":"","fileTypesAndContributionMap":{"docs":{"insertions":1,"deletions":1}}},{"hash":"c7005f7c8e36cea9d2f97b64a8b059476a7f77f2","messageTitle":"Update version number","messageBody":"","fileTypesAndContributionMap":{"functional-code":{"insertions":1,"deletions":1}}}]},{"date":"2021-04-01","commitResults":[{"hash":"5f8ab9ebf3a1988dc39be4fbb3098f1697711342","messageTitle":"Add unit tests for FindTaskCommand + FindTaskCommandParser","messageBody":"","fileTypesAndContributionMap":{"functional-code":{"insertions":3,"deletions":6},"test-code":{"insertions":150,"deletions":0}}},{"hash":"f158183e0808a62585cbb1b2b2df98abed7f2714","messageTitle":"Add unit tests for FindEventCommand and FindEventCommandParser","messageBody":"","fileTypesAndContributionMap":{"functional-code":{"insertions":2,"deletions":4},"test-code":{"insertions":117,"deletions":0}}},{"hash":"1bfee124bc348ce9f484b7508b2311e3b70e96a7","messageTitle":"Fix checkstyle error","messageBody":"","fileTypesAndContributionMap":{"test-code":{"insertions":3,"deletions":0}}},{"hash":"6c08f3c5ae6c3a8bff81fd66819c24d1ebcf031b","messageTitle":"Fix checkstyle error and correct the class name","messageBody":"","fileTypesAndContributionMap":{"other":{"insertions":1,"deletions":4}}},{"hash":"b87c4fcf23c49519ac49af7f627047b56a46f7a3","messageTitle":"Fix the output of TodayEventCommand","messageBody":"","fileTypesAndContributionMap":{"functional-code":{"insertions":1,"deletions":1}}}]}],"SoulUseless":[{"date":"2021-02-25","commitResults":[{"hash":"ee6c0ae3252982a50e911c670e0fc3e9a08be3f2","messageTitle":"Update About Us","messageBody":"","fileTypesAndContributionMap":{"docs":{"insertions":5,"deletions":5}}},{"hash":"16b10fdbcbc02e91ae5b8e9d81de1df2d504b96f","messageTitle":"Update User Guide","messageBody":"","fileTypesAndContributionMap":{"docs":{"insertions":23,"deletions":6}}},{"hash":"f768a784820fb9b7c933055112f6573fc4a317c1","messageTitle":"Update Developer Guide to contain user profile and value proposition","messageBody":"","fileTypesAndContributionMap":{"docs":{"insertions":12,"deletions":8}}},{"hash":"bec39a2279713235eb40ad18e0406c001ba7ecd2","messageTitle":"Update Developer Guide to have use cases","messageBody":"","fileTypesAndContributionMap":{"docs":{"insertions":21,"deletions":0}}},{"hash":"024027daeb6e97695ee6093677008d621387e849","messageTitle":"Convert user photo to .png.","messageBody":"","fileTypesAndContributionMap":{"docs":{"insertions":1,"deletions":1}}}]},{"date":"2021-02-26","commitResults":[{"hash":"907edd5705bb84cc7451f3877bc277ecba120b51","messageTitle":"Rename profile photo to fit naming requirement","messageBody":"","fileTypesAndContributionMap":{"docs":{"insertions":1,"deletions":1}}},{"hash":"dde376155def4b319b49bb3563e6169dc3de8d01","messageTitle":"DeveloperGuide.md: Fix missing headers","messageBody":"","fileTypesAndContributionMap":{"docs":{"insertions":4,"deletions":1}}},{"hash":"3fe64f974cf535c37dd18246f2aa6d0826b21c6f","messageTitle":"AboutUs.md: Update format and name to fit conventions","messageBody":"","fileTypesAndContributionMap":{"docs":{"insertions":12,"deletions":12}}},{"hash":"60aefcd1e1d93383aa62abf4eac8b572286e9016","messageTitle":"UserGuide.md: Standardise formatting","messageBody":"","fileTypesAndContributionMap":{"docs":{"insertions":40,"deletions":28}}},{"hash":"9c1837a22e69d76d53cfbb2894461a0bf040261e","messageTitle":"DeveloperGuide.md: Standardise formatting; add glossary terms","messageBody":"","fileTypesAndContributionMap":{"docs":{"insertions":79,"deletions":63}}},{"hash":"72065860dd711f3bd621ee9ed3fd9f1a282cb5e7","messageTitle":"DeveloperGuide.md: Fix spelling","messageBody":"","fileTypesAndContributionMap":{"docs":{"insertions":6,"deletions":6}}},{"hash":"b5fb0057521b19154d4ce5efc3c5af567dd09f0d","messageTitle":"UserGuide.md: Update add event feature","messageBody":"","fileTypesAndContributionMap":{"docs":{"insertions":8,"deletions":6}}},{"hash":"536c266edd694a9635d439630701764273d49b8a","messageTitle":"Fix styling","messageBody":"","fileTypesAndContributionMap":{"docs":{"insertions":1,"deletions":1}}}]},{"date":"2021-03-02","commitResults":[{"hash":"2789833f11c3c54a61d7e0d3a773145745c5fa94","messageTitle":"Event.java: Add driver functions","messageBody":"","fileTypesAndContributionMap":{"functional-code":{"insertions":88,"deletions":0}}},{"hash":"ef460f3eb44c342d261bd70a53bcac7d69dfdac0","messageTitle":"Add UniqueEventList and relevant exceptions","messageBody":"","fileTypesAndContributionMap":{"functional-code":{"insertions":153,"deletions":0}}},{"hash":"4cc7fec77896792a438175ea876e17c626cc9857","messageTitle":"Add empty unit tests","messageBody":"","fileTypesAndContributionMap":{"test-code":{"insertions":20,"deletions":0}}},{"hash":"e65d03a7b2505e41255d5d3c0551da8a989c13d2","messageTitle":"Time.java: constructor update to take in String","messageBody":"","fileTypesAndContributionMap":{"functional-code":{"insertions":23,"deletions":5},"test-code":{"insertions":2,"deletions":1}}},{"hash":"7645062f9b84bcf03f2bf10b3c647ebc770bbf63","messageTitle":"Add unit tests for Time.java","messageBody":"","fileTypesAndContributionMap":{"test-code":{"insertions":22,"deletions":0}}},{"hash":"1cf6d81d1125b813107e2a9b7e4895516ff2b056","messageTitle":"Fix javadocs","messageBody":"","fileTypesAndContributionMap":{"functional-code":{"insertions":1,"deletions":1}}},{"hash":"6bce16bf8a780efcf8c4307bce16aed93110f566","messageTitle":"Add unit tests for Time.java","messageBody":"","fileTypesAndContributionMap":{"test-code":{"insertions":1,"deletions":1}}},{"hash":"77c3a5612beb97d9a767845181e1efe54b84c132","messageTitle":"Add Sochedule and underlying ReadOnlySochedule","messageBody":"","fileTypesAndContributionMap":{"functional-code":{"insertions":195,"deletions":0}}}]},{"date":"2021-03-03","commitResults":[{"hash":"e97b2779a4a13bfcd6f14370dca4d6bfbab22a38","messageTitle":"Integrate Sochedule into Model","messageBody":"","fileTypesAndContributionMap":{"functional-code":{"insertions":14,"deletions":8}}}]},{"date":"2021-03-05","commitResults":[{"hash":"590c9619eedb118455d714c0713c9dcb6446a033","messageTitle":"UserPrefs.java: Update equals and toString methods","messageBody":"","fileTypesAndContributionMap":{"functional-code":{"insertions":6,"deletions":3}}},{"hash":"e583ffb75d32b2570066eae30f224e3acd7cac01","messageTitle":"Overload ModelManager.java with Sochedule functions; Remove SocModelManager.java","messageBody":"","fileTypesAndContributionMap":{"functional-code":{"insertions":93,"deletions":310}}},{"hash":"5ed35e823f1287270547299b91f519435b7189e1","messageTitle":"Task.java: Update datatype of this.category to Set\u003cCategory\u003e","messageBody":"","fileTypesAndContributionMap":{"functional-code":{"insertions":3,"deletions":3}}},{"hash":"9508f82f403652e66ab1688485d1306ccc13769f","messageTitle":"Event.java: Update datatype of this.category to Set\u003cCategory\u003e","messageBody":"","fileTypesAndContributionMap":{"functional-code":{"insertions":3,"deletions":3}}},{"hash":"4c6e970fed55eb3b09da83ebd175e81aeaf6173b","messageTitle":"Task.java: Rename Task.category to Task.categories","messageBody":"","fileTypesAndContributionMap":{"functional-code":{"insertions":5,"deletions":5}}},{"hash":"a41d1ed12097468f882990805478df26a2f8385d","messageTitle":"Task.java Fix dependencies","messageBody":"","fileTypesAndContributionMap":{"functional-code":{"insertions":2,"deletions":2}}},{"hash":"0731fd5c21c1e8ff5ed81e56536b47fc16408c77","messageTitle":"Event.java: Rename Event.category to Event.categories","messageBody":"","fileTypesAndContributionMap":{"functional-code":{"insertions":7,"deletions":7}}}]},{"date":"2021-03-08","commitResults":[{"hash":"61642b5c12ffcf76b71ef777f02cd88bc14d884f","messageTitle":"Task.java: Add Completion Status support","messageBody":"","fileTypesAndContributionMap":{"functional-code":{"insertions":55,"deletions":1}}},{"hash":"3b7991c89a20dbafad27455a2e3f75e8572b1d8d","messageTitle":"Added JsonAdaptedTask.java, JsonAdaptedCategory.java","messageBody":"In the process, had to add:\n- JsonAdaptedPersonTag.java temporarily to resolve dependency issue\n\nModified:\n- CompletionStatus.java: To add built-in validation\n- Category.java: To add built-in validation\n- JsonAdaptedTag.java: To shift dependency to Sochedule Tags\n","fileTypesAndContributionMap":{"functional-code":{"insertions":264,"deletions":5}}},{"hash":"8aa72a407411d0a06efe26c861765f27ec1d5ca9","messageTitle":"Fix checkstyle issues","messageBody":"","fileTypesAndContributionMap":{"functional-code":{"insertions":17,"deletions":6},"test-code":{"insertions":4,"deletions":4}}},{"hash":"1b0ba906144b4c6c06e123618f22078d922fbe0f","messageTitle":"Add JsonAdaptedEvent.java","messageBody":"","fileTypesAndContributionMap":{"functional-code":{"insertions":138,"deletions":1}}},{"hash":"9da0432a16f4af48abdc9936f238539a133e0251","messageTitle":"Add JsonSerializableSochedule.java","messageBody":"","fileTypesAndContributionMap":{"functional-code":{"insertions":79,"deletions":0}}},{"hash":"3f3bc3abdeb2ff49afbd10c0645eb46e0b35c58e","messageTitle":"Remove unused class file","messageBody":"","fileTypesAndContributionMap":{"functional-code":{"insertions":0,"deletions":4}}},{"hash":"8754edc1cf573f6856e929f06c98b5d677e1bb5a","messageTitle":"Add SocheduleStorage.java","messageBody":"","fileTypesAndContributionMap":{"functional-code":{"insertions":45,"deletions":0}}},{"hash":"b8340fe742e15339ba746710e4e0e4ba8df3a1e1","messageTitle":"Add JsonSocheduleStorage.java","messageBody":"","fileTypesAndContributionMap":{"functional-code":{"insertions":81,"deletions":1}}},{"hash":"66087b80a5b5e6286352469f3245e38e3b839d28","messageTitle":"Storage.java: Add support for SocheduleStorage, add placeholder functions to StorageManager","messageBody":"","fileTypesAndContributionMap":{"functional-code":{"insertions":41,"deletions":1}}},{"hash":"469f6db2dfbe893ecfc958ae18fbbec485d28a19","messageTitle":"Add SocheduleStorageManger.java","messageBody":"","fileTypesAndContributionMap":{"functional-code":{"insertions":110,"deletions":0}}},{"hash":"73709a3f22b9bbde2401e98bd810d375c7b8079d","messageTitle":"Add NameTest.java","messageBody":"","fileTypesAndContributionMap":{"test-code":{"insertions":40,"deletions":0}}},{"hash":"2cc7e268858a7d17033cf487e8537f698153cb5b","messageTitle":"Add TagTest.java","messageBody":"","fileTypesAndContributionMap":{"test-code":{"insertions":26,"deletions":0}}},{"hash":"35c85492ea4bd1bacf932b5720d9d67ab3f10671","messageTitle":"Add CategoryTest.java","messageBody":"","fileTypesAndContributionMap":{"test-code":{"insertions":29,"deletions":0}}},{"hash":"8a5f57b1db9ab98f50745b8c4d6cd49566733f88","messageTitle":"Category.java: Update to include validation during creation","messageBody":"","fileTypesAndContributionMap":{"functional-code":{"insertions":10,"deletions":0}}},{"hash":"2535905499fd5c30bf8043cce7d9e635b44d2f2e","messageTitle":"Add TaskBuilder.java, EventBuilder.java","messageBody":"","fileTypesAndContributionMap":{"test-code":{"insertions":4,"deletions":0}}},{"hash":"d8678a56b085aebb64d125461bdade449b130e4b","messageTitle":"Add TaskBuilder.java, EventBuilder.java","messageBody":"","fileTypesAndContributionMap":{"functional-code":{"insertions":11,"deletions":1},"test-code":{"insertions":213,"deletions":2}}},{"hash":"5567c284a56400a216b287d13203f9a66bcae8d3","messageTitle":"Event, Task.java: Update category initialisation","messageBody":"","fileTypesAndContributionMap":{"functional-code":{"insertions":4,"deletions":4}}}]},{"date":"2021-03-09","commitResults":[{"hash":"50b779498d4cb7728dfd057d9eed17ae674a4034","messageTitle":"Set Priority to be optional json parameter; update relevant tests","messageBody":"","fileTypesAndContributionMap":{"functional-code":{"insertions":14,"deletions":10},"test-code":{"insertions":1,"deletions":7}}},{"hash":"e708db914512c9e6fd1e36625b4bd30f97d33f65","messageTitle":"Set Time parameters to be optional; update relevant tests","messageBody":"","fileTypesAndContributionMap":{"functional-code":{"insertions":5,"deletions":13},"test-code":{"insertions":1,"deletions":9}}},{"hash":"2e5a6d3fe70749de5398b463738cf0a5c1b9af60","messageTitle":"Fix javadocs","messageBody":"","fileTypesAndContributionMap":{"functional-code":{"insertions":4,"deletions":4}}},{"hash":"b9388061972adaa2244882214c404b85ff19427e","messageTitle":"Update javadocs","messageBody":"","fileTypesAndContributionMap":{"functional-code":{"insertions":3,"deletions":3}}},{"hash":"9d145443f971cb812e12af0df595b52e6a77cbdb","messageTitle":"Fix javadocs v2","messageBody":"","fileTypesAndContributionMap":{"functional-code":{"insertions":4,"deletions":4}}}]},{"date":"2021-03-12","commitResults":[{"hash":"827e5eb140e3ada3e4efc1c8508a8d9b2c708522","messageTitle":"Begin conversion to Sochedule code","messageBody":"","fileTypesAndContributionMap":{"functional-code":{"insertions":32,"deletions":24}}}]},{"date":"2021-03-14","commitResults":[{"hash":"1ea4f3088409151f843ee9729af27996df343e8f","messageTitle":"Remove original StorageManager and related tests","messageBody":"","fileTypesAndContributionMap":{"functional-code":{"insertions":3,"deletions":156},"test-code":{"insertions":0,"deletions":232}}},{"hash":"01a65627c33f384cb726fc704e27dafd9b7c7988","messageTitle":"Remove ab3 Json functions and related tests","messageBody":"","fileTypesAndContributionMap":{"functional-code":{"insertions":0,"deletions":140},"test-code":{"insertions":0,"deletions":157}}},{"hash":"c04e8f1a409f3cd1047e7937f5013dc604fe45b8","messageTitle":"Remove Person related json and related tests","messageBody":"","fileTypesAndContributionMap":{"functional-code":{"insertions":0,"deletions":156},"test-code":{"insertions":0,"deletions":110}}},{"hash":"f2cb12272c50ed2d4f1124848c574b377e8fbbaa","messageTitle":"Remove more dependencies","messageBody":"","fileTypesAndContributionMap":{"functional-code":{"insertions":0,"deletions":45}}},{"hash":"3bd40aa5929bb0b7e3218bfc8716eddfe7e9c7f4","messageTitle":"Rename SocheduleStorageManager to StorageManager","messageBody":"Now that there is no dependency or namespace issue, renamed to reduce\ndifference to original codebase for easier referencing.\n","fileTypesAndContributionMap":{"functional-code":{"insertions":3,"deletions":3},"other":{"insertions":3,"deletions":3}}},{"hash":"6bcb711a7e815f39fdc7fd0dec5e5d8d11ebc5b6","messageTitle":"Fix bug relating to still reading ab3 filepath","messageBody":"","fileTypesAndContributionMap":{"functional-code":{"insertions":1,"deletions":1}}},{"hash":"719a6d0c1a1ff01565df08dd846a327f1a38d300","messageTitle":"Fix checkstyle issues","messageBody":"","fileTypesAndContributionMap":{"functional-code":{"insertions":1,"deletions":2}}},{"hash":"8bfec9af055c1fd7aa6a4ac55d043d729706c8a4","messageTitle":"Reinsert LogicManagerTest.java","messageBody":"2 failing tests: execute_validCommand_success, execute_storageThrowsIoException_throwsCommandException\n","fileTypesAndContributionMap":{"test-code":{"insertions":165,"deletions":0}}}]},{"date":"2021-03-15","commitResults":[{"hash":"16cce50422a0d51e4bcaddb8d1650bb2d16dd2cf","messageTitle":"Add helper json for Storage class testing","messageBody":"","fileTypesAndContributionMap":{"test-code":{"insertions":225,"deletions":90}}}]},{"date":"2021-03-16","commitResults":[{"hash":"c5b5798700a734067e08ddcbe63faabd4d719c3b","messageTitle":"Fix JsonUtilTest, TestUtil to remove dependency","messageBody":"","fileTypesAndContributionMap":{"test-code":{"insertions":122,"deletions":100}}},{"hash":"1f7c0fc7a72d090549f23324d0902d4d2e278d79","messageTitle":"Reactivate LogicManagerTest","messageBody":"","fileTypesAndContributionMap":{"test-code":{"insertions":165,"deletions":165}}},{"hash":"fb0b251eb82d4bd621665f3cbc2dcda69d7157c8","messageTitle":"Fix UserPrefsTest.java","messageBody":"","fileTypesAndContributionMap":{"test-code":{"insertions":21,"deletions":21}}},{"hash":"99311b66071c7eceabab345f1636c7095c848ef7","messageTitle":"Fix and Reactivate JsonUserPrefsStorageTest.java","messageBody":"","fileTypesAndContributionMap":{"test-code":{"insertions":123,"deletions":123}}},{"hash":"54e20108bbcc7f7e9d89abc4a1634e002778c6e2","messageTitle":"Reactivate StorageManagerTest.java with some commented-out tests","messageBody":"","fileTypesAndContributionMap":{"test-code":{"insertions":66,"deletions":66}}},{"hash":"11f9b2f384aa10538002a94d75fb64810e1c2143","messageTitle":"Remove legacy AddressBookBuilder","messageBody":"","fileTypesAndContributionMap":{"test-code":{"insertions":0,"deletions":33}}},{"hash":"73ca030e91b41844d1aa5eaf4993cdf587fb3247","messageTitle":"Remove legacy EditPersonDescriptorBuilder.java","messageBody":"","fileTypesAndContributionMap":{"test-code":{"insertions":0,"deletions":87}}},{"hash":"db0d54724d486fc0106c5b7ac471b3b58bdf388c","messageTitle":"Reactivate withTags function under TaskBuilder.java","messageBody":"","fileTypesAndContributionMap":{"test-code":{"insertions":8,"deletions":10}}},{"hash":"f98f755b9213d01365ec3241e1a5ebb7db7cacda","messageTitle":"Reactivate withTags function under EventBuilder.java","messageBody":"","fileTypesAndContributionMap":{"test-code":{"insertions":2,"deletions":4}}},{"hash":"2e156f55359f2a1db12c9890b35db68fec970643","messageTitle":"Fix checkstyle","messageBody":"","fileTypesAndContributionMap":{"docs":{"insertions":13,"deletions":13},"test-code":{"insertions":12,"deletions":12}}},{"hash":"18c06f0a03bc46057ceddb8be8d0dbcd194696eb","messageTitle":"Add JsonSerializableSocheduleTest.java","messageBody":"","fileTypesAndContributionMap":{"test-code":{"insertions":84,"deletions":0}}},{"hash":"45443cb4a661446f0c32f6f033277a95baa23040","messageTitle":"Add JsonSocheduleStorageTest.java","messageBody":"","fileTypesAndContributionMap":{"other":{"insertions":0,"deletions":0},"test-code":{"insertions":144,"deletions":0}}},{"hash":"0718b0c01ecacdff481de8ce4802015e1379ab35","messageTitle":"Add JsonAdaptedTaskTest.java","messageBody":"","fileTypesAndContributionMap":{"test-code":{"insertions":127,"deletions":0}}},{"hash":"d40737d19ba11c485437b2653478be034704963c","messageTitle":"Add placeholder JsonAdaptedEventTest.java","messageBody":"","fileTypesAndContributionMap":{"test-code":{"insertions":4,"deletions":0}}}]},{"date":"2021-03-19","commitResults":[{"hash":"0bd237b339f4beb04cef01a62fb7e84438e510e4","messageTitle":"Add tests to JsonAdaptedEvent","messageBody":"","fileTypesAndContributionMap":{"test-code":{"insertions":131,"deletions":0}}},{"hash":"be96afe450502d62c56b136b4215de6951a475d9","messageTitle":"Fix checkstyle","messageBody":"","fileTypesAndContributionMap":{"test-code":{"insertions":6,"deletions":4}}}]},{"date":"2021-03-21","commitResults":[{"hash":"be008fcba7d10e859a13d3515a19ec196b5e414d","messageTitle":"Add support for Task sorting","messageBody":"","fileTypesAndContributionMap":{"functional-code":{"insertions":96,"deletions":4}}},{"hash":"9f108922f87e54d3a7057e8b1b33df993870dda0","messageTitle":"Add support for UniqueTaskList sorting","messageBody":"","fileTypesAndContributionMap":{"functional-code":{"insertions":12,"deletions":0}}},{"hash":"c289ebd085f1b2afc236c4a1c902586eeb43f790","messageTitle":"Add support for ModelManager Task sorting","messageBody":"","fileTypesAndContributionMap":{"functional-code":{"insertions":25,"deletions":0}}},{"hash":"ec24252e8c42da9067f3c851174d37b62bd3939e","messageTitle":"Add sorting command prefix","messageBody":"","fileTypesAndContributionMap":{"functional-code":{"insertions":2,"deletions":0}}},{"hash":"d815c1511d72413d7b754edab84552dfdcd76f2d","messageTitle":"Add SortTaskCommand","messageBody":"","fileTypesAndContributionMap":{"functional-code":{"insertions":38,"deletions":1},"test-code":{"insertions":8,"deletions":0}}},{"hash":"7eeb2756266007c88e67a5a612f08e9f62f05690","messageTitle":"Add message restrictions to TaskComparator.java","messageBody":"","fileTypesAndContributionMap":{"functional-code":{"insertions":4,"deletions":0}}},{"hash":"aecab2c1acf8927c5d3525dd28cf162d30cc9cd2","messageTitle":"Add parser support for by/ prefix","messageBody":"","fileTypesAndContributionMap":{"functional-code":{"insertions":20,"deletions":0}}},{"hash":"c7183912c71ed034b6fcab835667ae7d2d980ccf","messageTitle":"Add full support for sort_task command","messageBody":"","fileTypesAndContributionMap":{"functional-code":{"insertions":33,"deletions":5}}},{"hash":"1b4389eb49cad252327d9b6ff4e72ab7ddade08d","messageTitle":"Cleanup unused code","messageBody":"","fileTypesAndContributionMap":{"functional-code":{"insertions":0,"deletions":2}}},{"hash":"ecd359a8d02ac8887b6cf903e0ed281500c85e18","messageTitle":"Switch priority comparison rules","messageBody":"","fileTypesAndContributionMap":{"functional-code":{"insertions":2,"deletions":1}}},{"hash":"c3a9adcd747a1c65c426aca36659e37aff3324c3","messageTitle":"Update UserGuide","messageBody":"","fileTypesAndContributionMap":{"docs":{"insertions":16,"deletions":0}}},{"hash":"da2e13323e496d88ea1242655f137f845185a072","messageTitle":"Add unit tests for TaskComparator","messageBody":"","fileTypesAndContributionMap":{"test-code":{"insertions":91,"deletions":0}}},{"hash":"a1bb8f5f85b4c88ab6e4f4b1686e524575edeb80","messageTitle":"Add extra unit tests to modified Task attributes","messageBody":"","fileTypesAndContributionMap":{"test-code":{"insertions":42,"deletions":0}}},{"hash":"0ef538f09d1ed515628f571b6b185f96a316895b","messageTitle":"Update UML diagram for Storage Class","messageBody":"","fileTypesAndContributionMap":{"docs":{"insertions":11,"deletions":7}}},{"hash":"09caf15cc584a39abdc4044e64fb2f58afb26c84","messageTitle":"Update DG and export diagram for Storage Class","messageBody":"","fileTypesAndContributionMap":{"docs":{"insertions":2,"deletions":2}}},{"hash":"fe34b86bc05d8d22837ac229f23ad877bb37d7f0","messageTitle":"DeveloperGuide.md: Add skeleton and sort_task section","messageBody":"","fileTypesAndContributionMap":{"docs":{"insertions":72,"deletions":94}}},{"hash":"070966885b856f779a464845066747c4ce147cf9","messageTitle":"Add Sequence Diagram for sortTask","messageBody":"","fileTypesAndContributionMap":{"docs":{"insertions":64,"deletions":0}}},{"hash":"cc12cbeb7a79707fc99e28aafb7ce0edd0506aeb","messageTitle":"Link sequence diagram in DG","messageBody":"","fileTypesAndContributionMap":{"docs":{"insertions":3,"deletions":0}}},{"hash":"2535816b45cac1dd77e3d69a6cd1a6c24915b88e","messageTitle":"Fix javadocs","messageBody":"","fileTypesAndContributionMap":{"functional-code":{"insertions":2,"deletions":2}}}]},{"date":"2021-03-22","commitResults":[{"hash":"1c35bae16af3dcb690b313a9d671dc8ee8b78082","messageTitle":"Add comparability to Time class","messageBody":"","fileTypesAndContributionMap":{"functional-code":{"insertions":6,"deletions":1}}},{"hash":"c68012f46cde85ba8c6b9bffed5daf8edd097060","messageTitle":"Add comparison tests to Time class","messageBody":"","fileTypesAndContributionMap":{"test-code":{"insertions":9,"deletions":0}}},{"hash":"120c70238f80701f52e223e8321ea074e72cc0c2","messageTitle":"Add EventComparator","messageBody":"","fileTypesAndContributionMap":{"functional-code":{"insertions":80,"deletions":0}}},{"hash":"1009c0286f12054e70b83bcefea1cba57ca172b1","messageTitle":"Add sort functionality to UniqueEventList","messageBody":"","fileTypesAndContributionMap":{"functional-code":{"insertions":12,"deletions":0}}},{"hash":"1d2b7c1b65321bfcd909605f7740b89324e79b25","messageTitle":"Add sort functionality to Sochedule","messageBody":"","fileTypesAndContributionMap":{"functional-code":{"insertions":10,"deletions":0}}},{"hash":"2ac8532ee209a668bb29c53672e35967b26f9d73","messageTitle":"Add sortEvent functionality to ModelManager","messageBody":"","fileTypesAndContributionMap":{"functional-code":{"insertions":14,"deletions":0}}},{"hash":"102df8127bd1d65a03d3144ba2ecbbc201f7e21a","messageTitle":"Resolve potential conflict with sortEvent parser","messageBody":"","fileTypesAndContributionMap":{"functional-code":{"insertions":2,"deletions":2}}}]},{"date":"2021-03-23","commitResults":[{"hash":"db351a18f8d665ddcc7a1e59edb74968f51345d9","messageTitle":"Fix stubs","messageBody":"","fileTypesAndContributionMap":{"test-code":{"insertions":8,"deletions":0}}},{"hash":"f3cc82944993d29b2cba16fd8a5d3c01ff4afdc7","messageTitle":"Add sort_task to Parser","messageBody":"","fileTypesAndContributionMap":{"functional-code":{"insertions":79,"deletions":2}}}]},{"date":"2021-03-24","commitResults":[{"hash":"c3f6ecaeddf89a590a5eca06ba072f4d13f71f44","messageTitle":"Update build.gradle to enable assertions","messageBody":"","fileTypesAndContributionMap":{"other":{"insertions":5,"deletions":1}}},{"hash":"6d23c7dfca150595e26f8265eaf992ee9825acf2","messageTitle":"Add assertions","messageBody":"","fileTypesAndContributionMap":{"functional-code":{"insertions":4,"deletions":0}}},{"hash":"9670dc918c7d0bcadcf70c8af29860992509810e","messageTitle":"Add sort_event tests to UniqueEventListTest","messageBody":"","fileTypesAndContributionMap":{"functional-code":{"insertions":4,"deletions":0},"test-code":{"insertions":46,"deletions":0}}},{"hash":"b95dd2ae5c64a81f43b2d20ca15ea5045b419f1c","messageTitle":"Add sort_task tests to UniqueTaskListTest","messageBody":"","fileTypesAndContributionMap":{"functional-code":{"insertions":4,"deletions":0},"test-code":{"insertions":34,"deletions":0}}}]},{"date":"2021-03-25","commitResults":[{"hash":"c9ff82e3bf50c71d1604b70173c8efe4fd44d0a7","messageTitle":"UniqueEventListTest: Optimise code use","messageBody":"","fileTypesAndContributionMap":{"test-code":{"insertions":3,"deletions":15}}},{"hash":"a0298f9ae05cc481ca90566cf1153f0948c49d1c","messageTitle":"Add sort testing for Sochedule","messageBody":"","fileTypesAndContributionMap":{"test-code":{"insertions":57,"deletions":0}}},{"hash":"98b27f1f3e4eff119485d8056241843c9194e73b","messageTitle":"Add sort testing to ModelManagerTest","messageBody":"","fileTypesAndContributionMap":{"test-code":{"insertions":67,"deletions":0}}},{"hash":"fc8e277013017df5fbc60ea6b0a98a2c63363f63","messageTitle":"Add SortTaskCommandParserTest and unit tests","messageBody":"","fileTypesAndContributionMap":{"test-code":{"insertions":27,"deletions":0}}},{"hash":"90f5b92d993ee2e49d825d0b19aa42d95ab3e998","messageTitle":"Add SortEventCommandParserTest and unit tests","messageBody":"","fileTypesAndContributionMap":{"test-code":{"insertions":27,"deletions":0}}},{"hash":"a14dc5c335d6952edbef0e7dff3a2ebbdf34f5d0","messageTitle":"Fix typo in test name","messageBody":"","fileTypesAndContributionMap":{"other":{"insertions":1,"deletions":1}}},{"hash":"f7c9ceea5feffb7b4c584efb6f4115ddcae66b82","messageTitle":"Add SortTaskCommandTest","messageBody":"","fileTypesAndContributionMap":{"test-code":{"insertions":31,"deletions":0}}},{"hash":"ba85bb87b850172c5f075b13e6d83852c5963996","messageTitle":"Add SortEventCommandTest.java","messageBody":"","fileTypesAndContributionMap":{"test-code":{"insertions":31,"deletions":0}}}]},{"date":"2021-03-27","commitResults":[{"hash":"08a395ca192b2d0fdc2d65b9d7371f78b6d5f14a","messageTitle":"Add PinnedStatus.java for future support for pinning","messageBody":"","fileTypesAndContributionMap":{"functional-code":{"insertions":111,"deletions":0}}},{"hash":"f9c33fbe037f2382fc198cc6edddf7f25f35a1bf","messageTitle":"Add PinnedStatusTest.java","messageBody":"","fileTypesAndContributionMap":{"functional-code":{"insertions":8,"deletions":1},"test-code":{"insertions":38,"deletions":0}}},{"hash":"663be29d7484b45a2d77d56aac90b1eb12608f52","messageTitle":"Add PinnedStatus support for Task.java","messageBody":"","fileTypesAndContributionMap":{"functional-code":{"insertions":6,"deletions":1}}},{"hash":"8523488da7ef0da3e55cdc685a3249b11040d047","messageTitle":"Re-enable compareTest under PinnedStatusTest","messageBody":"","fileTypesAndContributionMap":{"functional-code":{"insertions":11,"deletions":1},"test-code":{"insertions":8,"deletions":7}}},{"hash":"9ed1cd9e37d153bacf90ce5b530e804d4fba4c18","messageTitle":"Add PinnedStatus support to Sochedule, ModelManager \u0026 fix dependencies","messageBody":"","fileTypesAndContributionMap":{"functional-code":{"insertions":40,"deletions":0},"test-code":{"insertions":16,"deletions":0}}},{"hash":"d7efddc7abf2f98edda39c6baebef645b2093121","messageTitle":"Add unit tests for SocheduleTest","messageBody":"","fileTypesAndContributionMap":{"functional-code":{"insertions":4,"deletions":0},"test-code":{"insertions":34,"deletions":0}}},{"hash":"817c306a7c04890a91220ae345408a212ebe2b28","messageTitle":"ADd unit tests for ModelManagerTest","messageBody":"","fileTypesAndContributionMap":{"test-code":{"insertions":35,"deletions":0}}},{"hash":"4188f86481a15f477e7fb3683b935bd58d336f0e","messageTitle":"Add JsonAdaptedTask, Update relevant unit tests","messageBody":"","fileTypesAndContributionMap":{"functional-code":{"insertions":18,"deletions":4},"test-code":{"insertions":36,"deletions":9}}},{"hash":"b9b3d948300d8f802733f9c3ae971a16cccb0022","messageTitle":"Update TaskComparator to consider pinned status","messageBody":"","fileTypesAndContributionMap":{"functional-code":{"insertions":8,"deletions":0}}},{"hash":"e05f58793d154a60ba043e12b95a80b78ccb2018","messageTitle":"Add unit tests to TaskComparator","messageBody":"","fileTypesAndContributionMap":{"test-code":{"insertions":22,"deletions":0}}}]},{"date":"2021-03-28","commitResults":[{"hash":"f752fc9c3dce05333e6633f7ce0cb4293fe3290f","messageTitle":"Add PinTaskCommand, fix dependencies","messageBody":"","fileTypesAndContributionMap":{"functional-code":{"insertions":140,"deletions":0},"test-code":{"insertions":9,"deletions":0}}},{"hash":"e3a1121cc5ef6f809c75b73e93e92fa2bcb99860","messageTitle":"Add UnpinTaskCommand","messageBody":"","fileTypesAndContributionMap":{"functional-code":{"insertions":99,"deletions":0}}},{"hash":"fd1517d90cfab26cc5ec3dbc6a0bacf7d8008af8","messageTitle":"Add parsers for pin_task and unpin_task","messageBody":"","fileTypesAndContributionMap":{"functional-code":{"insertions":48,"deletions":0}}},{"hash":"80b9f59bd4547f74e8ab252e79b06d0350408837","messageTitle":"Add pin_task and unpin_task support to SocheduleParser","messageBody":"","fileTypesAndContributionMap":{"functional-code":{"insertions":8,"deletions":0}}},{"hash":"16616a1b0a7305bcf6db908b57594005da35bd2d","messageTitle":"Add UI display for pinned tasks","messageBody":"","fileTypesAndContributionMap":{"functional-code":{"insertions":3,"deletions":0}}},{"hash":"466f1dbb7e0507bc4bdba4a72d68da4f4df471bb","messageTitle":"Fix ordering issues with pinning","messageBody":"","fileTypesAndContributionMap":{"functional-code":{"insertions":2,"deletions":2}}},{"hash":"c4c7f3df8cfb1396f3ce375c9efcdc5b19e8ec0d","messageTitle":"Fix bug where edit_task unpins a pinned task","messageBody":"","fileTypesAndContributionMap":{"functional-code":{"insertions":5,"deletions":1}}},{"hash":"e070210df881bd9cdf97caafa80fec93195f2976","messageTitle":"Fix unit tests for TaskComparator","messageBody":"","fileTypesAndContributionMap":{"test-code":{"insertions":2,"deletions":1}}},{"hash":"ad3e4c8d0d434e651e648ba6a2cb6954ed037692","messageTitle":"Add PinTaskCommandTest","messageBody":"","fileTypesAndContributionMap":{"test-code":{"insertions":150,"deletions":0}}},{"hash":"e8c2b62b148597b1a34df7324e43f4b55e71eda8","messageTitle":"Add UnpinTaskCommandTest.java","messageBody":"","fileTypesAndContributionMap":{"test-code":{"insertions":113,"deletions":0}}},{"hash":"f33d837852cbfa03a6f3636e8f52909b858f1bee","messageTitle":"PinTaskCommandTest: Update and optimise test cases","messageBody":"","fileTypesAndContributionMap":{"test-code":{"insertions":5,"deletions":48}}},{"hash":"dc7655345c4c8cb704ed34cba1f3b37f21f296df","messageTitle":"DG: Add PinTaskCommand section","messageBody":"","fileTypesAndContributionMap":{"docs":{"insertions":24,"deletions":0}}},{"hash":"1aa84e322bfec5e775503fdda6e5f3bf7ef5e3f4","messageTitle":"UG: Add pin_task and unpin_task","messageBody":"","fileTypesAndContributionMap":{"docs":{"insertions":26,"deletions":0}}},{"hash":"563afbce4b6bcd64d7bc31c5cf06ad56e9c02baf","messageTitle":"UG: Add pin_task and unpin_task to command summary","messageBody":"","fileTypesAndContributionMap":{"docs":{"insertions":2,"deletions":0}}},{"hash":"4423ab293df02db3ec90d12017965b9c230de497","messageTitle":"Change variable name for UnpinTaskCommand","messageBody":"","fileTypesAndContributionMap":{"functional-code":{"insertions":2,"deletions":2},"test-code":{"insertions":1,"deletions":1}}},{"hash":"84d1f0e0599ea3d5aece7912e042fed7bcd2c37a","messageTitle":"Update DG","messageBody":"","fileTypesAndContributionMap":{"docs":{"insertions":121,"deletions":5}}},{"hash":"0b9525386f2214bd94640b0cf13dc84128172e31","messageTitle":"Fix typo in puml","messageBody":"","fileTypesAndContributionMap":{"docs":{"insertions":1,"deletions":1}}},{"hash":"7d614fc11d15994264cbe31a12fc730357efcf1b","messageTitle":"Fix bug where pinned task is not reading properly from sochedule.json","messageBody":"","fileTypesAndContributionMap":{"functional-code":{"insertions":4,"deletions":0}}},{"hash":"665b35a76350e2f5cd2b20c696f1ded2609c9499","messageTitle":"Fix checkstyle","messageBody":"","fileTypesAndContributionMap":{"functional-code":{"insertions":1,"deletions":1}}}]}]},"authorFileTypeContributionMap":{"YuFeng0930":{"docs":676,"functional-code":897,"test-code":1339},"icelenaugust":{"docs":405,"functional-code":1628,"test-code":916},"litone01":{"docs":181,"functional-code":1321,"test-code":290},"ljhgab":{"docs":132,"functional-code":676,"test-code":1120},"SoulUseless":{"docs":463,"functional-code":2050,"test-code":1928,"other":5}},"authorContributionVariance":{"YuFeng0930":52904.535,"icelenaugust":36885.47,"litone01":39767.566,"ljhgab":72562.77,"SoulUseless":133045.8},"authorDisplayNameMap":{"YuFeng0930":"CS2103-W16-1 CHEN..FENG","icelenaugust":"CS2103-W16-1 DING..LYNN","litone01":"CS2103-W16-1 YU J..IANG","ljhgab":"CS2103-W16-1 LI J..IAHE","SoulUseless":"CS2103-W16-1 YAP ..KANG"}}
