[{"path":"docs/AboutUs.md","fileType":"docs","lines":[{"lineNumber":1,"author":{"gitId":"-"},"content":"---"},{"lineNumber":2,"author":{"gitId":"-"},"content":"layout: page"},{"lineNumber":3,"author":{"gitId":"-"},"content":"title: About Us"},{"lineNumber":4,"author":{"gitId":"-"},"content":"---"},{"lineNumber":5,"author":{"gitId":"-"},"content":""},{"lineNumber":6,"author":{"gitId":"-"},"content":"We are a team based in the [School of Computing, National University of Singapore](http://www.comp.nus.edu.sg)."},{"lineNumber":7,"author":{"gitId":"-"},"content":""},{"lineNumber":8,"author":{"gitId":"-"},"content":"You can reach us at the email `seer[at]comp.nus.edu.sg`"},{"lineNumber":9,"author":{"gitId":"-"},"content":""},{"lineNumber":10,"author":{"gitId":"-"},"content":"## Project team"},{"lineNumber":11,"author":{"gitId":"-"},"content":""},{"lineNumber":12,"author":{"gitId":"yhtMinceraft1010X"},"content":"### Tay Yi Hsuen"},{"lineNumber":13,"author":{"gitId":"-"},"content":""},{"lineNumber":14,"author":{"gitId":"yhtMinceraft1010X"},"content":"\u003cimg src\u003d\"images/yhtminceraft1010x.png\" width\u003d\"200px\"\u003e"},{"lineNumber":15,"author":{"gitId":"-"},"content":""},{"lineNumber":16,"author":{"gitId":"yhtMinceraft1010X"},"content":"[[github](https://github.com/yhtMinceraft1010X)]"},{"lineNumber":17,"author":{"gitId":"-"},"content":"[[portfolio](team/johndoe.md)]"},{"lineNumber":18,"author":{"gitId":"-"},"content":""},{"lineNumber":19,"author":{"gitId":"-"},"content":"* Role: Developer"},{"lineNumber":20,"author":{"gitId":"yhtMinceraft1010X"},"content":"* Responsibility: Developer for ModuleBook 3.5"},{"lineNumber":21,"author":{"gitId":"-"},"content":""},{"lineNumber":22,"author":{"gitId":"QY-H00"},"content":"### Umer Siddiqui"},{"lineNumber":23,"author":{"gitId":"-"},"content":""},{"lineNumber":24,"author":{"gitId":"QY-H00"},"content":"\u003cimg src\u003d\"images/umergta.png\" width\u003d\"200px\"\u003e"},{"lineNumber":25,"author":{"gitId":"-"},"content":""},{"lineNumber":26,"author":{"gitId":"QY-H00"},"content":"[[github](https://github.com/umergta)]"},{"lineNumber":27,"author":{"gitId":"-"},"content":""},{"lineNumber":28,"author":{"gitId":"figo2127"},"content":"### Lee Ze Xin"},{"lineNumber":29,"author":{"gitId":"-"},"content":""},{"lineNumber":30,"author":{"gitId":"figo2127"},"content":"\u003cimg src\u003d\"images/figo2127.png\" width\u003d\"200px\"\u003e"},{"lineNumber":31,"author":{"gitId":"-"},"content":""},{"lineNumber":32,"author":{"gitId":"figo2127"},"content":"[[github](http://github.com/figo2127)]"},{"lineNumber":33,"author":{"gitId":"-"},"content":"[[portfolio](team/johndoe.md)]"},{"lineNumber":34,"author":{"gitId":"-"},"content":""},{"lineNumber":35,"author":{"gitId":"-"},"content":"* Role: Developer"},{"lineNumber":36,"author":{"gitId":"figo2127"},"content":"* Responsibilities: Backend"},{"lineNumber":37,"author":{"gitId":"-"},"content":""},{"lineNumber":38,"author":{"gitId":"QY-H00"},"content":"### Wang Yuanzhe"},{"lineNumber":39,"author":{"gitId":"-"},"content":""},{"lineNumber":40,"author":{"gitId":"QY-H00"},"content":"\u003cimg src\u003d\"images/aiwassprime.png\" width\u003d\"200px\"\u003e"},{"lineNumber":41,"author":{"gitId":"-"},"content":""},{"lineNumber":42,"author":{"gitId":"QY-H00"},"content":"[[github](https://github.com/AiwassPrime)]"},{"lineNumber":43,"author":{"gitId":"-"},"content":"[[portfolio](team/johndoe.md)]"},{"lineNumber":44,"author":{"gitId":"-"},"content":""},{"lineNumber":45,"author":{"gitId":"-"},"content":"* Role: Developer"},{"lineNumber":46,"author":{"gitId":"QY-H00"},"content":"* Responsibilities: Develop AddressBook3.5"},{"lineNumber":47,"author":{"gitId":"-"},"content":""},{"lineNumber":48,"author":{"gitId":"QY-H00"},"content":"### He Qiyuan"},{"lineNumber":49,"author":{"gitId":"-"},"content":""},{"lineNumber":50,"author":{"gitId":"QY-H00"},"content":"\u003cimg src\u003d\"images/qy-h00.png\" width\u003d\"200px\"\u003e"},{"lineNumber":51,"author":{"gitId":"-"},"content":""},{"lineNumber":52,"author":{"gitId":"QY-H00"},"content":"[[homepage](https://qy-h00.github.io/)]"},{"lineNumber":53,"author":{"gitId":"QY-H00"},"content":"[[github](https://github.com/qy-h00)]"},{"lineNumber":54,"author":{"gitId":"QY-H00"},"content":"[[portfolio](team/qy-h00.md)]"},{"lineNumber":55,"author":{"gitId":"-"},"content":""},{"lineNumber":56,"author":{"gitId":"-"},"content":"* Role: Developer"},{"lineNumber":57,"author":{"gitId":"QY-H00"},"content":"* Responsibility: Developer for ModuleBook 3.5"},{"lineNumber":58,"author":{"gitId":"-"},"content":""},{"lineNumber":59,"author":{"gitId":"-"},"content":""},{"lineNumber":60,"author":{"gitId":"-"},"content":""},{"lineNumber":61,"author":{"gitId":"umergta"},"content":""}],"authorContributionMap":{"QY-H00":13,"figo2127":4,"umergta":1,"yhtMinceraft1010X":4,"-":39}}]
