{"authorDailyContributionsMap":{"QY-H00":[{"date":"2021-02-28","commitResults":[{"hash":"cea2eaf07a7ec0f41fb3492ea6c3c1a332ebea41","messageTitle":"Add information of He Qiyuan in  AboutUs.md","messageBody":"","fileTypesAndContributionMap":{"docs":{"insertions":11,"deletions":10}}}]},{"date":"2021-03-01","commitResults":[{"hash":"8a83172ef0b18eafcff118abf9e9b181b4f6f2eb","messageTitle":"Update NFR and glossary part in DG","messageBody":"","fileTypesAndContributionMap":{"docs":{"insertions":1,"deletions":0}}},{"hash":"a723ed58801ec83b40149bced525ffb9a774472e","messageTitle":"Update Introduction and Features part in UserGuide","messageBody":"","fileTypesAndContributionMap":{"docs":{"insertions":28,"deletions":29}}}]},{"date":"2021-03-05","commitResults":[{"hash":"e43e15f3b26e7a0741283caf39c6e50a71171796","messageTitle":"update NFRs and delete {more to be added}","messageBody":"","fileTypesAndContributionMap":{"docs":{"insertions":1,"deletions":3}}}]},{"date":"2021-03-07","commitResults":[{"hash":"2eb967f6e548b06b36ac36ae3ccaa77e1f1136bc","messageTitle":"Map attributes including Task, Deadline, Module","messageBody":"","fileTypesAndContributionMap":{"functional-code":{"insertions":517,"deletions":523},"other":{"insertions":188,"deletions":190},"docs":{"insertions":126,"deletions":126},"test-code":{"insertions":1186,"deletions":1194}}},{"hash":"a5cfb66e1bc24dd3c1e4c5eb6071e8e2b9bf1789","messageTitle":"Modify the format of Module","messageBody":"","fileTypesAndContributionMap":{"functional-code":{"insertions":10,"deletions":15}}},{"hash":"dad5489e7fe0db1fd8b8ed6c50140b04c9f79b9c","messageTitle":"Modify the format of Deadline","messageBody":"","fileTypesAndContributionMap":{"functional-code":{"insertions":16,"deletions":7}}},{"hash":"113fba34ee8a38433e6454adb5f9c7966e00b884","messageTitle":"Modify AddressBook to ModuleBook","messageBody":"","fileTypesAndContributionMap":{"functional-code":{"insertions":45,"deletions":45},"other":{"insertions":73,"deletions":73},"test-code":{"insertions":110,"deletions":110}}},{"hash":"19529875a1498ab5e9858f2213adfa9ec155bb28","messageTitle":"Update AddressBook to ModuleBook","messageBody":"","fileTypesAndContributionMap":{"functional-code":{"insertions":82,"deletions":82},"other":{"insertions":1,"deletions":1},"docs":{"insertions":132,"deletions":132},"test-code":{"insertions":97,"deletions":97}}},{"hash":"6578d9934626c69f58456b20e566e57d632751a9","messageTitle":"Update Task Sample","messageBody":"","fileTypesAndContributionMap":{"functional-code":{"insertions":70,"deletions":83},"other":{"insertions":7,"deletions":7},"docs":{"insertions":10,"deletions":10},"test-code":{"insertions":47,"deletions":77}}},{"hash":"a804a08ed366a4c0b24e08154f43995123338a8c","messageTitle":"Update Class Address to Description","messageBody":"","fileTypesAndContributionMap":{"functional-code":{"insertions":57,"deletions":57},"other":{"insertions":881,"deletions":881},"docs":{"insertions":55,"deletions":55},"test-code":{"insertions":47,"deletions":47}}},{"hash":"3d50e46172c471fa35516911b4ee6370265aa208","messageTitle":"Improve Code Quality","messageBody":"","fileTypesAndContributionMap":{"functional-code":{"insertions":42,"deletions":28},"test-code":{"insertions":57,"deletions":44}}},{"hash":"f7dea664d00daceee1c769f9c871d11907440517","messageTitle":"Undo some unintended modification in the file","messageBody":"","fileTypesAndContributionMap":{"docs":{"insertions":2,"deletions":4}}}]},{"date":"2021-03-08","commitResults":[{"hash":"f6ed6267c4ccd5d98b8b3883349b22201722899a","messageTitle":"Modify test file adapted to MB3.5","messageBody":"","fileTypesAndContributionMap":{"functional-code":{"insertions":1,"deletions":1},"test-code":{"insertions":266,"deletions":247}}}]}],"umergta":[{"date":"2021-02-28","commitResults":[{"hash":"e7e8a7b2598f5e3ed76ebd94ee80a713be18436c","messageTitle":"add about us image","messageBody":"","fileTypesAndContributionMap":{"docs":{"insertions":1,"deletions":0}}},{"hash":"bdba82d7a40557735dd312020853f522a9acf46d","messageTitle":"add details in aboutUs page","messageBody":"","fileTypesAndContributionMap":{"docs":{"insertions":4,"deletions":44}}}]},{"date":"2021-03-01","commitResults":[{"hash":"55fe10d43565546805ef408d227a32eb2c417086","messageTitle":"update DG: target profile, proposition, user stories","messageBody":"","fileTypesAndContributionMap":{"docs":{"insertions":16,"deletions":14}}}]},{"date":"2021-03-03","commitResults":[{"hash":"82453795d3fc37befc4eab3ea18d0081c687c6c2","messageTitle":"edit description for list and add command UG","messageBody":"","fileTypesAndContributionMap":{"docs":{"insertions":10,"deletions":15}}},{"hash":"263762738908db30c9ef3926affce78656decff7","messageTitle":"clean up user guide","messageBody":"","fileTypesAndContributionMap":{"docs":{"insertions":58,"deletions":83}}}]},{"date":"2021-03-04","commitResults":[{"hash":"3690e73027d2ba75396948a987c6e48acb681513","messageTitle":"fix typo in command summary section","messageBody":"","fileTypesAndContributionMap":{"docs":{"insertions":1,"deletions":1}}}]}],"figo2127":[{"date":"2021-02-20","commitResults":[{"hash":"8b97d1cb7ce1640f9fed01b4e86602e50e15c6ab","messageTitle":"Add the remark command.","messageBody":"","fileTypesAndContributionMap":{"functional-code":{"insertions":213,"deletions":12},"test-code":{"insertions":263,"deletions":17}}},{"hash":"f44408e8d8e6e207e61d033b9932fcf6594c11fc","messageTitle":"Remove Address.","messageBody":"","fileTypesAndContributionMap":{"functional-code":{"insertions":18,"deletions":141},"test-code":{"insertions":59,"deletions":212}}}]},{"date":"2021-02-28","commitResults":[{"hash":"10a1f8159b822c3443a4c1d5dce601698d66669d","messageTitle":"add commands","messageBody":"","fileTypesAndContributionMap":{"functional-code":{"insertions":1151,"deletions":1151},"test-code":{"insertions":2081,"deletions":2081}}},{"hash":"826c885912959af8ad54354005ff97bea1cb5813","messageTitle":"Change the imports order.","messageBody":"","fileTypesAndContributionMap":{"functional-code":{"insertions":1,"deletions":0}}},{"hash":"16e2e1dbffd9080a2bc472c89161e8ed0243327b","messageTitle":"Solve checkstyle errors","messageBody":"","fileTypesAndContributionMap":{"functional-code":{"insertions":3910,"deletions":3907},"other":{"insertions":728,"deletions":728},"docs":{"insertions":2440,"deletions":2440},"test-code":{"insertions":2868,"deletions":2869}}},{"hash":"6c336ff9a9b4bf5aa86af94f0bfeb2080e0ab8ad","messageTitle":"changes in addCommand and txt file from QY","messageBody":"","fileTypesAndContributionMap":{"functional-code":{"insertions":65,"deletions":65}}},{"hash":"cfc11ceb16d83aa8dbe84df5059e4ba07eeb9df0","messageTitle":"space","messageBody":"","fileTypesAndContributionMap":{"test-code":{"insertions":0,"deletions":1}}},{"hash":"d2aa7b8d7a296894a14e5ba1a1c8cead4a1dac20","messageTitle":"recopy the run-checks.sh file","messageBody":"","fileTypesAndContributionMap":{"other":{"insertions":1,"deletions":1}}},{"hash":"9e742ea66788fc0738bb8058fd2fec265d0b6b95","messageTitle":"replace config folder","messageBody":"","fileTypesAndContributionMap":{"other":{"insertions":487,"deletions":487}}},{"hash":"133a16df7d00e23b9beaadbe97c2ec9ef698d454","messageTitle":"Reformat the files format of current copy","messageBody":"","fileTypesAndContributionMap":{"functional-code":{"insertions":4976,"deletions":4888},"other":{"insertions":241,"deletions":241},"docs":{"insertions":2381,"deletions":2443},"test-code":{"insertions":4842,"deletions":4728}}}]},{"date":"2021-03-01","commitResults":[{"hash":"c3c98aa01e8913e0a756a9617fa59c0386ef5184","messageTitle":"Reformat files in order to pass checks","messageBody":"","fileTypesAndContributionMap":{"functional-code":{"insertions":0,"deletions":170},"test-code":{"insertions":0,"deletions":205}}},{"hash":"be76874caa4d0926d7c8af2e5e41b69a6421174b","messageTitle":"Update figo2127 info.","messageBody":"","fileTypesAndContributionMap":{"docs":{"insertions":5,"deletions":5}}},{"hash":"bee8b1210607abfcdbfcc16eea89fcc9569a0d5d","messageTitle":"Created user guide for the \u0027tag\u0027 and \u0027find\u0027 functions","messageBody":"","fileTypesAndContributionMap":{"docs":{"insertions":27,"deletions":0}}}]},{"date":"2021-03-05","commitResults":[{"hash":"415e39aec8f97b8c95aa00700b1b541d1b5bdca3","messageTitle":"Update NFRs","messageBody":"","fileTypesAndContributionMap":{"docs":{"insertions":2,"deletions":0}}},{"hash":"6d24425f1b26e6bff72b3e4b66172d20c439edee","messageTitle":"Revert \"Update NFRs\"","messageBody":"This reverts commit 415e39aec8f97b8c95aa00700b1b541d1b5bdca3.\n","fileTypesAndContributionMap":{"docs":{"insertions":0,"deletions":2}}},{"hash":"c78a3ac8b3118590c94bd50a069525fc8e43f0e2","messageTitle":"Update NFRs with 4 and 5","messageBody":"","fileTypesAndContributionMap":{"docs":{"insertions":3,"deletions":0}}},{"hash":"9d0c569c28d7de36c43149dc2c3b44196f3daea7","messageTitle":"Remove line \"more to be added\"","messageBody":"","fileTypesAndContributionMap":{"docs":{"insertions":0,"deletions":3}}}]}],"yhtMinceraft1010X":[{"date":"2021-02-28","commitResults":[{"hash":"fbdf3d2c324b87e9d4928e9557b2f68acfe71e57","messageTitle":"Update AboutUs","messageBody":"Let\u0027s update AboutUs to reflect our actual names.\n","fileTypesAndContributionMap":{"docs":{"insertions":4,"deletions":43}}},{"hash":"efbb95bb5e2d5e43bca16fbd0eedcaec8eaa3ed3","messageTitle":"Update README.md","messageBody":"Let\u0027s update README.md such that it describes our project rather than AB3.\n","fileTypesAndContributionMap":{"docs":{"insertions":8,"deletions":11}}}]},{"date":"2021-03-01","commitResults":[{"hash":"3aef3a797de354414e4231b2edb4cd0c593992c8","messageTitle":"Edit description for edit command","messageBody":"Let\u0027s change the user guide description for edit command such that it refers to tasks rather than contacts.\n","fileTypesAndContributionMap":{"docs":{"insertions":7,"deletions":10}}},{"hash":"21c7c709efffc216babcf0c703b3a99ee63134ab","messageTitle":"Add use cases to DG","messageBody":"Let\u0027s add some use cases covering functionalities of ModuleBook 3.5.\n","fileTypesAndContributionMap":{"docs":{"insertions":96,"deletions":8}}}]},{"date":"2021-03-05","commitResults":[{"hash":"ee3aab6c5cf4e73a7510d7b5a9ccef7bf621798a","messageTitle":"Fix typo referring to ModuleBook as AddressBook under use cases","messageBody":"","fileTypesAndContributionMap":{"docs":{"insertions":1,"deletions":1}}}]}],"AiwassPrime":[{"date":"2021-02-28","commitResults":[{"hash":"b72081e385f011268b589b785b6845ee3821b4fa","messageTitle":"Adds AboutUs","messageBody":"","fileTypesAndContributionMap":{"docs":{"insertions":5,"deletions":5}}}]},{"date":"2021-03-01","commitResults":[{"hash":"541c64ae164bbc14d67ab60c00f51643bcff886c","messageTitle":"Updates user guide (delete, done, notdone)","messageBody":"","fileTypesAndContributionMap":{"docs":{"insertions":42,"deletions":14}}},{"hash":"c5bb3f94af1cba037c2b6d8ce0bf0218a18a1166","messageTitle":"Updates developer guide (First four use cases)","messageBody":"","fileTypesAndContributionMap":{"docs":{"insertions":84,"deletions":7}}}]}]},"authorFileTypeContributionMap":{"QY-H00":{"docs":305,"functional-code":1191,"test-code":1819,"other":2},"umergta":{"docs":73,"functional-code":0,"test-code":0},"figo2127":{"docs":24,"functional-code":0,"test-code":0},"yhtMinceraft1010X":{"docs":104,"functional-code":0,"test-code":0},"AiwassPrime":{"docs":64,"functional-code":0,"test-code":0}},"authorContributionVariance":{"QY-H00":3133425.2,"umergta":1526.2004,"figo2127":1.42595968E8,"yhtMinceraft1010X":945.3611,"AiwassPrime":1129.9786},"authorDisplayNameMap":{"QY-H00":"CS2103T-T13-2 HE Q..YUAN","umergta":"CS2103T-T13-2 SIDD..ASAN","figo2127":"CS2103T-T13-2 LEE .. XIN","yhtMinceraft1010X":"CS2103T-T13-2 TAY ..SUEN","AiwassPrime":"CS2103T-T13-2 WANG..NZHE"}}
