{"authorDailyContributionsMap":{"cnlinh":[{"date":"2021-02-25","commitResults":[{"hash":"b537c030599a50abacbf75c374fa659c99fc6639","messageTitle":"Edit user guide intro","messageBody":"","fileTypesAndContributionMap":{"docs":{"insertions":40,"deletions":23}}},{"hash":"99a6e1b28f5241ef970da4ce63247564c90eface","messageTitle":"Update AboutUs.md","messageBody":"","fileTypesAndContributionMap":{"docs":{"insertions":3,"deletions":3}}},{"hash":"1812bd3a0e9e96995ef86494feda3ca693fdd9ea","messageTitle":"Update image path","messageBody":"","fileTypesAndContributionMap":{"docs":{"insertions":1,"deletions":1}}},{"hash":"741e7e4e74dcc374fabd4736706e67121ad48139","messageTitle":"Update image name","messageBody":"","fileTypesAndContributionMap":{"docs":{"insertions":1,"deletions":1}}},{"hash":"6f4a4571e0466248b95699db704fc9a1b8dbd272","messageTitle":"Update image name","messageBody":"","fileTypesAndContributionMap":{"docs":{"insertions":1,"deletions":1}}}]},{"date":"2021-03-09","commitResults":[{"hash":"75e50d98be0f32ae7c3823d7090e94bc7f118495","messageTitle":"Update user guide url","messageBody":"","fileTypesAndContributionMap":{"functional-code":{"insertions":1,"deletions":1}}}]},{"date":"2021-03-13","commitResults":[{"hash":"20ed78304c03e70a451aac53925eef504ee36ec4","messageTitle":"Add alias command","messageBody":"","fileTypesAndContributionMap":{"functional-code":{"insertions":326,"deletions":13}}},{"hash":"215d8fcf7a47e4346e2e3660a06d4f0d285efa56","messageTitle":"Add new line at EOF","messageBody":"","fileTypesAndContributionMap":{"functional-code":{"insertions":3,"deletions":4}}}]},{"date":"2021-03-16","commitResults":[{"hash":"c62868ea54379ecae776f9e6032607ae58e8c812","messageTitle":"Fix styling","messageBody":"","fileTypesAndContributionMap":{"functional-code":{"insertions":153,"deletions":43},"test-code":{"insertions":58,"deletions":16}}},{"hash":"fe25fc59d53c604fe91f4115866531514c9c22cb","messageTitle":"Fix styling","messageBody":"","fileTypesAndContributionMap":{"functional-code":{"insertions":6,"deletions":4},"other":{"insertions":4,"deletions":1}}},{"hash":"b893ce42190179ebd73505aee4bf181fdde2e3e0","messageTitle":"Fix preference loading issue","messageBody":"","fileTypesAndContributionMap":{"functional-code":{"insertions":7,"deletions":0}}},{"hash":"420121923c26eb5aab8d0efbd3d4cac425389dcb","messageTitle":"Add javadoc","messageBody":"","fileTypesAndContributionMap":{"functional-code":{"insertions":41,"deletions":24}}},{"hash":"1ce527ae44daf5fe3ca8b740d8cf6249c7157733","messageTitle":"Add javadoc","messageBody":"","fileTypesAndContributionMap":{"functional-code":{"insertions":1,"deletions":11}}},{"hash":"22cece67533d8ff3e1aaa3653c204edb048d2cdc","messageTitle":"Update user guide","messageBody":"","fileTypesAndContributionMap":{"docs":{"insertions":11,"deletions":0}}},{"hash":"bf7c5830cb2a2d65a76b99a27ed312a2b22b19d5","messageTitle":"Update javadoc","messageBody":"","fileTypesAndContributionMap":{"functional-code":{"insertions":3,"deletions":6}}},{"hash":"84a75a24a22bb5e8136d63235924b46864724598","messageTitle":"Update javadoc","messageBody":"","fileTypesAndContributionMap":{"functional-code":{"insertions":0,"deletions":2}}},{"hash":"83c16733adbf7ecd76b3552af363acbf0c51cb6d","messageTitle":"Update developer guide","messageBody":"","fileTypesAndContributionMap":{"docs":{"insertions":21,"deletions":0}}},{"hash":"306e9157b910b1f02aff93d785977077466240d5","messageTitle":"Update developer guide","messageBody":"","fileTypesAndContributionMap":{"docs":{"insertions":1,"deletions":1}}},{"hash":"fda1c653bcffcf7dbccc788ce33f3c868369f0c6","messageTitle":"Fix duplicate prefixes error","messageBody":"","fileTypesAndContributionMap":{"functional-code":{"insertions":3,"deletions":3},"docs":{"insertions":4,"deletions":4}}}]},{"date":"2021-03-23","commitResults":[{"hash":"12eb1c9ee8e42ddbec9bd4966f5a3ca134bb99b9","messageTitle":"feat(alias): Fix duplicate prefixes bug","messageBody":"","fileTypesAndContributionMap":{"functional-code":{"insertions":2,"deletions":1}}},{"hash":"7549a7d6ab47a2bde67b833d707e23e4dfb7bd5b","messageTitle":"feat(alias): Refractor for better readability","messageBody":"","fileTypesAndContributionMap":{"functional-code":{"insertions":5,"deletions":5}}},{"hash":"fb745964387e87587418b5f82c8f7e6147c38b3d","messageTitle":"feat(alias): Move parser to separate package","messageBody":"","fileTypesAndContributionMap":{"functional-code":{"insertions":1,"deletions":0},"other":{"insertions":5,"deletions":1}}}]},{"date":"2021-03-24","commitResults":[{"hash":"80fa0bc64f9c361bbd52bb14d589f426b236a528","messageTitle":"docs(alias): Update DG with diagram","messageBody":"","fileTypesAndContributionMap":{"docs":{"insertions":149,"deletions":0}}},{"hash":"dbfa88f26017eaebbabd1c99e6bbb97d909499a8","messageTitle":"docs(alias): Add EOF","messageBody":"","fileTypesAndContributionMap":{"docs":{"insertions":1,"deletions":1}}},{"hash":"624387cdfea584f5ca7fc753e1f41b25234a7636","messageTitle":"docs(alias): Refractor for clarity","messageBody":"","fileTypesAndContributionMap":{"docs":{"insertions":5,"deletions":35}}},{"hash":"a47581ba248a5b7aca0982cae4f6c9069f40a4f7","messageTitle":"docs(alias): Refractor for clarity","messageBody":"","fileTypesAndContributionMap":{"docs":{"insertions":0,"deletions":1}}}]},{"date":"2021-03-26","commitResults":[{"hash":"b58c50163968d97e52ff9bc7be23322e0189b8a6","messageTitle":"feat(unalias): add unalias command","messageBody":"","fileTypesAndContributionMap":{"functional-code":{"insertions":135,"deletions":3},"test-code":{"insertions":5,"deletions":0}}},{"hash":"d5242556d107167b0d4e03c474e3f3e333828506","messageTitle":"feat(aliases): add list alias command","messageBody":"","fileTypesAndContributionMap":{"functional-code":{"insertions":75,"deletions":2}}},{"hash":"5f2dc912ae56fb28d89e739bac726489c83e29c3","messageTitle":"feat(tagissue): add tag issue support","messageBody":"","fileTypesAndContributionMap":{"functional-code":{"insertions":119,"deletions":14}}},{"hash":"a4ac0a511a936ea9785101b40a990d284402a8bb","messageTitle":"feat(alias): refractor for readability","messageBody":"","fileTypesAndContributionMap":{"functional-code":{"insertions":3,"deletions":1}}}]},{"date":"2021-03-29","commitResults":[{"hash":"e2ab56bacf2d798bc6f6f27fc6bf15f92ad1b183","messageTitle":"feat(unalias): fix javadoc comments","messageBody":"","fileTypesAndContributionMap":{"functional-code":{"insertions":44,"deletions":6}}},{"hash":"eb73cd2d936142e08194461527f340eb64a09ebb","messageTitle":"feat(unalias): fix javadoc comments","messageBody":"","fileTypesAndContributionMap":{"functional-code":{"insertions":66,"deletions":7}}},{"hash":"9ea7d3177ac49544908292522248e65c767d09ed","messageTitle":"feat(aliases): fix javadoc comments","messageBody":"","fileTypesAndContributionMap":{"functional-code":{"insertions":13,"deletions":0}}},{"hash":"351e4009ab3beb992f21d02cf8d8aa87520982fd","messageTitle":"feat(unalias): fix javadoc comments","messageBody":"","fileTypesAndContributionMap":{"functional-code":{"insertions":2,"deletions":0}}}]},{"date":"2021-03-30","commitResults":[{"hash":"1d6a238d059c1b1094f2f37a35b65a730d0ec2b1","messageTitle":"feat(tagissue): update UG","messageBody":"","fileTypesAndContributionMap":{"docs":{"insertions":8,"deletions":8}}},{"hash":"f30cd36e76e485d5b6233792e83bda67ec8186c5","messageTitle":"feat(tagissue): add test case","messageBody":"","fileTypesAndContributionMap":{"test-code":{"insertions":1,"deletions":0}}},{"hash":"0179bd304356b1e61ca3ae6bed86462bffb3b69d","messageTitle":"test(alias): add alias test cases","messageBody":"","fileTypesAndContributionMap":{"functional-code":{"insertions":2,"deletions":0},"test-code":{"insertions":234,"deletions":0}}},{"hash":"0f8379697f96a05864822f97cee109dc05735891","messageTitle":"Feat(unalias): Update javadocs","messageBody":"","fileTypesAndContributionMap":{"functional-code":{"insertions":23,"deletions":15}}},{"hash":"2420748961081ad3a9a5ec67a4e5aa7a1e5ed2ee","messageTitle":"Feat(unalias): Update javadocs","messageBody":"","fileTypesAndContributionMap":{"functional-code":{"insertions":24,"deletions":22}}},{"hash":"bf25da051b0d0fbe718488569c3437665eef1c21","messageTitle":"Feat(aliases): Update javadocs","messageBody":"","fileTypesAndContributionMap":{"functional-code":{"insertions":1,"deletions":1}}},{"hash":"081c386e5099dfe625f237739c6682e0dbc217aa","messageTitle":"Feat(unalias): Update javadocs","messageBody":"","fileTypesAndContributionMap":{"functional-code":{"insertions":13,"deletions":11}}},{"hash":"2008362c588295436093c7ccc46873f91588e820","messageTitle":"Feat(unalias): Update javadocs","messageBody":"","fileTypesAndContributionMap":{"functional-code":{"insertions":4,"deletions":4}}},{"hash":"49cfd10440aa8f31c901257ac775fc6b2acc695b","messageTitle":"Feat(aliases): Update javadocs","messageBody":"","fileTypesAndContributionMap":{"functional-code":{"insertions":2,"deletions":2}}},{"hash":"2db4cf768e0bcc53545d54bbe7bd9bd71bd5d7d8","messageTitle":"Feat(unalias): Update javadocs","messageBody":"","fileTypesAndContributionMap":{"functional-code":{"insertions":3,"deletions":2}}},{"hash":"1719833210db0a5943e4b9a19af733a15c9e9693","messageTitle":"Feat(unalias): Fix typo","messageBody":"","fileTypesAndContributionMap":{"functional-code":{"insertions":2,"deletions":2}}},{"hash":"4fb0c21b5d5ef2d911f2ca58f98502e6853176be","messageTitle":"Feat(aliases): Fix typo","messageBody":"","fileTypesAndContributionMap":{"functional-code":{"insertions":3,"deletions":3}}},{"hash":"f243d83596f12622c152f05573955c20cc8d9894","messageTitle":"Feat(aliases): Fix typo","messageBody":"","fileTypesAndContributionMap":{"functional-code":{"insertions":1,"deletions":1}}},{"hash":"f347cf740d74278a0797175e4f7de73b4afb2ed0","messageTitle":"Feat(unalias): Fix typo","messageBody":"","fileTypesAndContributionMap":{"functional-code":{"insertions":4,"deletions":5}}},{"hash":"e7ad8ca9c5c57334dfd1a0e7e523f917864ed68b","messageTitle":"Feat(unalias): Fix typo","messageBody":"","fileTypesAndContributionMap":{"functional-code":{"insertions":1,"deletions":1}}},{"hash":"52d6fc6165e3736a26416da5efb92dace703d129","messageTitle":"Feat(aliases): Fix typo","messageBody":"","fileTypesAndContributionMap":{"functional-code":{"insertions":1,"deletions":1}}}]},{"date":"2021-03-31","commitResults":[{"hash":"451126ee4ea0f3ea4f1df2019910dea5c85e01ed","messageTitle":"Test(alias): Add more test cases","messageBody":"","fileTypesAndContributionMap":{"test-code":{"insertions":74,"deletions":0}}},{"hash":"f908e80ab89985d5d8bfd1f9cfe6e0df0de9ac0b","messageTitle":"Test(alias): Add more test cases","messageBody":"","fileTypesAndContributionMap":{"functional-code":{"insertions":23,"deletions":5},"test-code":{"insertions":73,"deletions":25}}},{"hash":"3ec32a2d642a8345756d538c5ce3025acbe9c387","messageTitle":"Docs(alias): Update UG and DG","messageBody":"","fileTypesAndContributionMap":{"docs":{"insertions":37,"deletions":2}}},{"hash":"9ba0693a5e9b6c41c5dc6bb9dfb95b09f9f4f53e","messageTitle":"Docs(alias): Refractor for clarity","messageBody":"","fileTypesAndContributionMap":{"docs":{"insertions":12,"deletions":12}}},{"hash":"4ebedf411db6a3b785237045d8ec8d82df29bee1","messageTitle":"Docs(alias): Refractor for clarity","messageBody":"","fileTypesAndContributionMap":{"docs":{"insertions":2,"deletions":2}}},{"hash":"ab9f2bbfc9688f2481e38a58ee3186e943a26926","messageTitle":"Test(alias): Add more test cases","messageBody":"","fileTypesAndContributionMap":{"functional-code":{"insertions":4,"deletions":0},"test-code":{"insertions":149,"deletions":14}}},{"hash":"18e41fbf1a17814b25aee27c5c9faa11bde07fdb","messageTitle":"Test(alias): Add more test cases","messageBody":"","fileTypesAndContributionMap":{"test-code":{"insertions":52,"deletions":0}}},{"hash":"d9f7a515dc18e629a43ac9acd2951d3697f32f7d","messageTitle":"Docs(alias): Add format constraint","messageBody":"","fileTypesAndContributionMap":{"docs":{"insertions":2,"deletions":0}}},{"hash":"aedf39c3163a08119a3e7f6a005805ce91390b24","messageTitle":"Docs(alias): Resolve merge conflict","messageBody":"","fileTypesAndContributionMap":{"docs":{"insertions":1,"deletions":11}}}]},{"date":"2021-04-06","commitResults":[{"hash":"a17670d5c4678d3fbc50a8376681b4e0a666657e","messageTitle":"Feat(alias): Migrate alias to AddressBook","messageBody":"","fileTypesAndContributionMap":{"functional-code":{"insertions":259,"deletions":165},"test-code":{"insertions":56,"deletions":33}}},{"hash":"ddae34ec371b042e8360db459576ed628238c426","messageTitle":"Feat(alias): Update javadocs","messageBody":"","fileTypesAndContributionMap":{"functional-code":{"insertions":1,"deletions":1}}},{"hash":"57cbbef413710f0958bfa5facf51b40d4fc7ddae","messageTitle":"Feat(alias): Remove delete from read-only address book","messageBody":"","fileTypesAndContributionMap":{"functional-code":{"insertions":0,"deletions":7},"test-code":{"insertions":0,"deletions":5}}},{"hash":"e602b2f3efa8c55cd3de90f0518c6550efd8b7ab","messageTitle":"Feat(alias): Update alias mapping","messageBody":"","fileTypesAndContributionMap":{"functional-code":{"insertions":1,"deletions":15}}}]}],"benedictkhoomw":[{"date":"2021-02-25","commitResults":[{"hash":"9747c9f4c2e0e92b351d8045f317ff23c4e6d350","messageTitle":"Update AboutUs page for Benedict","messageBody":"","fileTypesAndContributionMap":{"docs":{"insertions":3,"deletions":3}}},{"hash":"7ce1d737319c2c120f83f1166fe15d122e192a2f","messageTitle":"Update README and project website to SunRez","messageBody":"","fileTypesAndContributionMap":{"docs":{"insertions":44,"deletions":18}}},{"hash":"1ac1b075eac1f2108f3fe8cfa9577fa07a7c2b83","messageTitle":"Update data storage section of UG","messageBody":"","fileTypesAndContributionMap":{"docs":{"insertions":6,"deletions":10}}}]},{"date":"2021-02-26","commitResults":[{"hash":"22712830572a371a1769548d8e607e6698238254","messageTitle":"Fix and standardize UG","messageBody":"","fileTypesAndContributionMap":{"docs":{"insertions":42,"deletions":108}}},{"hash":"25cc19c935556f71ae5f2c558e29dd5b4fa42fb6","messageTitle":"Add favicon acknowledgement","messageBody":"","fileTypesAndContributionMap":{"docs":{"insertions":2,"deletions":0}}}]},{"date":"2021-03-09","commitResults":[{"hash":"119588dc0cd3a8216150b4be96cc8757acc15309","messageTitle":"Command History: Update DG","messageBody":"","fileTypesAndContributionMap":{"docs":{"insertions":19,"deletions":0}}},{"hash":"5d768c46c6183696e8a2b7b7f1fbdd6f8e04e81d","messageTitle":"Command History: Update UG","messageBody":"","fileTypesAndContributionMap":{"docs":{"insertions":9,"deletions":0}}},{"hash":"2ba3e78c782c155e69481ce19a6b2d9c58619851","messageTitle":"Command History: Add view history command","messageBody":"","fileTypesAndContributionMap":{"functional-code":{"insertions":280,"deletions":0},"docs":{"insertions":1,"deletions":0}}},{"hash":"61ae6849ec81c4f7f1c1c6f8d261e63bd0d2dc31","messageTitle":"Command History: Update UG command entry","messageBody":"","fileTypesAndContributionMap":{"docs":{"insertions":3,"deletions":2}}},{"hash":"aafc269612cf2f0f3cab4dbc6c3aa3bd66c0c6dc","messageTitle":"Command History: Fix failing tests and checkstyle","messageBody":"","fileTypesAndContributionMap":{"functional-code":{"insertions":0,"deletions":1},"test-code":{"insertions":11,"deletions":0}}}]},{"date":"2021-03-10","commitResults":[{"hash":"ae130f410e9ea034edc1a4c3786701085782fa3f","messageTitle":"Command History: Touch up code","messageBody":"Fix ViewCommandHistory equality\nAdd invalid count check to ViewHistoryCommandParser\nAdd ModelManager constructor that takes in CommandHistory\nAdd command history to ModelManager\u0027s notion of equality\nAdd CommandHistory copy constructor\nAdd CommandHistory equality: same entries in same order\n","fileTypesAndContributionMap":{"functional-code":{"insertions":77,"deletions":19}}},{"hash":"5a1747b63aec966e3501abe31bdd0cc647b7db96","messageTitle":"Command History: Add tests","messageBody":"","fileTypesAndContributionMap":{"test-code":{"insertions":454,"deletions":0}}}]},{"date":"2021-03-15","commitResults":[{"hash":"d92a825c68c9c122cea59f853efa01aee85d8331","messageTitle":"Command History: Add command history selection","messageBody":"Add MathUtil class with clamp method\n","fileTypesAndContributionMap":{"functional-code":{"insertions":111,"deletions":3}}}]},{"date":"2021-03-16","commitResults":[{"hash":"0302eb41bd72a2927ce7c2aed73653c1ff1db3a9","messageTitle":"Command History: Add missing UG entry","messageBody":"","fileTypesAndContributionMap":{"docs":{"insertions":11,"deletions":0}}},{"hash":"8ad33d8cd3b3be4a7e3194919e3214b006d148ef","messageTitle":"Fix DG Use Case Formatting","messageBody":"Fixes #60\n","fileTypesAndContributionMap":{"docs":{"insertions":50,"deletions":25}}}]},{"date":"2021-03-20","commitResults":[{"hash":"90306a45067c801cc98b5e13f62247ac25241011","messageTitle":"Enable assertions in build.gradle","messageBody":"","fileTypesAndContributionMap":{"other":{"insertions":4,"deletions":0}}}]},{"date":"2021-03-23","commitResults":[{"hash":"95a4627068727ae35d5c44011b5ac0f4cb658cd1","messageTitle":"Move ViewHistory classes into packages","messageBody":"","fileTypesAndContributionMap":{"functional-code":{"insertions":141,"deletions":2},"test-code":{"insertions":6,"deletions":4}}},{"hash":"d0a9e661a801e439e9af4769a3bdda94fd52ba5c","messageTitle":"Command History: Refactor selection logic out of UI","messageBody":"","fileTypesAndContributionMap":{"functional-code":{"insertions":114,"deletions":27}}},{"hash":"747ba33944f06be53426a32a9d36a27a574dc507","messageTitle":"Command History: Add Javadocs","messageBody":"","fileTypesAndContributionMap":{"functional-code":{"insertions":15,"deletions":0}}},{"hash":"d9550a24b7b1acdbe353e6f100a52ea90be6f5c4","messageTitle":"Command History: Add save/load feature","messageBody":"","fileTypesAndContributionMap":{"functional-code":{"insertions":217,"deletions":13},"test-code":{"insertions":11,"deletions":3}}},{"hash":"cfac81d365da2870b7ef950691cec9e42eb83285","messageTitle":"Command History: Add save/load feature to UG","messageBody":"","fileTypesAndContributionMap":{"docs":{"insertions":11,"deletions":4}}},{"hash":"df88ff01781634407a94709464cb900de04aa7b0","messageTitle":"Command History: Merge requireNonNulls","messageBody":"","fileTypesAndContributionMap":{"functional-code":{"insertions":2,"deletions":4}}},{"hash":"243b2b4080cab7b3976fa7768fa6e7e441c713c3","messageTitle":"Command History: Remove duplicate classes","messageBody":"","fileTypesAndContributionMap":{"functional-code":{"insertions":0,"deletions":135}}}]},{"date":"2021-03-24","commitResults":[{"hash":"4fd630e4f87a4e423752ead3b5f74176e5e90496","messageTitle":"Command History: Update data file paths in UG","messageBody":"","fileTypesAndContributionMap":{"docs":{"insertions":2,"deletions":2}}},{"hash":"584b4a98a71e8349de1afef64f9828435549846b","messageTitle":"Command History: Add implementation details to DG","messageBody":"","fileTypesAndContributionMap":{"docs":{"insertions":333,"deletions":1}}},{"hash":"89b45301ae856193e883d7e10df44d6268ac092c","messageTitle":"Command History: Add defensive code and formatting","messageBody":"","fileTypesAndContributionMap":{"functional-code":{"insertions":92,"deletions":27}}},{"hash":"35462028bb5f9f4e00583f9aaaf0d5142af4d477","messageTitle":"Command History: Remove opt frame from seq diagrams","messageBody":"","fileTypesAndContributionMap":{"docs":{"insertions":3,"deletions":8}}}]},{"date":"2021-03-27","commitResults":[{"hash":"a320093e510d0c6a7b26a87aaf83bde1a2d2bca0","messageTitle":"Feat(UndoRedo): Add undo command","messageBody":"Alias command is currently not supported for undo\n","fileTypesAndContributionMap":{"functional-code":{"insertions":226,"deletions":19},"test-code":{"insertions":25,"deletions":0}}},{"hash":"3c6d24762f795a33d476e67176cdf8a78a6665ac","messageTitle":"Feat(UndoRedo): Add redo command","messageBody":"","fileTypesAndContributionMap":{"functional-code":{"insertions":135,"deletions":2},"test-code":{"insertions":10,"deletions":0}}},{"hash":"5a7a52b5f7b395ae04ff58e7843d2525d334320f","messageTitle":"Feat(UndoRedo): Remove unused const in UndoCommand","messageBody":"","fileTypesAndContributionMap":{"functional-code":{"insertions":0,"deletions":3}}},{"hash":"5b470f9c3ccbdb9fcfdce3ee58bd46963acb8570","messageTitle":"Feat(UndoRedo): Add missing JavaDoc","messageBody":"","fileTypesAndContributionMap":{"functional-code":{"insertions":5,"deletions":0}}}]},{"date":"2021-03-28","commitResults":[{"hash":"d67a089020a1126f1eabfec08d17604d8e4b0a8c","messageTitle":"Feat(UndoRedo): Change undo/redo success message","messageBody":"","fileTypesAndContributionMap":{"functional-code":{"insertions":2,"deletions":2}}},{"hash":"fc0dece759a2f83c0638c144d8a2d4954ec23342","messageTitle":"Feat(UndoRedo): Add undo/redo shortcuts","messageBody":"","fileTypesAndContributionMap":{"functional-code":{"insertions":60,"deletions":1}}},{"hash":"e41165af6c6a65688ca4ff2f65c6dd82c041f2e2","messageTitle":"Fix(UndoRedo): Fix command history selection logic","messageBody":"When performing undo/redo via menu items or keyboard shortcuts,\nCommandHistorySelector#selectLast would not be called because\nit was originally assumed that all commands would go through\nCommandBox.\n\nThis patch shifts the #selectLast call to LogicManager because\ncommands go through that regardless of UI.\n","fileTypesAndContributionMap":{"functional-code":{"insertions":1,"deletions":1}}},{"hash":"c9402d1acf65d18d859652136e9ec4e8c7c46212","messageTitle":"Docs(UndoRedo): Add UG entries","messageBody":"","fileTypesAndContributionMap":{"docs":{"insertions":67,"deletions":0}}},{"hash":"b1b4c06112d554888692584135aa66423bb737cd","messageTitle":"Docs(CommandHistory): Fix UG case inconsistency","messageBody":"","fileTypesAndContributionMap":{"docs":{"insertions":2,"deletions":2}}},{"hash":"447b02429b164df1b929b34d1894752137ee7335","messageTitle":"Docs(UndoRedo): Add command summary entries to UG","messageBody":"","fileTypesAndContributionMap":{"docs":{"insertions":2,"deletions":0}}}]},{"date":"2021-03-30","commitResults":[{"hash":"0ae0be487f50c41ef9962617d48a3380f26e748a","messageTitle":"Feat(UndoRedo): Add menu item disabling/enabling","messageBody":"","fileTypesAndContributionMap":{"functional-code":{"insertions":36,"deletions":0}}},{"hash":"ebd857fdc3ece7101089e01ec76bd2e539b1c2a2","messageTitle":"MathUtil: Add IllegalArgumentException if min \u003e max","messageBody":"","fileTypesAndContributionMap":{"functional-code":{"insertions":6,"deletions":1}}},{"hash":"10359121e88b6d87613860cf06298427a5fb8f06","messageTitle":"Test(CommandHistorySelector): Refactor #selectLast()","messageBody":"","fileTypesAndContributionMap":{"functional-code":{"insertions":10,"deletions":12}}},{"hash":"8411bc4763112a6ae6b345345b3e1204b3c244e8","messageTitle":"Test(MathUtil): Add tests for #clamp()","messageBody":"","fileTypesAndContributionMap":{"test-code":{"insertions":45,"deletions":0}}},{"hash":"a4841ae6038ae85ce00cbae8a2d338c544a0effa","messageTitle":"Refac(Command History): Rename CommandHistorySelector methods","messageBody":"","fileTypesAndContributionMap":{"functional-code":{"insertions":31,"deletions":15}}},{"hash":"f43e7b890e87065ade733dea829de11ecc382b0b","messageTitle":"Test(SuppliedCommandHistorySelector): Add unit tests","messageBody":"","fileTypesAndContributionMap":{"test-code":{"insertions":149,"deletions":3}}},{"hash":"27ed6e945d6e0278de200ae239eb3aaf98d64a4d","messageTitle":"Test(Command History): Add equality check against different type","messageBody":"","fileTypesAndContributionMap":{"test-code":{"insertions":3,"deletions":0}}},{"hash":"c2e23bf8df9a5a9c9ac23deb8f3c2728b62d5a3f","messageTitle":"Fix(UndoRedo): Fix shortcut keys on Mac","messageBody":"It was CTRL + Z and CTRL + SHIFT + Z.\n\nNow it should be CMD + Z and CMD + SHIFT + Z as expected.\n","fileTypesAndContributionMap":{"functional-code":{"insertions":2,"deletions":2}}},{"hash":"d92569ce8587772dd1b1c3e61435a6c1cd49731c","messageTitle":"Docs(UndoRedo): Add JavaDocs param","messageBody":"","fileTypesAndContributionMap":{"functional-code":{"insertions":2,"deletions":0}}},{"hash":"9f101b4c284d43337cabd686ae58024fc3d05dcb","messageTitle":"Docs(UndoRedo): Add UG section about undo/redo not persisting","messageBody":"","fileTypesAndContributionMap":{"docs":{"insertions":4,"deletions":0}}}]},{"date":"2021-03-31","commitResults":[{"hash":"bfc03979de39efafcfd5680f9942228c893adad0","messageTitle":"Fix(CommandResult): Fix #125","messageBody":"","fileTypesAndContributionMap":{"functional-code":{"insertions":12,"deletions":12}}},{"hash":"c2a68fd1a11a14a826086a9d170d931c1ec54b3a","messageTitle":"Fix(Bug #105): Rename addressbook.json to sunrez.json","messageBody":"","fileTypesAndContributionMap":{"functional-code":{"insertions":1,"deletions":1},"test-code":{"insertions":4,"deletions":4}}},{"hash":"35e0423c202f4dd581014f0862f7b8cb1b3f031c","messageTitle":"Rename log files to sunrez.log","messageBody":"","fileTypesAndContributionMap":{"functional-code":{"insertions":1,"deletions":1}}},{"hash":"59247872b2f82c6df059168195f34a8a7a91e639","messageTitle":"Rename shadowJar archive name to sunrez.jar","messageBody":"","fileTypesAndContributionMap":{"other":{"insertions":1,"deletions":1}}},{"hash":"a69bc7ac70d65f18a3c534716bdc434f9ab255e7","messageTitle":"UI(Layout): Change SunRez layout","messageBody":"","fileTypesAndContributionMap":{"functional-code":{"insertions":1,"deletions":1}}},{"hash":"194fc8084249e7ae88b0c64fb15b3e947ddfcb44","messageTitle":"Docs(Landing Page): Update landing page and README","messageBody":"","fileTypesAndContributionMap":{"docs":{"insertions":8,"deletions":4}}},{"hash":"2de7e9c1e6e3dc4e78a1f4ed8a54e3a7a5d03aca","messageTitle":"UI: Remove old icon","messageBody":"","fileTypesAndContributionMap":{"test-code":{"insertions":1,"deletions":1}}},{"hash":"938b10703cf694e24e8e1b9ae0e8059810e45b15","messageTitle":"Docs(UG): Add feature sections and update Q\u0026A","messageBody":"","fileTypesAndContributionMap":{"docs":{"insertions":69,"deletions":54}}},{"hash":"9faad3237a1d48fe6086f688bb21a6181d7cb9e1","messageTitle":"Docs(UG): Add clear command","messageBody":"","fileTypesAndContributionMap":{"docs":{"insertions":7,"deletions":1}}}]},{"date":"2021-04-02","commitResults":[{"hash":"df877ad49cc63ac38b10d92142553ce63d76baa2","messageTitle":"SampleDataUtil: Update sample data","messageBody":"","fileTypesAndContributionMap":{"functional-code":{"insertions":71,"deletions":6}}},{"hash":"a9f650e0bde24c83edbb99287c5e4437d176d211","messageTitle":"Fix(UndoRedo): Fix some stateful commands not being undoable","messageBody":"","fileTypesAndContributionMap":{"functional-code":{"insertions":3,"deletions":1}}},{"hash":"9f8bcd7fdd732790ebe4b668dc1ee91f1b7ad773","messageTitle":"Test(Command History): Add storage unit tests","messageBody":"","fileTypesAndContributionMap":{"functional-code":{"insertions":1,"deletions":0},"test-code":{"insertions":93,"deletions":0}}}]},{"date":"2021-04-05","commitResults":[{"hash":"2a5883155d570905c8ba6e1db4f2ff61ee5a0c47","messageTitle":"Docs(UG): Add meaning of GUI to intro","messageBody":"Closes #255\n","fileTypesAndContributionMap":{"docs":{"insertions":2,"deletions":1}}},{"hash":"896310268c501e229359298e35095e5d62335859","messageTitle":"Docs(UG): Add parameters section with placeholders","messageBody":"","fileTypesAndContributionMap":{"docs":{"insertions":142,"deletions":21}}},{"hash":"4590ec037ec78f7ac527043ff6830f9efa1514dc","messageTitle":"Docs(UG): Update view command history entry","messageBody":"","fileTypesAndContributionMap":{"docs":{"insertions":4,"deletions":1}}},{"hash":"3e1433035b20ea1e237264d13b648f75da4abd2b","messageTitle":"Docs(UG): Update TYPE to ROOM_TYPE","messageBody":"","fileTypesAndContributionMap":{"docs":{"insertions":4,"deletions":4}}},{"hash":"8b9b5cef89137910c1e6bd456f741b47b0e65667","messageTitle":"Docs(UG): Update ROOM and ROOM_NO to ROOM_NUMBER","messageBody":"","fileTypesAndContributionMap":{"docs":{"insertions":13,"deletions":13}}},{"hash":"76ce665ef0597244658962c8ed747f6a3d40559a","messageTitle":"Fix: Change string references of address book to SunRez","messageBody":"","fileTypesAndContributionMap":{"functional-code":{"insertions":14,"deletions":14}}},{"hash":"d597707467d9c1da6fee4f03a34ced86b394f6bb","messageTitle":"Fix(UG): Remove room no. from radd and redit","messageBody":"","fileTypesAndContributionMap":{"docs":{"insertions":2,"deletions":2}}},{"hash":"56fd00fdfde6243c67a35b4bb86777b6ad987400","messageTitle":"Docs(UG): Add TAG parameter specifications","messageBody":"","fileTypesAndContributionMap":{"docs":{"insertions":8,"deletions":4}}}]},{"date":"2021-04-06","commitResults":[{"hash":"32c50543c93793e906ae9df754b9a81b2200cd90","messageTitle":"Test(Command History): Move setup method to top","messageBody":"","fileTypesAndContributionMap":{"test-code":{"insertions":8,"deletions":8}}},{"hash":"6ddbd83936ab38de09f16f23db8b1c36039e6f4a","messageTitle":"Test(MathUtil): Update test comments","messageBody":"","fileTypesAndContributionMap":{"test-code":{"insertions":11,"deletions":11}}},{"hash":"d6c1fa69ad136a548390cb15ecfe7459df05807d","messageTitle":"Test(MathUtil): Add boundary value tests","messageBody":"","fileTypesAndContributionMap":{"test-code":{"insertions":12,"deletions":0}}}]}],"stein414":[{"date":"2021-02-23","commitResults":[{"hash":"4d5da8eedadeda2f1d52106c7b0a91f97c1f4a73","messageTitle":"Add vscode settings","messageBody":"vscode currently requires the latest junit (5.6.0) for the java junit\nextension to work, thus changing the build.gradle\n\neditted workspace settings for vscode to make checkstyle, formatting, and\nenfore eol to be \\n not \\r\\n.\n","fileTypesAndContributionMap":{"other":{"insertions":336,"deletions":1}}}]},{"date":"2021-02-25","commitResults":[{"hash":"1ecf86577b8f78a628fa9a5e7ed69103d87244af","messageTitle":"Update AboutUs for Ian and UG issues commands","messageBody":"","fileTypesAndContributionMap":{"docs":{"insertions":81,"deletions":3}}},{"hash":"705aa9bb757312826eec7dfec6c8406e385df876","messageTitle":"Update all ian image","messageBody":"","fileTypesAndContributionMap":{"docs":{"insertions":3,"deletions":3}}},{"hash":"fb9181f59bde084c34dd413eb88482d544ed173f","messageTitle":"Change to png","messageBody":"","fileTypesAndContributionMap":{"docs":{"insertions":2,"deletions":2}}},{"hash":"993376f65e65561157630eca4312654072ce567d","messageTitle":"Fix UserGuide TOC","messageBody":"","fileTypesAndContributionMap":{"docs":{"insertions":2,"deletions":2}}},{"hash":"6f2bed36cf572f84c93483ec580ca7ae6b4930d8","messageTitle":"Add Exit command in toc","messageBody":"","fileTypesAndContributionMap":{"docs":{"insertions":1,"deletions":0}}},{"hash":"f7cfe94819c56324b1d9e5df3c4ea7eb77191516","messageTitle":"Reorder toc","messageBody":"","fileTypesAndContributionMap":{"docs":{"insertions":1,"deletions":1}}}]},{"date":"2021-03-01","commitResults":[{"hash":"80cc26be218c024554a741085e99da10230cdf16","messageTitle":"Update Developer guide","messageBody":"","fileTypesAndContributionMap":{"docs":{"insertions":312,"deletions":51}}}]},{"date":"2021-03-06","commitResults":[{"hash":"6d127190ad25a5fd9864d48a470851fe1a657672","messageTitle":"Add git pre-commit hook setup","messageBody":"","fileTypesAndContributionMap":{"other":{"insertions":4,"deletions":2}}},{"hash":"bf2c51b8927027fc4af14c525103cd46f5a928a2","messageTitle":"Chmod +x setup script and pre-commit","messageBody":"","fileTypesAndContributionMap":{"other":{"insertions":0,"deletions":0}}}]},{"date":"2021-03-10","commitResults":[{"hash":"8b07fbc28abd8a30ed752426e2e3f1ab6bad3ec5","messageTitle":"Add issue model","messageBody":"","fileTypesAndContributionMap":{"functional-code":{"insertions":447,"deletions":0}}}]},{"date":"2021-03-15","commitResults":[{"hash":"c209ac071ea1f006b7e4e7b3d527852e5d9b8bb0","messageTitle":"feat(issue): add AddIssueCommand","messageBody":"WIP: not tested yet\n","fileTypesAndContributionMap":{"functional-code":{"insertions":571,"deletions":44},"other":{"insertions":2,"deletions":2},"test-code":{"insertions":138,"deletions":81}}},{"hash":"1ff25a7fd596de482ed4072857b00f1fcef3ad7a","messageTitle":"feat(issue): Implement AddIssueCommand","messageBody":"","fileTypesAndContributionMap":{"functional-code":{"insertions":23,"deletions":6}}},{"hash":"a95676ff157d43379cb239569a168e072295e335","messageTitle":"feat(issue): Implement Issue Panel UI","messageBody":"","fileTypesAndContributionMap":{"functional-code":{"insertions":166,"deletions":13}}},{"hash":"3b3725ea478d2f320c1556cd416c134628bc447c","messageTitle":"feat(issue): Implement ilist, ifind, iedit, idel","messageBody":"","fileTypesAndContributionMap":{"functional-code":{"insertions":605,"deletions":4},"test-code":{"insertions":10,"deletions":0}}}]},{"date":"2021-03-16","commitResults":[{"hash":"e8b9e8bcced1f6d718bff8d5e7bad4a6f34fb21d","messageTitle":"doc(issue): Update issue timestamp format in UG","messageBody":"","fileTypesAndContributionMap":{"docs":{"insertions":1,"deletions":1}}},{"hash":"006e003bf18039ab696616a714110b709283eec6","messageTitle":"fix(issue): Change person to issue for var names","messageBody":"","fileTypesAndContributionMap":{"functional-code":{"insertions":23,"deletions":23},"test-code":{"insertions":1,"deletions":1}}},{"hash":"43932c4c89459fecb43ff884791a9dcd5b9a79d4","messageTitle":"fix(issue): fix iadd message usage","messageBody":"","fileTypesAndContributionMap":{"functional-code":{"insertions":1,"deletions":1}}},{"hash":"fb88f699db9b49518c854bb553b9149fe0da8266","messageTitle":"feat(issue): Sort issues ascending via timestamp","messageBody":"","fileTypesAndContributionMap":{"functional-code":{"insertions":15,"deletions":5}}},{"hash":"8e78cb61693f7de1b5f5e9e9cc6c685ae73ad713","messageTitle":"fix(issue): Add misisng sorts for IssueList","messageBody":"","fileTypesAndContributionMap":{"functional-code":{"insertions":3,"deletions":0}}}]},{"date":"2021-03-17","commitResults":[{"hash":"18d7445e96d489db777758c0c70fb0d24774072b","messageTitle":"fix(issue): Fix timestamp parse by setting locale","messageBody":"","fileTypesAndContributionMap":{"functional-code":{"insertions":6,"deletions":2}}}]},{"date":"2021-03-24","commitResults":[{"hash":"80934d794b6c31fefddb47097652cee4bf336cdd","messageTitle":"Update DG with add issue implementation","messageBody":"","fileTypesAndContributionMap":{"docs":{"insertions":161,"deletions":0}}}]},{"date":"2021-03-25","commitResults":[{"hash":"f0f843ecf81230b3ecb6327615cf90e024278fc9","messageTitle":"doc(issue): Remove comments for activity diagram","messageBody":"","fileTypesAndContributionMap":{"docs":{"insertions":0,"deletions":9}}},{"hash":"dfe5f127549dc3c5764b392a0f8015cc1e7b408e","messageTitle":"doc(issue): add add-issue seq diagram","messageBody":"","fileTypesAndContributionMap":{"docs":{"insertions":6,"deletions":1}}},{"hash":"d9da4bca9a06913ef5f8e863b16c6ede2751406c","messageTitle":"doc(issue): fix typo","messageBody":"","fileTypesAndContributionMap":{"docs":{"insertions":1,"deletions":1}}}]},{"date":"2021-03-26","commitResults":[{"hash":"0fc18503e136abb814768823ffaa5d6780d1f724","messageTitle":"Settings(vscode): Add launch.json with assertions","messageBody":"","fileTypesAndContributionMap":{"other":{"insertions":22,"deletions":0}}},{"hash":"41cd425635d4c1e179eaf7c6ead3a3227e265de9","messageTitle":"Feat(issue): Add close issue command","messageBody":"","fileTypesAndContributionMap":{"functional-code":{"insertions":131,"deletions":22}}}]},{"date":"2021-03-29","commitResults":[{"hash":"91c114f9bd03e0228e034f84dd8984458516bbaf","messageTitle":"Test(issue): Add issue models tests","messageBody":"","fileTypesAndContributionMap":{"functional-code":{"insertions":41,"deletions":3},"test-code":{"insertions":665,"deletions":0}}}]},{"date":"2021-03-30","commitResults":[{"hash":"63b1b67f6bd505216771dac6692a4fdf48f7943b","messageTitle":"Test(issue): Add IssueCommandTestUtil.java","messageBody":"","fileTypesAndContributionMap":{"test-code":{"insertions":61,"deletions":0}}},{"hash":"5c43731d61370b587acbb5e0e9fc31be8fd090c1","messageTitle":"Test(issue): Add test for AddIssueCommandParser","messageBody":"","fileTypesAndContributionMap":{"functional-code":{"insertions":13,"deletions":6},"test-code":{"insertions":180,"deletions":5}}},{"hash":"40a4f1425d5549814e1ba33f1692cf43dbda8dba","messageTitle":"Fix(issue): Fix locale issue for test too","messageBody":"","fileTypesAndContributionMap":{"functional-code":{"insertions":8,"deletions":8}}}]},{"date":"2021-03-31","commitResults":[{"hash":"049e59317ad96b310abe314d4e64522e3a883254","messageTitle":"Test(issue): Test coverage for issue parser","messageBody":"","fileTypesAndContributionMap":{"functional-code":{"insertions":25,"deletions":0},"test-code":{"insertions":714,"deletions":2}}},{"hash":"8f0decfc194c70e646e82e2bcc013e3c312902a1","messageTitle":"Fix(issue): Change icol to iclo instead","messageBody":"","fileTypesAndContributionMap":{"functional-code":{"insertions":1,"deletions":1},"docs":{"insertions":19,"deletions":19}}},{"hash":"c312f075abe042571766cffd206b7accafa25235","messageTitle":"Test(issue): Add test for issue commands","messageBody":"","fileTypesAndContributionMap":{"functional-code":{"insertions":18,"deletions":3},"test-code":{"insertions":441,"deletions":2}}},{"hash":"cd321f5b745372185c921ebe03fc1b45c70db16e","messageTitle":"Test(issue): Fix test add issue command test","messageBody":"","fileTypesAndContributionMap":{"functional-code":{"insertions":2,"deletions":2},"test-code":{"insertions":5,"deletions":0}}},{"hash":"3d1cd6d44d92c3023faa449e4f009011f2ef1b34","messageTitle":"Fix(issue): Fix error message for duplicate issue","messageBody":"","fileTypesAndContributionMap":{"functional-code":{"insertions":1,"deletions":1}}}]},{"date":"2021-04-01","commitResults":[{"hash":"a6fe18bff1fb87c8f9932166f992179bc8df59c8","messageTitle":"Fix(issue): Fix add issue and edit issue commands","messageBody":"","fileTypesAndContributionMap":{"functional-code":{"insertions":10,"deletions":0},"test-code":{"insertions":153,"deletions":108}}}]},{"date":"2021-04-02","commitResults":[{"hash":"ea0e5b39c58e9cab28a1f4117f578e64e6d9159b","messageTitle":"Fix(issue): Fix tags being remove when close","messageBody":"","fileTypesAndContributionMap":{"functional-code":{"insertions":1,"deletions":1}}}]}],"colintkn":[{"date":"2021-02-19","commitResults":[{"hash":"41f077409b29e9f4d12d2ed329a1e33ca853c14a","messageTitle":"Delete address","messageBody":"","fileTypesAndContributionMap":{"functional-code":{"insertions":9,"deletions":130},"test-code":{"insertions":30,"deletions":170}}}]},{"date":"2021-02-20","commitResults":[{"hash":"56dfd3e1167b476f3a1541fd5744e1366e9f34eb","messageTitle":"Edit user guide for resident","messageBody":"","fileTypesAndContributionMap":{"docs":{"insertions":83,"deletions":45}}},{"hash":"4a2a5ab0620f589f5eee5a217fabc0304a9eb724","messageTitle":"Remove trailing whitespace","messageBody":"","fileTypesAndContributionMap":{"docs":{"insertions":1,"deletions":1}}},{"hash":"e4e2b3e8b6e25e7bc283f36032e18d2c714a5f39","messageTitle":"Edit UserGuide","messageBody":"","fileTypesAndContributionMap":{"docs":{"insertions":1,"deletions":1}}},{"hash":"58558edee9598612a8d0badccf9a04fb74587228","messageTitle":"Remove trailing","messageBody":"","fileTypesAndContributionMap":{"docs":{"insertions":3,"deletions":3}}}]},{"date":"2021-02-22","commitResults":[{"hash":"deef8b280b36deba2d0b5cba56a61715e6e65bdf","messageTitle":"Remove address","messageBody":"","fileTypesAndContributionMap":{"test-code":{"insertions":6,"deletions":17}}},{"hash":"a0c1cb656f3e66403bc79980921161eb975f7926","messageTitle":"Fix test cases for removal","messageBody":"","fileTypesAndContributionMap":{"functional-code":{"insertions":3,"deletions":11},"test-code":{"insertions":21,"deletions":33}}},{"hash":"9efd6c9ece430ddbaac78d2d652556836feda3cf","messageTitle":"Change commands radd, rdel, redit, rfind, rlist","messageBody":"","fileTypesAndContributionMap":{"other":{"insertions":1,"deletions":1}}},{"hash":"f24e60b0f965fd96230bd8030d569a9d77721cb9","messageTitle":"Change class name of resident commands","messageBody":"","fileTypesAndContributionMap":{"functional-code":{"insertions":51,"deletions":50},"other":{"insertions":101,"deletions":98},"test-code":{"insertions":54,"deletions":53}}}]},{"date":"2021-02-23","commitResults":[{"hash":"f35a202aab7919c9e83baffe5f9a598ca7a87fa4","messageTitle":"Edit UserGuide","messageBody":"","fileTypesAndContributionMap":{"docs":{"insertions":0,"deletions":12}}},{"hash":"1232dce9713373221b2cb2bbe666cb64744a6040","messageTitle":"Remove tags","messageBody":"","fileTypesAndContributionMap":{"functional-code":{"insertions":19,"deletions":290},"test-code":{"insertions":61,"deletions":305}}}]},{"date":"2021-02-25","commitResults":[{"hash":"bd6842c72a9e3cd213c9da6d50cc198792f4c48c","messageTitle":"Add room","messageBody":"","fileTypesAndContributionMap":{"functional-code":{"insertions":152,"deletions":21}}},{"hash":"0b0d12dd1f8a468885f106bb44d8d4ed0176a878","messageTitle":"Edit AboutUs for Colin","messageBody":"","fileTypesAndContributionMap":{"docs":{"insertions":3,"deletions":3}}},{"hash":"574078d7d04a361f6e33d3d7cd2403029b29a97b","messageTitle":"Change image directory in AboutUs.md","messageBody":"","fileTypesAndContributionMap":{"docs":{"insertions":1,"deletions":1}}},{"hash":"1514d15e3b556bd4cdf56be4b6ee412d44eb49cb","messageTitle":"Update to png","messageBody":"","fileTypesAndContributionMap":{"docs":{"insertions":1,"deletions":1}}}]},{"date":"2021-02-27","commitResults":[{"hash":"4c0e54177d18e42c1528a5f0a6571a418b3d5c4f","messageTitle":"Fix cases with addition of room","messageBody":"","fileTypesAndContributionMap":{"functional-code":{"insertions":13,"deletions":6},"test-code":{"insertions":143,"deletions":46}}}]},{"date":"2021-03-01","commitResults":[{"hash":"35f1ea50ea5bf09f00128a0b7cba7748290ed718","messageTitle":"Add room field for resident commands in user guide","messageBody":"","fileTypesAndContributionMap":{"docs":{"insertions":8,"deletions":8}}},{"hash":"6594e558e9c8ec4b5edee04748f14cb0fb7e3465","messageTitle":"Edit room field for resident commands in user guide","messageBody":"","fileTypesAndContributionMap":{"docs":{"insertions":1,"deletions":1}}}]},{"date":"2021-03-02","commitResults":[{"hash":"84084758810ce9262d390115b70e01ce0cfed5a1","messageTitle":"Change person to resident","messageBody":"","fileTypesAndContributionMap":{"other":{"insertions":108,"deletions":108}}}]},{"date":"2021-03-05","commitResults":[{"hash":"72420f73d86472ef200660341e53e31431170af3","messageTitle":"Add year to resident","messageBody":"","fileTypesAndContributionMap":{"functional-code":{"insertions":465,"deletions":334},"test-code":{"insertions":676,"deletions":546}}},{"hash":"0bf38ce10aa1b78cd34cef9410d0ec525bea4ce5","messageTitle":"Add test cases","messageBody":"","fileTypesAndContributionMap":{"test-code":{"insertions":40,"deletions":0}}},{"hash":"0b92f7f8e3c18cf36d980982c918847c587bb80c","messageTitle":"Add test for year","messageBody":"","fileTypesAndContributionMap":{"test-code":{"insertions":20,"deletions":21}}},{"hash":"41056c2f65e0ea61bfe9aee5419770df854138d7","messageTitle":"Add brackets","messageBody":"","fileTypesAndContributionMap":{"docs":{"insertions":1,"deletions":1}}}]},{"date":"2021-03-10","commitResults":[{"hash":"6c188040932538c5ef45fba6ca5332d00d888b6f","messageTitle":"Add RoomTest","messageBody":"","fileTypesAndContributionMap":{"functional-code":{"insertions":1,"deletions":1},"test-code":{"insertions":42,"deletions":0}}},{"hash":"fda5a58beb7c60bb60b319ce5c66655a231fa065","messageTitle":"Fix build","messageBody":"","fileTypesAndContributionMap":{"functional-code":{"insertions":1,"deletions":1}}},{"hash":"98351fda395a66c2d5bb687b2e484d4185ae9d13","messageTitle":"Create resident packages","messageBody":"","fileTypesAndContributionMap":{"functional-code":{"insertions":13,"deletions":9},"other":{"insertions":44,"deletions":21},"test-code":{"insertions":31,"deletions":20}}}]},{"date":"2021-03-12","commitResults":[{"hash":"eb53a9c652a9eeb3eaffd7e1ff6e3f7e1788e9a7","messageTitle":"Change test name AddResidentCommandTest","messageBody":"","fileTypesAndContributionMap":{"other":{"insertions":0,"deletions":0}}},{"hash":"3a6f51f204506f5e24f6d8f431efecdd65e7d811","messageTitle":"Change AddResidentCommandTest","messageBody":"","fileTypesAndContributionMap":{"test-code":{"insertions":1,"deletions":1}}}]},{"date":"2021-03-16","commitResults":[{"hash":"1f37a182a45ac431d839f7e296a6424e4a172b24","messageTitle":"Format error messages","messageBody":"","fileTypesAndContributionMap":{"functional-code":{"insertions":5,"deletions":5}}},{"hash":"17ff545f25b8bb13855a1e8b76d274a2e4ba0015","messageTitle":"Edit JavaDocs for resident","messageBody":"","fileTypesAndContributionMap":{"functional-code":{"insertions":4,"deletions":4}}},{"hash":"85778c1da9cd7467af08cb92d786400f567a02b5","messageTitle":"Edit JavaDocs for resident","messageBody":"","fileTypesAndContributionMap":{"functional-code":{"insertions":1,"deletions":1}}}]},{"date":"2021-03-22","commitResults":[{"hash":"73b1737672783b4d4e7580f9c36a645d38d22c53","messageTitle":"docs(resident-room-alloc): add implt details in dg","messageBody":"","fileTypesAndContributionMap":{"other":{"insertions":2,"deletions":0},"docs":{"insertions":85,"deletions":0}}},{"hash":"6a21913d1b5000feaec133f36f8aedfbdad9cc1d","messageTitle":"docs(resident-room-alloc): remove gradle","messageBody":"","fileTypesAndContributionMap":{"other":{"insertions":0,"deletions":2}}}]},{"date":"2021-03-24","commitResults":[{"hash":"ef7d8205f1d9781edb82906e868329fc40aa55be","messageTitle":"docs(resident-room-allocation): modify dg and ug as discussed","messageBody":"","fileTypesAndContributionMap":{"docs":{"insertions":75,"deletions":30}}},{"hash":"76b7a93242f2b97bffa4382f006f5ccf5b171794","messageTitle":"docs(resident-room-allocation): update to dg","messageBody":"","fileTypesAndContributionMap":{"docs":{"insertions":28,"deletions":56}}}]},{"date":"2021-03-25","commitResults":[{"hash":"674518f11e61691557be7bd69e612d0d27e264ad","messageTitle":"docs(resident-room-allocation): change else statements","messageBody":"","fileTypesAndContributionMap":{"docs":{"insertions":4,"deletions":4}}},{"hash":"9df09eb2f588d2a907f916e9e318c5a78f635d3c","messageTitle":"docs(resident-room-allocation): fix syntax","messageBody":"","fileTypesAndContributionMap":{"docs":{"insertions":9,"deletions":6}}},{"hash":"8cd6d05b89b14f8a547f7002a6a50d11e3ac44bc","messageTitle":"docs(resident-room-allocation): add short description for alloc and dealloc","messageBody":"","fileTypesAndContributionMap":{"docs":{"insertions":2,"deletions":2}}},{"hash":"015671b32264c1f67f3f603572c80d243a897ea0","messageTitle":"docs(resident-room-allocation): Move .png and .puml to directories","messageBody":"","fileTypesAndContributionMap":{"docs":{"insertions":0,"deletions":0}}},{"hash":"7c522662e3e7bf8d1800c36b5586a65960499510","messageTitle":"Docs(Resident-Room-Allocation): Update image references in DG","messageBody":"","fileTypesAndContributionMap":{"docs":{"insertions":24,"deletions":1}}},{"hash":"34e723dcbcfb9e39ddb70a406ec874c2dc2fb2ef","messageTitle":"Docs(Resident-Room-Allocation): Delete images in DG","messageBody":"","fileTypesAndContributionMap":{"docs":{"insertions":0,"deletions":23}}},{"hash":"622f2540255e45889b202b2ff4de489c9b1511ef","messageTitle":"Docs(Resident-Room-Allocation): Change tense","messageBody":"","fileTypesAndContributionMap":{"docs":{"insertions":8,"deletions":8}}},{"hash":"8f68b4313db59d3f4a2b9853056c7942ce51fb36","messageTitle":"Docs(Resident-Room-Implt): Add bullet points for pros and cons","messageBody":"","fileTypesAndContributionMap":{"docs":{"insertions":20,"deletions":8}}},{"hash":"50eb6e5dcfd734bfc4ad148c4287dee96a92d64c","messageTitle":"Feat(Resident-Room-Allocation): Add model, command, parser","messageBody":"","fileTypesAndContributionMap":{"functional-code":{"insertions":1014,"deletions":15},"test-code":{"insertions":80,"deletions":3}}},{"hash":"40eb1b82a0f382674728cb9e6fb0d2072a2ca392","messageTitle":"Feat(Resident-Room-Allocation): Add model, command, parser","messageBody":"","fileTypesAndContributionMap":{"test-code":{"insertions":24,"deletions":25}}}]},{"date":"2021-03-26","commitResults":[{"hash":"c5456dd610fc07061e1ade3f707c124cb404b880","messageTitle":"Feat(Resident-Room-Allocation): Remove room field for AddResidentCommand","messageBody":"","fileTypesAndContributionMap":{"functional-code":{"insertions":38,"deletions":56},"test-code":{"insertions":22,"deletions":69}}},{"hash":"e9f25e39c859ebed5e4fd92df640badd331e6a67","messageTitle":"Feat(Resident-Room-Alloc): Block rdel if resident is allocated","messageBody":"","fileTypesAndContributionMap":{"functional-code":{"insertions":9,"deletions":0}}}]},{"date":"2021-03-27","commitResults":[{"hash":"ace35188d3307e3d1c799a5fe32789df76ebc92e","messageTitle":"Feat(Resident-Room-Alloc): Block redit if resident is allocated","messageBody":"","fileTypesAndContributionMap":{"functional-code":{"insertions":10,"deletions":10},"test-code":{"insertions":1,"deletions":13}}}]},{"date":"2021-03-29","commitResults":[{"hash":"fac97c2b411f60ccd687c9189a6894c5df9e690e","messageTitle":"Fix(DG): Remove trailing whitespace","messageBody":"","fileTypesAndContributionMap":{"docs":{"insertions":1,"deletions":1}}},{"hash":"055461b88de19180710678178b8fdfffc3ba0c41","messageTitle":"Feat(List unallocated residents): Add rulist command","messageBody":"","fileTypesAndContributionMap":{"functional-code":{"insertions":60,"deletions":2}}},{"hash":"c384cd680f72207b7440c4e0df674f16dbcc8cf7","messageTitle":"Docs: Add rulist","messageBody":"","fileTypesAndContributionMap":{"docs":{"insertions":9,"deletions":2}}}]},{"date":"2021-03-30","commitResults":[{"hash":"a9f861d09f330c84bd62d93783fbe31cc3d50be2","messageTitle":"Feat(Resident-Room-Alloc): Block edit and delete for rooms","messageBody":"","fileTypesAndContributionMap":{"functional-code":{"insertions":16,"deletions":4},"test-code":{"insertions":1,"deletions":1}}},{"hash":"d62764b14c7dd2c9965eb1e91d52c67d353ebef7","messageTitle":"Docs(Alloc): Update UG to reflect exact match for name","messageBody":"","fileTypesAndContributionMap":{"docs":{"insertions":5,"deletions":3}}},{"hash":"64b0567850f489633c106525164d3133a1057a36","messageTitle":"Test(Resident-room-alloc): Add test cases","messageBody":"","fileTypesAndContributionMap":{"other":{"insertions":31,"deletions":25},"test-code":{"insertions":208,"deletions":27}}},{"hash":"83cdc01cdbdb1e037026b5d20044498dd79c33ed","messageTitle":"Test(Resident-room-alloc): Add test cases","messageBody":"","fileTypesAndContributionMap":{"test-code":{"insertions":875,"deletions":0}}},{"hash":"5a2880ac94d1f9541612caf5a2ca9497530cc4d2","messageTitle":"Docs(Alloc): Add case sensitive","messageBody":"","fileTypesAndContributionMap":{"docs":{"insertions":2,"deletions":0}}},{"hash":"d2cb420ec1181b87ad89ad26f79bb844f22e373d","messageTitle":"Docs(Alloc): Add case sensitive","messageBody":"","fileTypesAndContributionMap":{"docs":{"insertions":1,"deletions":0}}},{"hash":"0f85bb2c74897d273bb256d2da6e14e25144660f","messageTitle":"Docs(Alloc): Add visible condition for deallocation","messageBody":"","fileTypesAndContributionMap":{"docs":{"insertions":1,"deletions":1}}},{"hash":"a6c0cd435b00cbe89d16f38ac6d61a276fbb7fce","messageTitle":"Feat(Alloc): Change residentRoom string rep","messageBody":"","fileTypesAndContributionMap":{"functional-code":{"insertions":1,"deletions":0}}},{"hash":"021d9d874fbc80f0ce74b3498ae925ecff714ebe","messageTitle":"Feat(Alloc): Remove unused CommandResult methods","messageBody":"","fileTypesAndContributionMap":{"functional-code":{"insertions":3,"deletions":58}}},{"hash":"943a571d06a429b885b9b67fcd3d373d260d5176","messageTitle":"Fix(Redit): Fix bug where year of resident can\u0027t be edited","messageBody":"","fileTypesAndContributionMap":{"functional-code":{"insertions":1,"deletions":1}}},{"hash":"2ee5349f0a1249b48e38d5b9f3906e678618839c","messageTitle":"Refac(ResidentRoom): Change residents to residentRoom in docs","messageBody":"","fileTypesAndContributionMap":{"functional-code":{"insertions":18,"deletions":21}}}]},{"date":"2021-03-31","commitResults":[{"hash":"ec53f72d794e562fbbb94224fc8b13df57a9892d","messageTitle":"Feat(Dealloc): Change dealloc command to use index","messageBody":"","fileTypesAndContributionMap":{"functional-code":{"insertions":66,"deletions":86}}},{"hash":"a90a77a928a96a460e09cd0621bf374e69005b04","messageTitle":"Docs(Dealloc): Change user guide","messageBody":"","fileTypesAndContributionMap":{"docs":{"insertions":4,"deletions":8}}},{"hash":"54eafc5e59f51995f6693efe066b13ec11b295d1","messageTitle":"Fix(Alloc): Remove unnecessary methods in CommandResult","messageBody":"","fileTypesAndContributionMap":{"functional-code":{"insertions":8,"deletions":27}}},{"hash":"8bc8b73e00a35eab186979693fbee55e17ee4183","messageTitle":"Doc(Name): Add statement that unique identifier of resident is NAME","messageBody":"","fileTypesAndContributionMap":{"docs":{"insertions":1,"deletions":0}}},{"hash":"41b06d24d4f3578cc5458958e1f9007a83b519b7","messageTitle":"Test(ResidentRoom): Add test cases for UniqueResidentRoomList","messageBody":"","fileTypesAndContributionMap":{"functional-code":{"insertions":0,"deletions":66},"test-code":{"insertions":189,"deletions":11}}}]},{"date":"2021-04-05","commitResults":[{"hash":"f7b5ee1357af1efe68ecec9b6129dfde6682433c","messageTitle":"Fix(Sort): Sort residents by alphabetical order","messageBody":"","fileTypesAndContributionMap":{"functional-code":{"insertions":15,"deletions":2}}},{"hash":"2a61a0a85e77cdf6eb203c3d2ec5c4015d705621","messageTitle":"Docs: Change params and fix issues","messageBody":"","fileTypesAndContributionMap":{"other":{"insertions":0,"deletions":0},"docs":{"insertions":52,"deletions":35}}},{"hash":"3f9693e25ea2e6e919caf9ee4164ddae9351ee40","messageTitle":"Docs: Add link for oedit and odel","messageBody":"","fileTypesAndContributionMap":{"docs":{"insertions":2,"deletions":0}}},{"hash":"a96696a2516d484b4f68d695656025deaf0fbded","messageTitle":"Fix: Remove gradle files","messageBody":"","fileTypesAndContributionMap":{"other":{"insertions":0,"deletions":0}}},{"hash":"86e87c958c996822804077f17aa2eab8245ee0bc","messageTitle":"Feat: Change alloc command","messageBody":"","fileTypesAndContributionMap":{"functional-code":{"insertions":70,"deletions":67},"other":{"insertions":0,"deletions":0}}},{"hash":"78f90bd08e3970455324c018ed26682c9ecf220b","messageTitle":"Feat: Change alloc command","messageBody":"","fileTypesAndContributionMap":{"other":{"insertions":0,"deletions":0}}},{"hash":"5bd373d879255eaed7c25eb1940bc8aa43b2ec52","messageTitle":"Docs: Change alloc command","messageBody":"","fileTypesAndContributionMap":{"docs":{"insertions":5,"deletions":8}}},{"hash":"a9d4ef552fbac75759306c3f1312c4a63393321e","messageTitle":"Docs: Add uniqueness of name","messageBody":"","fileTypesAndContributionMap":{"docs":{"insertions":2,"deletions":1}}},{"hash":"07e3936781b633b4698d52f3577f51d416249e8d","messageTitle":"Docs: Add clause for index","messageBody":"","fileTypesAndContributionMap":{"docs":{"insertions":2,"deletions":0}}},{"hash":"c7ccc28c6deb99a2fd75992e2d42dc62b5e8dfec","messageTitle":"Docs: Fixed Typos","messageBody":"","fileTypesAndContributionMap":{"docs":{"insertions":2,"deletions":1}}},{"hash":"1910e54e2390fb430630ade0b4e7924a44eaed75","messageTitle":"Docs: Fix duplicate","messageBody":"","fileTypesAndContributionMap":{"docs":{"insertions":0,"deletions":1}}},{"hash":"775d16f232e9d111feeedff79ebcfcde8ce8b100","messageTitle":"Docs: Change name format","messageBody":"","fileTypesAndContributionMap":{"docs":{"insertions":2,"deletions":1}}}]}],"DrWala":[{"date":"2021-02-25","commitResults":[{"hash":"6731d556b6a04b9b3c0269f1ffeaaf158ef17dcf","messageTitle":"Update About Us page with Azeem\u0027s responsibilities","messageBody":"","fileTypesAndContributionMap":{"docs":{"insertions":4,"deletions":2}}},{"hash":"40bc5836be399ba9d08524fc7f01b5743f851e8c","messageTitle":"Update About Us page with Azeem\u0027s role","messageBody":"","fileTypesAndContributionMap":{"docs":{"insertions":1,"deletions":1}}},{"hash":"69ad68d9426366075197dc1729900155f175da4b","messageTitle":"Update UG with Rooms features","messageBody":"","fileTypesAndContributionMap":{"docs":{"insertions":61,"deletions":0}}},{"hash":"fbff6bb700b57f8f1197b08c0e0c1cb610e86272","messageTitle":"Move profile picture location and update references to it","messageBody":"","fileTypesAndContributionMap":{"docs":{"insertions":1,"deletions":1}}},{"hash":"350d8114fae85ebc3094374bba5ab3556c1c3d21","messageTitle":"Update formatting of Azeem\u0027s responsibilities","messageBody":"","fileTypesAndContributionMap":{"docs":{"insertions":1,"deletions":3}}}]},{"date":"2021-03-06","commitResults":[{"hash":"a940e7b818eafadc476a112d6e55ff31a58b5b65","messageTitle":"Implement models for Room features","messageBody":"","fileTypesAndContributionMap":{"functional-code":{"insertions":237,"deletions":0}}}]},{"date":"2021-03-10","commitResults":[{"hash":"289c7bdd20baf5f58b279cfdf9e45989651bdfeb","messageTitle":"Implement CRUD rooms","messageBody":"","fileTypesAndContributionMap":{"functional-code":{"insertions":1434,"deletions":42},"test-code":{"insertions":125,"deletions":61}}}]},{"date":"2021-03-12","commitResults":[{"hash":"63090824dfe110a2bb7593c64db794dff65d474f","messageTitle":"Refactor RoomType field and RoomType accessors in Room","messageBody":"","fileTypesAndContributionMap":{"functional-code":{"insertions":22,"deletions":22}}}]},{"date":"2021-03-13","commitResults":[{"hash":"d81ddc6b156c2cc4e75c9bacedd5b73e0e6e7e22","messageTitle":"test(Room): Add tests for AddRoomCommand and EditRoomDescriptor","messageBody":"","fileTypesAndContributionMap":{"test-code":{"insertions":669,"deletions":112}}}]},{"date":"2021-03-16","commitResults":[{"hash":"1a89600d78e1571f81424b97fdff2a0a95e5a662","messageTitle":"fix(add room): update usage message to reflect accurate room type","messageBody":"","fileTypesAndContributionMap":{"functional-code":{"insertions":1,"deletions":1}}},{"hash":"17c486c7b816f0f36a69d6bb83d85e65293a8764","messageTitle":"fix(add room): remove extra space in usage message","messageBody":"","fileTypesAndContributionMap":{"functional-code":{"insertions":1,"deletions":1}}},{"hash":"e28a9b26f8b94027a8dc8a14ac589bdaf19defbf","messageTitle":"fix(add room): update usage message to reflect accurate occupancy status","messageBody":"","fileTypesAndContributionMap":{"functional-code":{"insertions":1,"deletions":1}}},{"hash":"04a1bae178cb62f76c3adf05cb822793f7363bcc","messageTitle":"fix(ug): Update prefixes for add/edit room commands","messageBody":"","fileTypesAndContributionMap":{"docs":{"insertions":6,"deletions":6}}},{"hash":"5cd9527e5701d8e8f8561a3e4b57b0ef36b588cd","messageTitle":"fix(javadocs): Remove person references in Javadocs for Room methods","messageBody":"","fileTypesAndContributionMap":{"functional-code":{"insertions":2,"deletions":2}}},{"hash":"862d321873a613c3a605cc45df923912f4cca7ab","messageTitle":"fix(javadocs): Remove person references in Javadocs for Room equals","messageBody":"","fileTypesAndContributionMap":{"functional-code":{"insertions":2,"deletions":2}}},{"hash":"e9b2be82ebd9391f2b6f78e2f97d9b050568c4b7","messageTitle":"fix(javadocs): Remove person references in Javadocs for RoomNumber class","messageBody":"","fileTypesAndContributionMap":{"functional-code":{"insertions":1,"deletions":1}}},{"hash":"6ffb38d899f7b20dfb08a2a2a642943e48967c74","messageTitle":"fix(javadocs): Remove person references in more Javadocs","messageBody":"","fileTypesAndContributionMap":{"functional-code":{"insertions":10,"deletions":10},"test-code":{"insertions":2,"deletions":2}}}]},{"date":"2021-03-20","commitResults":[{"hash":"0ab142594d2e1ec6836a3b925d950c92fe32185c","messageTitle":"test(room): Abstract out TypicalAddressBook and update it to include Rooms","messageBody":"","fileTypesAndContributionMap":{"functional-code":{"insertions":2,"deletions":1},"test-code":{"insertions":153,"deletions":87}}},{"hash":"ab5c1220022d39da0b1302f18933dd7ab819288e","messageTitle":"fix(room): Update EditRoomCommand to return correct invalid room message","messageBody":"","fileTypesAndContributionMap":{"functional-code":{"insertions":1,"deletions":1}}},{"hash":"920ba9eba4ffefe8ca69d14257a9ecc6a186d4a2","messageTitle":"test(room) Add tests EditRoomCommand","messageBody":"","fileTypesAndContributionMap":{"test-code":{"insertions":203,"deletions":0}}},{"hash":"193f0f3f657212c375eab6a0184154eb65d4a06d","messageTitle":"fix(room): Remove boolean fields to indicate command type","messageBody":"","fileTypesAndContributionMap":{"functional-code":{"insertions":6,"deletions":59}}},{"hash":"6eedfc611e375502abd4f133518659b6e0803875","messageTitle":"feat(room): Override equals method for DeleteRoomCommand","messageBody":"","fileTypesAndContributionMap":{"functional-code":{"insertions":7,"deletions":0}}},{"hash":"7a11c055eea50c98298ecb2deb62c48696519579","messageTitle":"test(room): Add tests for DeleteRoomCommand","messageBody":"","fileTypesAndContributionMap":{"test-code":{"insertions":109,"deletions":0}}},{"hash":"40b21bbcf8aa6b8ebb60533b80506cee01614150","messageTitle":"test(room): Add tests for ListRoomCommand","messageBody":"","fileTypesAndContributionMap":{"test-code":{"insertions":38,"deletions":0}}}]},{"date":"2021-03-24","commitResults":[{"hash":"ce87a990f9c93473d0885e69e171e467e33e5b49","messageTitle":"docs(room): Add Room and AddRoomCommand implementation details to DG","messageBody":"","fileTypesAndContributionMap":{"docs":{"insertions":174,"deletions":0}}},{"hash":"d3dd5de715ce8264759dbed1488b177b66f3bbe1","messageTitle":"docs(room): Add newline at end of .puml files","messageBody":"","fileTypesAndContributionMap":{"docs":{"insertions":2,"deletions":2}}},{"hash":"b8a99eea438a30c836311f0a460b2e0876cb98be","messageTitle":"docs(room): Fix minor formatting issues for in DG","messageBody":"","fileTypesAndContributionMap":{"docs":{"insertions":5,"deletions":4}}},{"hash":"5a69b35fb717fc3c53c52ea4f38263c0ba5e81c0","messageTitle":"docs(room): Fix minor formatting issues for in DG","messageBody":"","fileTypesAndContributionMap":{"docs":{"insertions":2,"deletions":1}}},{"hash":"9362d55fb5c8fe5baa07d5d7bda4eea74d6abbca","messageTitle":"docs(room): Fix formatting of alternatives in Room section of DG","messageBody":"","fileTypesAndContributionMap":{"docs":{"insertions":14,"deletions":3}}}]},{"date":"2021-03-29","commitResults":[{"hash":"3c1b7d2531880ee24da0bed702f44dad0922b128","messageTitle":"Remove occupancy from AddRoomCommand and AddRoomCommandParser","messageBody":"","fileTypesAndContributionMap":{"functional-code":{"insertions":23,"deletions":11},"test-code":{"insertions":1,"deletions":1}}},{"hash":"7e65bc4e2cf6574e59e9d6d5c3c7f16bf620b9c6","messageTitle":"Feat(room): Remove occupancy from all edit room features and tests","messageBody":"","fileTypesAndContributionMap":{"functional-code":{"insertions":4,"deletions":14},"test-code":{"insertions":9,"deletions":26}}},{"hash":"85c123bcb38d0bae87830dfc758ff7c7dee5e956","messageTitle":"Feat(room): Update FindRoomCommand to also search for matching tags","messageBody":"","fileTypesAndContributionMap":{"functional-code":{"insertions":5,"deletions":5},"other":{"insertions":6,"deletions":5},"test-code":{"insertions":2,"deletions":2}}}]},{"date":"2021-03-30","commitResults":[{"hash":"72bba631de79e396c57c98e3c8d4785d3de1cca0","messageTitle":"Feat(room): Update ofind search criteria to be case insensitive","messageBody":"","fileTypesAndContributionMap":{"functional-code":{"insertions":2,"deletions":1}}},{"hash":"0764bba14462dd26160f6340a66c8009c3ab3bca","messageTitle":"docs(ug): Update ofind documentation to reflect searching in tags","messageBody":"","fileTypesAndContributionMap":{"docs":{"insertions":5,"deletions":2}}},{"hash":"0d35daf8fd50c5d637dbeb855d1dcbb12ca88ff5","messageTitle":"Docs(Room): Update JavaDocs for RoomNumberOrTagsContainsKeywordsPredicate","messageBody":"","fileTypesAndContributionMap":{"functional-code":{"insertions":8,"deletions":0}}},{"hash":"575145b7a9407178887255fcc02f36a73e563d98","messageTitle":"Docs(Room): Add missing full-stops","messageBody":"","fileTypesAndContributionMap":{"functional-code":{"insertions":1,"deletions":1},"docs":{"insertions":2,"deletions":2}}}]},{"date":"2021-03-31","commitResults":[{"hash":"8cd92024dd2e6f67ea5b7464e39a4ec21729a6c7","messageTitle":"Feat(issue): Update find command to search by tags and description as well","messageBody":"","fileTypesAndContributionMap":{"functional-code":{"insertions":48,"deletions":38},"docs":{"insertions":6,"deletions":2},"test-code":{"insertions":9,"deletions":9}}},{"hash":"7e0e5ecd1d182d7705f5891448ab1ffd995d9f55","messageTitle":"Fix(room): Display room occupancy status in a more readable way","messageBody":"","fileTypesAndContributionMap":{"functional-code":{"insertions":1,"deletions":1}}},{"hash":"89b68dd6a7518b0f8c7f169a247ac3a7d3e110ae","messageTitle":"Docs(ug): Update UG to reflect updated oadd, oedit and odel behaviours","messageBody":"","fileTypesAndContributionMap":{"docs":{"insertions":8,"deletions":6}}},{"hash":"69701fc9e4373ccc1e4d3dee69388aaa218482ae","messageTitle":"Docs(ug): Update incorrect oadd command format in summary","messageBody":"","fileTypesAndContributionMap":{"docs":{"insertions":1,"deletions":1}}},{"hash":"e3e5c3ac8eef4a24179b2c5330f821356be97659","messageTitle":"Docs(ug): Qualify how occupancy status is controlled in oadd and oedit","messageBody":"","fileTypesAndContributionMap":{"docs":{"insertions":3,"deletions":0}}},{"hash":"f71699ef927755e67519e9b4eb42bd5969671f49","messageTitle":"Docs(ug): Add missing full-stop","messageBody":"","fileTypesAndContributionMap":{"docs":{"insertions":1,"deletions":1}}},{"hash":"f6e6fee8a77418fb546c51e672ea54c69566e9a3","messageTitle":"Docs(ug): Fix typo","messageBody":"","fileTypesAndContributionMap":{"docs":{"insertions":1,"deletions":1}}}]},{"date":"2021-04-03","commitResults":[{"hash":"685997d084a4f36775f6891b0c417801cab55875","messageTitle":"Test(Room): Add tests for Room class","messageBody":"","fileTypesAndContributionMap":{"test-code":{"insertions":66,"deletions":3}}},{"hash":"e77cb5c68b60cff5feb58d7420d178da25338f20","messageTitle":"Test(Room): Add tests for Room\u0027s fields","messageBody":"","fileTypesAndContributionMap":{"test-code":{"insertions":437,"deletions":0}}},{"hash":"9bf64e70ebefba67d2077e3f100b55d97a0f6550","messageTitle":"Fix(Room): Show better error msg when index is negative in ofind/odel","messageBody":"","fileTypesAndContributionMap":{"functional-code":{"insertions":5,"deletions":8}}}]},{"date":"2021-04-05","commitResults":[{"hash":"47e508cc655ca0a7a8a37f0af1857d60c392ae9a","messageTitle":"Test(Room): Update tests to use pre-defined static vars","messageBody":"","fileTypesAndContributionMap":{"test-code":{"insertions":3,"deletions":8}}},{"hash":"e7ab33b24b565b33db6361b27b6b950be09ea04d","messageTitle":"Fix(Room): Remove unncessary error catching","messageBody":"","fileTypesAndContributionMap":{"functional-code":{"insertions":3,"deletions":11}}},{"hash":"a8af2e9a9c1bf7cc6e19fbe6b2bdbe1223b2399b","messageTitle":"Fix(Room): Update room number constraints and error message","messageBody":"","fileTypesAndContributionMap":{"functional-code":{"insertions":2,"deletions":2},"test-code":{"insertions":1,"deletions":0}}},{"hash":"b4e13cd7de43879f375f34e34842f8500469c6d2","messageTitle":"Docs(Room): Update UG with room number constraints and room cmd usage","messageBody":"","fileTypesAndContributionMap":{"docs":{"insertions":38,"deletions":14}}},{"hash":"cbeb960948b66ffa8b8013924dbae17d24b291ea","messageTitle":"Fix(Room): State constraints of room number more clearly","messageBody":"","fileTypesAndContributionMap":{"functional-code":{"insertions":2,"deletions":1}}},{"hash":"4a90d54e9402ff34dc271dcd283fe1eec00d7a1d","messageTitle":"Docs(UG): Add definition of keyword parameter","messageBody":"","fileTypesAndContributionMap":{"docs":{"insertions":3,"deletions":4}}},{"hash":"e169ae1dbd1f9439e246d2855e7a682bb9745561","messageTitle":"Docs(Ug): Explain how command parsing works","messageBody":"","fileTypesAndContributionMap":{"docs":{"insertions":42,"deletions":0}}},{"hash":"2c38c7049ba675edf89bf7092d2a13f2bb059024","messageTitle":"Docs(Ug): Indicate that tags do not respect insertion order","messageBody":"","fileTypesAndContributionMap":{"docs":{"insertions":1,"deletions":0}}},{"hash":"c08efae37c85d9087658336a723c4b5e38bdfccf","messageTitle":"Fix(Room): Sort rooms by room number for all views","messageBody":"","fileTypesAndContributionMap":{"functional-code":{"insertions":17,"deletions":2}}},{"hash":"5acd5f8ba727935c67328b6afd023292d6277031","messageTitle":"Docs(UG): Update UG to state rooms are always sorted in asc order by room no","messageBody":"","fileTypesAndContributionMap":{"docs":{"insertions":4,"deletions":0}}},{"hash":"f6e445a3e2927aefa4268798efe92fa5545f9bd0","messageTitle":"Fix(Room): Fix typo in Add/Edit Room cmd usage message","messageBody":"","fileTypesAndContributionMap":{"functional-code":{"insertions":2,"deletions":2}}},{"hash":"2e5f5f1cc59c41e6cfcbaa4789444e875be280c6","messageTitle":"Fix(UG): Update room number desc to be consistent with code","messageBody":"","fileTypesAndContributionMap":{"docs":{"insertions":4,"deletions":4}}}]},{"date":"2021-04-06","commitResults":[{"hash":"f17a98d8d9bf33f025ca6c9f732fc4f979420f02","messageTitle":"Fix(Room): Show user friendly room type in GUI","messageBody":"","fileTypesAndContributionMap":{"functional-code":{"insertions":13,"deletions":2}}},{"hash":"79b35cacee82fa84c9bf4d407a00247683205584","messageTitle":"Fix(UG): Fix minor typos broken links","messageBody":"","fileTypesAndContributionMap":{"docs":{"insertions":11,"deletions":11}}},{"hash":"bda5f828ca3ae047cf673c6f5a1646b0360d90a4","messageTitle":"Fix(UG): Add full-stop","messageBody":"","fileTypesAndContributionMap":{"docs":{"insertions":1,"deletions":1}}},{"hash":"f7f9880613e6b01412b3de6bdb579d963a9bc475","messageTitle":"Fix(Room): Remove unnecessary sort","messageBody":"","fileTypesAndContributionMap":{"functional-code":{"insertions":0,"deletions":1}}},{"hash":"14a1229fdbb2a97500594e642aedce2a4170563a","messageTitle":"Fix(UG): Readability and clarity improvements","messageBody":"","fileTypesAndContributionMap":{"docs":{"insertions":10,"deletions":10}}},{"hash":"2e400576d58e6cfae4dc7e84da080bdebc759d25","messageTitle":"Fix(UG): Remove extra bracket","messageBody":"","fileTypesAndContributionMap":{"docs":{"insertions":1,"deletions":1}}},{"hash":"fd5a2d5e8da24e1c69d555d3ec28345c530e0faf","messageTitle":"Revert \"Fix(Room): Remove unnecessary sort\"","messageBody":"This reverts commit f7f9880613e6b01412b3de6bdb579d963a9bc475.\n","fileTypesAndContributionMap":{"functional-code":{"insertions":1,"deletions":0}}},{"hash":"c71978cdae5ffa9efb26dcb3f256cf242555b791","messageTitle":"Docs(UG): Increase clarity of how tag parsing works","messageBody":"","fileTypesAndContributionMap":{"docs":{"insertions":3,"deletions":1}}},{"hash":"86888a0ecb16a1a6d74d7e4e6d54198a48f66f90","messageTitle":"Fix(UG): Add full-stop","messageBody":"","fileTypesAndContributionMap":{"docs":{"insertions":1,"deletions":1}}}]}]},"authorFileTypeContributionMap":{"cnlinh":{"docs":191,"functional-code":1040,"test-code":654},"benedictkhoomw":{"docs":725,"functional-code":1443,"test-code":812,"other":5},"stein414":{"docs":513,"functional-code":1890,"test-code":2137,"other":360},"colintkn":{"docs":184,"functional-code":1656,"test-code":1803},"DrWala":{"docs":322,"functional-code":1607,"test-code":1661}},"authorContributionVariance":{"cnlinh":21466.043,"benedictkhoomw":26951.951,"stein414":101881.195,"colintkn":162129.42,"DrWala":80426.97},"authorDisplayNameMap":{"cnlinh":"CS2103-T14-1 CAO ..LINH","benedictkhoomw":"CS2103-T14-1 KHOO..DICT","stein414":"CS2103-T14-1 SOO .. IAN","colintkn":"CS2103-T14-1 COLI.. TAN","DrWala":"CS2103-T14-1 AZEE..WALA"}}
