{"authorDailyContributionsMap":{"chenzaza":[],"internityz":[{"date":"2021-02-25","commitResults":[{"hash":"6fe144e0d49c7594193b387dddb9af1b9ce81814","messageTitle":"Update search for specified keyword feature","messageBody":"","fileTypesAndContributionMap":{"docs":{"insertions":32,"deletions":12}}}]},{"date":"2021-02-26","commitResults":[{"hash":"1fbcf597ded6d76a16dfd84315ccd9831ee9ae61","messageTitle":"Update use cases in the Developer Guide for v1.1","messageBody":"","fileTypesAndContributionMap":{"docs":{"insertions":102,"deletions":7}}}]},{"date":"2021-02-28","commitResults":[{"hash":"eccd194ebbf72355cd20346103c078cabc198850","messageTitle":"Fix developer guide use cases","messageBody":"","fileTypesAndContributionMap":{"docs":{"insertions":2,"deletions":2}}}]}],"mabel-kang":[{"date":"2021-02-23","commitResults":[{"hash":"3babc544f81f675b7be963bf07a81c17d730fbd1","messageTitle":"Add comments","messageBody":"","fileTypesAndContributionMap":{"functional-code":{"insertions":6,"deletions":0}}}]},{"date":"2021-02-27","commitResults":[{"hash":"35689a7abc55023ba0e2f565c145f46c84cfc8dc","messageTitle":"Update delete feature in UserGuide.md","messageBody":"","fileTypesAndContributionMap":{"docs":{"insertions":5,"deletions":5}}},{"hash":"59ba95052dde870383d076711e69f0d5b7f50ef8","messageTitle":"Remove comments in LogicManager.java","messageBody":"","fileTypesAndContributionMap":{"functional-code":{"insertions":0,"deletions":6}}},{"hash":"95b2a07888da30c10ee5468e8d9708b00dd6eb7e","messageTitle":"Update non-functional requirements for developer guide","messageBody":"","fileTypesAndContributionMap":{"docs":{"insertions":9,"deletions":0}}}]}],"andrea-twl":[],"sylviaokt":[{"date":"2021-02-26","commitResults":[{"hash":"7b71533f55f00c429db4b8ea8503780499d421b2","messageTitle":"Update search feature using name in user guide","messageBody":"","fileTypesAndContributionMap":{"docs":{"insertions":22,"deletions":0}}}]},{"date":"2021-02-28","commitResults":[{"hash":"a5f4adfa2146d3e80a3f8784ae72304c3131bf65","messageTitle":"Update glossary for developer guide","messageBody":"","fileTypesAndContributionMap":{"docs":{"insertions":2,"deletions":0}}},{"hash":"747e41bb6d1f7b23f626886bf4ff9f3a75dddf77","messageTitle":"Update about us page","messageBody":"","fileTypesAndContributionMap":{"docs":{"insertions":27,"deletions":35}}}]}]},"authorFileTypeContributionMap":{"chenzaza":{"docs":0,"functional-code":0,"test-code":0},"internityz":{"docs":120,"functional-code":0,"test-code":0},"mabel-kang":{"docs":14,"functional-code":0,"test-code":0},"andrea-twl":{"docs":0,"functional-code":0,"test-code":0},"sylviaokt":{"docs":48,"functional-code":0,"test-code":0}},"authorContributionVariance":{"chenzaza":0.0,"internityz":1136.81,"mabel-kang":56.489998,"andrea-twl":0.0,"sylviaokt":384.04},"authorDisplayNameMap":{"chenzaza":"CS2103T-T11-3 GU Y..CHEN","internityz":"CS2103T-T11-3 HAN ..G YU","mabel-kang":"CS2103T-T11-3 KANG..ABEL","andrea-twl":"CS2103T-T11-3 TAN ..DREA","sylviaokt":"CS2103T-T11-3 SYLV..TING"}}
