{"authorDailyContributionsMap":{"chenzaza":[{"date":"2021-03-02","commitResults":[{"hash":"3989143696aba7b33f227f943070939f8389c04c","messageTitle":"Update add command description","messageBody":"","fileTypesAndContributionMap":{"docs":{"insertions":5,"deletions":5}}},{"hash":"d09a2faa58c9f9a73f7caaa694b12baa1dbbc3c5","messageTitle":"Update add in command summary","messageBody":"","fileTypesAndContributionMap":{"docs":{"insertions":1,"deletions":1}}},{"hash":"59b57d11df50b848d256011ba1647f20a6d254d5","messageTitle":"Update add command description","messageBody":"","fileTypesAndContributionMap":{"docs":{"insertions":1,"deletions":1}}},{"hash":"8d3ed7566a4198c38f3c56710b75128c7b530452","messageTitle":"Update add command in quick start","messageBody":"","fileTypesAndContributionMap":{"docs":{"insertions":1,"deletions":1}}},{"hash":"4bbd7616229c8f1fa960837fe861718d51ea95ff","messageTitle":"Acknowledge the original source","messageBody":"","fileTypesAndContributionMap":{"docs":{"insertions":2,"deletions":0}}},{"hash":"3c1d0c117c7850250c57f12208ef9d67de7265a1","messageTitle":"Update TutorsPet description","messageBody":"","fileTypesAndContributionMap":{"docs":{"insertions":15,"deletions":6}}},{"hash":"e63bba782a04b907bb60d37476602993f3924eb9","messageTitle":"Update project website links","messageBody":"","fileTypesAndContributionMap":{"docs":{"insertions":5,"deletions":4}}},{"hash":"9fb48be3b9f0962960ebaf9837f435f3b53136b5","messageTitle":"Update description of project","messageBody":"","fileTypesAndContributionMap":{"docs":{"insertions":2,"deletions":2}}},{"hash":"64bd10fd3e771f1111d78dce0121e60c3dd9b4d1","messageTitle":"Update the application name in README","messageBody":"","fileTypesAndContributionMap":{"docs":{"insertions":1,"deletions":1}}},{"hash":"1e6ecde90271c3e8c2c284c99cd9f961ba4c602b","messageTitle":"Fix error at PR","messageBody":"","fileTypesAndContributionMap":{"docs":{"insertions":4,"deletions":14}}},{"hash":"225db37512e7871d21c4b1d58b88676f811ee3be","messageTitle":"Update AboutUs","messageBody":"","fileTypesAndContributionMap":{"docs":{"insertions":1,"deletions":1}}}]},{"date":"2021-03-09","commitResults":[{"hash":"3eef3cd5d0c9b47af7f3cdbe19f4fc2568506fbc","messageTitle":"Implement School Class","messageBody":"","fileTypesAndContributionMap":{"functional-code":{"insertions":59,"deletions":0}}},{"hash":"703797f7fd470ea7e31fd540a8685c6738013093","messageTitle":"Add details of school, guardianName and guardianPhone to Person Class","messageBody":"","fileTypesAndContributionMap":{"functional-code":{"insertions":31,"deletions":3}}},{"hash":"ef79fc181213b413e1a6a37f85c600d979aab357","messageTitle":"Update PersonCard with school, guardian name, guardian phone","messageBody":"","fileTypesAndContributionMap":{"functional-code":{"insertions":12,"deletions":0}}},{"hash":"d868ac4a67156c82fa15b44ca700b6bea5f364e6","messageTitle":"Update partially add and edit commands and command parsers","messageBody":"","fileTypesAndContributionMap":{"functional-code":{"insertions":119,"deletions":9}}},{"hash":"d3f2d51b26aae4b3927f2120b09a9ce765704f07","messageTitle":"Update JsonAdaptedPerson Class","messageBody":"","fileTypesAndContributionMap":{"functional-code":{"insertions":41,"deletions":3}}},{"hash":"a95ee47ed103d70f3f4976a524f44d794d9dfc89","messageTitle":"Update relevant tests partially","messageBody":"","fileTypesAndContributionMap":{"test-code":{"insertions":294,"deletions":92}}},{"hash":"aaa50073a586e5f868f3eb55b0127fa492240820","messageTitle":"Fix error in PR in SampleDataUtil Class","messageBody":"","fileTypesAndContributionMap":{"functional-code":{"insertions":21,"deletions":20}}},{"hash":"780b46d712036fa9cb16b324459a43dc5434d775","messageTitle":"Fix checkstyleMain errors","messageBody":"","fileTypesAndContributionMap":{"functional-code":{"insertions":25,"deletions":16}}}]},{"date":"2021-03-10","commitResults":[{"hash":"f9f15f876858b0acea3c968852e044d40160eb1f","messageTitle":"Fix errors of checkstyleTest","messageBody":"","fileTypesAndContributionMap":{"test-code":{"insertions":76,"deletions":47}}},{"hash":"9e97cacb1d6349f2e0f5bdf25a8125b1edca5b91","messageTitle":"Modify tests to fit new changes related to Person Class","messageBody":"","fileTypesAndContributionMap":{"functional-code":{"insertions":12,"deletions":9},"test-code":{"insertions":58,"deletions":15}}},{"hash":"5dd6981c526533ad2de1c43298cc751c4c905225","messageTitle":"Modify sample data","messageBody":"","fileTypesAndContributionMap":{"functional-code":{"insertions":6,"deletions":6}}},{"hash":"24a8bf70023bef060fd14905d93f39fa550ebff0","messageTitle":"Add SchoolTest Class and modify PersonTest Class","messageBody":"","fileTypesAndContributionMap":{"test-code":{"insertions":57,"deletions":1}}},{"hash":"b49da69f408fdc2335f3ed625f03c48403923466","messageTitle":"Fix typos in User Guide add command","messageBody":"","fileTypesAndContributionMap":{"docs":{"insertions":5,"deletions":5}}}]},{"date":"2021-03-16","commitResults":[{"hash":"97278ae619224beb6f8a2d9840a48994d4288dd6","messageTitle":"Update comment and messages in AddCommand Class","messageBody":"","fileTypesAndContributionMap":{"functional-code":{"insertions":6,"deletions":4}}},{"hash":"907bfb42fd3d8cefb248e440c07965fb1bbf4f6b","messageTitle":"Update command description for add and edit in UserGuide","messageBody":"","fileTypesAndContributionMap":{"docs":{"insertions":4,"deletions":4}}},{"hash":"cbfff6a7c58da03c609d8daf1229270a9e9b09b8","messageTitle":"Update messages in AddCommand and ListCommand","messageBody":"","fileTypesAndContributionMap":{"functional-code":{"insertions":3,"deletions":2}}},{"hash":"486c311434174621217029d1eac5cb9cb251237b","messageTitle":"Update AddCommand - fix minor error in the example of command in the message","messageBody":"","fileTypesAndContributionMap":{"functional-code":{"insertions":1,"deletions":1}}}]},{"date":"2021-03-29","commitResults":[{"hash":"011ac0a5c8ee2545206b478cb3fa7c2e2d669f0a","messageTitle":"Change naming to fit TutorsPet","messageBody":"","fileTypesAndContributionMap":{"docs":{"insertions":14,"deletions":14}}},{"hash":"76bd3d3873f6286156e490d7d22d06d615c4d9fd","messageTitle":"Modify introduction to fit TutorsPet","messageBody":"","fileTypesAndContributionMap":{"docs":{"insertions":1,"deletions":1}}},{"hash":"3d1afd44b6a267432778e8179e09606e6a936c3e","messageTitle":"Specify \"student\"","messageBody":"","fileTypesAndContributionMap":{"docs":{"insertions":1,"deletions":1}}}]},{"date":"2021-03-30","commitResults":[{"hash":"fc7ae886c4e4462341e352707871a4c12e03677c","messageTitle":"Modify fields to optional except for student\u0027s name and phone. (Info cannot be read from json yet.)","messageBody":"","fileTypesAndContributionMap":{"functional-code":{"insertions":258,"deletions":166},"test-code":{"insertions":13,"deletions":12}}},{"hash":"954b7995d09777bbffc7cf1f2971a75aa93e2c80","messageTitle":"Fix errors when parsing and reading data","messageBody":"","fileTypesAndContributionMap":{"functional-code":{"insertions":25,"deletions":20}}},{"hash":"cd97954f503e9a7f7bd77be376585b278a3ea4ad","messageTitle":"Fix checkstyle errors in Main","messageBody":"","fileTypesAndContributionMap":{"functional-code":{"insertions":46,"deletions":32}}},{"hash":"5cc6fba86904421fa59238e563f719e765f58407","messageTitle":"Update test classes","messageBody":"","fileTypesAndContributionMap":{"functional-code":{"insertions":15,"deletions":0},"test-code":{"insertions":95,"deletions":99}}},{"hash":"e86d0e787ba3cd305584b033a028219f9ebb5087","messageTitle":"Fix test errors","messageBody":"","fileTypesAndContributionMap":{"functional-code":{"insertions":3,"deletions":2}}}]},{"date":"2021-03-31","commitResults":[{"hash":"f6304b1d0ec8add87cc28dab38bce94af2ae0a0a","messageTitle":"Add description for  implementation of add feature in Developer Guide","messageBody":"","fileTypesAndContributionMap":{"docs":{"insertions":168,"deletions":0}}},{"hash":"a549c83da58f4484181f89181f612d244cffbef5","messageTitle":"Fix bug in display window for detail command","messageBody":"","fileTypesAndContributionMap":{"functional-code":{"insertions":10,"deletions":0}}},{"hash":"78102cd161c422e3c9eee04834a3215b96bbb366","messageTitle":"Update user guide for optional fields in add command","messageBody":"","fileTypesAndContributionMap":{"docs":{"insertions":18,"deletions":9}}},{"hash":"b06d8d1d8c4daeaf5fb4e1e63faccc0f3bdb358c","messageTitle":"Fix typo","messageBody":"","fileTypesAndContributionMap":{"docs":{"insertions":2,"deletions":2}}},{"hash":"9be3b56df03a5791b7d307126a2276106bbd57cf","messageTitle":"Make tags more suitable for future amendment","messageBody":"","fileTypesAndContributionMap":{"functional-code":{"insertions":1,"deletions":1}}},{"hash":"9db900e650b6247817745c1640d56cef3a66a4fd","messageTitle":"Fix icon and title in schedule window","messageBody":"","fileTypesAndContributionMap":{"functional-code":{"insertions":2,"deletions":2},"docs":{"insertions":10,"deletions":0}}},{"hash":"df526a0481d38fc85558f92d2763128be97f3ac2","messageTitle":"Change Tag related names to Subject related","messageBody":"","fileTypesAndContributionMap":{"functional-code":{"insertions":261,"deletions":260},"other":{"insertions":22,"deletions":22},"docs":{"insertions":13,"deletions":12},"test-code":{"insertions":231,"deletions":220}}},{"hash":"dd0959c69083ba27116cfa7c76a999fef2fb63ba","messageTitle":"Update error messages of command","messageBody":"","fileTypesAndContributionMap":{"functional-code":{"insertions":12,"deletions":11}}},{"hash":"d2c474e091de93179b853e1bb0ca384ca9121a0c","messageTitle":"Update json files to correct format","messageBody":"","fileTypesAndContributionMap":{"test-code":{"insertions":10,"deletions":4}}}]},{"date":"2021-04-01","commitResults":[{"hash":"adc2ffaca190379dea43f3072b82463a28faed02","messageTitle":"Revert \"Change tags to subjects v1.3\"","messageBody":"","fileTypesAndContributionMap":{"functional-code":{"insertions":268,"deletions":270},"other":{"insertions":22,"deletions":22},"docs":{"insertions":12,"deletions":13},"test-code":{"insertions":223,"deletions":240}}},{"hash":"5db99ca5e1170b192598ce6bfe6765937cae6685","messageTitle":"Revert \"update soritng\"","messageBody":"","fileTypesAndContributionMap":{"docs":{"insertions":0,"deletions":5}}},{"hash":"d10899782e130042f66a4dd512a04453a1fbafe5","messageTitle":"Revert \"Revert \"Change tags to subjects v1.3\"\"","messageBody":"","fileTypesAndContributionMap":{"functional-code":{"insertions":270,"deletions":268},"other":{"insertions":22,"deletions":22},"docs":{"insertions":13,"deletions":12},"test-code":{"insertions":240,"deletions":223}}},{"hash":"b90c14cdcdea18166d85e3bb28ab843e12be476f","messageTitle":"Add enum class AvailableSuject","messageBody":"","fileTypesAndContributionMap":{"functional-code":{"insertions":63,"deletions":10},"docs":{"insertions":14,"deletions":14}}},{"hash":"0beffcc44701a5f547df8716985f6b94a0b4a6bb","messageTitle":"Refine codes for subject","messageBody":"","fileTypesAndContributionMap":{"functional-code":{"insertions":29,"deletions":43}}},{"hash":"477f4952b8b3171dc0376b1e072e0dea5472080f","messageTitle":"Update test files","messageBody":"","fileTypesAndContributionMap":{"test-code":{"insertions":9,"deletions":9}}},{"hash":"7ca91afc21581bc7149a074541b322ff445d2b82","messageTitle":"Fix bugs when testing manually","messageBody":"","fileTypesAndContributionMap":{"functional-code":{"insertions":1,"deletions":4},"test-code":{"insertions":4,"deletions":4}}},{"hash":"fa7ca065202aa4010b3790ab3d41e9dbe1c410d1","messageTitle":"Update message displayed","messageBody":"","fileTypesAndContributionMap":{"functional-code":{"insertions":1,"deletions":1}}},{"hash":"a194eddbbb62f2740a697791ba519a000a006eb3","messageTitle":"Update user guide for subject descriptions","messageBody":"","fileTypesAndContributionMap":{"docs":{"insertions":11,"deletions":8}}},{"hash":"5a1535ab9c336c408561ef4ef3d87e6619875fa5","messageTitle":"Match subject field in user guide","messageBody":"","fileTypesAndContributionMap":{"docs":{"insertions":2,"deletions":2}}},{"hash":"614a8f920b5a03e14a7642925d86f375e2392c63","messageTitle":"Update UG","messageBody":"","fileTypesAndContributionMap":{"docs":{"insertions":2,"deletions":2}}},{"hash":"e062cf31060ccd79e2bfdc04d401efb87509f0bf","messageTitle":"Update prefix_lesson to level","messageBody":"","fileTypesAndContributionMap":{"functional-code":{"insertions":1,"deletions":1}}}]},{"date":"2021-04-06","commitResults":[{"hash":"0bacc271a5f6233e0eb850e333ba9e6462521887","messageTitle":"Modify UG for edit command","messageBody":"","fileTypesAndContributionMap":{"docs":{"insertions":1,"deletions":1}}},{"hash":"1297468ce643b7205a2bc5b64a28edb4cbac8fa6","messageTitle":"Add in description of available subjects under add and edit commands","messageBody":"","fileTypesAndContributionMap":{"docs":{"insertions":6,"deletions":1}}},{"hash":"a2c9fbb8a70307079915726cd4b80574281b61d4","messageTitle":"Add in the boxes of Tip for each command","messageBody":"","fileTypesAndContributionMap":{"docs":{"insertions":57,"deletions":13}}},{"hash":"cc885535625e92555a60fff483c7877c86ca4268","messageTitle":"Modify sort by subject description","messageBody":"","fileTypesAndContributionMap":{"docs":{"insertions":1,"deletions":1}}},{"hash":"44de9ad4ddc7cd14c84a2ea3012cb288b398ed6d","messageTitle":"Fix UG formatting error","messageBody":"","fileTypesAndContributionMap":{"docs":{"insertions":40,"deletions":2}}},{"hash":"779028f2a5ae82aaa15e81e17729a317b0ef439c","messageTitle":"Add subject Science for lower sec in UG","messageBody":"","fileTypesAndContributionMap":{"docs":{"insertions":11,"deletions":11}}},{"hash":"946bbed79d50bd7d73d14bef00a8c1f37f25a1d9","messageTitle":"Modify bullet point","messageBody":"","fileTypesAndContributionMap":{"docs":{"insertions":56,"deletions":48}}},{"hash":"cce58d37650beb410f5e207522a730120ffdd3a2","messageTitle":"Edit format","messageBody":"","fileTypesAndContributionMap":{"docs":{"insertions":9,"deletions":9}}},{"hash":"2cab4d573c003c775611b77c9645090ba5d4f242","messageTitle":"Further edit format","messageBody":"","fileTypesAndContributionMap":{"docs":{"insertions":8,"deletions":8}}},{"hash":"92afe2d441d2b37d05ad908a55a61276fb40efa7","messageTitle":"Refine formatting","messageBody":"","fileTypesAndContributionMap":{"docs":{"insertions":16,"deletions":14}}}]},{"date":"2021-04-07","commitResults":[{"hash":"eb968307a5e009add700c6a420d9a0f54c35255b","messageTitle":"Add Tips box","messageBody":"","fileTypesAndContributionMap":{"docs":{"insertions":5,"deletions":0}}},{"hash":"f3b4ff2af13e061ea2ead384881e6c077533dd16","messageTitle":"Modify subject feature and add in error message when subject name is invalid","messageBody":"","fileTypesAndContributionMap":{"functional-code":{"insertions":21,"deletions":10},"test-code":{"insertions":32,"deletions":9}}}]},{"date":"2021-04-08","commitResults":[{"hash":"e0dc73e8a81239a18817af87a1622bb9a44da97d","messageTitle":"Make Phone a unique identifier of Person. Person with the same name but different phone number can be added. Person with the same phone cannot be added.","messageBody":"","fileTypesAndContributionMap":{"functional-code":{"insertions":74,"deletions":7}}},{"hash":"97f27c09cc721ecd37a081740501c5f3d08d783b","messageTitle":"Modify relevant tests after changing Phone to the unique identifier of a Person","messageBody":"","fileTypesAndContributionMap":{"functional-code":{"insertions":2,"deletions":1},"test-code":{"insertions":92,"deletions":17}}},{"hash":"5dab7b4a1096d8d90eea910dd1c6921e7dc8310d","messageTitle":"Update UG doc Phone is the unique identifier of a Student","messageBody":"","fileTypesAndContributionMap":{"docs":{"insertions":5,"deletions":2}}},{"hash":"7d0d5de4192e5c42a19cee1ab0414f34e0c83799","messageTitle":"Fix bug caused by error message","messageBody":"","fileTypesAndContributionMap":{"functional-code":{"insertions":1,"deletions":1}}}]},{"date":"2021-04-09","commitResults":[{"hash":"9c3590b9ff2f853645c13e5be64eb46b44f8edee","messageTitle":"Detect for both duplicate name and lesson","messageBody":"","fileTypesAndContributionMap":{"functional-code":{"insertions":37,"deletions":2}}}]},{"date":"2021-04-10","commitResults":[{"hash":"419084bfb2f21c277e2d478293823a79aaf0b255","messageTitle":"Add ppp file","messageBody":"","fileTypesAndContributionMap":{"docs":{"insertions":46,"deletions":0}}},{"hash":"a57e5ff98b0319d81a2a7db760b482d1aa565be6","messageTitle":"Edit overall structure of PPP","messageBody":"","fileTypesAndContributionMap":{"docs":{"insertions":10,"deletions":15}}},{"hash":"a40d767b9890b2ab71eae6c98800ea029a827d9d","messageTitle":"Change Subject parser to case-insensitive","messageBody":"","fileTypesAndContributionMap":{"functional-code":{"insertions":4,"deletions":2},"docs":{"insertions":4,"deletions":3}}},{"hash":"8d4241b776c21dfeaeed0f851052b67ba67d0c1b","messageTitle":"Add in structure for DG OF Edit Feature","messageBody":"","fileTypesAndContributionMap":{"docs":{"insertions":67,"deletions":6}}},{"hash":"81333ef6c5c3f0c28fd86916b11445190cb70daf","messageTitle":"Edit command NOT DONE YET","messageBody":"","fileTypesAndContributionMap":{"docs":{"insertions":19,"deletions":13}}},{"hash":"adcaa860ed562320bcf5bf580abb23a01d75539a","messageTitle":"Edit Command DG NOT DONE","messageBody":"","fileTypesAndContributionMap":{"docs":{"insertions":1,"deletions":1}}},{"hash":"8c8682eaa69cb4c43d462438af723129df7e8e87","messageTitle":"Edit Command DG","messageBody":"","fileTypesAndContributionMap":{"docs":{"insertions":4,"deletions":4}}}]},{"date":"2021-04-11","commitResults":[{"hash":"a116eb962d9b34c6a070e9059cdf941b0211d019","messageTitle":"Edit Command DG completed","messageBody":"","fileTypesAndContributionMap":{"docs":{"insertions":137,"deletions":5}}},{"hash":"242ca230f36a3d0cd75a402c4a4c513386688d99","messageTitle":"Refine size of diagram","messageBody":"","fileTypesAndContributionMap":{"docs":{"insertions":6,"deletions":6}}},{"hash":"194f18bce92c6109f6580291a34bbf9e66c0c2aa","messageTitle":"Resize sequence diagrams","messageBody":"","fileTypesAndContributionMap":{"docs":{"insertions":4,"deletions":5}}},{"hash":"4edc25a1e41998cf60f55d0108b0633613ea9ecb","messageTitle":"PPP-Yichen","messageBody":"","fileTypesAndContributionMap":{"docs":{"insertions":42,"deletions":27}}},{"hash":"db300d15e8e1c97211785031d7133259699c864d","messageTitle":"Add sub-group for commands and add numbering","messageBody":"","fileTypesAndContributionMap":{"docs":{"insertions":64,"deletions":51}}},{"hash":"90b660e62a4f3ea143e36a8bb738cf6bc4f227f6","messageTitle":"Update order in command table and correct numbering","messageBody":"","fileTypesAndContributionMap":{"docs":{"insertions":8,"deletions":7}}},{"hash":"4f5565f3b735e6b126b1bb2436bce2325b64e657","messageTitle":"Change name to case-insensitive and format it to UPPER CASE Update UG accordingly","messageBody":"","fileTypesAndContributionMap":{"functional-code":{"insertions":2,"deletions":2},"docs":{"insertions":11,"deletions":10}}},{"hash":"f478f1d80378bc0fac161ff23a83f10b56839c2f","messageTitle":"Add how to navigate UG","messageBody":"","fileTypesAndContributionMap":{"docs":{"insertions":13,"deletions":0}}},{"hash":"024129de54a43090a63900e351f2c39d11a80d11","messageTitle":"Navigate UG","messageBody":"","fileTypesAndContributionMap":{"docs":{"insertions":2,"deletions":2}}},{"hash":"01ab46dc645e2ddf6a0e6707566891f00bea446e","messageTitle":"Update in DG","messageBody":"","fileTypesAndContributionMap":{"docs":{"insertions":4,"deletions":4}}},{"hash":"a5ec928b6ad92536bf8fc26adb518a55f9387191","messageTitle":"Add table for examples of command","messageBody":"","fileTypesAndContributionMap":{"docs":{"insertions":22,"deletions":12}}},{"hash":"1279a9f3a5d2bee5f212057d5ca8672bf4c4b403","messageTitle":"Add demo photos for add and edit","messageBody":"","fileTypesAndContributionMap":{"docs":{"insertions":24,"deletions":6}}},{"hash":"388c05dcd9e6d7a09e32cd58e5e1727328f4c949","messageTitle":"Update UG","messageBody":"","fileTypesAndContributionMap":{"docs":{"insertions":11,"deletions":9}}},{"hash":"dda3e73462c0bb4005a0efe93ab743b9adf4a9f8","messageTitle":"Update ug format","messageBody":"","fileTypesAndContributionMap":{"docs":{"insertions":9,"deletions":9}}},{"hash":"daebafa8c5c9c8e4528c63877ea6eecbaa7792d8","messageTitle":"Make hyperlinks work in UG","messageBody":"","fileTypesAndContributionMap":{"docs":{"insertions":15,"deletions":15}}}]},{"date":"2021-04-12","commitResults":[{"hash":"2098c92ddda6ea084b61c8f1788dc6be050495ce","messageTitle":"Update Subject","messageBody":"","fileTypesAndContributionMap":{"functional-code":{"insertions":4,"deletions":2},"docs":{"insertions":3,"deletions":3}}},{"hash":"58a196f5c99034165bfb15b397ef474673b89a45","messageTitle":"resize seq diagram of add and edit","messageBody":"","fileTypesAndContributionMap":{"docs":{"insertions":81,"deletions":41}}},{"hash":"6038fd49286b61d1c8b2fd4cc7921e99586dca8e","messageTitle":"update dg - Person class - add command - edit command","messageBody":"","fileTypesAndContributionMap":{"docs":{"insertions":75,"deletions":12}}},{"hash":"cd94b2514d1ebd361b0b5c8220e5a57f4d31281f","messageTitle":"Update dg user story","messageBody":"","fileTypesAndContributionMap":{"docs":{"insertions":89,"deletions":78}}},{"hash":"db8973aa01fa1060b8f9097243ace23cdccb45e2","messageTitle":"fix numbering error in dg","messageBody":"","fileTypesAndContributionMap":{"docs":{"insertions":3,"deletions":3}}},{"hash":"5bf9ef8e9a9f5ae3e73b5dd748342453550901c3","messageTitle":"ppp update","messageBody":"","fileTypesAndContributionMap":{"docs":{"insertions":3,"deletions":4}}},{"hash":"835cc3bc71bfe7a5b4228722d8b259d4733f6f21","messageTitle":"try resize","messageBody":"","fileTypesAndContributionMap":{"docs":{"insertions":2,"deletions":2}}},{"hash":"0675eaf530c75357e3f00213b782c03cc03782a5","messageTitle":"update UG","messageBody":"","fileTypesAndContributionMap":{"docs":{"insertions":25,"deletions":7}}},{"hash":"b886d4edd246e7a78900fbe3d8fb68ac1f7e0e3e","messageTitle":"refine UG","messageBody":"","fileTypesAndContributionMap":{"docs":{"insertions":1,"deletions":1}}},{"hash":"8b39d51f02060a884641b620ac94775a78eac097","messageTitle":"fix typo","messageBody":"","fileTypesAndContributionMap":{"docs":{"insertions":5,"deletions":3}}},{"hash":"de80522e9fad9fc976d9575af56ef3afcdd9ce43","messageTitle":"link doesnt work","messageBody":"","fileTypesAndContributionMap":{"docs":{"insertions":1,"deletions":1}}},{"hash":"1f84d83560646fb4146969afb97a2b2ed5f7cda9","messageTitle":"typoo","messageBody":"","fileTypesAndContributionMap":{"docs":{"insertions":1,"deletions":1}}},{"hash":"95c993f3e32faa1452afc27541ac76cdafa9673c","messageTitle":"update ppp","messageBody":"","fileTypesAndContributionMap":{"docs":{"insertions":0,"deletions":1}}},{"hash":"885c25f60574525d5edea706ad7001a828532af9","messageTitle":"modify ug","messageBody":"","fileTypesAndContributionMap":{"docs":{"insertions":15,"deletions":12}}},{"hash":"a60d8dcb20725d0c262282aeec99eb3180370e4f","messageTitle":"update ug","messageBody":"","fileTypesAndContributionMap":{"docs":{"insertions":4,"deletions":2}}}]},{"date":"2021-04-15","commitResults":[{"hash":"ed19eec6f6e82d481f5c5191547df28e3e22d186","messageTitle":"update ug","messageBody":"","fileTypesAndContributionMap":{"docs":{"insertions":18,"deletions":42}}},{"hash":"591bb55a66ffde121cc94830e995306f4cdc15c7","messageTitle":"Update ug","messageBody":"","fileTypesAndContributionMap":{"docs":{"insertions":4,"deletions":2}}}]},{"date":"2021-04-16","commitResults":[{"hash":"9e2a095ac3326fb79c7c98540422c5d8f93c856d","messageTitle":"ugg","messageBody":"","fileTypesAndContributionMap":{"docs":{"insertions":39,"deletions":32}}},{"hash":"e2e7346ce43ca35611de58cfad19c6c55b971115","messageTitle":"gg","messageBody":"","fileTypesAndContributionMap":{"docs":{"insertions":1,"deletions":1}}},{"hash":"e594ac8ecadca9ea128bc09b1420c4c6c52e0bef","messageTitle":"change format","messageBody":"","fileTypesAndContributionMap":{"docs":{"insertions":2,"deletions":2}}},{"hash":"b30988ee20f159de84d73fa3a73669c32b50b45d","messageTitle":"change ug","messageBody":"","fileTypesAndContributionMap":{"docs":{"insertions":8,"deletions":3}}},{"hash":"1f49d1c4e8b571ff7b018f49f48f486917267260","messageTitle":"change a sentence","messageBody":"","fileTypesAndContributionMap":{"docs":{"insertions":1,"deletions":1}}}]}],"internityz":[{"date":"2021-02-25","commitResults":[{"hash":"6fe144e0d49c7594193b387dddb9af1b9ce81814","messageTitle":"Update search for specified keyword feature","messageBody":"","fileTypesAndContributionMap":{"docs":{"insertions":32,"deletions":12}}}]},{"date":"2021-02-26","commitResults":[{"hash":"1fbcf597ded6d76a16dfd84315ccd9831ee9ae61","messageTitle":"Update use cases in the Developer Guide for v1.1","messageBody":"","fileTypesAndContributionMap":{"docs":{"insertions":102,"deletions":7}}}]},{"date":"2021-02-28","commitResults":[{"hash":"eccd194ebbf72355cd20346103c078cabc198850","messageTitle":"Fix developer guide use cases","messageBody":"","fileTypesAndContributionMap":{"docs":{"insertions":2,"deletions":2}}}]},{"date":"2021-03-14","commitResults":[{"hash":"01afcb0f7f6a3a2f8282b961216e860a6706a116","messageTitle":"Add search contacts from a specified school","messageBody":"","fileTypesAndContributionMap":{"functional-code":{"insertions":111,"deletions":0}}},{"hash":"7c58fdb0e714c7515a2a1e24b0660fa7733d64d4","messageTitle":"Fix no newline at EOF for SchoolContainsKeywordsPredicate.","messageBody":"","fileTypesAndContributionMap":{"functional-code":{"insertions":1,"deletions":1}}}]},{"date":"2021-03-23","commitResults":[{"hash":"ab61bdeb9227771717d5c844f3a4f98e58f2cc99","messageTitle":"Update GUI to improve information storing v1.3","messageBody":"","fileTypesAndContributionMap":{"functional-code":{"insertions":270,"deletions":53},"test-code":{"insertions":96,"deletions":0}}},{"hash":"6677de19df1578b9a810157945a6adb4f349705f","messageTitle":"Fix styling issues","messageBody":"","fileTypesAndContributionMap":{"functional-code":{"insertions":97,"deletions":2},"test-code":{"insertions":1,"deletions":1}}},{"hash":"074d7b5bd5fd997ad7704fa1d87c9d89ee853ccc","messageTitle":"Fix styling issues","messageBody":"","fileTypesAndContributionMap":{"functional-code":{"insertions":12,"deletions":8}}},{"hash":"2d5081703da8d6144ec670ffbb3db8f0d4b04977","messageTitle":"Fix test issues","messageBody":"","fileTypesAndContributionMap":{"functional-code":{"insertions":1,"deletions":18},"test-code":{"insertions":16,"deletions":1}}},{"hash":"e81ad9c5c776b521aa3cccbea5f81d27db50abde","messageTitle":"Fix checkstyle issue","messageBody":"","fileTypesAndContributionMap":{"functional-code":{"insertions":0,"deletions":1}}},{"hash":"a28d8b082739103f4fc4a2058d38d93b19aba87a","messageTitle":"Fix checkstyle issue","messageBody":"","fileTypesAndContributionMap":{"test-code":{"insertions":8,"deletions":5}}}]},{"date":"2021-03-24","commitResults":[{"hash":"ae6d43d92f55d33fa55a181d42fc9383e527d75b","messageTitle":"Fix GUI display","messageBody":"","fileTypesAndContributionMap":{"functional-code":{"insertions":14,"deletions":14}}},{"hash":"7fbf422375d1c0a9f9dfba24ecf7fea4bdcc1293","messageTitle":"Add detail command into user guide","messageBody":"","fileTypesAndContributionMap":{"docs":{"insertions":13,"deletions":0}}}]},{"date":"2021-03-25","commitResults":[{"hash":"caf5b48ea3a0377d791c65a536421807991acd7f","messageTitle":"Fix error when typing command","messageBody":"","fileTypesAndContributionMap":{"functional-code":{"insertions":3,"deletions":1}}},{"hash":"c45acefd40aa8bed932bc81dc9d458f88d00daea","messageTitle":"v1.3 Update DetailCommand and Diagrams in Developer Guide","messageBody":"","fileTypesAndContributionMap":{"docs":{"insertions":156,"deletions":2}}},{"hash":"6a58b0ff8301e18c82c631f507e0de9f010e6048","messageTitle":"Fix no newline at EOF error","messageBody":"","fileTypesAndContributionMap":{"docs":{"insertions":1,"deletions":1}}}]},{"date":"2021-03-30","commitResults":[{"hash":"679a1d912c577076287195d926491798138434ad","messageTitle":"Add ImportantDate GUI","messageBody":"","fileTypesAndContributionMap":{"functional-code":{"insertions":229,"deletions":15},"test-code":{"insertions":11,"deletions":10}}}]},{"date":"2021-04-06","commitResults":[{"hash":"11b5dd0f459c7163f6832cf55628b3297cdb3c3a","messageTitle":"Fix Undocumented Feature","messageBody":"","fileTypesAndContributionMap":{"docs":{"insertions":36,"deletions":1}}},{"hash":"8dc62175635be5df69b671adc499960408c2e0bc","messageTitle":"Update UserGuide.md","messageBody":"","fileTypesAndContributionMap":{"docs":{"insertions":2,"deletions":2}}},{"hash":"55bb64c3445697a08234c06034e3100dd38b2176","messageTitle":"Update UserGuide.md","messageBody":"","fileTypesAndContributionMap":{"docs":{"insertions":1,"deletions":1}}},{"hash":"29fbf9fa9d86e9c85efdcf7cae8ddc346150cbfe","messageTitle":"Fix UG Coming soon formatting issue","messageBody":"","fileTypesAndContributionMap":{"docs":{"insertions":1,"deletions":1}}},{"hash":"cbedb9271ef2d14f273886cf43abb2d179464b27","messageTitle":"Fix UG Editing the data file","messageBody":"","fileTypesAndContributionMap":{"docs":{"insertions":6,"deletions":1}}},{"hash":"3349b5943f56483d2d09d852bdfddb6ca17001c6","messageTitle":"Fix detail feature","messageBody":"","fileTypesAndContributionMap":{"functional-code":{"insertions":230,"deletions":3}}},{"hash":"644764b2137a22512682b5c6f4368eb961341f0c","messageTitle":"Fix checkstyle issue","messageBody":"","fileTypesAndContributionMap":{"functional-code":{"insertions":2,"deletions":4}}},{"hash":"efd74338ccc0281d2b77c2ec61b39e69dd1d554f","messageTitle":"Fix checkstyle issue","messageBody":"","fileTypesAndContributionMap":{"functional-code":{"insertions":2,"deletions":2}}},{"hash":"3fc2464740df454d5fdf0de8c6150e11ebde049a","messageTitle":"Fix checkstyle issue","messageBody":"","fileTypesAndContributionMap":{"docs":{"insertions":6,"deletions":0}}},{"hash":"f01703a2a0ab834974e5afb981059d8e51ee5a20","messageTitle":"Fix scheduling and important date size issue","messageBody":"","fileTypesAndContributionMap":{"functional-code":{"insertions":4,"deletions":4}}},{"hash":"6540fd91e757ddc1156bb9081b3968a16341392f","messageTitle":"Fix UG Tip bullet points format","messageBody":"","fileTypesAndContributionMap":{"docs":{"insertions":8,"deletions":7}}},{"hash":"17d09cb45d158236ea0fc1798a67b754291057dd","messageTitle":"Fix UG Tip bullet points format","messageBody":"","fileTypesAndContributionMap":{"docs":{"insertions":7,"deletions":7}}}]},{"date":"2021-04-08","commitResults":[{"hash":"e548c406db7e1caee99efd46e28cc38e87341e15","messageTitle":"Fix UG documentation errors.","messageBody":"","fileTypesAndContributionMap":{"docs":{"insertions":4,"deletions":4}}},{"hash":"1b76b4fc9c19539e51d834ebf349744f0a415386","messageTitle":"Update GUI","messageBody":"","fileTypesAndContributionMap":{"functional-code":{"insertions":144,"deletions":115}}},{"hash":"9bdcc415aad2ef35c272cc997e9d4cf2b0695739","messageTitle":"Update GUI","messageBody":"","fileTypesAndContributionMap":{"functional-code":{"insertions":1,"deletions":1}}},{"hash":"926bd51b6dafcf542367ac6c9d1de295984b7c49","messageTitle":"Fix GUI","messageBody":"","fileTypesAndContributionMap":{"functional-code":{"insertions":15,"deletions":15}}}]},{"date":"2021-04-09","commitResults":[{"hash":"6a58ff1e87dc5b2c93b2dcd37fae6b6bdde6cd0f","messageTitle":"Fix GUI","messageBody":"","fileTypesAndContributionMap":{"functional-code":{"insertions":15,"deletions":8}}},{"hash":"485b7e125e8d48156ae9abb457ded3bd84194caa","messageTitle":"Fix checkstyle","messageBody":"","fileTypesAndContributionMap":{"functional-code":{"insertions":1,"deletions":1}}},{"hash":"eb0d3b2d8fb47d0638bfc68271413e749424cdc8","messageTitle":"Fix Detail GUI","messageBody":"","fileTypesAndContributionMap":{"functional-code":{"insertions":8,"deletions":5}}},{"hash":"58e319765626d83a980e985e752c4c35b7b1de57","messageTitle":"Fix Detail GUI scalability","messageBody":"","fileTypesAndContributionMap":{"functional-code":{"insertions":6,"deletions":6}}},{"hash":"c60e85da465a05891ae44aa2d23199b7bcbdfa63","messageTitle":"Fix CommandBox sizing","messageBody":"","fileTypesAndContributionMap":{"functional-code":{"insertions":1,"deletions":1}}}]},{"date":"2021-04-10","commitResults":[{"hash":"adaf3876f0cd5c7b7817762cd9e059652d21b9f8","messageTitle":"Add zongyu\u0027s PPP","messageBody":"","fileTypesAndContributionMap":{"docs":{"insertions":39,"deletions":46}}}]},{"date":"2021-04-11","commitResults":[{"hash":"59d917a7746d9960a3b9b2f10cd3c09318f7c83c","messageTitle":"Fix GUI scalability issue and limt input size","messageBody":"","fileTypesAndContributionMap":{"functional-code":{"insertions":53,"deletions":16}}},{"hash":"278f2eedeea503560237fc8f41f02f58f74a093f","messageTitle":"Fix checkstyle issues","messageBody":"","fileTypesAndContributionMap":{"functional-code":{"insertions":3,"deletions":3}}},{"hash":"ea8aefb77dea5c7bceba45b3b96c20de793f4d0b","messageTitle":"Insert examples into tables and Add return table of contents","messageBody":"","fileTypesAndContributionMap":{"docs":{"insertions":57,"deletions":13}}},{"hash":"eda2646b2890d434bc67901e054d7c6817d0566d","messageTitle":"Fix detail example table","messageBody":"","fileTypesAndContributionMap":{"docs":{"insertions":5,"deletions":4}}},{"hash":"a386cca53347a43031496bdba664975694807255","messageTitle":"Fix table of contents display","messageBody":"","fileTypesAndContributionMap":{"docs":{"insertions":2,"deletions":1}}},{"hash":"4d6704e0c7c65a89bca34c00d8cd31733f977731","messageTitle":"Update table of content display","messageBody":"","fileTypesAndContributionMap":{"docs":{"insertions":1,"deletions":2}}},{"hash":"4cbb178f715ae590db316b0aa2052f276d1d126b","messageTitle":"Fix button not appearing","messageBody":"","fileTypesAndContributionMap":{"docs":{"insertions":24,"deletions":20}}},{"hash":"23e3c3469a989da876c55e5a7700bc4fc9e74093","messageTitle":"Fix word limit and Detail GUI","messageBody":"","fileTypesAndContributionMap":{"functional-code":{"insertions":11,"deletions":11}}},{"hash":"f162005843f5192e37a7267cecbafca2c4b6bec3","messageTitle":"Add limit for phone and school name","messageBody":"","fileTypesAndContributionMap":{"functional-code":{"insertions":29,"deletions":7}}},{"hash":"e320690bd91b4f19baed20f748b59a08ce553d0f","messageTitle":"Add screenshot for detail command","messageBody":"","fileTypesAndContributionMap":{"docs":{"insertions":5,"deletions":1}}},{"hash":"e8cf5cf40a2451f4906af222b5e2a02f39a4dc15","messageTitle":"Update DG UI diagram and Add return button","messageBody":"","fileTypesAndContributionMap":{"docs":{"insertions":76,"deletions":94}}}]},{"date":"2021-04-12","commitResults":[{"hash":"fdc566f68af7393e4b79e34f80970ad9964ee536","messageTitle":"Update UIClassDiagram image","messageBody":"","fileTypesAndContributionMap":{"functional-code":{"insertions":1,"deletions":1},"docs":{"insertions":11,"deletions":6}}},{"hash":"11c05d63bac12b768b4b1425c5da59723e868c80","messageTitle":"Update GUI Scalability","messageBody":"","fileTypesAndContributionMap":{"functional-code":{"insertions":22,"deletions":22}}},{"hash":"0d2fb4e94051bec5a817d3892d504c2ebeaa180c","messageTitle":"Update DG","messageBody":"","fileTypesAndContributionMap":{"functional-code":{"insertions":4,"deletions":0},"other":{"insertions":20,"deletions":8},"docs":{"insertions":43,"deletions":20}}},{"hash":"7efa57d06530732f6548d354f1fbe4e0728451d4","messageTitle":"Fix UG pictures","messageBody":"","fileTypesAndContributionMap":{"functional-code":{"insertions":5,"deletions":5},"docs":{"insertions":43,"deletions":21}}},{"hash":"e1d33d69c3d24b6475f8c9ba600fb8234d544efd","messageTitle":"Add UG search command picture","messageBody":"","fileTypesAndContributionMap":{"docs":{"insertions":2,"deletions":1}}},{"hash":"0be55b75a3ad4494ce684adbfc986fc788832fa5","messageTitle":"Update PPP","messageBody":"","fileTypesAndContributionMap":{"docs":{"insertions":0,"deletions":3}}}]}],"mabel-kang":[{"date":"2021-02-23","commitResults":[{"hash":"3babc544f81f675b7be963bf07a81c17d730fbd1","messageTitle":"Add comments","messageBody":"","fileTypesAndContributionMap":{"functional-code":{"insertions":6,"deletions":0}}}]},{"date":"2021-02-27","commitResults":[{"hash":"35689a7abc55023ba0e2f565c145f46c84cfc8dc","messageTitle":"Update delete feature in UserGuide.md","messageBody":"","fileTypesAndContributionMap":{"docs":{"insertions":5,"deletions":5}}},{"hash":"59ba95052dde870383d076711e69f0d5b7f50ef8","messageTitle":"Remove comments in LogicManager.java","messageBody":"","fileTypesAndContributionMap":{"functional-code":{"insertions":0,"deletions":6}}},{"hash":"95b2a07888da30c10ee5468e8d9708b00dd6eb7e","messageTitle":"Update non-functional requirements for developer guide","messageBody":"","fileTypesAndContributionMap":{"docs":{"insertions":9,"deletions":0}}}]},{"date":"2021-03-17","commitResults":[{"hash":"0d5380a13ea520d5cb14980174e6eff3d174f7b9","messageTitle":"Modify codes and comments to match project scope, and update SearchCommandTest.java","messageBody":"","fileTypesAndContributionMap":{"functional-code":{"insertions":22,"deletions":60},"test-code":{"insertions":129,"deletions":83}}},{"hash":"41ef8ddad11061937837839b73082c72c5aeacad","messageTitle":"Update codes according to checkstyle rules","messageBody":"","fileTypesAndContributionMap":{"functional-code":{"insertions":1,"deletions":1},"test-code":{"insertions":5,"deletions":1}}}]},{"date":"2021-03-20","commitResults":[{"hash":"956a74b22bfc7ffb360b4a8dae96a4e4d618a130","messageTitle":"Add ability to store multiple lesson days and times for students","messageBody":"","fileTypesAndContributionMap":{"functional-code":{"insertions":381,"deletions":43},"test-code":{"insertions":44,"deletions":17}}},{"hash":"5d1530c37d42cd8d5b3fb3debbf36a04cedba65d","messageTitle":"Modify code according to checkstyle rules","messageBody":"","fileTypesAndContributionMap":{"functional-code":{"insertions":42,"deletions":16}}},{"hash":"1c354bd67a59f8e0d54b27341a4d49a398625123","messageTitle":"Update user guide","messageBody":"","fileTypesAndContributionMap":{"docs":{"insertions":7,"deletions":6}}},{"hash":"4dfc2f400a7ea2aacaa5c2490ef764ae3cdc1633","messageTitle":"Update messages displayed","messageBody":"","fileTypesAndContributionMap":{"functional-code":{"insertions":7,"deletions":3}}},{"hash":"94b504d308f344ab121460bf64a76427a5fea864","messageTitle":"Update json file for testing","messageBody":"","fileTypesAndContributionMap":{"test-code":{"insertions":2,"deletions":1}}},{"hash":"a64a522abe07e134cb7ab9ed7dd294c5bc65807a","messageTitle":"Update comment in ParserUtil","messageBody":"","fileTypesAndContributionMap":{"functional-code":{"insertions":1,"deletions":1}}}]},{"date":"2021-03-21","commitResults":[{"hash":"014cec6f17543237e226ab3abbf97cdf93fbdc97","messageTitle":"Add test files","messageBody":"","fileTypesAndContributionMap":{"test-code":{"insertions":116,"deletions":0}}},{"hash":"a499d3315bb0b041f430355a57d741cf5f38dabf","messageTitle":"Update tests","messageBody":"","fileTypesAndContributionMap":{"functional-code":{"insertions":3,"deletions":1},"test-code":{"insertions":115,"deletions":32}}}]},{"date":"2021-03-24","commitResults":[{"hash":"159cff6092bdaa05b62f2121677a10722b44085b","messageTitle":"Enable assertions","messageBody":"","fileTypesAndContributionMap":{"other":{"insertions":4,"deletions":0}}},{"hash":"19338b66082d5eadba30a04db377e6c57217754a","messageTitle":"Add newline at EOF","messageBody":"","fileTypesAndContributionMap":{"other":{"insertions":1,"deletions":1}}}]},{"date":"2021-03-25","commitResults":[{"hash":"dcdbb809e40b66c0b1ce8f68f48d6d02b3f86fa4","messageTitle":"Update developer guide","messageBody":"","fileTypesAndContributionMap":{"docs":{"insertions":93,"deletions":0}}}]},{"date":"2021-03-29","commitResults":[{"hash":"a048317d09f72b821ee38d13a3a2d25ce0137aec","messageTitle":"Add feature to store important dates","messageBody":"","fileTypesAndContributionMap":{"functional-code":{"insertions":1279,"deletions":35}}},{"hash":"03e76983c1e9872e3be6da9df6c34798a8993d04","messageTitle":"Update MainWindow files","messageBody":"","fileTypesAndContributionMap":{"functional-code":{"insertions":3,"deletions":10}}},{"hash":"9208a4115b2a99c95f1d292aeab7739d4ab57bb1","messageTitle":"Update userguide based on comments given","messageBody":"","fileTypesAndContributionMap":{"docs":{"insertions":16,"deletions":12}}}]},{"date":"2021-03-30","commitResults":[{"hash":"eb637616b3ce913040aa5f11604de96e5ab9b545","messageTitle":"Update tests","messageBody":"","fileTypesAndContributionMap":{"functional-code":{"insertions":78,"deletions":56},"test-code":{"insertions":208,"deletions":36}}},{"hash":"4d8e4ddaef3aa19d6e1dded4b4c81dd5e502fc91","messageTitle":"Add ability to delete date and update codes according to checkstyle","messageBody":"","fileTypesAndContributionMap":{"functional-code":{"insertions":92,"deletions":4},"test-code":{"insertions":13,"deletions":5}}},{"hash":"b634771bfecf22483b57f93b3c0944dc3a78a73b","messageTitle":"Update UserGuide","messageBody":"","fileTypesAndContributionMap":{"docs":{"insertions":28,"deletions":0}}},{"hash":"00bf3a1abda564a423443e361d573d930a920604","messageTitle":"Modify class names","messageBody":"","fileTypesAndContributionMap":{"functional-code":{"insertions":6,"deletions":19},"other":{"insertions":16,"deletions":16},"docs":{"insertions":13,"deletions":6}}},{"hash":"89075c06c00daa5a2dfb1d1d4c0a1f83e5835b57","messageTitle":"Modify code according to checkstyle","messageBody":"","fileTypesAndContributionMap":{"functional-code":{"insertions":14,"deletions":1}}},{"hash":"3775b6702af0227a9a1a4b7f59804d229bf51c68","messageTitle":"Update UserGuide","messageBody":"","fileTypesAndContributionMap":{"docs":{"insertions":2,"deletions":2}}},{"hash":"d3aba23ba3c0488d18399b53b84e243833f5855b","messageTitle":"Fix bug in input of lessons","messageBody":"","fileTypesAndContributionMap":{"functional-code":{"insertions":8,"deletions":0}}},{"hash":"7d7a6cb0cb475334aca35dfa706698f931cf0561","messageTitle":"Update ImportantDate GUI","messageBody":"","fileTypesAndContributionMap":{"functional-code":{"insertions":29,"deletions":46}}},{"hash":"4fee4775db07a5c8e3014e3f66b6a13193c8176b","messageTitle":"Modify codes according to checkstyle","messageBody":"","fileTypesAndContributionMap":{"functional-code":{"insertions":2,"deletions":4}}},{"hash":"1e3a683e7bd41e06d73bf6dea148dc4e6a819a54","messageTitle":"Update UserGuide","messageBody":"","fileTypesAndContributionMap":{"docs":{"insertions":3,"deletions":3}}}]},{"date":"2021-03-31","commitResults":[{"hash":"a9ea8afb36c9b841feee72a4f537948fb193449b","messageTitle":"Modify command word","messageBody":"","fileTypesAndContributionMap":{"functional-code":{"insertions":1,"deletions":1},"docs":{"insertions":1,"deletions":1}}},{"hash":"3f0ebc6965341a8583725ea4e746e3b82012989b","messageTitle":"Modify command word","messageBody":"","fileTypesAndContributionMap":{"docs":{"insertions":2,"deletions":2}}},{"hash":"76a5c4aaafdcc9f08175897d0c45892a3163f614","messageTitle":"Fix bugs in responsiveness","messageBody":"","fileTypesAndContributionMap":{"functional-code":{"insertions":13,"deletions":1}}},{"hash":"139a43c3c45196090c7fc4ad04c667e0ba47a5b2","messageTitle":"Modify code according to checkstyle","messageBody":"","fileTypesAndContributionMap":{"functional-code":{"insertions":2,"deletions":2}}},{"hash":"36b5b8a4b387d08e080f8407371751b9f6cfa015","messageTitle":"Update tests","messageBody":"","fileTypesAndContributionMap":{"test-code":{"insertions":4,"deletions":5}}},{"hash":"925547eb61795ac17da7d92ae5b58689634556b9","messageTitle":"Modify codes according to checkstyle","messageBody":"","fileTypesAndContributionMap":{"test-code":{"insertions":7,"deletions":2}}},{"hash":"561c59b4555078ec2f796b208bc18fa2d057fff5","messageTitle":"Fix error in important date index","messageBody":"","fileTypesAndContributionMap":{"functional-code":{"insertions":1,"deletions":1}}}]},{"date":"2021-04-02","commitResults":[{"hash":"4f69db1d17152e38906f4df3bd38a5dd6f81579d","messageTitle":"Fix bugs in responsiveness of schedule window when changing data","messageBody":"","fileTypesAndContributionMap":{"functional-code":{"insertions":135,"deletions":39},"test-code":{"insertions":13,"deletions":2}}},{"hash":"01ddf1b11b0d5f7848cdfa54aaa28695866d85c1","messageTitle":"Update UserGuide","messageBody":"","fileTypesAndContributionMap":{"docs":{"insertions":17,"deletions":10}}}]},{"date":"2021-04-06","commitResults":[{"hash":"4bbecbd24ed0160f22b1206731061c6a47d39e45","messageTitle":"Fix lesson day capitalization","messageBody":"","fileTypesAndContributionMap":{"functional-code":{"insertions":5,"deletions":5}}},{"hash":"7b1f3e9e852ef0708da0926ef1c250099581db89","messageTitle":"Modify code according to checkstyle","messageBody":"","fileTypesAndContributionMap":{"functional-code":{"insertions":5,"deletions":5}}},{"hash":"f2d8f57b071c6b141c79cd5f8610ccb2ce91704b","messageTitle":"Fix tests","messageBody":"","fileTypesAndContributionMap":{"test-code":{"insertions":11,"deletions":11}}},{"hash":"e4a4491ac23481d7c30422eddb38bfbad09f1143","messageTitle":"Fix bug in example given","messageBody":"","fileTypesAndContributionMap":{"docs":{"insertions":1,"deletions":1}}},{"hash":"b0b9309754d613dde02c266577f725a38798502f","messageTitle":"Update error messages for delete-date to make the distinction between invalid index input and index that does not exist","messageBody":"","fileTypesAndContributionMap":{"functional-code":{"insertions":3,"deletions":3}}},{"hash":"2acac34d49f406db2c17a317ae4d10902cbbe1e2","messageTitle":"Modify codes according to checkstyle","messageBody":"","fileTypesAndContributionMap":{"functional-code":{"insertions":2,"deletions":2}}},{"hash":"01560c672c4a938fd191391bbea1db700ec4e239","messageTitle":"Update error messages for delete to make the distinction between invalid index input and index that does not exist","messageBody":"","fileTypesAndContributionMap":{"functional-code":{"insertions":3,"deletions":3}}}]},{"date":"2021-04-07","commitResults":[{"hash":"f0a60a009114b69418ab2acf7eb8dec0949f5336","messageTitle":"Add test for Details and Description classes","messageBody":"","fileTypesAndContributionMap":{"test-code":{"insertions":82,"deletions":0}}},{"hash":"47e0b9f7d7a17ac74b1c25f27862185a0f2a1408","messageTitle":"Mention important dates in TutorsPet description","messageBody":"","fileTypesAndContributionMap":{"docs":{"insertions":1,"deletions":1}}},{"hash":"a28dbb3ef15f7a872f7cfd622071851f1d4de43e","messageTitle":"Update maximum valid index input to Integer.MAX_VALUE","messageBody":"","fileTypesAndContributionMap":{"docs":{"insertions":12,"deletions":13}}},{"hash":"882c02a155640383aca3820808581a6c655d00d5","messageTitle":"Update string constants","messageBody":"","fileTypesAndContributionMap":{"functional-code":{"insertions":2,"deletions":2}}},{"hash":"34f4a68303d8a7f8ef9508769b36fbaa8927b62d","messageTitle":"Remove unused string in ParserUtil","messageBody":"","fileTypesAndContributionMap":{"functional-code":{"insertions":0,"deletions":1}}},{"hash":"66618d62b3b5ef2e2d2258ed8572ac8da9471408","messageTitle":"Update string constants","messageBody":"","fileTypesAndContributionMap":{"functional-code":{"insertions":5,"deletions":2}}},{"hash":"3e172446c885d7a77b53f5bf0e7210b118d62167","messageTitle":"Add newline","messageBody":"","fileTypesAndContributionMap":{"functional-code":{"insertions":1,"deletions":0}}},{"hash":"f1534a2c94feb736a32214dfeaf8bc36e77385db","messageTitle":"Add tests related to important dates feature","messageBody":"","fileTypesAndContributionMap":{"functional-code":{"insertions":16,"deletions":1},"test-code":{"insertions":282,"deletions":0}}}]},{"date":"2021-04-08","commitResults":[{"hash":"076efbf509681bdac259e608e039f63517f8d61a","messageTitle":"Fix bugs in important dates feature","messageBody":"","fileTypesAndContributionMap":{"functional-code":{"insertions":18,"deletions":6},"docs":{"insertions":2,"deletions":0}}},{"hash":"daf385e58a5fa80ac02431c9feae24c19b564fd8","messageTitle":"Update tests","messageBody":"","fileTypesAndContributionMap":{"functional-code":{"insertions":1,"deletions":17},"test-code":{"insertions":21,"deletions":15}}},{"hash":"f44292bcf4d385f5c0841b577c5ac7dec95c27a9","messageTitle":"Fix bug regarding invalid search inputs","messageBody":"","fileTypesAndContributionMap":{"functional-code":{"insertions":40,"deletions":4},"test-code":{"insertions":7,"deletions":4}}},{"hash":"dff392d0b5b6ec67abd86d9a7caa87ee1e8e6bba","messageTitle":"Fix checkstyle","messageBody":"","fileTypesAndContributionMap":{"functional-code":{"insertions":1,"deletions":1}}}]},{"date":"2021-04-09","commitResults":[{"hash":"4f61fb72d1f3acc0becf508e946e947933a6a4f4","messageTitle":"Update developers guide for important dates feature","messageBody":"","fileTypesAndContributionMap":{"docs":{"insertions":425,"deletions":0}}},{"hash":"b0d91f1194b283fa84ca640a11c37bb298eeb422","messageTitle":"Update index.md to fit TutorsPet","messageBody":"","fileTypesAndContributionMap":{"docs":{"insertions":5,"deletions":5}}},{"hash":"2f5c9757a41183fee55729097e5840871b495e57","messageTitle":"Remove duplicate header","messageBody":"","fileTypesAndContributionMap":{"docs":{"insertions":4,"deletions":1}}}]},{"date":"2021-04-10","commitResults":[{"hash":"00ede532bd07f421068c26f05153afdd0e713d8f","messageTitle":"Add ppp","messageBody":"","fileTypesAndContributionMap":{"docs":{"insertions":56,"deletions":0}}},{"hash":"bd22d00a87c70617884e3f59ab27732419378dd4","messageTitle":"Update ppp","messageBody":"","fileTypesAndContributionMap":{"docs":{"insertions":7,"deletions":7}}},{"hash":"f1b711c7552c74484fc3b9db277d59356b2be04b","messageTitle":"Modify accepted lesson day inputs","messageBody":"","fileTypesAndContributionMap":{"docs":{"insertions":2,"deletions":2}}},{"hash":"d5ef82b29a15c827d5d33c142dd74dcad8d30b18","messageTitle":"Update edit command format to include [lv/LEVEL]","messageBody":"","fileTypesAndContributionMap":{"docs":{"insertions":1,"deletions":1}}},{"hash":"8c1e5ae48d95f74d9c08cb10ef819fc153db7cf1","messageTitle":"Modify class diagrams","messageBody":"","fileTypesAndContributionMap":{"docs":{"insertions":34,"deletions":0}}},{"hash":"12ae02f4cca6b5537e43ed19de840b5e5865d105","messageTitle":"Add [lv/LEVEL] into command summary for add and edit","messageBody":"","fileTypesAndContributionMap":{"docs":{"insertions":2,"deletions":2}}}]},{"date":"2021-04-11","commitResults":[{"hash":"8d80e29c4306d79e8c63598453a3aaa98ef3ef2f","messageTitle":"Modify the format that an important date is displayed in","messageBody":"","fileTypesAndContributionMap":{"functional-code":{"insertions":1,"deletions":1}}},{"hash":"830600e195b63e7d79436d90dede3af37a9d4c4b","messageTitle":"Fix bugs in User Guide","messageBody":"","fileTypesAndContributionMap":{"docs":{"insertions":18,"deletions":15}}},{"hash":"9c7226e2ecb0c8320e4befddd2c1d8d9e95892c2","messageTitle":"Add screenshots","messageBody":"","fileTypesAndContributionMap":{"docs":{"insertions":12,"deletions":2}}},{"hash":"dd17f6a7dd25275a12178b3d10f28a7ea3e23f1e","messageTitle":"Fix responsiveness of detail box","messageBody":"","fileTypesAndContributionMap":{"functional-code":{"insertions":3,"deletions":0}}},{"hash":"8988015ab694ea384a674e0dc9479be1be778eb6","messageTitle":"Add use cases","messageBody":"","fileTypesAndContributionMap":{"docs":{"insertions":63,"deletions":0}}},{"hash":"4248d298c85a17a85343bf6c44bd64e0da80963e","messageTitle":"Replace instances of TutorPets with TutorsPet","messageBody":"","fileTypesAndContributionMap":{"docs":{"insertions":16,"deletions":16}}},{"hash":"09d58321d853ca674ba2b20b545de46e9c621fbd","messageTitle":"Add test cases","messageBody":"","fileTypesAndContributionMap":{"docs":{"insertions":50,"deletions":4}}},{"hash":"50f9fad3c0ac7247588e10cc44857f8420410d45","messageTitle":"Fix table of contents","messageBody":"","fileTypesAndContributionMap":{"docs":{"insertions":1,"deletions":0}}},{"hash":"642d2a836f7fa961045f374d74e81d2216127127","messageTitle":"Fix table of contents","messageBody":"","fileTypesAndContributionMap":{"docs":{"insertions":1,"deletions":1}}},{"hash":"dd062cc0318e085aa302bb0f43490da663d082b4","messageTitle":"Fix table of contents","messageBody":"","fileTypesAndContributionMap":{"docs":{"insertions":2,"deletions":2}}},{"hash":"ba59c6118f18d3c2dd2410e28658cf65d4d1003d","messageTitle":"Fix formatting","messageBody":"","fileTypesAndContributionMap":{"docs":{"insertions":1,"deletions":1}}},{"hash":"d1bd0122f92f66f3c095af3ab13400ffcfb9bd8c","messageTitle":"Update ppp","messageBody":"","fileTypesAndContributionMap":{"docs":{"insertions":13,"deletions":11}}},{"hash":"ecc72f3adcb5b60bd86c2b30bc7dc14e73b9f664","messageTitle":"Add EOF","messageBody":"","fileTypesAndContributionMap":{"docs":{"insertions":0,"deletions":1}}},{"hash":"cd3f5f3057680c433e501e30f76d1856a1c17b2c","messageTitle":"Make lesson day input case insensitive","messageBody":"","fileTypesAndContributionMap":{"functional-code":{"insertions":5,"deletions":5},"test-code":{"insertions":2,"deletions":2}}},{"hash":"15d5f559c72c0c14860b4d416c7b9073508162ad","messageTitle":"Fix bug in checking for the same important date description, make description case-insensitive","messageBody":"","fileTypesAndContributionMap":{"functional-code":{"insertions":1,"deletions":1},"test-code":{"insertions":2,"deletions":2}}},{"hash":"4cac384c4c3f1ded0d28af2e5a6b44c9bf1a26ab","messageTitle":"Modify comments","messageBody":"","fileTypesAndContributionMap":{"functional-code":{"insertions":5,"deletions":5},"test-code":{"insertions":2,"deletions":2}}},{"hash":"c900eb7b06479b3360dbfe76d6939205a4b967da","messageTitle":"Modify design considerations","messageBody":"","fileTypesAndContributionMap":{"docs":{"insertions":7,"deletions":7}}}]},{"date":"2021-04-12","commitResults":[{"hash":"0a01779b858b1f95b1a22931bb568916ffb8d29b","messageTitle":"Update dg","messageBody":"","fileTypesAndContributionMap":{"docs":{"insertions":25,"deletions":13}}},{"hash":"67ece33472af416f02ba7a872bbde97b21e6fc30","messageTitle":"Update diagram for add-date","messageBody":"","fileTypesAndContributionMap":{"docs":{"insertions":45,"deletions":31}}},{"hash":"9275e74b92c275ec70fed8fc50b270a1c61bc0fc","messageTitle":"Modify diagrams and implementation","messageBody":"","fileTypesAndContributionMap":{"docs":{"insertions":186,"deletions":65}}},{"hash":"4a78e198f6487737d190ddce6e48bca0d89f96bd","messageTitle":"Add EOF","messageBody":"","fileTypesAndContributionMap":{"docs":{"insertions":4,"deletions":6}}},{"hash":"d5e7f1a4d31d27911b73cd86596e509baedaf8d9","messageTitle":"Fix comments and package naming","messageBody":"","fileTypesAndContributionMap":{"functional-code":{"insertions":109,"deletions":85},"other":{"insertions":14,"deletions":13},"docs":{"insertions":1,"deletions":1}}},{"hash":"acf7f1b7b25bdadfb3cb73b575727ca8da0c8348","messageTitle":"Update UML diagrams","messageBody":"","fileTypesAndContributionMap":{"docs":{"insertions":34,"deletions":26}}},{"hash":"e90f422bbeb435038e8170589ffc75786c336474","messageTitle":"Update user stories and design requirements","messageBody":"","fileTypesAndContributionMap":{"docs":{"insertions":21,"deletions":17}}},{"hash":"bf6be64850e17b10ea9841ae7bcb8f8822b500a9","messageTitle":"Add ppp link","messageBody":"","fileTypesAndContributionMap":{"docs":{"insertions":2,"deletions":0}}},{"hash":"5f2fb8f81224cb71c194f841a5f30f4ad0c86a74","messageTitle":"Update ppp","messageBody":"","fileTypesAndContributionMap":{"docs":{"insertions":1,"deletions":1}}},{"hash":"8932e086345b44bf616c639b766f1656c9b7a5a4","messageTitle":"Add ppp links","messageBody":"","fileTypesAndContributionMap":{"docs":{"insertions":4,"deletions":6}}},{"hash":"1a8115d1f9b04fe2fccf46233eafd0a16fa030b6","messageTitle":"Update ppp","messageBody":"","fileTypesAndContributionMap":{"docs":{"insertions":0,"deletions":1}}},{"hash":"9cd86b8de750c796324ba9a54cd44b691f9a8042","messageTitle":"Update dg","messageBody":"","fileTypesAndContributionMap":{"docs":{"insertions":14,"deletions":20}}},{"hash":"7e98a2888bfcca209185b327cfce0053298e7082","messageTitle":"Update dg","messageBody":"","fileTypesAndContributionMap":{"docs":{"insertions":9,"deletions":3}}},{"hash":"712d105853eb838bc7fd0ab38de260c833b3ee47","messageTitle":"Update ug","messageBody":"","fileTypesAndContributionMap":{"docs":{"insertions":4,"deletions":7}}},{"hash":"b0f7140e3f021473d30442d0eda7d32f45d579f7","messageTitle":"Update RepoSense link","messageBody":"","fileTypesAndContributionMap":{"docs":{"insertions":1,"deletions":1}}}]},{"date":"2021-04-16","commitResults":[{"hash":"43a7413426d881e2111b1f8438e188aafd950278","messageTitle":"Add page breaks","messageBody":"","fileTypesAndContributionMap":{"docs":{"insertions":24,"deletions":2}}},{"hash":"ac3f4c511163a3b648f97328179d8d9a6e3cda3e","messageTitle":"Update page breaks and image","messageBody":"","fileTypesAndContributionMap":{"docs":{"insertions":21,"deletions":2}}},{"hash":"7d18464d26ffcb71582a8f6c7d951c3d24ad829c","messageTitle":"Update page breaks","messageBody":"","fileTypesAndContributionMap":{"docs":{"insertions":8,"deletions":9}}},{"hash":"6cdec74174529a7b3027a3ef6a3d5eb495f3ff4a","messageTitle":"Update page breaks","messageBody":"","fileTypesAndContributionMap":{"docs":{"insertions":2,"deletions":0}}}]}],"andrea-twl":[{"date":"2021-03-02","commitResults":[{"hash":"e78a4975880c16677156016e4dbbba52dd47c98d","messageTitle":"Developer\u0027s guide - user stories","messageBody":"","fileTypesAndContributionMap":{"docs":{"insertions":18,"deletions":15}}},{"hash":"a0e3c6f570c45b9bf2f00ea362e7ace66c4417cc","messageTitle":"more DG user story edits","messageBody":"","fileTypesAndContributionMap":{"docs":{"insertions":1,"deletions":1}}}]},{"date":"2021-03-17","commitResults":[{"hash":"22981a8b8c70f90c6fe0a642f699a0a9c30bf91b","messageTitle":"Update edit command","messageBody":"","fileTypesAndContributionMap":{"functional-code":{"insertions":8,"deletions":1},"test-code":{"insertions":24,"deletions":0}}}]},{"date":"2021-03-18","commitResults":[{"hash":"ec79b574004adad310c51752aae4ca534f5f30c2","messageTitle":"Revert \"Update edit command\"","messageBody":"","fileTypesAndContributionMap":{"functional-code":{"insertions":1,"deletions":8},"test-code":{"insertions":0,"deletions":24}}}]},{"date":"2021-03-19","commitResults":[{"hash":"9ed7ec0394ca2842e4859b995cc7886edfd9c0a6","messageTitle":"Update displayed text in EditCommand, added test in EditCommandTest","messageBody":"","fileTypesAndContributionMap":{"functional-code":{"insertions":4,"deletions":0},"test-code":{"insertions":23,"deletions":0}}}]},{"date":"2021-03-24","commitResults":[{"hash":"a58fa42f6ada221d50660eb2dac575a4ec384466","messageTitle":"sort command works by invoking getFilteredPersonList()","messageBody":"","fileTypesAndContributionMap":{"functional-code":{"insertions":265,"deletions":13}}}]},{"date":"2021-03-25","commitResults":[{"hash":"e5a594af06687fa18b867bd2eca180def713653d","messageTitle":"Added transformedPersons list","messageBody":"","fileTypesAndContributionMap":{"functional-code":{"insertions":20,"deletions":7},"other":{"insertions":4,"deletions":0}}},{"hash":"49eccc20473d9362ed7f01ef4f2d6a8e145abe8a","messageTitle":"Replaced getFilteredPersonList with getTransformedPersonList as the default","messageBody":"","fileTypesAndContributionMap":{"functional-code":{"insertions":10,"deletions":3}}},{"hash":"7c7da736f2aacf3f8aed7baa59cc8eaf1310346f","messageTitle":"Checkstyle and added filterThenSortPersonList","messageBody":"","fileTypesAndContributionMap":{"functional-code":{"insertions":100,"deletions":56},"test-code":{"insertions":21,"deletions":0}}}]},{"date":"2021-03-26","commitResults":[{"hash":"d00d4320ae1fe1a9648277c7f0cf8cea565596c5","messageTitle":"Revert \"Add sort by lesson v1.3\"","messageBody":"","fileTypesAndContributionMap":{"functional-code":{"insertions":7,"deletions":318},"other":{"insertions":0,"deletions":4},"test-code":{"insertions":0,"deletions":21}}},{"hash":"70ba8da4643a4f74b7ee92ff76c52c4127d31e3c","messageTitle":"added sorting by lesson command","messageBody":"","fileTypesAndContributionMap":{"functional-code":{"insertions":315,"deletions":6},"test-code":{"insertions":22,"deletions":0}}}]},{"date":"2021-03-29","commitResults":[{"hash":"6142350765eba3e052334bb6fdeac6c823d470e2","messageTitle":"update delete and search","messageBody":"","fileTypesAndContributionMap":{"docs":{"insertions":3,"deletions":1}}},{"hash":"fc2ed34505cecfec9b28c5597d7f1627a0612110","messageTitle":"fixed issues","messageBody":"","fileTypesAndContributionMap":{"docs":{"insertions":3,"deletions":2}}}]},{"date":"2021-03-31","commitResults":[{"hash":"a937e2e4e5702c7a19898e93f2e8552c3d73a3cc","messageTitle":"Added sort by name, school, tag and lesson","messageBody":"","fileTypesAndContributionMap":{"functional-code":{"insertions":258,"deletions":19},"other":{"insertions":16,"deletions":8},"test-code":{"insertions":6,"deletions":5}}},{"hash":"67c4221f9d29f00b7fe0a715e9561a62ce2076b9","messageTitle":"Change to include optional","messageBody":"","fileTypesAndContributionMap":{"functional-code":{"insertions":8,"deletions":3}}},{"hash":"b237ebbe5952b453bd338977fb142b9daa4ebfdd","messageTitle":"checkstyle","messageBody":"","fileTypesAndContributionMap":{"functional-code":{"insertions":0,"deletions":3}}},{"hash":"26734883744d0c3412e2b0455cb8db24daaa2438","messageTitle":"added sorting features for ImportantDate","messageBody":"","fileTypesAndContributionMap":{"functional-code":{"insertions":36,"deletions":10}}},{"hash":"117c93c8e92acc64058320c9e7753adf0d6b7792","messageTitle":"checkstyle","messageBody":"","fileTypesAndContributionMap":{"functional-code":{"insertions":0,"deletions":1}}},{"hash":"08133ad0f5891ac5567e0178063bb42fd2555c93","messageTitle":"update soritng","messageBody":"","fileTypesAndContributionMap":{"docs":{"insertions":5,"deletions":0}}}]},{"date":"2021-04-01","commitResults":[{"hash":"83e4f9c500d64b33348ba92f0f40dc9aed1bc82d","messageTitle":"Revert \"Revert \"update soritng\"\"","messageBody":"","fileTypesAndContributionMap":{"docs":{"insertions":5,"deletions":0}}},{"hash":"8133e53aec137288a2ae061f6fefdef554bece42","messageTitle":"Added sorting for schedule","messageBody":"","fileTypesAndContributionMap":{"functional-code":{"insertions":91,"deletions":32}}},{"hash":"05aea819ef9f638cf7a9a14dc83eda21d14e7103","messageTitle":"checkstyle","messageBody":"","fileTypesAndContributionMap":{"functional-code":{"insertions":5,"deletions":34},"test-code":{"insertions":7,"deletions":0}}},{"hash":"0647c8eec6e2cc19a82aa196b8e211ee066a82ff","messageTitle":"added level field","messageBody":"","fileTypesAndContributionMap":{"functional-code":{"insertions":222,"deletions":11},"test-code":{"insertions":54,"deletions":20}}},{"hash":"ca6209d0acf309ad9ba1111a6934e18e2b2e2d95","messageTitle":"fixed tests","messageBody":"","fileTypesAndContributionMap":{"functional-code":{"insertions":5,"deletions":5},"test-code":{"insertions":30,"deletions":16}}},{"hash":"293c7ad7233be83dfb2035234c456d90dd931ffa","messageTitle":"checkstyle","messageBody":"","fileTypesAndContributionMap":{"functional-code":{"insertions":0,"deletions":2},"test-code":{"insertions":14,"deletions":6}}},{"hash":"82506a511616d5485d4ee37319f2188d231f6f39","messageTitle":"Update TypicalPersons.java","messageBody":"","fileTypesAndContributionMap":{"test-code":{"insertions":1,"deletions":1}}},{"hash":"a4205995646d6aae43e77b9dda0cdc0d2585a3d5","messageTitle":"checkstyle","messageBody":"","fileTypesAndContributionMap":{"test-code":{"insertions":2,"deletions":2}}},{"hash":"0a3ea5bbb553f73507f2b3c796097d392e91dcaf","messageTitle":"checkstyle","messageBody":"","fileTypesAndContributionMap":{"test-code":{"insertions":3,"deletions":3}}},{"hash":"2d9d7ba52a5c9a450baec4cd9d547a5235c5408e","messageTitle":"Update SampleDataUtil.java","messageBody":"","tags":["v1.3"],"fileTypesAndContributionMap":{"functional-code":{"insertions":1,"deletions":1}}},{"hash":"824a4b45379d15b5fdf03f97df8d9f08a335245c","messageTitle":"added general levelup and leveldown commands","messageBody":"","fileTypesAndContributionMap":{"functional-code":{"insertions":287,"deletions":8},"test-code":{"insertions":8,"deletions":2}}}]},{"date":"2021-04-02","commitResults":[{"hash":"d0f0a3d4f06ef63e8e102419915c9d05556e460c","messageTitle":"LevelUpCommand accepts exclusions","messageBody":"","fileTypesAndContributionMap":{"functional-code":{"insertions":198,"deletions":37}}},{"hash":"7c4fbaa34273c674fd0ace7c055c4a0d55eb0355","messageTitle":"LevelDown command accepts exclusions","messageBody":"","fileTypesAndContributionMap":{"functional-code":{"insertions":90,"deletions":60}}},{"hash":"27c84e78b904f0c71ba44c6d210301429a23cffe","messageTitle":"checkstyle","messageBody":"","fileTypesAndContributionMap":{"functional-code":{"insertions":35,"deletions":27},"test-code":{"insertions":7,"deletions":0}}},{"hash":"5276492c32486d45173d2976d91d1d27ff34976f","messageTitle":"Update ModelManager.java","messageBody":"","fileTypesAndContributionMap":{"functional-code":{"insertions":1,"deletions":1}}},{"hash":"65725dd5c65bc50ba635c383900c3e102260ecc8","messageTitle":"updated sort, level up and level down","messageBody":"","fileTypesAndContributionMap":{"docs":{"insertions":71,"deletions":6}}},{"hash":"8b6bdc38953bade5b811a7c37c6dc07dcfa17795","messageTitle":"Revert \"updated sort, level up and level down\"","messageBody":"","fileTypesAndContributionMap":{"docs":{"insertions":6,"deletions":71}}},{"hash":"9bf163b4cde1f2bb5b01edf8fce736ccd4e91bb2","messageTitle":"Revert \"Revert \"updated sort, level up and level down\"\"","messageBody":"","fileTypesAndContributionMap":{"docs":{"insertions":71,"deletions":6}}}]},{"date":"2021-04-06","commitResults":[{"hash":"794cdc0e8ddcb40bb30c302f47b752ff9358f34a","messageTitle":"Fixed bugs in sort message and UG (sort and start guide)","messageBody":"","fileTypesAndContributionMap":{"functional-code":{"insertions":3,"deletions":3},"docs":{"insertions":4,"deletions":2}}},{"hash":"d161cbc998954911772007e65154cdbeac139707","messageTitle":"edited subject and level","messageBody":"","fileTypesAndContributionMap":{"docs":{"insertions":14,"deletions":8}}}]},{"date":"2021-04-07","commitResults":[{"hash":"3706940938307e56d10db2ec244f0bd3ab06cf91","messageTitle":"added field format summary table","messageBody":"","fileTypesAndContributionMap":{"docs":{"insertions":31,"deletions":22}}},{"hash":"1e4c3c142c4e880c4d88ded19a05270e0e058f6e","messageTitle":"added page anchor for field summary","messageBody":"","fileTypesAndContributionMap":{"docs":{"insertions":4,"deletions":4}}},{"hash":"31bfb24f27b5b502fb8e479cd3c481cc97fabec3","messageTitle":"clarified level","messageBody":"","fileTypesAndContributionMap":{"docs":{"insertions":4,"deletions":4}}},{"hash":"46aa10d3402e2772130b4af78eb95d2c78a62c57","messageTitle":"Update UserGuide.md","messageBody":"","fileTypesAndContributionMap":{"docs":{"insertions":7,"deletions":0}}}]},{"date":"2021-04-08","commitResults":[{"hash":"6a9e84b63fe0313cbc6d54623d6e91af7860431f","messageTitle":"fix levelup and down messages, added invalid index message","messageBody":"","fileTypesAndContributionMap":{"functional-code":{"insertions":34,"deletions":13},"docs":{"insertions":16,"deletions":9}}},{"hash":"dc4292898ecb03efcad74d7957d621d1e75bd128","messageTitle":"edit invalid index messages","messageBody":"","fileTypesAndContributionMap":{"functional-code":{"insertions":5,"deletions":18}}},{"hash":"1b349be6be0f318984361ee1f714f15964340f22","messageTitle":"checkstyle","messageBody":"","fileTypesAndContributionMap":{"functional-code":{"insertions":4,"deletions":8}}},{"hash":"13e49247a24c2ff7bdff8ea97220ed18aa6ac012","messageTitle":"Update LevelDownCommand.java","messageBody":"","fileTypesAndContributionMap":{"functional-code":{"insertions":2,"deletions":1}}},{"hash":"02c22e7a0b90f113c2b43146586b9262952dd007","messageTitle":"Update LevelUpCommand.java","messageBody":"","fileTypesAndContributionMap":{"functional-code":{"insertions":2,"deletions":1}}},{"hash":"b94702acd6b29db12bb064f023b39e20b11f4e08","messageTitle":"Update DeleteDateCommandParser.java","messageBody":"","fileTypesAndContributionMap":{"functional-code":{"insertions":0,"deletions":2}}},{"hash":"ac77acd82eb2475f07c248661f8d088f57ffb7e2","messageTitle":"Update DetailCommandParser.java","messageBody":"","fileTypesAndContributionMap":{"functional-code":{"insertions":0,"deletions":2}}},{"hash":"c77a9d40b06b801b973e507c412bb6e7a9c48da8","messageTitle":"Update EditCommandParser.java","messageBody":"","fileTypesAndContributionMap":{"functional-code":{"insertions":0,"deletions":1}}},{"hash":"711b83d960a36f175238140945acca17a680a39e","messageTitle":"Update UserGuide.md","messageBody":"","fileTypesAndContributionMap":{"docs":{"insertions":1,"deletions":1}}},{"hash":"e1558a4364222fbbfa882cb4ffdd36443241a488","messageTitle":"Update LevelUpCommand.java","messageBody":"","fileTypesAndContributionMap":{"functional-code":{"insertions":1,"deletions":1}}},{"hash":"10f47b43819c4c4b74eb02132005db05f26fac98","messageTitle":"Update LevelDownCommand.java","messageBody":"","fileTypesAndContributionMap":{"functional-code":{"insertions":1,"deletions":1}}},{"hash":"820b8febaa0adae6248f6c0850b086e0091fa146","messageTitle":"Update LevelUpCommandParser.java","messageBody":"","fileTypesAndContributionMap":{"functional-code":{"insertions":0,"deletions":1}}},{"hash":"fb5d36123f7b87fed881fc3054f7c9092b6a0ae1","messageTitle":"fix test","messageBody":"","fileTypesAndContributionMap":{"functional-code":{"insertions":1,"deletions":2},"test-code":{"insertions":10,"deletions":7}}},{"hash":"0ca5b17e64a4ea3ecd9458f69d9261ec13074a14","messageTitle":"checkstyle","messageBody":"","fileTypesAndContributionMap":{"test-code":{"insertions":0,"deletions":1}}},{"hash":"ed0e35948259933d4d31f375c0b7d0c0a8615d08","messageTitle":"added level gui, not done yet","messageBody":"","fileTypesAndContributionMap":{"functional-code":{"insertions":29,"deletions":11}}}]},{"date":"2021-04-09","commitResults":[{"hash":"abf02c0d89ec723d985879670a97ef772cf1fa23","messageTitle":"edit detail gui","messageBody":"","fileTypesAndContributionMap":{"functional-code":{"insertions":48,"deletions":34}}},{"hash":"ff077520d41b866c9d8a151b0dcc77f1fbdce15a","messageTitle":"updated profile pic and tweak layout","messageBody":"","fileTypesAndContributionMap":{"functional-code":{"insertions":20,"deletions":20}}},{"hash":"3111aed0fce7e24cb7b480a445e236551dd1ef35","messageTitle":"added full level method","messageBody":"","fileTypesAndContributionMap":{"functional-code":{"insertions":45,"deletions":1}}},{"hash":"bb631cfc46798345b8db288eb6a726ab67c147e3","messageTitle":"bug fix","messageBody":"","fileTypesAndContributionMap":{"functional-code":{"insertions":4,"deletions":1}}},{"hash":"f6392f234e57cdd844767aa3c3a7a59e8a3b9ed1","messageTitle":"checkstyle","messageBody":"","fileTypesAndContributionMap":{"functional-code":{"insertions":4,"deletions":4}}},{"hash":"26bd4d308cb2d9729cf7b52f249882ef1e0c7742","messageTitle":"edit display of details, change \"graduated\" to \"grad\"","messageBody":"","fileTypesAndContributionMap":{"functional-code":{"insertions":45,"deletions":67},"docs":{"insertions":13,"deletions":11}}}]},{"date":"2021-04-10","commitResults":[{"hash":"e566d7f9914c90aa11d0e2b4a048de2be1acad24","messageTitle":"fix last prefix, other UG bugs","messageBody":"","fileTypesAndContributionMap":{"functional-code":{"insertions":21,"deletions":8},"docs":{"insertions":20,"deletions":15}}},{"hash":"2a1e3a57e329f94b0c8357e0d7628ff4acdd2203","messageTitle":"checkstyle","messageBody":"","fileTypesAndContributionMap":{"functional-code":{"insertions":2,"deletions":9}}},{"hash":"2daf892707baf98ac75b6503d72f613f4fd57c5a","messageTitle":"Added documentation for levelup, leveldown and sort","messageBody":"","fileTypesAndContributionMap":{"functional-code":{"insertions":8,"deletions":9},"docs":{"insertions":449,"deletions":2}}},{"hash":"c9b38a4e9c11d88b2dcdf1a5a58a05abafbc69cd","messageTitle":"update leveldown design considerations","messageBody":"","fileTypesAndContributionMap":{"docs":{"insertions":8,"deletions":9}}}]},{"date":"2021-04-11","commitResults":[{"hash":"168cb8df299ffb09c5e9d3b6c86db76b47f58cbb","messageTitle":"all parameters take in last prefix. fix some sp error","messageBody":"","fileTypesAndContributionMap":{"functional-code":{"insertions":4,"deletions":4}}},{"hash":"bf3573bd2c829bac453b5ac16af4f38e45578124","messageTitle":"added subject, change lv to case insensitive","messageBody":"","fileTypesAndContributionMap":{"functional-code":{"insertions":5,"deletions":2},"docs":{"insertions":6,"deletions":6}}},{"hash":"befb88d8738d198ba8cf5295ab52694c57c685be","messageTitle":"fixed image","messageBody":"","fileTypesAndContributionMap":{"docs":{"insertions":4,"deletions":4}}}]},{"date":"2021-04-12","commitResults":[{"hash":"f54f66e947a267dd1b67b7672f717701ab2e16d0","messageTitle":"added sort and levelup/down use cases","messageBody":"","fileTypesAndContributionMap":{"docs":{"insertions":96,"deletions":27}}},{"hash":"95109b7b39d8f6c4c9e8b04afd9244c3212853e0","messageTitle":"Add glossary, add example screenshots, fix bugs","messageBody":"","fileTypesAndContributionMap":{"docs":{"insertions":90,"deletions":62}}},{"hash":"92db82fed60ea4318164b9f2f8cbae447dd2144e","messageTitle":"Update UserGuide.md","messageBody":"","fileTypesAndContributionMap":{"docs":{"insertions":2,"deletions":1}}},{"hash":"721da75c5311aa3f568f7d352331e396b2ac93e6","messageTitle":"bug fixes in sort, levelup and leveldown","messageBody":"","fileTypesAndContributionMap":{"docs":{"insertions":110,"deletions":41}}},{"hash":"58c2fcecd4c1efe5936672c5f733bb1c5dfe6717","messageTitle":"resolve conlfict","messageBody":"","fileTypesAndContributionMap":{"docs":{"insertions":4,"deletions":7}}},{"hash":"570c9c90e302761e4fa0e9aa34a88a88a09bd8c5","messageTitle":"Revert \"bug fixes in sort, levelup and leveldown\"","messageBody":"","fileTypesAndContributionMap":{"docs":{"insertions":40,"deletions":104}}},{"hash":"417ee995e107903a7bf938cbb6f89f93153966c3","messageTitle":"Update ModelClassDiagram.puml","messageBody":"","fileTypesAndContributionMap":{"docs":{"insertions":2,"deletions":0}}},{"hash":"96aa6a3a1b339fa3646aa4be95beaeff179a529c","messageTitle":"Revert \"Revert \"bug fixes in sort, levelup and leveldown\"\"","messageBody":"","fileTypesAndContributionMap":{"docs":{"insertions":104,"deletions":42}}},{"hash":"e0b082204975d798c64be575d2d32f8e1bf34309","messageTitle":"Update ModelClassDiagram.puml","messageBody":"","fileTypesAndContributionMap":{"docs":{"insertions":2,"deletions":1}}},{"hash":"2e8be7b42a201133d6545196e4faece351457a51","messageTitle":"product desc","messageBody":"","fileTypesAndContributionMap":{"docs":{"insertions":6,"deletions":0}}},{"hash":"ea609db6169e8625755cb333cdb9cfe0d65b0bde","messageTitle":"PPP","messageBody":"","fileTypesAndContributionMap":{"docs":{"insertions":44,"deletions":1}}},{"hash":"0c17cc248d1d67708e32f3d54b607869f946cde1","messageTitle":"update about us, fix DG diag","messageBody":"","fileTypesAndContributionMap":{"docs":{"insertions":4,"deletions":4}}},{"hash":"8ad773ef66c6a4326d1f6abe2f7d81800cd0d30d","messageTitle":"fix pics","messageBody":"","fileTypesAndContributionMap":{"docs":{"insertions":4,"deletions":5}}},{"hash":"c1b6f89e351d76e992c96cf15a45179cad7133cc","messageTitle":"Revert \"fix pics\"","messageBody":"","fileTypesAndContributionMap":{"docs":{"insertions":5,"deletions":4}}},{"hash":"7dd887803674a47fb3ac0db5aa2bec5d48f1eb1f","messageTitle":"correct link","messageBody":"","fileTypesAndContributionMap":{"docs":{"insertions":1,"deletions":1}}},{"hash":"220084d1a62c79d4b065fe13d6f1605e2a28e4a8","messageTitle":"bugfix","messageBody":"","fileTypesAndContributionMap":{"docs":{"insertions":6,"deletions":6}}},{"hash":"7951290de0bd24013607b4df124c9ad6e586800f","messageTitle":"fix","messageBody":"","fileTypesAndContributionMap":{"docs":{"insertions":1,"deletions":1}}}]},{"date":"2021-04-15","commitResults":[{"hash":"29d3500472d002c872100e64f088e81f06f96b19","messageTitle":"restore changes to UG","messageBody":"","fileTypesAndContributionMap":{"docs":{"insertions":80,"deletions":78}}},{"hash":"73ef9381afce20a98bddbd1483314a4e66df6a8a","messageTitle":"eof line","messageBody":"","fileTypesAndContributionMap":{"docs":{"insertions":1,"deletions":1}}},{"hash":"7f9c876c735d113b16521744432d60a7f4240005","messageTitle":"fix grammar","messageBody":"","fileTypesAndContributionMap":{"docs":{"insertions":19,"deletions":19}}}]}],"sylviaokt":[{"date":"2021-02-26","commitResults":[{"hash":"7b71533f55f00c429db4b8ea8503780499d421b2","messageTitle":"Update search feature using name in user guide","messageBody":"","fileTypesAndContributionMap":{"docs":{"insertions":22,"deletions":0}}}]},{"date":"2021-02-28","commitResults":[{"hash":"a5f4adfa2146d3e80a3f8784ae72304c3131bf65","messageTitle":"Update glossary for developer guide","messageBody":"","fileTypesAndContributionMap":{"docs":{"insertions":2,"deletions":0}}},{"hash":"747e41bb6d1f7b23f626886bf4ff9f3a75dddf77","messageTitle":"Update about us page","messageBody":"","fileTypesAndContributionMap":{"docs":{"insertions":27,"deletions":35}}}]},{"date":"2021-03-03","commitResults":[{"hash":"fe5d0857c8874dcd5b8ce57aafe5797a868fbd30","messageTitle":"Update user guide to remove any AB3 traces","messageBody":"","fileTypesAndContributionMap":{"docs":{"insertions":4,"deletions":5}}}]},{"date":"2021-03-15","commitResults":[{"hash":"96dd7cdd8b1087ad5b0338c47b71ebcd3fe2b723","messageTitle":"Remove FindCommand","messageBody":"","fileTypesAndContributionMap":{"functional-code":{"insertions":0,"deletions":33},"test-code":{"insertions":0,"deletions":34}}},{"hash":"248f2158e4c3e6f9cfc63ee845286b44fc83f014","messageTitle":"Update Search feature for v1.2","messageBody":"","fileTypesAndContributionMap":{"functional-code":{"insertions":90,"deletions":13},"test-code":{"insertions":40,"deletions":6}}}]},{"date":"2021-03-16","commitResults":[{"hash":"7c95e7bab3227e77ee75f2c0beecac987075fa7e","messageTitle":"Update search feature for v1.2","messageBody":"Changed the implementation for the search feature\nsuch that the keywords for name will only be matched\nto name, and the keywords for school will only be matched\nto school.\n","fileTypesAndContributionMap":{"functional-code":{"insertions":32,"deletions":13},"test-code":{"insertions":10,"deletions":6}}}]},{"date":"2021-03-17","commitResults":[{"hash":"8ab4c75bd3c2cce3c05c9dc387f427fc2fbdce3a","messageTitle":"Update general search functionality","messageBody":"","fileTypesAndContributionMap":{"docs":{"insertions":5,"deletions":6}}},{"hash":"3cd9eaa493c9d8d0789db257177c897769f3af60","messageTitle":"Update search test","messageBody":"","fileTypesAndContributionMap":{"test-code":{"insertions":14,"deletions":2}}}]},{"date":"2021-03-18","commitResults":[{"hash":"ec892e4ca20590a3d914f6d0fff05485444c957e","messageTitle":"Revert \"Update search test\"","messageBody":"","fileTypesAndContributionMap":{"test-code":{"insertions":2,"deletions":14}}}]},{"date":"2021-03-19","commitResults":[{"hash":"a09be036b349947d8a7c2a8818b7e3924dc09787","messageTitle":"Update search test","messageBody":"","fileTypesAndContributionMap":{"test-code":{"insertions":14,"deletions":2}}}]},{"date":"2021-03-23","commitResults":[{"hash":"3f84347b648ddf35e0bd50fef445b06b047f07e6","messageTitle":"Add search by tag","messageBody":"","fileTypesAndContributionMap":{"functional-code":{"insertions":68,"deletions":18},"test-code":{"insertions":21,"deletions":9}}},{"hash":"f5002314caaade826e271638cbdd3340f8b8ddce","messageTitle":"Update search feature in user guide","messageBody":"","fileTypesAndContributionMap":{"docs":{"insertions":6,"deletions":45}}},{"hash":"8b5980a608e4b0339080f71d749107375016cde9","messageTitle":"Add test for search by tag","messageBody":"","fileTypesAndContributionMap":{"test-code":{"insertions":13,"deletions":1}}}]},{"date":"2021-03-24","commitResults":[{"hash":"0a2edff2051142bf945649635e2f6d0238dda750","messageTitle":"Add GUI for schedule","messageBody":"","fileTypesAndContributionMap":{"functional-code":{"insertions":259,"deletions":0}}}]},{"date":"2021-03-25","commitResults":[{"hash":"c5cc80c9d6aa95eeb189619694047bdc4e7b0277","messageTitle":"Update details for build","messageBody":"","fileTypesAndContributionMap":{"functional-code":{"insertions":1,"deletions":1},"other":{"insertions":1,"deletions":1}}},{"hash":"7613360fcbc27d6716c150f3e0c8d684a63a762e","messageTitle":"Rename NameSchoolAndTagContainsKeywordsPredicate","messageBody":"","fileTypesAndContributionMap":{"functional-code":{"insertions":2,"deletions":2},"other":{"insertions":7,"deletions":7},"test-code":{"insertions":16,"deletions":16}}},{"hash":"e5723880527c25c525a719f4987df24ff639d1fd","messageTitle":"Update implementation of search feature in DG","messageBody":"","fileTypesAndContributionMap":{"docs":{"insertions":52,"deletions":0}}},{"hash":"524e6ec6d62f02087f8943b6d8912556b691b272","messageTitle":"Update diagrams for search feature in DG","messageBody":"","fileTypesAndContributionMap":{"docs":{"insertions":106,"deletions":2}}},{"hash":"85d8f629e54334dd39ce12e374095c1797ff5c9b","messageTitle":"Update design considerations","messageBody":"","fileTypesAndContributionMap":{"docs":{"insertions":14,"deletions":5}}},{"hash":"21d021705bd049c876d417b57949315643a5bf1d","messageTitle":"Add assertion","messageBody":"","fileTypesAndContributionMap":{"functional-code":{"insertions":1,"deletions":0}}}]},{"date":"2021-03-30","commitResults":[{"hash":"760ceb06d2f94d555331d6c16544be8b349f2eaa","messageTitle":"Add schedule command","messageBody":"","fileTypesAndContributionMap":{"functional-code":{"insertions":45,"deletions":9}}},{"hash":"5bc105bd3ddf634747aa2ac43991d4fc65856cd5","messageTitle":"Add schedule test","messageBody":"","fileTypesAndContributionMap":{"test-code":{"insertions":33,"deletions":7}}},{"hash":"9e75f877c23d30e10e4256194ea7b4f6cda7cd9f","messageTitle":"Add schedule feature in user guide","messageBody":"","fileTypesAndContributionMap":{"docs":{"insertions":11,"deletions":0}}},{"hash":"a1d34f360edf47b8b8fef58e7889500565f7e121","messageTitle":"Rectify comments","messageBody":"","fileTypesAndContributionMap":{"functional-code":{"insertions":2,"deletions":2}}},{"hash":"707ac5dba2bf9762935c4ebc6cdab0bb84bf4759","messageTitle":"Update search and schedule","messageBody":"","fileTypesAndContributionMap":{"docs":{"insertions":3,"deletions":1}}},{"hash":"29dff469b786debf9f1ab05cbd1f0d545f2745e5","messageTitle":"Update search by tag","messageBody":"","fileTypesAndContributionMap":{"docs":{"insertions":17,"deletions":8}}},{"hash":"7bdaf357dd2de9087f4b8a3511d436113350cab1","messageTitle":"Rectify error","messageBody":"","fileTypesAndContributionMap":{"docs":{"insertions":1,"deletions":1}}},{"hash":"7e60513306a035591ae27c6bc4f7a92f2da866d9","messageTitle":"Implement list of Person in Lesson","messageBody":"Lesson can now be stored in the storage, and each\nlesson can have more than one student.\n","fileTypesAndContributionMap":{"functional-code":{"insertions":888,"deletions":41}}}]},{"date":"2021-03-31","commitResults":[{"hash":"8d961e0c40983f415961e2e6de869a3003e9c6a1","messageTitle":"Resolve bugs","messageBody":"","fileTypesAndContributionMap":{"functional-code":{"insertions":190,"deletions":26}}},{"hash":"acb6d951bf60dffaa3f3e8e123b0be1d7ecb1f9f","messageTitle":"Resolve test failures","messageBody":"","fileTypesAndContributionMap":{"functional-code":{"insertions":24,"deletions":98},"test-code":{"insertions":147,"deletions":30}}},{"hash":"ebc6b42fc620a82d2b9d88c663c55b86d7f7e27e","messageTitle":"Resolve warning due to fxml","messageBody":"","fileTypesAndContributionMap":{"functional-code":{"insertions":9,"deletions":9}}},{"hash":"029bf295ea2c4aeb057e19f3f05754701c98ed47","messageTitle":"Change comments","messageBody":"","fileTypesAndContributionMap":{"functional-code":{"insertions":2,"deletions":3}}},{"hash":"abce8821bf5245fe2f5ac5755c332daf36bb092a","messageTitle":"Resolve fxml warnings","messageBody":"","fileTypesAndContributionMap":{"functional-code":{"insertions":3,"deletions":3}}},{"hash":"445eba7853efb871d0f85a4faa86cba7e11eca84","messageTitle":"Update edit command to update lessons","messageBody":"","fileTypesAndContributionMap":{"functional-code":{"insertions":41,"deletions":2}}},{"hash":"311d4f5f0ed5b8abcc8018bc7c64a223a4cc03fa","messageTitle":"Implement feature to prevent users from accidentally inputting same lesson time","messageBody":"","fileTypesAndContributionMap":{"functional-code":{"insertions":128,"deletions":8},"test-code":{"insertions":20,"deletions":0}}},{"hash":"3e008a99c560fbdb5537a4275b72c260ac43b196","messageTitle":"Update edit command","messageBody":"","fileTypesAndContributionMap":{"functional-code":{"insertions":14,"deletions":1},"test-code":{"insertions":23,"deletions":0}}},{"hash":"b7ab7d504bc1de6c9f05afec525f182f2ed9c4e3","messageTitle":"Resolve checkstyle issue","messageBody":"","fileTypesAndContributionMap":{"functional-code":{"insertions":1,"deletions":1}}},{"hash":"91d7c6b1ddad1f94b43f7f937845c316922c60dc","messageTitle":"Resolve test cases","messageBody":"","fileTypesAndContributionMap":{"test-code":{"insertions":7,"deletions":19}}},{"hash":"97b5996468e7e110c31e68956889d2bf21881170","messageTitle":"Update schedule GUI","messageBody":"","fileTypesAndContributionMap":{"functional-code":{"insertions":329,"deletions":29}}}]},{"date":"2021-04-01","commitResults":[{"hash":"8fe32b9c7ccedc3cb63a885d396f4085440a8774","messageTitle":"Resolve checkstyle issues","messageBody":"","fileTypesAndContributionMap":{"functional-code":{"insertions":1,"deletions":7},"test-code":{"insertions":35,"deletions":0}}},{"hash":"c4a8458d09c7e7703c38dcbdf8098a22d4bc6cee","messageTitle":"Resolve bug","messageBody":"","fileTypesAndContributionMap":{"functional-code":{"insertions":1,"deletions":0}}}]},{"date":"2021-04-06","commitResults":[{"hash":"cb9c70bd1e77d5f8b90e109137c599da034828bf","messageTitle":"Resolve duplicate contact bug","messageBody":"","fileTypesAndContributionMap":{"functional-code":{"insertions":3,"deletions":5}}},{"hash":"780cfb27189dbc1200e0dc867ee9e9e9feea42f7","messageTitle":"Resolve duplicate lessons bug","messageBody":"","fileTypesAndContributionMap":{"functional-code":{"insertions":8,"deletions":0}}},{"hash":"7e729dfffa38dd06045150c2b97b255b5fca7cf1","messageTitle":"Resolve prompt if edit same lesson bug","messageBody":"","fileTypesAndContributionMap":{"functional-code":{"insertions":8,"deletions":1}}},{"hash":"9c7fe567a3b60091fa3fe0837bdd041a65de5c3a","messageTitle":"Organize search features under one header","messageBody":"","fileTypesAndContributionMap":{"docs":{"insertions":11,"deletions":54}}},{"hash":"6ec9e0c27e0bf3f8706177fa4b84681b8b7f6099","messageTitle":"Update search command error message","messageBody":"","fileTypesAndContributionMap":{"functional-code":{"insertions":2,"deletions":2}}}]},{"date":"2021-04-09","commitResults":[{"hash":"dc0b4e22637c70021c4ada3e3c842d7a2a6c79ef","messageTitle":"Resolve schedule bug","messageBody":"","fileTypesAndContributionMap":{"functional-code":{"insertions":15,"deletions":4}}},{"hash":"79f7f3f34f1809445a0eac24b4ad9ea607a738fd","messageTitle":"Update test","messageBody":"","fileTypesAndContributionMap":{"test-code":{"insertions":5,"deletions":0}}},{"hash":"9fb46d4bfb3a94dabb0c1791be4b6789c72decb1","messageTitle":"Improve code quality","messageBody":"","fileTypesAndContributionMap":{"functional-code":{"insertions":97,"deletions":56}}},{"hash":"84424800c9aa399cbf4469be2c6e60541ec6df1b","messageTitle":"Resolve checkstyle issues","messageBody":"","fileTypesAndContributionMap":{"functional-code":{"insertions":24,"deletions":8}}},{"hash":"1769c0928c9242f7387e86b5cd6dfef91df475b9","messageTitle":"Update and reorder userguide","messageBody":"","fileTypesAndContributionMap":{"docs":{"insertions":86,"deletions":67}}},{"hash":"b4e26aa7f1442767744eab4819a9f25014e8a722","messageTitle":"Update search sequence diagram","messageBody":"","fileTypesAndContributionMap":{"docs":{"insertions":7,"deletions":13}}},{"hash":"65ed6f17083eacccd3147beb78f7909a3b9def64","messageTitle":"Update schedule feature in DG","messageBody":"","fileTypesAndContributionMap":{"functional-code":{"insertions":0,"deletions":18},"docs":{"insertions":152,"deletions":11}}},{"hash":"acd7b18f1ef34b3af45234637f2685b6a6813953","messageTitle":"Update UG","messageBody":"","fileTypesAndContributionMap":{"docs":{"insertions":4,"deletions":6}}},{"hash":"1fca94ebcf653b74e89e7e9322d503bf89883761","messageTitle":"Update UML diagrams","messageBody":"","fileTypesAndContributionMap":{"docs":{"insertions":9,"deletions":3}}},{"hash":"85bcc739d1222dc565dd6757aa8a37a756d5ed71","messageTitle":"Update schedule description","messageBody":"","fileTypesAndContributionMap":{"docs":{"insertions":17,"deletions":13}}},{"hash":"9659f2e298710af9d1141cf326336b41ddfd3984","messageTitle":"Update UML diagrams","messageBody":"","fileTypesAndContributionMap":{"docs":{"insertions":52,"deletions":29}}},{"hash":"56e3d15ece076cd1566eed10f1b7dd8815faaf95","messageTitle":"Update UG","messageBody":"","fileTypesAndContributionMap":{"docs":{"insertions":1,"deletions":1}}},{"hash":"51ecd8fecf24a9d15047e2034387f81d704e2ee4","messageTitle":"Resolve bug","messageBody":"","fileTypesAndContributionMap":{"functional-code":{"insertions":6,"deletions":1}}}]},{"date":"2021-04-10","commitResults":[{"hash":"0df41dc726ce433ae9360c6f4351d36a0e9e1559","messageTitle":"Fix schedule GUI to fit long names","messageBody":"","fileTypesAndContributionMap":{"functional-code":{"insertions":5,"deletions":9}}},{"hash":"63c4194222bca86a0cad526f20fbed2f94df7e29","messageTitle":"Update UI component class diagram","messageBody":"","fileTypesAndContributionMap":{"docs":{"insertions":21,"deletions":3}}},{"hash":"5e1dc087e9ea7f72e268720052bf34a856aa3dc1","messageTitle":"Update Model class diagram","messageBody":"","fileTypesAndContributionMap":{"docs":{"insertions":13,"deletions":3}}},{"hash":"08b3e7cf2b7f072e6ba96e9c3d593a8903e00de8","messageTitle":"Update Storage class diagram","messageBody":"","fileTypesAndContributionMap":{"docs":{"insertions":17,"deletions":4}}},{"hash":"bd56fd14d7fc59c9182f6e83e9dc3c1357e1e8ac","messageTitle":"Update UG to specify functionality","messageBody":"","fileTypesAndContributionMap":{"docs":{"insertions":2,"deletions":0}}},{"hash":"e9295cce475d98ecd2b810a8165e90c7390f43cc","messageTitle":"Update UG","messageBody":"","fileTypesAndContributionMap":{"docs":{"insertions":3,"deletions":2}}}]},{"date":"2021-04-11","commitResults":[{"hash":"4c241583e1deae6df544e6c722758f9d7770135c","messageTitle":"Add disclaimer on editing Json files","messageBody":"","fileTypesAndContributionMap":{"docs":{"insertions":4,"deletions":2}}},{"hash":"d0ce34060c8baefe9f0e46c2519e9588768814be","messageTitle":"Add hyperlinks for command summary","messageBody":"","fileTypesAndContributionMap":{"docs":{"insertions":17,"deletions":17}}},{"hash":"bbde5df1ba57fa5f2dc15b62d03f16020fdf9ddb","messageTitle":"Update command remains if invalid","messageBody":"","fileTypesAndContributionMap":{"functional-code":{"insertions":14,"deletions":15}}},{"hash":"820141513702fce772ff877e419452e8502b84bc","messageTitle":"Update code highlighting","messageBody":"","fileTypesAndContributionMap":{"docs":{"insertions":23,"deletions":22}}},{"hash":"247c59e28460a4d8df05a1c288831481f562f9e9","messageTitle":"Add table for examples","messageBody":"","fileTypesAndContributionMap":{"docs":{"insertions":9,"deletions":10}}},{"hash":"de3f0b0f2b558d8dab8b1a1a0dca8b36e4c5856c","messageTitle":"Add screenshots","messageBody":"","fileTypesAndContributionMap":{"docs":{"insertions":6,"deletions":1}}}]},{"date":"2021-04-12","commitResults":[{"hash":"0f0395ed831c76986418410f8dd83370edd7700b","messageTitle":"Update manual test for search","messageBody":"","fileTypesAndContributionMap":{"docs":{"insertions":23,"deletions":0}}},{"hash":"828227a8ab293357ed20f91693fa43756932e455","messageTitle":"Add manual test for schedule and search","messageBody":"","fileTypesAndContributionMap":{"docs":{"insertions":39,"deletions":15}}},{"hash":"fb8b9e9c842fe55e75e3619c2c8834e5ea3e617d","messageTitle":"Update use case of search","messageBody":"","fileTypesAndContributionMap":{"docs":{"insertions":11,"deletions":5}}},{"hash":"ee281ccabe8a9a52c50e8d924a326d594e0bc3e0","messageTitle":"Update order","messageBody":"","fileTypesAndContributionMap":{"docs":{"insertions":58,"deletions":37}}},{"hash":"4747bfaeea8e37468ef76fe269adaff749a01c0a","messageTitle":"Add PPP","messageBody":"","fileTypesAndContributionMap":{"docs":{"insertions":65,"deletions":0}}},{"hash":"774603aa48a918d417552e9f482f587e5b9d28a3","messageTitle":"Update formatting","messageBody":"","fileTypesAndContributionMap":{"docs":{"insertions":3,"deletions":1}}},{"hash":"2f9b972fdbf2621d3aafb3d8229ce7a765ac9d1b","messageTitle":"Update help command","messageBody":"","fileTypesAndContributionMap":{"functional-code":{"insertions":143,"deletions":13}}},{"hash":"fa393987a7b345409e260ebea8391e96751ca114","messageTitle":"Resolve checkstyle issues","messageBody":"","fileTypesAndContributionMap":{"functional-code":{"insertions":4,"deletions":7}}},{"hash":"15ac500fd40c2bea014ec11ae34f6ef27fbb9de4","messageTitle":"Reorder and fix minor errors","messageBody":"","fileTypesAndContributionMap":{"docs":{"insertions":27,"deletions":26}}},{"hash":"6424a34e44fa8624e8cfcef1ce1fc46b3171c296","messageTitle":"Update search diagram","messageBody":"","fileTypesAndContributionMap":{"docs":{"insertions":3,"deletions":4}}},{"hash":"a01ac039c51a203a67d6491cb94df2f6aaab61d5","messageTitle":"Update UG","messageBody":"","fileTypesAndContributionMap":{"docs":{"insertions":5,"deletions":17}}},{"hash":"f03cfec3be18c540549e17348960ccf2128f773e","messageTitle":"Update schedule window to not resizable","messageBody":"","fileTypesAndContributionMap":{"functional-code":{"insertions":1,"deletions":1}}},{"hash":"1a3ed7aad6b4afbcbafd3f2a64526543734154c1","messageTitle":"Update format","messageBody":"","fileTypesAndContributionMap":{"docs":{"insertions":1,"deletions":1}}},{"hash":"60abf03f5b5e895f144213802f4fd6091adada5f","messageTitle":"Move tip box","messageBody":"","fileTypesAndContributionMap":{"docs":{"insertions":6,"deletions":5}}},{"hash":"d7fe39e46bd5d080681eb7fcb7a12d6a62242769","messageTitle":"Update UI class diagram","messageBody":"","fileTypesAndContributionMap":{"docs":{"insertions":13,"deletions":29}}},{"hash":"9fe0c666fb7ea23afa77a3da0a47e05b4e78e41d","messageTitle":"Update use case and glossary","messageBody":"","fileTypesAndContributionMap":{"docs":{"insertions":15,"deletions":14}}},{"hash":"3367290e420f6975ff6228cd079cfd47615f9617","messageTitle":"Update ug bug","messageBody":"","fileTypesAndContributionMap":{"docs":{"insertions":2,"deletions":3}}},{"hash":"abef483fe41803cc2e004e0151dfcdb80b4d4d24","messageTitle":"Update formatting","messageBody":"","fileTypesAndContributionMap":{"docs":{"insertions":5,"deletions":5}}},{"hash":"7f0cdeb826b55811214860389e7242649a95de9f","messageTitle":"Resolve javafx warnings","messageBody":"","fileTypesAndContributionMap":{"functional-code":{"insertions":11,"deletions":11}}},{"hash":"11d5b3ef298a5614953bc178f4860382ce4449da","messageTitle":"Update version number","messageBody":"","fileTypesAndContributionMap":{"functional-code":{"insertions":1,"deletions":1}}},{"hash":"15878b8a6d7472ddcb3fdaa7c5a85c60590a1659","messageTitle":"Update formatting","messageBody":"","fileTypesAndContributionMap":{"docs":{"insertions":18,"deletions":18}}},{"hash":"38269d4d0e1a3af6538eb74e795857c82f5d9355","messageTitle":"Update DG","messageBody":"","fileTypesAndContributionMap":{"docs":{"insertions":8,"deletions":6}}}]},{"date":"2021-04-15","commitResults":[{"hash":"d8ac09a2a5f1675baa62242f444db82b8fc8e1da","messageTitle":"Update ug","messageBody":"","fileTypesAndContributionMap":{"docs":{"insertions":2,"deletions":3}}},{"hash":"ae1001867276a53dd243961e9063d88cfb6a95b4","messageTitle":"Update toc","messageBody":"","fileTypesAndContributionMap":{"docs":{"insertions":4,"deletions":2}}},{"hash":"4bcccfb797163c9afd72751296b1148b6cb0c582","messageTitle":"Update space","messageBody":"","fileTypesAndContributionMap":{"docs":{"insertions":0,"deletions":1}}}]},{"date":"2021-04-16","commitResults":[{"hash":"c3d6ca52fcb753eaf4ada2d75353311a47e4832b","messageTitle":"Update ug","messageBody":"","fileTypesAndContributionMap":{"docs":{"insertions":34,"deletions":58}}},{"hash":"695da5238055ff260330e1a88d04699fa7aa94b5","messageTitle":"Update ug","messageBody":"","fileTypesAndContributionMap":{"docs":{"insertions":73,"deletions":78}}},{"hash":"633beac3ede68b92275f8bd0fc1c811cb7a5723b","messageTitle":"Update grammar","messageBody":"","fileTypesAndContributionMap":{"docs":{"insertions":1,"deletions":1}}}]}]},"authorFileTypeContributionMap":{"chenzaza":{"docs":800,"functional-code":811,"test-code":698},"internityz":{"docs":373,"functional-code":904,"test-code":121},"mabel-kang":{"docs":970,"functional-code":2000,"test-code":900,"other":5},"andrea-twl":{"docs":742,"functional-code":1411,"test-code":149},"sylviaokt":{"docs":737,"functional-code":2036,"test-code":315,"other":1}},"authorContributionVariance":{"chenzaza":146161.69,"internityz":14034.734,"mabel-kang":58981.79,"andrea-twl":46422.703,"sylviaokt":57413.258},"authorDisplayNameMap":{"chenzaza":"CS2103T-T11-3 GU Y..CHEN","internityz":"CS2103T-T11-3 HAN ..G YU","mabel-kang":"CS2103T-T11-3 KANG..ABEL","andrea-twl":"CS2103T-T11-3 TAN ..DREA","sylviaokt":"CS2103T-T11-3 SYLV..TING"}}
