{"authorDailyContributionsMap":{"chenzaza":[{"date":"2021-03-02","commitResults":[{"hash":"3989143696aba7b33f227f943070939f8389c04c","messageTitle":"Update add command description","messageBody":"","fileTypesAndContributionMap":{"docs":{"insertions":5,"deletions":5}}},{"hash":"d09a2faa58c9f9a73f7caaa694b12baa1dbbc3c5","messageTitle":"Update add in command summary","messageBody":"","fileTypesAndContributionMap":{"docs":{"insertions":1,"deletions":1}}},{"hash":"59b57d11df50b848d256011ba1647f20a6d254d5","messageTitle":"Update add command description","messageBody":"","fileTypesAndContributionMap":{"docs":{"insertions":1,"deletions":1}}},{"hash":"8d3ed7566a4198c38f3c56710b75128c7b530452","messageTitle":"Update add command in quick start","messageBody":"","fileTypesAndContributionMap":{"docs":{"insertions":1,"deletions":1}}},{"hash":"4bbd7616229c8f1fa960837fe861718d51ea95ff","messageTitle":"Acknowledge the original source","messageBody":"","fileTypesAndContributionMap":{"docs":{"insertions":2,"deletions":0}}},{"hash":"3c1d0c117c7850250c57f12208ef9d67de7265a1","messageTitle":"Update TutorsPet description","messageBody":"","fileTypesAndContributionMap":{"docs":{"insertions":15,"deletions":6}}},{"hash":"e63bba782a04b907bb60d37476602993f3924eb9","messageTitle":"Update project website links","messageBody":"","fileTypesAndContributionMap":{"docs":{"insertions":5,"deletions":4}}},{"hash":"9fb48be3b9f0962960ebaf9837f435f3b53136b5","messageTitle":"Update description of project","messageBody":"","fileTypesAndContributionMap":{"docs":{"insertions":2,"deletions":2}}},{"hash":"64bd10fd3e771f1111d78dce0121e60c3dd9b4d1","messageTitle":"Update the application name in README","messageBody":"","fileTypesAndContributionMap":{"docs":{"insertions":1,"deletions":1}}},{"hash":"1e6ecde90271c3e8c2c284c99cd9f961ba4c602b","messageTitle":"Fix error at PR","messageBody":"","fileTypesAndContributionMap":{"docs":{"insertions":4,"deletions":14}}},{"hash":"225db37512e7871d21c4b1d58b88676f811ee3be","messageTitle":"Update AboutUs","messageBody":"","fileTypesAndContributionMap":{"docs":{"insertions":1,"deletions":1}}}]},{"date":"2021-03-09","commitResults":[{"hash":"3eef3cd5d0c9b47af7f3cdbe19f4fc2568506fbc","messageTitle":"Implement School Class","messageBody":"","fileTypesAndContributionMap":{"functional-code":{"insertions":59,"deletions":0}}},{"hash":"703797f7fd470ea7e31fd540a8685c6738013093","messageTitle":"Add details of school, guardianName and guardianPhone to Person Class","messageBody":"","fileTypesAndContributionMap":{"functional-code":{"insertions":31,"deletions":3}}},{"hash":"ef79fc181213b413e1a6a37f85c600d979aab357","messageTitle":"Update PersonCard with school, guardian name, guardian phone","messageBody":"","fileTypesAndContributionMap":{"functional-code":{"insertions":9,"deletions":0}}},{"hash":"d868ac4a67156c82fa15b44ca700b6bea5f364e6","messageTitle":"Update partially add and edit commands and command parsers","messageBody":"","fileTypesAndContributionMap":{"functional-code":{"insertions":119,"deletions":9}}},{"hash":"d3f2d51b26aae4b3927f2120b09a9ce765704f07","messageTitle":"Update JsonAdaptedPerson Class","messageBody":"","fileTypesAndContributionMap":{"functional-code":{"insertions":41,"deletions":3}}},{"hash":"a95ee47ed103d70f3f4976a524f44d794d9dfc89","messageTitle":"Update relevant tests partially","messageBody":"","fileTypesAndContributionMap":{"test-code":{"insertions":294,"deletions":92}}},{"hash":"aaa50073a586e5f868f3eb55b0127fa492240820","messageTitle":"Fix error in PR in SampleDataUtil Class","messageBody":"","fileTypesAndContributionMap":{"functional-code":{"insertions":21,"deletions":20}}},{"hash":"780b46d712036fa9cb16b324459a43dc5434d775","messageTitle":"Fix checkstyleMain errors","messageBody":"","fileTypesAndContributionMap":{"functional-code":{"insertions":25,"deletions":16}}}]},{"date":"2021-03-10","commitResults":[{"hash":"f9f15f876858b0acea3c968852e044d40160eb1f","messageTitle":"Fix errors of checkstyleTest","messageBody":"","fileTypesAndContributionMap":{"test-code":{"insertions":76,"deletions":47}}},{"hash":"9e97cacb1d6349f2e0f5bdf25a8125b1edca5b91","messageTitle":"Modify tests to fit new changes related to Person Class","messageBody":"","fileTypesAndContributionMap":{"functional-code":{"insertions":12,"deletions":9},"test-code":{"insertions":58,"deletions":15}}},{"hash":"5dd6981c526533ad2de1c43298cc751c4c905225","messageTitle":"Modify sample data","messageBody":"","fileTypesAndContributionMap":{"functional-code":{"insertions":6,"deletions":6}}},{"hash":"24a8bf70023bef060fd14905d93f39fa550ebff0","messageTitle":"Add SchoolTest Class and modify PersonTest Class","messageBody":"","fileTypesAndContributionMap":{"test-code":{"insertions":57,"deletions":1}}},{"hash":"b49da69f408fdc2335f3ed625f03c48403923466","messageTitle":"Fix typos in User Guide add command","messageBody":"","fileTypesAndContributionMap":{"docs":{"insertions":5,"deletions":5}}}]},{"date":"2021-03-16","commitResults":[{"hash":"97278ae619224beb6f8a2d9840a48994d4288dd6","messageTitle":"Update comment and messages in AddCommand Class","messageBody":"","fileTypesAndContributionMap":{"functional-code":{"insertions":6,"deletions":4}}},{"hash":"907bfb42fd3d8cefb248e440c07965fb1bbf4f6b","messageTitle":"Update command description for add and edit in UserGuide","messageBody":"","fileTypesAndContributionMap":{"docs":{"insertions":4,"deletions":4}}},{"hash":"cbfff6a7c58da03c609d8daf1229270a9e9b09b8","messageTitle":"Update messages in AddCommand and ListCommand","messageBody":"","fileTypesAndContributionMap":{"functional-code":{"insertions":3,"deletions":2}}},{"hash":"486c311434174621217029d1eac5cb9cb251237b","messageTitle":"Update AddCommand - fix minor error in the example of command in the message","messageBody":"","fileTypesAndContributionMap":{"functional-code":{"insertions":1,"deletions":1}}}]},{"date":"2021-03-29","commitResults":[{"hash":"011ac0a5c8ee2545206b478cb3fa7c2e2d669f0a","messageTitle":"Change naming to fit TutorsPet","messageBody":"","fileTypesAndContributionMap":{"docs":{"insertions":14,"deletions":14}}},{"hash":"76bd3d3873f6286156e490d7d22d06d615c4d9fd","messageTitle":"Modify introduction to fit TutorsPet","messageBody":"","fileTypesAndContributionMap":{"docs":{"insertions":1,"deletions":1}}},{"hash":"3d1afd44b6a267432778e8179e09606e6a936c3e","messageTitle":"Specify \"student\"","messageBody":"","fileTypesAndContributionMap":{"docs":{"insertions":1,"deletions":1}}}]}],"internityz":[{"date":"2021-02-25","commitResults":[{"hash":"6fe144e0d49c7594193b387dddb9af1b9ce81814","messageTitle":"Update search for specified keyword feature","messageBody":"","fileTypesAndContributionMap":{"docs":{"insertions":32,"deletions":12}}}]},{"date":"2021-02-26","commitResults":[{"hash":"1fbcf597ded6d76a16dfd84315ccd9831ee9ae61","messageTitle":"Update use cases in the Developer Guide for v1.1","messageBody":"","fileTypesAndContributionMap":{"docs":{"insertions":102,"deletions":7}}}]},{"date":"2021-02-28","commitResults":[{"hash":"eccd194ebbf72355cd20346103c078cabc198850","messageTitle":"Fix developer guide use cases","messageBody":"","fileTypesAndContributionMap":{"docs":{"insertions":2,"deletions":2}}}]},{"date":"2021-03-14","commitResults":[{"hash":"01afcb0f7f6a3a2f8282b961216e860a6706a116","messageTitle":"Add search contacts from a specified school","messageBody":"","fileTypesAndContributionMap":{"functional-code":{"insertions":111,"deletions":0}}},{"hash":"7c58fdb0e714c7515a2a1e24b0660fa7733d64d4","messageTitle":"Fix no newline at EOF for SchoolContainsKeywordsPredicate.","messageBody":"","fileTypesAndContributionMap":{"functional-code":{"insertions":1,"deletions":1}}}]},{"date":"2021-03-23","commitResults":[{"hash":"ab61bdeb9227771717d5c844f3a4f98e58f2cc99","messageTitle":"Update GUI to improve information storing v1.3","messageBody":"","fileTypesAndContributionMap":{"functional-code":{"insertions":235,"deletions":25},"test-code":{"insertions":96,"deletions":0}}},{"hash":"6677de19df1578b9a810157945a6adb4f349705f","messageTitle":"Fix styling issues","messageBody":"","fileTypesAndContributionMap":{"functional-code":{"insertions":1,"deletions":1},"test-code":{"insertions":1,"deletions":1}}},{"hash":"074d7b5bd5fd997ad7704fa1d87c9d89ee853ccc","messageTitle":"Fix styling issues","messageBody":"","fileTypesAndContributionMap":{"functional-code":{"insertions":12,"deletions":8}}},{"hash":"2d5081703da8d6144ec670ffbb3db8f0d4b04977","messageTitle":"Fix test issues","messageBody":"","fileTypesAndContributionMap":{"functional-code":{"insertions":1,"deletions":18},"test-code":{"insertions":16,"deletions":1}}},{"hash":"e81ad9c5c776b521aa3cccbea5f81d27db50abde","messageTitle":"Fix checkstyle issue","messageBody":"","fileTypesAndContributionMap":{"functional-code":{"insertions":0,"deletions":1}}},{"hash":"a28d8b082739103f4fc4a2058d38d93b19aba87a","messageTitle":"Fix checkstyle issue","messageBody":"","fileTypesAndContributionMap":{"test-code":{"insertions":8,"deletions":5}}}]},{"date":"2021-03-24","commitResults":[{"hash":"7fbf422375d1c0a9f9dfba24ecf7fea4bdcc1293","messageTitle":"Add detail command into user guide","messageBody":"","fileTypesAndContributionMap":{"docs":{"insertions":13,"deletions":0}}}]},{"date":"2021-03-25","commitResults":[{"hash":"caf5b48ea3a0377d791c65a536421807991acd7f","messageTitle":"Fix error when typing command","messageBody":"","fileTypesAndContributionMap":{"functional-code":{"insertions":3,"deletions":1}}},{"hash":"c45acefd40aa8bed932bc81dc9d458f88d00daea","messageTitle":"v1.3 Update DetailCommand and Diagrams in Developer Guide","messageBody":"","fileTypesAndContributionMap":{"docs":{"insertions":156,"deletions":2}}},{"hash":"6a58b0ff8301e18c82c631f507e0de9f010e6048","messageTitle":"Fix no newline at EOF error","messageBody":"","fileTypesAndContributionMap":{"docs":{"insertions":1,"deletions":1}}}]}],"mabel-kang":[{"date":"2021-02-23","commitResults":[{"hash":"3babc544f81f675b7be963bf07a81c17d730fbd1","messageTitle":"Add comments","messageBody":"","fileTypesAndContributionMap":{"functional-code":{"insertions":6,"deletions":0}}}]},{"date":"2021-02-27","commitResults":[{"hash":"35689a7abc55023ba0e2f565c145f46c84cfc8dc","messageTitle":"Update delete feature in UserGuide.md","messageBody":"","fileTypesAndContributionMap":{"docs":{"insertions":5,"deletions":5}}},{"hash":"59ba95052dde870383d076711e69f0d5b7f50ef8","messageTitle":"Remove comments in LogicManager.java","messageBody":"","fileTypesAndContributionMap":{"functional-code":{"insertions":0,"deletions":6}}},{"hash":"95b2a07888da30c10ee5468e8d9708b00dd6eb7e","messageTitle":"Update non-functional requirements for developer guide","messageBody":"","fileTypesAndContributionMap":{"docs":{"insertions":9,"deletions":0}}}]},{"date":"2021-03-17","commitResults":[{"hash":"0d5380a13ea520d5cb14980174e6eff3d174f7b9","messageTitle":"Modify codes and comments to match project scope, and update SearchCommandTest.java","messageBody":"","fileTypesAndContributionMap":{"functional-code":{"insertions":22,"deletions":60},"test-code":{"insertions":129,"deletions":83}}},{"hash":"41ef8ddad11061937837839b73082c72c5aeacad","messageTitle":"Update codes according to checkstyle rules","messageBody":"","fileTypesAndContributionMap":{"functional-code":{"insertions":1,"deletions":1},"test-code":{"insertions":5,"deletions":1}}}]},{"date":"2021-03-20","commitResults":[{"hash":"956a74b22bfc7ffb360b4a8dae96a4e4d618a130","messageTitle":"Add ability to store multiple lesson days and times for students","messageBody":"","fileTypesAndContributionMap":{"functional-code":{"insertions":366,"deletions":43},"test-code":{"insertions":44,"deletions":17}}},{"hash":"5d1530c37d42cd8d5b3fb3debbf36a04cedba65d","messageTitle":"Modify code according to checkstyle rules","messageBody":"","fileTypesAndContributionMap":{"functional-code":{"insertions":42,"deletions":16}}},{"hash":"1c354bd67a59f8e0d54b27341a4d49a398625123","messageTitle":"Update user guide","messageBody":"","fileTypesAndContributionMap":{"docs":{"insertions":7,"deletions":6}}},{"hash":"4dfc2f400a7ea2aacaa5c2490ef764ae3cdc1633","messageTitle":"Update messages displayed","messageBody":"","fileTypesAndContributionMap":{"functional-code":{"insertions":7,"deletions":3}}},{"hash":"94b504d308f344ab121460bf64a76427a5fea864","messageTitle":"Update json file for testing","messageBody":"","fileTypesAndContributionMap":{"test-code":{"insertions":2,"deletions":1}}},{"hash":"a64a522abe07e134cb7ab9ed7dd294c5bc65807a","messageTitle":"Update comment in ParserUtil","messageBody":"","fileTypesAndContributionMap":{"functional-code":{"insertions":1,"deletions":1}}}]},{"date":"2021-03-21","commitResults":[{"hash":"014cec6f17543237e226ab3abbf97cdf93fbdc97","messageTitle":"Add test files","messageBody":"","fileTypesAndContributionMap":{"test-code":{"insertions":116,"deletions":0}}},{"hash":"a499d3315bb0b041f430355a57d741cf5f38dabf","messageTitle":"Update tests","messageBody":"","fileTypesAndContributionMap":{"functional-code":{"insertions":3,"deletions":1},"test-code":{"insertions":115,"deletions":32}}}]},{"date":"2021-03-24","commitResults":[{"hash":"159cff6092bdaa05b62f2121677a10722b44085b","messageTitle":"Enable assertions","messageBody":"","fileTypesAndContributionMap":{"other":{"insertions":4,"deletions":0}}},{"hash":"19338b66082d5eadba30a04db377e6c57217754a","messageTitle":"Add newline at EOF","messageBody":"","fileTypesAndContributionMap":{"other":{"insertions":1,"deletions":1}}}]},{"date":"2021-03-25","commitResults":[{"hash":"dcdbb809e40b66c0b1ce8f68f48d6d02b3f86fa4","messageTitle":"Update developer guide","messageBody":"","fileTypesAndContributionMap":{"docs":{"insertions":93,"deletions":0}}}]},{"date":"2021-03-29","commitResults":[{"hash":"9208a4115b2a99c95f1d292aeab7739d4ab57bb1","messageTitle":"Update userguide based on comments given","messageBody":"","fileTypesAndContributionMap":{"docs":{"insertions":16,"deletions":12}}}]}],"andrea-twl":[{"date":"2021-03-02","commitResults":[{"hash":"e78a4975880c16677156016e4dbbba52dd47c98d","messageTitle":"Developer\u0027s guide - user stories","messageBody":"","fileTypesAndContributionMap":{"docs":{"insertions":18,"deletions":15}}},{"hash":"a0e3c6f570c45b9bf2f00ea362e7ace66c4417cc","messageTitle":"more DG user story edits","messageBody":"","fileTypesAndContributionMap":{"docs":{"insertions":1,"deletions":1}}}]},{"date":"2021-03-17","commitResults":[{"hash":"22981a8b8c70f90c6fe0a642f699a0a9c30bf91b","messageTitle":"Update edit command","messageBody":"","fileTypesAndContributionMap":{"functional-code":{"insertions":8,"deletions":1},"test-code":{"insertions":24,"deletions":0}}}]},{"date":"2021-03-18","commitResults":[{"hash":"ec79b574004adad310c51752aae4ca534f5f30c2","messageTitle":"Revert \"Update edit command\"","messageBody":"","fileTypesAndContributionMap":{"functional-code":{"insertions":1,"deletions":8},"test-code":{"insertions":0,"deletions":24}}}]},{"date":"2021-03-19","commitResults":[{"hash":"9ed7ec0394ca2842e4859b995cc7886edfd9c0a6","messageTitle":"Update displayed text in EditCommand, added test in EditCommandTest","messageBody":"","fileTypesAndContributionMap":{"functional-code":{"insertions":4,"deletions":0},"test-code":{"insertions":23,"deletions":0}}}]},{"date":"2021-03-24","commitResults":[{"hash":"a58fa42f6ada221d50660eb2dac575a4ec384466","messageTitle":"sort command works by invoking getFilteredPersonList()","messageBody":"","fileTypesAndContributionMap":{"functional-code":{"insertions":265,"deletions":13}}}]},{"date":"2021-03-25","commitResults":[{"hash":"e5a594af06687fa18b867bd2eca180def713653d","messageTitle":"Added transformedPersons list","messageBody":"","fileTypesAndContributionMap":{"functional-code":{"insertions":20,"deletions":7},"other":{"insertions":4,"deletions":0}}},{"hash":"49eccc20473d9362ed7f01ef4f2d6a8e145abe8a","messageTitle":"Replaced getFilteredPersonList with getTransformedPersonList as the default","messageBody":"","fileTypesAndContributionMap":{"functional-code":{"insertions":10,"deletions":3}}},{"hash":"7c7da736f2aacf3f8aed7baa59cc8eaf1310346f","messageTitle":"Checkstyle and added filterThenSortPersonList","messageBody":"","fileTypesAndContributionMap":{"functional-code":{"insertions":100,"deletions":56},"test-code":{"insertions":21,"deletions":0}}}]},{"date":"2021-03-26","commitResults":[{"hash":"d00d4320ae1fe1a9648277c7f0cf8cea565596c5","messageTitle":"Revert \"Add sort by lesson v1.3\"","messageBody":"","fileTypesAndContributionMap":{"functional-code":{"insertions":7,"deletions":318},"other":{"insertions":0,"deletions":4},"test-code":{"insertions":0,"deletions":21}}},{"hash":"70ba8da4643a4f74b7ee92ff76c52c4127d31e3c","messageTitle":"added sorting by lesson command","messageBody":"","fileTypesAndContributionMap":{"functional-code":{"insertions":315,"deletions":6},"test-code":{"insertions":22,"deletions":0}}}]},{"date":"2021-03-29","commitResults":[{"hash":"6142350765eba3e052334bb6fdeac6c823d470e2","messageTitle":"update delete and search","messageBody":"","fileTypesAndContributionMap":{"docs":{"insertions":3,"deletions":1}}},{"hash":"fc2ed34505cecfec9b28c5597d7f1627a0612110","messageTitle":"fixed issues","messageBody":"","fileTypesAndContributionMap":{"docs":{"insertions":3,"deletions":2}}}]}],"sylviaokt":[{"date":"2021-02-26","commitResults":[{"hash":"7b71533f55f00c429db4b8ea8503780499d421b2","messageTitle":"Update search feature using name in user guide","messageBody":"","fileTypesAndContributionMap":{"docs":{"insertions":22,"deletions":0}}}]},{"date":"2021-02-28","commitResults":[{"hash":"a5f4adfa2146d3e80a3f8784ae72304c3131bf65","messageTitle":"Update glossary for developer guide","messageBody":"","fileTypesAndContributionMap":{"docs":{"insertions":2,"deletions":0}}},{"hash":"747e41bb6d1f7b23f626886bf4ff9f3a75dddf77","messageTitle":"Update about us page","messageBody":"","fileTypesAndContributionMap":{"docs":{"insertions":27,"deletions":35}}}]},{"date":"2021-03-03","commitResults":[{"hash":"fe5d0857c8874dcd5b8ce57aafe5797a868fbd30","messageTitle":"Update user guide to remove any AB3 traces","messageBody":"","fileTypesAndContributionMap":{"docs":{"insertions":4,"deletions":5}}}]},{"date":"2021-03-15","commitResults":[{"hash":"96dd7cdd8b1087ad5b0338c47b71ebcd3fe2b723","messageTitle":"Remove FindCommand","messageBody":"","fileTypesAndContributionMap":{"functional-code":{"insertions":0,"deletions":33},"test-code":{"insertions":0,"deletions":34}}},{"hash":"248f2158e4c3e6f9cfc63ee845286b44fc83f014","messageTitle":"Update Search feature for v1.2","messageBody":"","fileTypesAndContributionMap":{"functional-code":{"insertions":90,"deletions":13},"test-code":{"insertions":40,"deletions":6}}}]},{"date":"2021-03-16","commitResults":[{"hash":"7c95e7bab3227e77ee75f2c0beecac987075fa7e","messageTitle":"Update search feature for v1.2","messageBody":"Changed the implementation for the search feature\nsuch that the keywords for name will only be matched\nto name, and the keywords for school will only be matched\nto school.\n","fileTypesAndContributionMap":{"functional-code":{"insertions":32,"deletions":13},"test-code":{"insertions":10,"deletions":6}}}]},{"date":"2021-03-17","commitResults":[{"hash":"8ab4c75bd3c2cce3c05c9dc387f427fc2fbdce3a","messageTitle":"Update general search functionality","messageBody":"","fileTypesAndContributionMap":{"docs":{"insertions":5,"deletions":6}}},{"hash":"3cd9eaa493c9d8d0789db257177c897769f3af60","messageTitle":"Update search test","messageBody":"","fileTypesAndContributionMap":{"test-code":{"insertions":14,"deletions":2}}}]},{"date":"2021-03-18","commitResults":[{"hash":"ec892e4ca20590a3d914f6d0fff05485444c957e","messageTitle":"Revert \"Update search test\"","messageBody":"","fileTypesAndContributionMap":{"test-code":{"insertions":2,"deletions":14}}}]},{"date":"2021-03-19","commitResults":[{"hash":"a09be036b349947d8a7c2a8818b7e3924dc09787","messageTitle":"Update search test","messageBody":"","fileTypesAndContributionMap":{"test-code":{"insertions":14,"deletions":2}}}]},{"date":"2021-03-23","commitResults":[{"hash":"3f84347b648ddf35e0bd50fef445b06b047f07e6","messageTitle":"Add search by tag","messageBody":"","fileTypesAndContributionMap":{"functional-code":{"insertions":68,"deletions":18},"test-code":{"insertions":21,"deletions":9}}},{"hash":"f5002314caaade826e271638cbdd3340f8b8ddce","messageTitle":"Update search feature in user guide","messageBody":"","fileTypesAndContributionMap":{"docs":{"insertions":6,"deletions":45}}},{"hash":"8b5980a608e4b0339080f71d749107375016cde9","messageTitle":"Add test for search by tag","messageBody":"","fileTypesAndContributionMap":{"test-code":{"insertions":13,"deletions":1}}}]},{"date":"2021-03-24","commitResults":[{"hash":"0a2edff2051142bf945649635e2f6d0238dda750","messageTitle":"Add GUI for schedule","messageBody":"","fileTypesAndContributionMap":{"functional-code":{"insertions":188,"deletions":0}}}]},{"date":"2021-03-25","commitResults":[{"hash":"c5cc80c9d6aa95eeb189619694047bdc4e7b0277","messageTitle":"Update details for build","messageBody":"","fileTypesAndContributionMap":{"functional-code":{"insertions":1,"deletions":1},"other":{"insertions":1,"deletions":1}}},{"hash":"7613360fcbc27d6716c150f3e0c8d684a63a762e","messageTitle":"Rename NameSchoolAndTagContainsKeywordsPredicate","messageBody":"","fileTypesAndContributionMap":{"functional-code":{"insertions":2,"deletions":2},"other":{"insertions":7,"deletions":7},"test-code":{"insertions":16,"deletions":16}}},{"hash":"e5723880527c25c525a719f4987df24ff639d1fd","messageTitle":"Update implementation of search feature in DG","messageBody":"","fileTypesAndContributionMap":{"docs":{"insertions":52,"deletions":0}}},{"hash":"524e6ec6d62f02087f8943b6d8912556b691b272","messageTitle":"Update diagrams for search feature in DG","messageBody":"","fileTypesAndContributionMap":{"docs":{"insertions":106,"deletions":2}}},{"hash":"85d8f629e54334dd39ce12e374095c1797ff5c9b","messageTitle":"Update design considerations","messageBody":"","fileTypesAndContributionMap":{"docs":{"insertions":14,"deletions":5}}},{"hash":"21d021705bd049c876d417b57949315643a5bf1d","messageTitle":"Add assertion","messageBody":"","fileTypesAndContributionMap":{"functional-code":{"insertions":1,"deletions":0}}}]},{"date":"2021-03-30","commitResults":[{"hash":"760ceb06d2f94d555331d6c16544be8b349f2eaa","messageTitle":"Add schedule command","messageBody":"","fileTypesAndContributionMap":{"functional-code":{"insertions":45,"deletions":9}}},{"hash":"5bc105bd3ddf634747aa2ac43991d4fc65856cd5","messageTitle":"Add schedule test","messageBody":"","fileTypesAndContributionMap":{"test-code":{"insertions":33,"deletions":7}}},{"hash":"9e75f877c23d30e10e4256194ea7b4f6cda7cd9f","messageTitle":"Add schedule feature in user guide","messageBody":"","fileTypesAndContributionMap":{"docs":{"insertions":11,"deletions":0}}},{"hash":"a1d34f360edf47b8b8fef58e7889500565f7e121","messageTitle":"Rectify comments","messageBody":"","fileTypesAndContributionMap":{"functional-code":{"insertions":2,"deletions":2}}},{"hash":"707ac5dba2bf9762935c4ebc6cdab0bb84bf4759","messageTitle":"Update search and schedule","messageBody":"","fileTypesAndContributionMap":{"docs":{"insertions":3,"deletions":1}}},{"hash":"29dff469b786debf9f1ab05cbd1f0d545f2745e5","messageTitle":"Update search by tag","messageBody":"","fileTypesAndContributionMap":{"docs":{"insertions":17,"deletions":8}}},{"hash":"7bdaf357dd2de9087f4b8a3511d436113350cab1","messageTitle":"Rectify error","messageBody":"","fileTypesAndContributionMap":{"docs":{"insertions":1,"deletions":1}}}]}]},"authorFileTypeContributionMap":{"chenzaza":{"docs":30,"functional-code":265,"test-code":392},"internityz":{"docs":271,"functional-code":405,"test-code":115},"mabel-kang":{"docs":122,"functional-code":417,"test-code":395,"other":4},"andrea-twl":{"docs":21,"functional-code":322,"test-code":45},"sylviaokt":{"docs":241,"functional-code":463,"test-code":127,"other":1}},"authorContributionVariance":{"chenzaza":15291.888,"internityz":5483.4697,"mabel-kang":11015.17,"andrea-twl":14160.773,"sylviaokt":4107.077},"authorDisplayNameMap":{"chenzaza":"CS2103T-T11-3 GU Y..CHEN","internityz":"CS2103T-T11-3 HAN ..G YU","mabel-kang":"CS2103T-T11-3 KANG..ABEL","andrea-twl":"CS2103T-T11-3 TAN ..DREA","sylviaokt":"CS2103T-T11-3 SYLV..TING"}}
