{"authorDailyContributionsMap":{"prerthan99":[{"date":"2021-03-02","commitResults":[{"hash":"e9050eaaa3e77c51c51bb8cc64cb1b844a895176","messageTitle":"Update DeveloperGuide.md","messageBody":"","fileTypesAndContributionMap":{"docs":{"insertions":53,"deletions":26}}}]},{"date":"2021-03-16","commitResults":[{"hash":"7095816666e6ccea96e7c6421139cc37bd332e35","messageTitle":"Update UserGuide.md","messageBody":"","fileTypesAndContributionMap":{"docs":{"insertions":1,"deletions":1}}},{"hash":"7bed81fb7bbb2a55941e6ded0de003df45e2bd94","messageTitle":"Update UserGuide.md","messageBody":"","fileTypesAndContributionMap":{"docs":{"insertions":8,"deletions":0}}},{"hash":"9dad36c73271bd0631ebbce723366f56f4c0f046","messageTitle":"Update UserGuide.md","messageBody":"updated UG to fit version 1.2 first iteration (UG 1.2.1)","fileTypesAndContributionMap":{"docs":{"insertions":31,"deletions":33}}},{"hash":"ae26f0c6f657080b6dc6120c8b5056378b1983e8","messageTitle":"Update UserGuide.md","messageBody":"update UG to fit version 1.2 2nd time (UG 1.2.2)","fileTypesAndContributionMap":{"docs":{"insertions":2,"deletions":4}}}]},{"date":"2021-03-28","commitResults":[{"hash":"ded31c5a920b0c4a0110d64774062e69b5a75545","messageTitle":"Update UserGuide.md","messageBody":"","fileTypesAndContributionMap":{"docs":{"insertions":6,"deletions":2}}},{"hash":"6c0ec350bce211bee392ecdc59fa4bd0eb02d732","messageTitle":"Update UserGuide.md","messageBody":"","fileTypesAndContributionMap":{"docs":{"insertions":1,"deletions":1}}},{"hash":"8dc126e041a57b7d38a01adc6f348deaed5a8485","messageTitle":"Update UserGuide.md","messageBody":"","fileTypesAndContributionMap":{"docs":{"insertions":1,"deletions":1}}},{"hash":"4db4a5063ac69555b253522ab4dd7c072069ae02","messageTitle":"Update UserGuide.md","messageBody":"","fileTypesAndContributionMap":{"docs":{"insertions":3,"deletions":0}}},{"hash":"a451ad40d5edd1cf9acfdc09ff77a3e06bedecdd","messageTitle":"Update UserGuide.md","messageBody":"","fileTypesAndContributionMap":{"docs":{"insertions":2,"deletions":2}}}]}],"BigDoot":[{"date":"2021-03-02","commitResults":[{"hash":"a47a6c798d5f13b4f8fc1ddef60c0e8f7084e25f","messageTitle":"Update UserGuide.md commands and description","messageBody":"","fileTypesAndContributionMap":{"docs":{"insertions":49,"deletions":20}}},{"hash":"7f1e840151008f4372aa2c2b506c609f38b0e1fd","messageTitle":"Update the quickstart section of UserGuide.md","messageBody":"","fileTypesAndContributionMap":{"docs":{"insertions":5,"deletions":9}}},{"hash":"3a34ede32bf27492ffc14c03a3540fae58068c8f","messageTitle":"Update command summary of UserGuide.md","messageBody":"","fileTypesAndContributionMap":{"docs":{"insertions":15,"deletions":29}}}]},{"date":"2021-03-03","commitResults":[{"hash":"1a8abd77419b62fdda234c3bda67120cd9ae1ed1","messageTitle":"Update AboutUs.md","messageBody":"","fileTypesAndContributionMap":{"docs":{"insertions":1,"deletions":1}}}]},{"date":"2021-03-14","commitResults":[{"hash":"8958cf0d3c70cd45c78a725b68f6a6cd17efe72b","messageTitle":"Change app icon to DocBob","messageBody":"","fileTypesAndContributionMap":{"functional-code":{"insertions":1,"deletions":1},"test-code":{"insertions":1,"deletions":1}}},{"hash":"55004902fd164150443592377ffb1ec44b0fb448","messageTitle":"Modify addressBook.json to docBob.json","messageBody":"","fileTypesAndContributionMap":{"functional-code":{"insertions":1,"deletions":1},"test-code":{"insertions":3,"deletions":3}}},{"hash":"332ac8333593e1c2527b12c11a6a582cae24c0fa","messageTitle":"Modify UG url in help window","messageBody":"","fileTypesAndContributionMap":{"functional-code":{"insertions":1,"deletions":1}}},{"hash":"73d95e8dcc82b6075ac62e4a607a664facfba328","messageTitle":"Modify command success and help messages to fit DocBob","messageBody":"","fileTypesAndContributionMap":{"functional-code":{"insertions":5,"deletions":5}}},{"hash":"a94f68e2a5131e4e1b91512fd864ff8b2820ea80","messageTitle":"Update help window to show available commands and their usages","messageBody":"","fileTypesAndContributionMap":{"functional-code":{"insertions":14,"deletions":3}}},{"hash":"e3f05d375ec3dced192c3484f614899dfd93c2f5","messageTitle":"Update message displayed when user enters unknown command","messageBody":"","fileTypesAndContributionMap":{"functional-code":{"insertions":1,"deletions":1}}},{"hash":"ad7fb2c1f302574f6b4e192c6a2f9e78b7533d00","messageTitle":"Fix checkstyle error in HelpWindow.java","messageBody":"","fileTypesAndContributionMap":{"functional-code":{"insertions":2,"deletions":1}}},{"hash":"c931af83adc2da67685d413584ce06efc357116e","messageTitle":"Fix failing test cases due to wrong naming of json file","messageBody":"","fileTypesAndContributionMap":{"test-code":{"insertions":1,"deletions":1}}}]},{"date":"2021-03-24","commitResults":[{"hash":"47aef2ed585a4822797c705d4a282382f20a3eef","messageTitle":"Add ListAppointmentsCommand for listing out all upcoming appointments","messageBody":"","fileTypesAndContributionMap":{"functional-code":{"insertions":71,"deletions":1}}},{"hash":"961d72329d377585a50dc26eac02ea3b3eb92537","messageTitle":"Sort appointments by date and time for ListAppointmentsCommand","messageBody":"","fileTypesAndContributionMap":{"functional-code":{"insertions":13,"deletions":2}}}]},{"date":"2021-03-25","commitResults":[{"hash":"7eab884072e7a7dae9125acecf8371b6cd44d7d8","messageTitle":"Update documentation for ListAppointmentsCommand","messageBody":"","fileTypesAndContributionMap":{"functional-code":{"insertions":15,"deletions":32}}},{"hash":"0faafe4f7a6c0066d4001cb649fec286d5684b9f","messageTitle":"Update help window with new commands","messageBody":"","fileTypesAndContributionMap":{"functional-code":{"insertions":8,"deletions":4}}},{"hash":"48ff5032abd1481df198ca6a1ba5b6f69e1a0905","messageTitle":"Fix trailing whitespace","messageBody":"","fileTypesAndContributionMap":{"docs":{"insertions":3,"deletions":3}}},{"hash":"9afa915811b0f232f1ca0c54661a80e1caf6e54f","messageTitle":"Fix trailing whitespace","messageBody":"","fileTypesAndContributionMap":{"docs":{"insertions":7,"deletions":7}}},{"hash":"b5f7a6108e67b3735b67eaded6d7f28a742aacf7","messageTitle":"Fix trailing whitespace","messageBody":"","fileTypesAndContributionMap":{"docs":{"insertions":1,"deletions":1}}},{"hash":"75c952f1e3a271ad2b4d43ee5962cf5f4a5d7a53","messageTitle":"Fix checkstyle issues","messageBody":"","fileTypesAndContributionMap":{"functional-code":{"insertions":11,"deletions":7}}},{"hash":"edbd4ef9ee8bafe1b35b5f35a236d17e0ba0564c","messageTitle":"Add missing constructors from merge","messageBody":"","fileTypesAndContributionMap":{"functional-code":{"insertions":42,"deletions":0}}},{"hash":"b6796961d03296113ea099f37859228bee771f12","messageTitle":"Fix checkstyle issue","messageBody":"","fileTypesAndContributionMap":{"functional-code":{"insertions":1,"deletions":106}}},{"hash":"65d32237148ca5d2c7ec02d14b229f199f46dcb1","messageTitle":"Fix checkstyle issue","messageBody":"","fileTypesAndContributionMap":{"functional-code":{"insertions":55,"deletions":48}}},{"hash":"b60e13ca6bcc3d091350810b6054e30f58565084","messageTitle":"Fix checkstyle issue again","messageBody":"","fileTypesAndContributionMap":{"functional-code":{"insertions":106,"deletions":8}}},{"hash":"723ff8496c56c9da0f5b551280b0a83a22291b4d","messageTitle":"Fix checkstyle issue again","messageBody":"","fileTypesAndContributionMap":{"functional-code":{"insertions":1,"deletions":1}}},{"hash":"5a9ff1c86697c2972a21790824979ebb77d5b5bb","messageTitle":"Fix checkstyle issue again","messageBody":"","fileTypesAndContributionMap":{"functional-code":{"insertions":106,"deletions":106}}},{"hash":"22d543a4851f136431c18e05d66b3f5d289b1719","messageTitle":"Fix trailing whitespace","messageBody":"","fileTypesAndContributionMap":{"functional-code":{"insertions":1,"deletions":1}}},{"hash":"c91c8bea14047adeb83b2d62fc9af9643d76b3b9","messageTitle":"Update help and appt commands","messageBody":"","fileTypesAndContributionMap":{"docs":{"insertions":12,"deletions":15}}},{"hash":"53560139d2cfa0dd83609002efca33eff6a6025d","messageTitle":"Update listappt command","messageBody":"","fileTypesAndContributionMap":{"docs":{"insertions":36,"deletions":33}}},{"hash":"5729a880318429e4b7809404abbb497e4bbe4da0","messageTitle":"Update command summary","messageBody":"","fileTypesAndContributionMap":{"docs":{"insertions":13,"deletions":9}}},{"hash":"ad69b1514af68b25d106a5919a2519b959904d4e","messageTitle":"Update UserGuide.md","messageBody":"","fileTypesAndContributionMap":{"docs":{"insertions":1,"deletions":1}}}]},{"date":"2021-03-26","commitResults":[{"hash":"d196a440cc2db5cbb1070c8abdd18ebc6f72144a","messageTitle":"Implement view command to view patient info","messageBody":"- Implement view command which allows the user to view all info\nregarding a patient\n- Format: view INDEX\n","fileTypesAndContributionMap":{"functional-code":{"insertions":125,"deletions":3}}},{"hash":"e3d18375b21cc9473afb863d5650ff7ca8171143","messageTitle":"Update help window with view command","messageBody":"","fileTypesAndContributionMap":{"functional-code":{"insertions":2,"deletions":0}}},{"hash":"cd40969e10bd27d23dfab4015691483f82e4d82a","messageTitle":"Update message shown in patient viewbox on start up","messageBody":"","fileTypesAndContributionMap":{"functional-code":{"insertions":6,"deletions":18}}},{"hash":"9242f8329bc952f7dae44ce9b87390914c0e4958","messageTitle":"Update patient viewbox to show all info correctly and formatted","messageBody":"","fileTypesAndContributionMap":{"functional-code":{"insertions":8,"deletions":4}}},{"hash":"f6016d4358625b54329555b5f21995360e31d84c","messageTitle":"Update patient viewbox appointmentInfo text","messageBody":"","fileTypesAndContributionMap":{"functional-code":{"insertions":1,"deletions":1}}},{"hash":"fef8552513de49b9f6636308aaa75e11f8c427c1","messageTitle":"Update MESSAGE_USAGE of ViewPatientCommand","messageBody":"","fileTypesAndContributionMap":{"functional-code":{"insertions":2,"deletions":2}}},{"hash":"b34b3e2aac8bf7a7260e1882b416cc3b49322a9e","messageTitle":"Update UG introduction","messageBody":"","fileTypesAndContributionMap":{"docs":{"insertions":7,"deletions":1}}},{"hash":"ccdabd31d36952ef49fe67e970096b771eef0c75","messageTitle":"Update MESSAGE_USAGE of some commands to be consistent","messageBody":"","fileTypesAndContributionMap":{"functional-code":{"insertions":6,"deletions":2}}},{"hash":"08140125a4dd0f5039070f0e26575d0800e63453","messageTitle":"Update help window with mrec command","messageBody":"","fileTypesAndContributionMap":{"functional-code":{"insertions":2,"deletions":0}}},{"hash":"ff865cc473c9a449e574415435230c4f022eef2a","messageTitle":"Update UG with mrec and view commands","messageBody":"","fileTypesAndContributionMap":{"docs":{"insertions":26,"deletions":0}}},{"hash":"d5c6caec8d6d4c2e2010e687d1b55ce325bda4d4","messageTitle":"Update UG command summary","messageBody":"","fileTypesAndContributionMap":{"docs":{"insertions":6,"deletions":4}}},{"hash":"7c3ac13f3c0ef709b8ded1019b5e512bf6592152","messageTitle":"Update UserGuide.md","messageBody":"","fileTypesAndContributionMap":{"docs":{"insertions":2,"deletions":2}}},{"hash":"cc78d731c56cd12e7e5f8264a55eb33133cef7e8","messageTitle":"Fix line ending issue","messageBody":"","fileTypesAndContributionMap":{"functional-code":{"insertions":51,"deletions":52}}},{"hash":"291f314a1f1b01530f0e819bb8f9de393e12eea1","messageTitle":"Fix line ending issue again","messageBody":"","fileTypesAndContributionMap":{"functional-code":{"insertions":1,"deletions":1}}},{"hash":"c0535ff97c8264f0f4904ed479e82fe23ffec0fe","messageTitle":"Fix line ending issue again","messageBody":"","fileTypesAndContributionMap":{"functional-code":{"insertions":30,"deletions":30}}},{"hash":"a3d5ddb98ff6f01e4040678b38f77f596e3c05f0","messageTitle":"Fix checkstyle issues","messageBody":"","fileTypesAndContributionMap":{"functional-code":{"insertions":14,"deletions":18}}}]},{"date":"2021-03-27","commitResults":[{"hash":"68db507fb9fdc67bd628e018b890b8d75dd02fd9","messageTitle":"Update DG with implementation of ViewPatientCommand","messageBody":"Draft","fileTypesAndContributionMap":{"docs":{"insertions":13,"deletions":1}}}]},{"date":"2021-03-28","commitResults":[{"hash":"7523961f06316fd67b11d1375599fe8a21a092bc","messageTitle":"Update output of some commands","messageBody":"","fileTypesAndContributionMap":{"docs":{"insertions":23,"deletions":7}}},{"hash":"875b667caf43e6886a897d59c1f96b54bfb010f9","messageTitle":"Update output of help command","messageBody":"","fileTypesAndContributionMap":{"docs":{"insertions":2,"deletions":1}}}]},{"date":"2021-03-30","commitResults":[{"hash":"cce6da6148dba446b364c5c4123264b862aac839","messageTitle":"Modify list to sort by patient name","messageBody":"","fileTypesAndContributionMap":{"functional-code":{"insertions":8,"deletions":2}}},{"hash":"341800f1547a40028a73c72c58ed76675d55267b","messageTitle":"Update UG Intro","messageBody":"","fileTypesAndContributionMap":{"docs":{"insertions":2,"deletions":2}}},{"hash":"1993014b226b94312f3dcba84f5f6330fe452da1","messageTitle":"Update quick start of UG","messageBody":"","fileTypesAndContributionMap":{"docs":{"insertions":3,"deletions":4}}}]},{"date":"2021-04-02","commitResults":[{"hash":"05a0c13ba00032cc7e86b22471a8f78d0900be24","messageTitle":"Update version in mainapp","messageBody":"","fileTypesAndContributionMap":{"functional-code":{"insertions":1,"deletions":1},"other":{"insertions":434,"deletions":414}}}]},{"date":"2021-04-03","commitResults":[{"hash":"d8e3fae78e44c79479f17a0c18fc85056bebd1c9","messageTitle":"Update listappt to display appointments in patientviewbox instead","messageBody":"","fileTypesAndContributionMap":{"functional-code":{"insertions":53,"deletions":13},"other":{"insertions":3,"deletions":3}}},{"hash":"30bf2119e0646cd3d8404369529176cbd55af6c5","messageTitle":"Change label to text shape for viewpatientbox text display","messageBody":"","fileTypesAndContributionMap":{"functional-code":{"insertions":5,"deletions":3},"other":{"insertions":3,"deletions":23}}},{"hash":"98d6003bc4e755239969bcad795179e13935914b","messageTitle":"Change label to text shape for viewpatientbox name field","messageBody":"","fileTypesAndContributionMap":{"functional-code":{"insertions":3,"deletions":5}}},{"hash":"47d12f417dde49ce532a03c7020cc4b53a1fcb2e","messageTitle":"Modify edit command to update patientviewbox after excecuting","messageBody":"","fileTypesAndContributionMap":{"functional-code":{"insertions":3,"deletions":1},"other":{"insertions":11,"deletions":17}}},{"hash":"ca7a4f9c63e5408ebdd455c1713ecf044d3bdbca","messageTitle":"Modify appt command to update patientviewbox after excecuting","messageBody":"","fileTypesAndContributionMap":{"functional-code":{"insertions":2,"deletions":2},"other":{"insertions":12,"deletions":12}}},{"hash":"f89bd81d581b469e1e1dd5f4fce4f92089449fad","messageTitle":"Modify SaveMedicalRecord command to update patientviewbox after excecuting","messageBody":"","fileTypesAndContributionMap":{"functional-code":{"insertions":1,"deletions":1},"other":{"insertions":12,"deletions":0}}},{"hash":"90725ce5ef6e9cb2923eef48e6a5aff24494bc04","messageTitle":"Fix line ending issue","messageBody":"","fileTypesAndContributionMap":{"other":{"insertions":19,"deletions":25}}},{"hash":"9fdeab47cd5e62ec774cbf9cd5f1ccbe3380f461","messageTitle":"Fix line ending issue(again)","messageBody":"","fileTypesAndContributionMap":{"other":{"insertions":414,"deletions":414}}},{"hash":"bcca8505715dab879dc93b6383ad210c7f22ffcc","messageTitle":"Fix checkstyle issues","messageBody":"","fileTypesAndContributionMap":{"functional-code":{"insertions":1,"deletions":1}}},{"hash":"93bf476bdf6c8206d3b596a4746ca2be7a6b2d54","messageTitle":"Update UG with vrec command","messageBody":"","fileTypesAndContributionMap":{"docs":{"insertions":15,"deletions":0}}},{"hash":"ed4b86f837f4725cb35c6ed834ed5fd3915e1519","messageTitle":"Update mrec output in UG","messageBody":"","fileTypesAndContributionMap":{"docs":{"insertions":1,"deletions":1}}},{"hash":"e626bda91b5cc93e531ff8ef9b3fd4c1355ee0ae","messageTitle":"Update output of view command in UG","messageBody":"","fileTypesAndContributionMap":{"docs":{"insertions":1,"deletions":1}}},{"hash":"6a34fc16e7b7dd3cfb3bb7e72a1a954500cd5fbd","messageTitle":"Update UserGuide.md","messageBody":"","fileTypesAndContributionMap":{"docs":{"insertions":2,"deletions":2}}},{"hash":"a92f2eadc12f402c1e945531dc9df16d71220e7e","messageTitle":"Update command summary with missing command formats","messageBody":"","fileTypesAndContributionMap":{"docs":{"insertions":6,"deletions":6}}},{"hash":"c49341fa23ab201e97740fa06e10dae1b4dd90c0","messageTitle":"Update UserGuide.md","messageBody":"","fileTypesAndContributionMap":{"docs":{"insertions":1,"deletions":1}}},{"hash":"04bcbcdd9bff179e973f5f597a36ed5e975ac6db","messageTitle":"Update UserGuide.md","messageBody":"","fileTypesAndContributionMap":{"docs":{"insertions":1,"deletions":0}}},{"hash":"a20db9567d60a398a9c477fd1122b6b197183177","messageTitle":"Shift exit command to the end","messageBody":"","fileTypesAndContributionMap":{"docs":{"insertions":7,"deletions":6}}}]}],"nicholasnge":[{"date":"2021-03-02","commitResults":[{"hash":"eab7cee7231f57643ffe4dc28ffe78231efd3815","messageTitle":"Update AboutUs.md","messageBody":"","fileTypesAndContributionMap":{"docs":{"insertions":20,"deletions":31}}},{"hash":"59dc5b25aecc479075da2e69d61b308204596c43","messageTitle":"Update AboutUs.md","messageBody":"","fileTypesAndContributionMap":{"docs":{"insertions":1,"deletions":1}}}]},{"date":"2021-03-10","commitResults":[{"hash":"ff994e0077e45787c6966a5b2d7c252b6bedb074","messageTitle":"added save to drive capability (but not actually implemented) todo: incorporate it into auto saving after each \"write\" command","messageBody":"","fileTypesAndContributionMap":{"functional-code":{"insertions":89,"deletions":6},"other":{"insertions":5,"deletions":0}}}]},{"date":"2021-03-13","commitResults":[{"hash":"fcf549321269fb118e41e8abe4e1969658d1e640","messageTitle":"Added MedicalRecord and Appointment classes","messageBody":"","fileTypesAndContributionMap":{"functional-code":{"insertions":68,"deletions":4}}},{"hash":"c7baef0090b2e09d8f6b7f19f896a263dd176a3e","messageTitle":"Added Section class and added settings pref (but not used yet)","messageBody":"","fileTypesAndContributionMap":{"functional-code":{"insertions":13,"deletions":0}}}]},{"date":"2021-03-14","commitResults":[{"hash":"e5d9131f1de2bfc631d6da287edc3472ad38e716","messageTitle":"Added Section class and added settings pref (but not used yet)","messageBody":"","fileTypesAndContributionMap":{"functional-code":{"insertions":392,"deletions":49},"other":{"insertions":9,"deletions":6},"test-code":{"insertions":11,"deletions":11}}},{"hash":"d5845f2e7a74ce97e06b76f62b7b9b836cee389b","messageTitle":"Revert \"Added Section class and added settings pref (but not used yet)\"","messageBody":"This reverts commit e5d9131f1de2bfc631d6da287edc3472ad38e716.\n","fileTypesAndContributionMap":{"functional-code":{"insertions":49,"deletions":392},"other":{"insertions":6,"deletions":9},"test-code":{"insertions":11,"deletions":11}}},{"hash":"70c1df482f40c13df3dc06c91ad9bbbb6a0c8aeb","messageTitle":"Storage now works with Section, MedicalRecord, Appointment. Thank the heavens.","messageBody":"","fileTypesAndContributionMap":{"functional-code":{"insertions":493,"deletions":11}}},{"hash":"6a837b26cbd8c6ba91df0c3370c4b279a97aabe7","messageTitle":"made code quality changes and commented out irrelevant test case block","messageBody":"","fileTypesAndContributionMap":{"functional-code":{"insertions":3,"deletions":3},"test-code":{"insertions":69,"deletions":69}}},{"hash":"8c1266cc76bc5c7ef3fc232cc0220cf5ba0d01e8","messageTitle":"Reluctantly fixed code quality errors","messageBody":"","fileTypesAndContributionMap":{"functional-code":{"insertions":158,"deletions":78}}},{"hash":"ef613d203efad09ab602a3592ffd68b17ff76bad","messageTitle":"More code quality errors Dear Java Cl, please just let me pass","messageBody":"","fileTypesAndContributionMap":{"functional-code":{"insertions":27,"deletions":26}}},{"hash":"390efed46df5ac0e05de54444139d001722797eb","messageTitle":"\u0027{\u0027 is not preceded with whitespace COMEON","messageBody":"","fileTypesAndContributionMap":{"functional-code":{"insertions":1,"deletions":1}}},{"hash":"3dd28716b153ea7824d388db4b505cf8990d2edb","messageTitle":"fixed test cases checkstyle...","messageBody":"","fileTypesAndContributionMap":{"test-code":{"insertions":8,"deletions":9}}},{"hash":"01f7e3cdaf29cd87050268eb248c57b5430b3027","messageTitle":"fixed test cases checkstyle...","messageBody":"","fileTypesAndContributionMap":{"test-code":{"insertions":0,"deletions":1}}},{"hash":"7b6dda24aeac12817cffe15dfc653efbe1ad86ed","messageTitle":"fixed test cases checkstyle...","messageBody":"","fileTypesAndContributionMap":{"test-code":{"insertions":1,"deletions":1}}}]},{"date":"2021-03-17","commitResults":[{"hash":"ccaff80011080b5fa786440564a5f4c60ea35bc8","messageTitle":"Added OpenMedicalRecordCommand MedicalRecord currently able to be opened, but not saved (yet, will be ok in 1.3) changes to Appointment and MedicalRecord","messageBody":"","fileTypesAndContributionMap":{"functional-code":{"insertions":286,"deletions":82},"test-code":{"insertions":2,"deletions":2}}},{"hash":"be2dc2c62e4b07b28bab0a3ce82b4f251dd12198","messageTitle":"added addressbook.json so that we can have a common data","messageBody":"","fileTypesAndContributionMap":{"other":{"insertions":35,"deletions":0}}}]},{"date":"2021-03-25","commitResults":[{"hash":"5b3f753893c2c69b14bc073a6d0845885486e534","messageTitle":"updated addressbook","messageBody":"","fileTypesAndContributionMap":{"other":{"insertions":2,"deletions":2}}},{"hash":"2ecdb1ea3132a7b179e5eb9f3645dba37220645a","messageTitle":"changed addressbook to docBob.json","messageBody":"","fileTypesAndContributionMap":{"other":{"insertions":1,"deletions":1}}},{"hash":"f9440c578e8b9b8db51a22f383cd7a9a1ffe663a","messageTitle":"changed sample data to look nice","messageBody":"","fileTypesAndContributionMap":{"functional-code":{"insertions":16,"deletions":3},"other":{"insertions":0,"deletions":35}}},{"hash":"e94692a78db5a2bd8dfa46f3a767a494b3d8c617","messageTitle":"v1.2.1","messageBody":"","fileTypesAndContributionMap":{"functional-code":{"insertions":3,"deletions":16}}},{"hash":"d4d0b14d3b74a0df9a5969dd73ef44eb60c73a2b","messageTitle":"STYLECHECKALSFJSEDGHL","messageBody":"","fileTypesAndContributionMap":{"functional-code":{"insertions":0,"deletions":4}}},{"hash":"8db55f8948c40027a96d5ca0f618f0dfdc2afd9c","messageTitle":"corrected some style checks","messageBody":"","fileTypesAndContributionMap":{"functional-code":{"insertions":16,"deletions":22}}},{"hash":"6c9235728bf1c8a1612a5d3525824f6bee91b513","messageTitle":"hmm... style checks still failing?","messageBody":"","fileTypesAndContributionMap":{"functional-code":{"insertions":6,"deletions":10}}},{"hash":"d9f23e6b16e5cc1d32cd03c95cab8dbf3c0b508d","messageTitle":"hmm... style checks still failing?","messageBody":"","fileTypesAndContributionMap":{"functional-code":{"insertions":0,"deletions":5}}},{"hash":"657c5674a01d122cae4d5616129e926dfc32c0d8","messageTitle":"fixed test case for AddAppointmentCommandTest.java","messageBody":"","fileTypesAndContributionMap":{"functional-code":{"insertions":1,"deletions":1},"test-code":{"insertions":2,"deletions":2}}},{"hash":"0afa124f4157435ad8c485f7a373fa66598410ae","messageTitle":"split pane working, needs styling","messageBody":"","fileTypesAndContributionMap":{"functional-code":{"insertions":104,"deletions":0}}},{"hash":"3185384a7ddb542db1bc1daae0d99deae1c49e27","messageTitle":"split pane working, needs styling","messageBody":"","fileTypesAndContributionMap":{"functional-code":{"insertions":16,"deletions":18}}}]},{"date":"2021-04-01","commitResults":[{"hash":"b3a174ccda8d93957900d3579b87bd5047b6037d","messageTitle":"GIMME TH EMONEY","messageBody":"","fileTypesAndContributionMap":{"functional-code":{"insertions":750,"deletions":384},"other":{"insertions":63,"deletions":42},"docs":{"insertions":33,"deletions":33},"test-code":{"insertions":199,"deletions":204}}},{"hash":"aedcab41cc10b0bb76c9587b15777658837c7f9a","messageTitle":"ADD THE DOCBOB OFIELWRFLK","messageBody":"","fileTypesAndContributionMap":{"other":{"insertions":414,"deletions":0}}},{"hash":"309083a5136635e4a17beb9ef2240dddcecd7e19","messageTitle":"ADDED UNEDITABLE AFTER 1 DAY","messageBody":"","fileTypesAndContributionMap":{"functional-code":{"insertions":32,"deletions":2},"other":{"insertions":9,"deletions":6}}},{"hash":"7857c8c3b402e3c70cb703e0fa57590543f157a9","messageTitle":"finished: ViewMedicalRecordCommand SaveMedicalRecordCommand Section functionality","messageBody":"updates to:\nListAppointmentsCommand\nEditorWindow\nmany FXMLs\n","fileTypesAndContributionMap":{"functional-code":{"insertions":130,"deletions":65},"other":{"insertions":23,"deletions":26},"test-code":{"insertions":6,"deletions":6}}},{"hash":"547c85d58a78d45d53dedd66477d25a6ea23122f","messageTitle":"checkstyle changes","messageBody":"","fileTypesAndContributionMap":{"other":{"insertions":1,"deletions":1}}},{"hash":"ca2621e6755d537343e117ffd2597eba6211b0ac","messageTitle":"changes to ModelStub since new methods were added to Model interface","messageBody":"","fileTypesAndContributionMap":{"test-code":{"insertions":16,"deletions":0}}},{"hash":"d47eaf9e779b34212b73d690626609992f7a2c0c","messageTitle":"checkstyle for test cases","messageBody":"","fileTypesAndContributionMap":{"test-code":{"insertions":6,"deletions":2}}},{"hash":"e3b21481a72d20beb547a7c65b50545df2a48074","messageTitle":"checkstyle for test cases","messageBody":"","fileTypesAndContributionMap":{"test-code":{"insertions":1,"deletions":0}}}]},{"date":"2021-04-03","commitResults":[{"hash":"c8da011519e3d594b060d3e10c9c5801b9eb4f8a","messageTitle":"Update UserGuide.md","messageBody":"","fileTypesAndContributionMap":{"docs":{"insertions":1,"deletions":1}}},{"hash":"17fadab5ee5c3d7bfea2f87287bec3ddb9eaf2cd","messageTitle":"Update UserGuide.md","messageBody":"","fileTypesAndContributionMap":{"docs":{"insertions":1,"deletions":3}}},{"hash":"0083f14a4fd2022c9b03dc8ec28d895a3f44a9e0","messageTitle":"Update UserGuide.md","messageBody":"","fileTypesAndContributionMap":{"docs":{"insertions":1,"deletions":1}}},{"hash":"f78ebb2260d04268fdcf4a1260dfd908569db605","messageTitle":"Update UserGuide.md","messageBody":"","fileTypesAndContributionMap":{"docs":{"insertions":1,"deletions":1}}},{"hash":"7cb7a914bd528eb888a961a743472873641f61d4","messageTitle":"Update UserGuide.md","messageBody":"","fileTypesAndContributionMap":{"docs":{"insertions":1,"deletions":1}}},{"hash":"cf33986f0c96133d74e8d569b64c10164bf18966","messageTitle":"Update UserGuide.md","messageBody":"","fileTypesAndContributionMap":{"docs":{"insertions":3,"deletions":1}}},{"hash":"0e7dd2f4be9c82c4510cc2e8a6465f69bb469940","messageTitle":"Update UserGuide.md","messageBody":"","fileTypesAndContributionMap":{"docs":{"insertions":1,"deletions":2}}},{"hash":"83b394b458aed39dcc27471d09f4a4640bff7eff","messageTitle":"Update UserGuide.md","messageBody":"","fileTypesAndContributionMap":{"docs":{"insertions":1,"deletions":1}}},{"hash":"344682d8988a680e1cc4bf692f7843fdab485e29","messageTitle":"Update UserGuide.md","messageBody":"","fileTypesAndContributionMap":{"docs":{"insertions":1,"deletions":1}}},{"hash":"328872c65e5f17a58bf50f5370f87f0acfcdcb02","messageTitle":"Update UserGuide.md","messageBody":"","fileTypesAndContributionMap":{"docs":{"insertions":2,"deletions":2}}},{"hash":"fdab613875f9b5873ed76430d96233ec003fa8d2","messageTitle":"Update UserGuide.md","messageBody":"","fileTypesAndContributionMap":{"docs":{"insertions":1,"deletions":1}}},{"hash":"aa70184330952bf9964ef7aeb277401d5db36324","messageTitle":"Update UserGuide.md","messageBody":"","fileTypesAndContributionMap":{"docs":{"insertions":15,"deletions":15}}},{"hash":"1c014121147f2c6726ee0594785c71421105eae0","messageTitle":"Update UserGuide.md","messageBody":"","fileTypesAndContributionMap":{"docs":{"insertions":1,"deletions":2}}},{"hash":"2ef804411a644924a509f828191f3ba6b294ea1a","messageTitle":"Update UserGuide.md","messageBody":"","fileTypesAndContributionMap":{"docs":{"insertions":1,"deletions":1}}},{"hash":"8dfd3a0417dd659c2c83aab1de208f165543dd37","messageTitle":"Update UserGuide.md","messageBody":"","fileTypesAndContributionMap":{"docs":{"insertions":1,"deletions":3}}},{"hash":"caa3aa522e1efd6f47f843e23c377c0647a1a085","messageTitle":"Update UserGuide.md","messageBody":"","fileTypesAndContributionMap":{"docs":{"insertions":0,"deletions":2}}}]}],"vivegank":[{"date":"2021-02-24","commitResults":[{"hash":"1f5aaf257627017dcf562dbc7529d71103ce0e50","messageTitle":"Update README.md","messageBody":"","fileTypesAndContributionMap":{"docs":{"insertions":2,"deletions":0}}}]},{"date":"2021-03-02","commitResults":[{"hash":"244a003096044d8bc0f49ce0ff68fcff9b1df55e","messageTitle":"Update readme","messageBody":"","fileTypesAndContributionMap":{"docs":{"insertions":3,"deletions":13}}}]},{"date":"2021-03-16","commitResults":[{"hash":"d1980fc1014b792c06e432cf327516654235288d","messageTitle":"Test parseDate","messageBody":"","fileTypesAndContributionMap":{"test-code":{"insertions":55,"deletions":0}}},{"hash":"989f55ed90ae20a5a5470bb82e298018d62c3e71","messageTitle":"Test AddAppointmentCommandParser and AddAppointmentCommand","messageBody":"","fileTypesAndContributionMap":{"functional-code":{"insertions":26,"deletions":9},"test-code":{"insertions":149,"deletions":0}}},{"hash":"3e0dcb2d01e9e1a8b75a503991fd0756692f8f7b","messageTitle":"Add test cases for some other classes","messageBody":"","fileTypesAndContributionMap":{"functional-code":{"insertions":19,"deletions":0},"test-code":{"insertions":25,"deletions":0}}},{"hash":"3c9a4725f34108ccb24c70519f5038a17c5e1206","messageTitle":"Fix code quality","messageBody":"","fileTypesAndContributionMap":{"functional-code":{"insertions":5,"deletions":3},"test-code":{"insertions":8,"deletions":8}}}]},{"date":"2021-03-24","commitResults":[{"hash":"463419719680c2410f3085689c7931d02a45a40c","messageTitle":"Enable assertions in build.gradle","messageBody":"","fileTypesAndContributionMap":{"other":{"insertions":4,"deletions":0}}}]},{"date":"2021-03-25","commitResults":[{"hash":"375c1e9f54dea4ce3b30a5b312464ffdf1abb561","messageTitle":"Finish hasty draft for 2101","messageBody":"","fileTypesAndContributionMap":{"docs":{"insertions":60,"deletions":107}}}]},{"date":"2021-03-26","commitResults":[{"hash":"5311b8af6a67a83d52740ac230fdb150ac2a7ac7","messageTitle":"Modify model to support weight","messageBody":"","fileTypesAndContributionMap":{"functional-code":{"insertions":61,"deletions":11}}}]},{"date":"2021-03-27","commitResults":[{"hash":"fb4cb59fd49be0400b08a093f64a60e13f8394b4","messageTitle":"Fix term","messageBody":"","fileTypesAndContributionMap":{"functional-code":{"insertions":1,"deletions":1}}},{"hash":"238aa9406f43e291d5c9b5e2c1e894705bc45899","messageTitle":"Modify logic to include weight","messageBody":"","fileTypesAndContributionMap":{"functional-code":{"insertions":52,"deletions":6}}},{"hash":"ca9cfea6103e4348a4452f4f4153ce52eac0709b","messageTitle":"Modify storage to include weight","messageBody":"","fileTypesAndContributionMap":{"functional-code":{"insertions":14,"deletions":1}}},{"hash":"c0d6761b40a58ff05bf802cca0e3cfdfd3156d93","messageTitle":"Fix Ui to show weight","messageBody":"","fileTypesAndContributionMap":{"functional-code":{"insertions":6,"deletions":0}}},{"hash":"2ccf5b3d32d7103a987bd46bad5e4219c5072047","messageTitle":"Fix some bugs","messageBody":"","fileTypesAndContributionMap":{"functional-code":{"insertions":13,"deletions":12}}},{"hash":"83dcd1af4fd33ecfe7fb3cad726824ca3bb5f260","messageTitle":"Modify model to include height","messageBody":"","fileTypesAndContributionMap":{"functional-code":{"insertions":64,"deletions":11}}},{"hash":"b1f33437b8a8051ad021a608450aefbba272b6b9","messageTitle":"Act on OCD","messageBody":"","fileTypesAndContributionMap":{"functional-code":{"insertions":1,"deletions":1}}},{"hash":"e5b0fa8a9b355f672c3da40dd95181d61ca60dc0","messageTitle":"Edit sample data","messageBody":"","fileTypesAndContributionMap":{"functional-code":{"insertions":7,"deletions":6}}},{"hash":"5722757e4b85bb3b2a01e6327063b5f492b9145f","messageTitle":"Modify logic to support height","messageBody":"","fileTypesAndContributionMap":{"functional-code":{"insertions":55,"deletions":9}}},{"hash":"966f5f7005e11c6208198e7b96355c356f5525ec","messageTitle":"Include height in storage","messageBody":"","fileTypesAndContributionMap":{"functional-code":{"insertions":16,"deletions":2}}},{"hash":"18e8337518eaec2d4be5ea583e5ec6a1532b3108","messageTitle":"Modify ui to show height","messageBody":"","fileTypesAndContributionMap":{"functional-code":{"insertions":6,"deletions":0}}},{"hash":"63f2ec5c1f536ec85f730d5afd3d866c032680de","messageTitle":"Finish related tests :(","messageBody":"","fileTypesAndContributionMap":{"test-code":{"insertions":505,"deletions":114}}},{"hash":"6305ee3c5bbadd5e011eb0705f52a5e6c35ab40c","messageTitle":"Finish fixing bugs leading to test case failures","messageBody":"","fileTypesAndContributionMap":{"functional-code":{"insertions":24,"deletions":0},"test-code":{"insertions":7,"deletions":6}}},{"hash":"fce770badfdd774327a5d0c2c1c4a51209408868","messageTitle":"Incorporate height and weight into UG","messageBody":"","fileTypesAndContributionMap":{"docs":{"insertions":5,"deletions":5}}}]},{"date":"2021-03-29","commitResults":[{"hash":"c9c32e260ef33cebbe76ee2fe878be35b473b33e","messageTitle":"Modify person to support archiving","messageBody":"","fileTypesAndContributionMap":{"functional-code":{"insertions":17,"deletions":2}}},{"hash":"7efe4d013953c9ad302cdd8d49436a7a7d9b6881","messageTitle":"Update equals and hashcode methods","messageBody":"","fileTypesAndContributionMap":{"functional-code":{"insertions":3,"deletions":1}}},{"hash":"1b5731d66f9a366cf75e09c0a65ac96368ba5bff","messageTitle":"Update parser to support archiving","messageBody":"","fileTypesAndContributionMap":{"functional-code":{"insertions":70,"deletions":0}}},{"hash":"b548d82c73bfc5fc7df6b6004507eea592d69aae","messageTitle":"Support archive viewing command","messageBody":"","fileTypesAndContributionMap":{"functional-code":{"insertions":1,"deletions":0}}},{"hash":"3e6bad8e86e3b98b3d9a61aa97087af4326273a1","messageTitle":"Modify model to support archiving","messageBody":"","fileTypesAndContributionMap":{"functional-code":{"insertions":70,"deletions":3}}},{"hash":"32683a2ec20f1c1bc8ccd38e1519ce4e1216cdee","messageTitle":"Update classes to fit new changes","messageBody":"","fileTypesAndContributionMap":{"functional-code":{"insertions":196,"deletions":8}}}]},{"date":"2021-03-30","commitResults":[{"hash":"115374c8a44408a8f726b890573007166f25d417","messageTitle":"Finish ALL testing and updating related to archiving","messageBody":"","fileTypesAndContributionMap":{"functional-code":{"insertions":14,"deletions":1},"test-code":{"insertions":528,"deletions":16}}},{"hash":"72e00695ff01c56d2ea57dd01c787a964eb2de19","messageTitle":"Fix checkstyle issues","messageBody":"","fileTypesAndContributionMap":{"functional-code":{"insertions":4,"deletions":6},"test-code":{"insertions":9,"deletions":15}}},{"hash":"55f7584906cdead634d4977d06d2adf55d40b7aa","messageTitle":"Bug fixes","messageBody":"","fileTypesAndContributionMap":{"test-code":{"insertions":11,"deletions":8}}}]},{"date":"2021-04-03","commitResults":[{"hash":"8486e9e4c1bdb81dca0a800b7ab8d06f1213478f","messageTitle":"Update UG for PE Dry Run","messageBody":"","fileTypesAndContributionMap":{"docs":{"insertions":46,"deletions":5}}}]}]},"authorFileTypeContributionMap":{"prerthan99":{"docs":38,"functional-code":0,"test-code":0},"BigDoot":{"docs":112,"functional-code":404,"test-code":5},"nicholasnge":{"docs":71,"functional-code":1968,"test-code":233,"other":419},"vivegank":{"docs":96,"functional-code":570,"test-code":1104,"other":4}},"authorContributionVariance":{"prerthan99":279.13412,"BigDoot":57519.34,"nicholasnge":211507.61,"vivegank":31747.0},"authorDisplayNameMap":{"prerthan99":"CS2103T-W12-1 PRER..RNAM","BigDoot":"CS2103T-W12-1 CHUA..NDON","nicholasnge":"CS2103T-W12-1 NICH..SHOU","vivegank":"CS2103T-W12-1 VIVE..RAJA"}}
