{"authorDailyContributionsMap":{"nighoggDatatype":[{"date":"2021-03-02","commitResults":[{"hash":"35358546b711c35749f0832855321f8591c0c925","messageTitle":"Add details of nighoggDatatype to the About Us page","messageBody":"","fileTypesAndContributionMap":{"docs":{"insertions":3,"deletions":4}}},{"hash":"5c67b38908836cc44e27fc301dcdebd9a43b9d71","messageTitle":"Update User Guide with updated Add command","messageBody":"","fileTypesAndContributionMap":{"docs":{"insertions":6,"deletions":4}}}]},{"date":"2021-03-16","commitResults":[{"hash":"574305337af4c4bc71b007015c902f0f34900403","messageTitle":"Add new attributes to be intergrated","messageBody":"","fileTypesAndContributionMap":{"functional-code":{"insertions":120,"deletions":0}}}]},{"date":"2021-03-28","commitResults":[{"hash":"9d204d2698415a9ef5284a01c9d8c70c1b425fa7","messageTitle":"Add initial class for Date of Birth","messageBody":"","fileTypesAndContributionMap":{"functional-code":{"insertions":63,"deletions":0}}}]},{"date":"2021-03-29","commitResults":[{"hash":"ac73935f5fc0c29ef757a12ee90785be716beb3b","messageTitle":"Add functionality to process the new attribute of Date Of Birth","messageBody":"Currently, we only have the bare class that contains the information about Date Of Birth\n\nThis obviously cannot be used in production, and the class is currently unused.\n\nLet\u0027s,\n* Update the customer to include the new attribute\n* Update the AddCommand and EditCommand classes and related classes to process the new attribute\n* Update general parsing classes and the appropriate storage classes to handle the new attribute\n* Fix any resulting test code that is unable to handle the new attribute\n\nThe reason we do this all at once is so that we can maintain perfect test coverage. Note that we also\nupdate test cases to test for this attribute specifically\n\n{any other relevant info}\n","fileTypesAndContributionMap":{"functional-code":{"insertions":86,"deletions":18},"test-code":{"insertions":120,"deletions":49}}},{"hash":"a088d55ff411914feef739bbaa3fb70fa70f50da","messageTitle":"Add UI support for Date Of Birth attribute","messageBody":"","fileTypesAndContributionMap":{"functional-code":{"insertions":3,"deletions":0}}},{"hash":"4e7cb754629e841bc18df0547986395f50678d24","messageTitle":"Add potentially bare minimum code for NameFilter.","messageBody":"Whether this satisfy code reuse policy is unknown so DO NOT MERGE PR ON PAIN OF PLAGERISM CHARGES\n","fileTypesAndContributionMap":{"functional-code":{"insertions":81,"deletions":0}}}]},{"date":"2021-03-30","commitResults":[{"hash":"4dc43666646b462ce1c1126bac58244247eea22c","messageTitle":"Fix Checkstyle for Test code","messageBody":"","fileTypesAndContributionMap":{"test-code":{"insertions":25,"deletions":21}}},{"hash":"f3d57e0dd2ee94a3ba8f5a5d7b6f5486ae75734e","messageTitle":"Fix attribution of code from stackexchange","messageBody":"","fileTypesAndContributionMap":{"functional-code":{"insertions":3,"deletions":7}}},{"hash":"74afa6ca8f8bbfcde3211ff2f47f6bd2e4fa432e","messageTitle":"Add incomplete code for CoeExpiryFilter","messageBody":"","fileTypesAndContributionMap":{"functional-code":{"insertions":59,"deletions":1}}},{"hash":"4ebc4225a7ab170a1e8ff8864fa8d419a0d35138","messageTitle":"Add error checking based on the attribute classes of Customer in the model package","messageBody":"","fileTypesAndContributionMap":{"functional-code":{"insertions":19,"deletions":4}}},{"hash":"dead227e14a6b44e106c1f4204aad6a5332c46ff","messageTitle":"Add partial test code for CoeExpiryFilter","messageBody":"","fileTypesAndContributionMap":{"functional-code":{"insertions":2,"deletions":0},"test-code":{"insertions":22,"deletions":0}}},{"hash":"4e9da2430544f6c598c8e6df3d4f775af1504f21","messageTitle":"Add test code for validation function \u0027isValidFilter\u0027","messageBody":"","fileTypesAndContributionMap":{"functional-code":{"insertions":1,"deletions":1},"test-code":{"insertions":20,"deletions":0}}},{"hash":"a9cd0cc526d38aa6a971d513d02dd7e2ccf3e6bf","messageTitle":"Rename a variable and method to be more descriptive","messageBody":"","fileTypesAndContributionMap":{"functional-code":{"insertions":5,"deletions":5}}},{"hash":"be3def4f224bd56a2488fea238ff1e1446907fa4","messageTitle":"Add more test cases based on the test class \u0027AddCommandTest\u0027","messageBody":"","fileTypesAndContributionMap":{"functional-code":{"insertions":9,"deletions":1},"test-code":{"insertions":36,"deletions":1}}},{"hash":"aee1b64fcfe55f76f31ca76fb27cf7690b6d597d","messageTitle":"Add implementation for filterAllCustomers","messageBody":"","fileTypesAndContributionMap":{"functional-code":{"insertions":4,"deletions":1}}},{"hash":"5769cef1d7bd67133c37a0052c4ba07a8f3e1382","messageTitle":"Add new test case and fix all logical bugs encountered","messageBody":"","fileTypesAndContributionMap":{"functional-code":{"insertions":2,"deletions":4},"test-code":{"insertions":17,"deletions":10}}},{"hash":"bccf34c525e4efdf582822ffd0e523699b7b0b3b","messageTitle":"Done all test cases for CoeExpiryFilter except for function filterAllCustomers","messageBody":"","fileTypesAndContributionMap":{"functional-code":{"insertions":1,"deletions":1},"test-code":{"insertions":29,"deletions":4}}},{"hash":"98a0530d4eb1b43738d4798fab0cb0e93fee9320","messageTitle":"Fix checkstyle errors","messageBody":"","fileTypesAndContributionMap":{"functional-code":{"insertions":0,"deletions":1},"test-code":{"insertions":8,"deletions":7}}},{"hash":"ae1f9d65bb866591edb494980c9ae72648408d77","messageTitle":"Modify filterAllCustomers to follow better coding practice","messageBody":"","fileTypesAndContributionMap":{"functional-code":{"insertions":2,"deletions":2}}}]},{"date":"2021-03-31","commitResults":[{"hash":"63fe624b6f8900a7713f27935e1de1eb7dba9fcb","messageTitle":"Remove redundant overridden functions","messageBody":"","fileTypesAndContributionMap":{"functional-code":{"insertions":0,"deletions":14}}},{"hash":"b817f1bd3c4a664218ac3f434a55b532acd9ed2e","messageTitle":"Remove unused imports","messageBody":"","fileTypesAndContributionMap":{"functional-code":{"insertions":1,"deletions":3}}},{"hash":"e0a0690272a33e2ae08f0452b1ed5f089cc464bc","messageTitle":"Add error checking to NameFilter","messageBody":"","fileTypesAndContributionMap":{"functional-code":{"insertions":18,"deletions":2}}},{"hash":"bbc661d5abfa8515ef88ab497a87b06cd246e0d0","messageTitle":"Add partial test cases for NameFilter","messageBody":"","fileTypesAndContributionMap":{"functional-code":{"insertions":3,"deletions":0},"test-code":{"insertions":52,"deletions":1}}},{"hash":"c69d340e52ac4e1ac776a332ae1392a62c99ff6e","messageTitle":"Fix checkstyle errors","messageBody":"","fileTypesAndContributionMap":{"functional-code":{"insertions":0,"deletions":2},"test-code":{"insertions":2,"deletions":2}}}]},{"date":"2021-04-01","commitResults":[{"hash":"042c4bdb9be4900fd62d66544e3cc3d58806a98c","messageTitle":"Refactor NameFilter to be better structured while preserving old code","messageBody":"","fileTypesAndContributionMap":{"functional-code":{"insertions":29,"deletions":30}}}]},{"date":"2021-04-02","commitResults":[{"hash":"19fd63b1c63fd90801791f3a14a9ac84a8aadcc1","messageTitle":"Make name filter case insensitive","messageBody":"","fileTypesAndContributionMap":{"functional-code":{"insertions":1,"deletions":1}}}]},{"date":"2021-04-03","commitResults":[{"hash":"e8df40cfc97e477ff215306a0cdedc3754d7c600","messageTitle":"Include DOB details, COE filter details, and corrections to the EMAIL feture","messageBody":"","fileTypesAndContributionMap":{"docs":{"insertions":14,"deletions":5}}},{"hash":"6a442608ecb07c89082e37a3a18d76313304a88c","messageTitle":"Improve documentation on /up command","messageBody":"","fileTypesAndContributionMap":{"docs":{"insertions":9,"deletions":1}}},{"hash":"380c4db44c66dfd9a7921a0e7a21282400562bf9","messageTitle":"Re-add Tip","messageBody":"","fileTypesAndContributionMap":{"docs":{"insertions":4,"deletions":0}}},{"hash":"0219357fba63bfb6164366b21c1a473bb7e59dce","messageTitle":"Re-add example to command summary","messageBody":"","fileTypesAndContributionMap":{"docs":{"insertions":1,"deletions":1}}}]}],"Shizheng001":[{"date":"2021-03-03","commitResults":[{"hash":"a9622cc5e23f05dd88e8b067aae95124da2b7713","messageTitle":"aboutme","messageBody":"","fileTypesAndContributionMap":{"docs":{"insertions":2,"deletions":3}}},{"hash":"c6593b11a70fb53d763c5dfe91f583acf529f86a","messageTitle":"aboutme","messageBody":"","fileTypesAndContributionMap":{"docs":{"insertions":1,"deletions":1}}}]},{"date":"2021-03-16","commitResults":[{"hash":"f5b8a214a4a870b8542a01c8a0957f35b36a6ee9","messageTitle":"adding back addressfields","messageBody":"","fileTypesAndContributionMap":{"functional-code":{"insertions":149,"deletions":91},"test-code":{"insertions":64,"deletions":12}}},{"hash":"85a5e8318093421a69f25892f6648f720740f50a","messageTitle":"adding back addressfields v2","messageBody":"","fileTypesAndContributionMap":{"functional-code":{"insertions":3,"deletions":1},"test-code":{"insertions":151,"deletions":35}}},{"hash":"fc5a88c9a75c5117a78115df1f74baf04af0b94e","messageTitle":"adding back addressfields-final","messageBody":"","fileTypesAndContributionMap":{"test-code":{"insertions":8,"deletions":2}}},{"hash":"fda575ccf4a859847b9f82c22a9bec3ce3d66c90","messageTitle":"checkstyle issues resolved","messageBody":"","fileTypesAndContributionMap":{"functional-code":{"insertions":12,"deletions":11},"test-code":{"insertions":13,"deletions":8}}},{"hash":"f0667ef282448638f45e13365b20dd604b6cffd3","messageTitle":"checkstyle issues resolved final","messageBody":"","fileTypesAndContributionMap":{"test-code":{"insertions":1,"deletions":1}}},{"hash":"b44b538d6b98a5a8396c78c6e360631d0bd04b8b","messageTitle":"update delete command - new after addressfield updates","messageBody":"","fileTypesAndContributionMap":{"functional-code":{"insertions":19,"deletions":17},"test-code":{"insertions":27,"deletions":22}}},{"hash":"01c586164620474ac5a30d4bf4fb6400b0bc87d6","messageTitle":"update ug dg (delete command)","messageBody":"","fileTypesAndContributionMap":{"docs":{"insertions":10,"deletions":11}}},{"hash":"9dfc3e55fb6c9076da0a8e87a9c9e12b97b1d346","messageTitle":"update ug dg (delete command) v1.1","messageBody":"","fileTypesAndContributionMap":{"functional-code":{"insertions":1,"deletions":1},"docs":{"insertions":1,"deletions":1},"test-code":{"insertions":1,"deletions":1}}},{"hash":"7e70f641aaf76b8303d295c08bf5b0580844caab","messageTitle":"change person to customers(some previously overlooked references)","messageBody":"","fileTypesAndContributionMap":{"functional-code":{"insertions":7,"deletions":7},"test-code":{"insertions":1,"deletions":1}}},{"hash":"e90929ee9068e6d0ea5ab02ac657c0e1dbd6efdc","messageTitle":"command execution test fix","messageBody":"","fileTypesAndContributionMap":{"test-code":{"insertions":1,"deletions":1}}},{"hash":"a4f737e30ed31bf0cd73d4f8a2543c4a49006187","messageTitle":"updated delete command","messageBody":"","fileTypesAndContributionMap":{"test-code":{"insertions":1,"deletions":1}}}]},{"date":"2021-03-31","commitResults":[{"hash":"d3ba8a3af4d45828a81556cf124f48c61d73eb23","messageTitle":"addressfilter tagfilter","messageBody":"","fileTypesAndContributionMap":{"functional-code":{"insertions":49,"deletions":4},"docs":{"insertions":2,"deletions":0}}},{"hash":"941d9acb897f56990999477616192a15452239a6","messageTitle":"addressfilter tagfilter update","messageBody":"","fileTypesAndContributionMap":{"functional-code":{"insertions":6,"deletions":9}}},{"hash":"aae744017b9e2780ed3479d12ae5875fad170207","messageTitle":"addressfilter tagfilter update","messageBody":"","fileTypesAndContributionMap":{"docs":{"insertions":14,"deletions":19}}}]},{"date":"2021-04-01","commitResults":[{"hash":"a37ba1216e575ecb22eaeec1c9775058052430d8","messageTitle":"adding Email feature and update help page","messageBody":"","fileTypesAndContributionMap":{"functional-code":{"insertions":203,"deletions":18},"other":{"insertions":1,"deletions":0},"test-code":{"insertions":7,"deletions":7}}},{"hash":"8c9ab0482f416e252d8e48d347fe7759ba775ea9","messageTitle":"adding Email feature and update help page","messageBody":"","fileTypesAndContributionMap":{"test-code":{"insertions":1,"deletions":1}}},{"hash":"273d3e9cbfdd4500ada597882a79cc65ca0fa69a","messageTitle":"adding Email feature and update help page.","messageBody":"","fileTypesAndContributionMap":{"other":{"insertions":1,"deletions":1}}}]},{"date":"2021-04-02","commitResults":[{"hash":"80461253454ac76b2dc1ccd33ebe101ddf825a68","messageTitle":"minor updates","messageBody":"","fileTypesAndContributionMap":{"functional-code":{"insertions":3,"deletions":1}}},{"hash":"bd1b6d6a06b7c86ac31872589e717517aba3eaeb","messageTitle":"credit reused code","messageBody":"","fileTypesAndContributionMap":{"functional-code":{"insertions":5,"deletions":1}}},{"hash":"f45f5320c0bf2f61b5fe9655f8b9019ed9ca4247","messageTitle":"changing help window url","messageBody":"","fileTypesAndContributionMap":{"functional-code":{"insertions":1,"deletions":1}}},{"hash":"022742386e4f7f77a1cb647cd92cafa073dedf63","messageTitle":"changing help window url and update UG","messageBody":"","fileTypesAndContributionMap":{"docs":{"insertions":10,"deletions":4}}},{"hash":"c5335c69f28b9936743b4d84765b197495fd7b13","messageTitle":"add person example fix","messageBody":"","fileTypesAndContributionMap":{"functional-code":{"insertions":3,"deletions":3}}}]}],"rajobasu":[{"date":"2021-03-01","commitResults":[{"hash":"39f50a550289636c42938e0fe2bc23f53f7b5c94","messageTitle":"Update AboutUs with teammember names","messageBody":"Add all the names of the contributers in the projects.","fileTypesAndContributionMap":{"docs":{"insertions":4,"deletions":13}}},{"hash":"79b7ea2fe5598994ade897243e1688bb258ba68c","messageTitle":"Change Codecov Markdown in Index.md","messageBody":"","fileTypesAndContributionMap":{"docs":{"insertions":1,"deletions":1}}}]},{"date":"2021-03-02","commitResults":[{"hash":"de34c8b4e90a943780727d9c3792a9743afcb353","messageTitle":"Update AboutUs page with information about Rajarshi","messageBody":"","fileTypesAndContributionMap":{"docs":{"insertions":5,"deletions":4}}}]},{"date":"2021-03-07","commitResults":[{"hash":"40462b799173397f57a2cd6aabcc9a688336e8ae","messageTitle":"Update DeveloperGuide to remove AddressBook references","messageBody":"Deleted all references to the previous projects, and only added those that were required by Week 7 requirement. This includes deletion of architecture sections in the DG among other changes.\n","fileTypesAndContributionMap":{"docs":{"insertions":15,"deletions":227}}},{"hash":"015fb573a23366f8aea294e20d5fd0aa84a593ea","messageTitle":"Update UserGuide to remove AddressBook references","messageBody":"Deleted all references to the previous projects, and only added those that were required by Week 7 requirement.\n","fileTypesAndContributionMap":{"docs":{"insertions":4,"deletions":93}}}]},{"date":"2021-03-12","commitResults":[{"hash":"df787de755160725adaa83871bff2744386aecc6","messageTitle":"Person references change to Customer","messageBody":"There are some errors however involving NullPointerException, needs to be resolved.\n","fileTypesAndContributionMap":{"functional-code":{"insertions":244,"deletions":244},"other":{"insertions":54,"deletions":54},"docs":{"insertions":42,"deletions":42},"test-code":{"insertions":163,"deletions":163}}},{"hash":"d7a600a927c7f476228d7a63666d537a6a471036","messageTitle":"All remaining Person references change to Customer","messageBody":"Additional Note: For the testData the json stores under the label \"customers\" instead of \"persons\"\n","fileTypesAndContributionMap":{"functional-code":{"insertions":160,"deletions":160},"other":{"insertions":120,"deletions":120},"test-code":{"insertions":582,"deletions":582}}},{"hash":"7bcfb76baafdf31387b49d9462cc405db87f2d29","messageTitle":"Fix Checkstyle issues","messageBody":"","fileTypesAndContributionMap":{"functional-code":{"insertions":113,"deletions":108},"test-code":{"insertions":65,"deletions":66}}}]},{"date":"2021-03-16","commitResults":[{"hash":"71a7c11139b20c9664af21c567948d2af3adaf7f","messageTitle":"Add Car and CoeExpiry map for every customer","messageBody":"","fileTypesAndContributionMap":{"functional-code":{"insertions":42,"deletions":22}}},{"hash":"ecac81ac9663215ec3be75f63379c7e824a1aac0","messageTitle":"squash! Add Car and CoeExpiry map for every customer","messageBody":"","fileTypesAndContributionMap":{"functional-code":{"insertions":2,"deletions":1}}},{"hash":"ddc1ab74e69737b5d248ba4e9a443db1ab84ce36","messageTitle":"Modify EditCommand to support cars list","messageBody":"","fileTypesAndContributionMap":{"functional-code":{"insertions":78,"deletions":55}}},{"hash":"f228ad79591ba827758cb10d16ba0d39a9eb066b","messageTitle":"Modify AddCommandParser to include car|CoeExpiry pairs","messageBody":"","fileTypesAndContributionMap":{"functional-code":{"insertions":42,"deletions":11}}},{"hash":"95a251d4c3fc7178f4d15c48d3d78ad98fd98619","messageTitle":"Modify Testing code preliminarily","messageBody":"","fileTypesAndContributionMap":{"functional-code":{"insertions":12,"deletions":7},"test-code":{"insertions":23,"deletions":3}}},{"hash":"dab2d76a914938863a3629ce6bbe9ecc4977eff4","messageTitle":"Add support for car in EditCommand and fix bug in ParserUtil","messageBody":"","fileTypesAndContributionMap":{"functional-code":{"insertions":9,"deletions":5}}},{"hash":"e753a079ccf5cd952c6dde1d017f367ca25252e4","messageTitle":"Fix issue with displaying address in UI","messageBody":"","fileTypesAndContributionMap":{"functional-code":{"insertions":3,"deletions":0}}},{"hash":"20e82ec57b574f759d62260378a1afffecdcac62","messageTitle":"Add car in UI. Issue : saving is not proper","messageBody":"","fileTypesAndContributionMap":{"functional-code":{"insertions":15,"deletions":0}}},{"hash":"cf6ab2b8b7b631e9d8abd1088704d23c94df47a7","messageTitle":"Add support for saving Car and CoeExpiry","messageBody":"TODO : rewrite tests with proper values.\n","fileTypesAndContributionMap":{"functional-code":{"insertions":153,"deletions":30},"test-code":{"insertions":10,"deletions":10}}},{"hash":"ee1a76f913cc99917026f5ec5555da84f54f672c","messageTitle":"Fix checkstyle issues","messageBody":"","fileTypesAndContributionMap":{"functional-code":{"insertions":20,"deletions":10},"test-code":{"insertions":13,"deletions":11}}}]},{"date":"2021-03-23","commitResults":[{"hash":"948a71100bfacc92ad9959b2f679be601a21b736","messageTitle":"add an abstraction for filter","messageBody":"","fileTypesAndContributionMap":{"functional-code":{"insertions":17,"deletions":0}}},{"hash":"890f58aec91cb167205472a41f25c1a4bfbffd12","messageTitle":"Fix checkstyles","messageBody":"","fileTypesAndContributionMap":{"functional-code":{"insertions":2,"deletions":2}}}]},{"date":"2021-03-30","commitResults":[{"hash":"604527fa36695f40a4860beadf6cefde926dc6b5","messageTitle":"Change FilterCombinator - Minimal Modification","messageBody":"","fileTypesAndContributionMap":{"functional-code":{"insertions":136,"deletions":0}}}]},{"date":"2021-03-31","commitResults":[{"hash":"eccc03cd778730a81955ebcf1f8ede93404e5bfa","messageTitle":"Support for FilterCombinator, Factory class for filters","messageBody":"","fileTypesAndContributionMap":{"functional-code":{"insertions":246,"deletions":18},"test-code":{"insertions":17,"deletions":0}}},{"hash":"9ae5641e05c2b40051b02d292e20775ba8c1b607","messageTitle":"Add PhoneNumber Filter - Initial","messageBody":"","fileTypesAndContributionMap":{"functional-code":{"insertions":46,"deletions":2}}},{"hash":"908d6de88d15d01e6d5e959f3325673140bead66","messageTitle":"Change AbstractFilter to add support for filtering all customers","messageBody":"","fileTypesAndContributionMap":{"functional-code":{"insertions":4,"deletions":1}}},{"hash":"361bb7d0b23e26d7a0bd4a221d7e83220f3d943a","messageTitle":"Add phone number filter","messageBody":"","fileTypesAndContributionMap":{"functional-code":{"insertions":7,"deletions":6}}},{"hash":"e93a9b6ef9a3c21a08d0c05f869d4b024bc665d8","messageTitle":"Add phone number filter","messageBody":"","fileTypesAndContributionMap":{"functional-code":{"insertions":4,"deletions":2}}},{"hash":"4c3e0dc7a529d894cc3805a957fb696d8c81bc7d","messageTitle":"Add phone number filter - minor change","messageBody":"","fileTypesAndContributionMap":{"functional-code":{"insertions":0,"deletions":1}}},{"hash":"52ecdf6055a0020e01b30e64f0d3eb0916254f85","messageTitle":"Add phone filter - has errors","messageBody":"","fileTypesAndContributionMap":{"functional-code":{"insertions":17,"deletions":0}}},{"hash":"9cc4cf62ad7487a15c803a862573c41d33049a45","messageTitle":"Add phone getter in Phone","messageBody":"","fileTypesAndContributionMap":{"functional-code":{"insertions":3,"deletions":0}}},{"hash":"8db7c334f250db510e8f8d5bae14243640ee1824","messageTitle":"Fix Checkstyles","messageBody":"","fileTypesAndContributionMap":{"functional-code":{"insertions":6,"deletions":9}}},{"hash":"0be0ccce53a5536831bd53e41ed1813f96fca0ce","messageTitle":"Add Email Filter","messageBody":"","fileTypesAndContributionMap":{"functional-code":{"insertions":16,"deletions":0}}},{"hash":"c3e3de71dbd0799d1a20500f0f188adea64387cb","messageTitle":"Add DoB Filter","messageBody":"","fileTypesAndContributionMap":{"functional-code":{"insertions":32,"deletions":5}}},{"hash":"f065d2695feb0eddfc2b53b72572a46395184ae6","messageTitle":"Add javadoc","messageBody":"","fileTypesAndContributionMap":{"functional-code":{"insertions":4,"deletions":0}}},{"hash":"5011971234cfdcbb27882e8e3249ab35f5f7416f","messageTitle":"Update Argument Multimap","messageBody":"","fileTypesAndContributionMap":{"functional-code":{"insertions":12,"deletions":5}}},{"hash":"5ab7bd86fcbeb1fedb9f0f03c9ed029697ca5485","messageTitle":"Modify Filters factory","messageBody":"","fileTypesAndContributionMap":{"functional-code":{"insertions":39,"deletions":27}}},{"hash":"97cbfdc19ec85ca16a2e003519557414ac2dde01","messageTitle":"Modify Filters factory","messageBody":"","fileTypesAndContributionMap":{"functional-code":{"insertions":6,"deletions":18}}},{"hash":"6514a07456179e91813056d92a0396268467705f","messageTitle":"Filters added, find modified using filtercombinator","messageBody":"","fileTypesAndContributionMap":{"functional-code":{"insertions":64,"deletions":38},"test-code":{"insertions":14,"deletions":51}}},{"hash":"f9e8b434b50c5ade054ef181d59efb366817fe40","messageTitle":"Bracketing issue fixed in FilterCombinator","messageBody":"","fileTypesAndContributionMap":{"functional-code":{"insertions":16,"deletions":3}}},{"hash":"08c19e70440aa304a474648447dd7ce1195aaf2c","messageTitle":"Add filter for name, carspreferred and carsowned","messageBody":"","fileTypesAndContributionMap":{"functional-code":{"insertions":15,"deletions":3}}}]},{"date":"2021-04-01","commitResults":[{"hash":"d9683114e1b2500fc7397564ac601f1e388eb7bd","messageTitle":"Add more filters into find, modify find to give error message","messageBody":"","fileTypesAndContributionMap":{"functional-code":{"insertions":37,"deletions":11}}},{"hash":"341c272f7642fac9ec2d89e585248f20e5c42993","messageTitle":"Fix issues in NameFilter and CarFilter","messageBody":"","fileTypesAndContributionMap":{"functional-code":{"insertions":72,"deletions":44}}},{"hash":"da36235424bc4d945aab0f0a5b3ea45d1c1fd7d7","messageTitle":"Fix Checkstyle issues","messageBody":"","fileTypesAndContributionMap":{"functional-code":{"insertions":8,"deletions":4}}},{"hash":"989832ceb1bc09dad04fcf42d4c2f9568b92648e","messageTitle":"Fix AbstractFilter trimming issue as well as AddressFilter","messageBody":"","fileTypesAndContributionMap":{"functional-code":{"insertions":2,"deletions":2}}},{"hash":"ed373e3bd3cc9d0a3e2bacf79956530c45c0bcc8","messageTitle":"Fix Checkstyle","messageBody":"","fileTypesAndContributionMap":{"test-code":{"insertions":3,"deletions":5}}},{"hash":"5435fcd9f0fbffd99f1c221d1f2f7209aef49d8f","messageTitle":"Add last command retrieval using /up","messageBody":"","fileTypesAndContributionMap":{"functional-code":{"insertions":20,"deletions":2}}},{"hash":"32d5dda67867d5e33410323a0c6b8755616b72e4","messageTitle":"Add minor fixes","messageBody":"","fileTypesAndContributionMap":{"functional-code":{"insertions":4,"deletions":1},"test-code":{"insertions":1,"deletions":0}}}]},{"date":"2021-04-02","commitResults":[{"hash":"4a84a868b5dc23ee45553cd44775570c09641dd4","messageTitle":"Update User stories and value proposition","messageBody":"","fileTypesAndContributionMap":{"docs":{"insertions":58,"deletions":50}}},{"hash":"b1e001e9fa0ea0e9f92892ec15f28e150c531429","messageTitle":"Change DOB filter strategy","messageBody":"","fileTypesAndContributionMap":{"functional-code":{"insertions":1,"deletions":9}}}]},{"date":"2021-04-03","commitResults":[{"hash":"c8e9dc05315a54ed1852a6df4e4670be188ae265","messageTitle":"Some changes to UG","messageBody":"","fileTypesAndContributionMap":{"docs":{"insertions":38,"deletions":17}}},{"hash":"60a1797976e63a98e29537576554398f29f8e8b9","messageTitle":"User guide update for find and /up commands","messageBody":"","fileTypesAndContributionMap":{"docs":{"insertions":40,"deletions":15}}}]}],"OhJunMing":[{"date":"2021-03-02","commitResults":[{"hash":"9144c90149c727de92f65633ada96df5b40ec773","messageTitle":"Update AboutUs","messageBody":"For ohjunming profile\n","fileTypesAndContributionMap":{"docs":{"insertions":6,"deletions":3}}},{"hash":"e9e266fd260605813ae9ceabcce487e18fa791db","messageTitle":"Update README","messageBody":"Adjust github links to our car@tinder project\n","fileTypesAndContributionMap":{"docs":{"insertions":10,"deletions":11}}},{"hash":"7ee1d45edbf50894d8924cfc3bf28058836a74ee","messageTitle":"Update AboutUs","messageBody":"Change Role\n","fileTypesAndContributionMap":{"docs":{"insertions":1,"deletions":1}}},{"hash":"7873cec2e6ba8fe547deadb92c6850d12e1e3de7","messageTitle":"Update README and _config.yml","messageBody":"Change project title to Car@leads instead of Car@tinder\n","fileTypesAndContributionMap":{"docs":{"insertions":3,"deletions":3}}},{"hash":"f1e02bbc6f38b68cf3e379a336349e14c7c0fc45","messageTitle":"Update DG developer guide","messageBody":"Update\n1. Targer user profile\n2. Value proposition\n3. User Stories\n","fileTypesAndContributionMap":{"docs":{"insertions":25,"deletions":6}}},{"hash":"00a9b244293bf481eb75e20557d7f48a3b0648b7","messageTitle":"Update DG Developer Guide","messageBody":"Edit Uses Cases\n1. Add a customer\n2. Delete a customer\n3. List customers\n","fileTypesAndContributionMap":{"docs":{"insertions":43,"deletions":5}}}]},{"date":"2021-03-03","commitResults":[{"hash":"539baeb58242f905bdb11b061109baf5d9a1cfa4","messageTitle":"Remove address field","messageBody":"","fileTypesAndContributionMap":{"functional-code":{"insertions":10,"deletions":74},"test-code":{"insertions":32,"deletions":192}}},{"hash":"833fbb6811df9284b681b3ad7ca7ad3be59e026f","messageTitle":"Stub commit","messageBody":"Change sourcetree user name\n","fileTypesAndContributionMap":{"test-code":{"insertions":0,"deletions":2}}}]},{"date":"2021-03-04","commitResults":[{"hash":"9990a15ee017389709c338d0aad8e35c0999d6a4","messageTitle":"Update UserGuide","messageBody":"Remove remaining traces of \"AB3\" mentions.\n","fileTypesAndContributionMap":{"docs":{"insertions":3,"deletions":1}}},{"hash":"d7d0b624e6ff3ba77f2749fcac6a4888818c9faf","messageTitle":"Update AboutUs","messageBody":"Added shizheng001.png and rajobasu.png\n","fileTypesAndContributionMap":{"docs":{"insertions":2,"deletions":2}}}]},{"date":"2021-03-09","commitResults":[{"hash":"501bbd9e9bceee62bf004f92e101e32caecaea99","messageTitle":"Update DG Glossary","messageBody":"","fileTypesAndContributionMap":{"docs":{"insertions":2,"deletions":0}}},{"hash":"c24425c665c91257d59f6c78a77293c3420b3b5a","messageTitle":"Correct checkstyle errors","messageBody":"","fileTypesAndContributionMap":{"test-code":{"insertions":2,"deletions":16}}},{"hash":"5962429a56ab8e28f4564751dea6e446903bb308","messageTitle":"Update List Command","messageBody":"Pre-exisitng List command already sufficient\n\nMinor changes to string return message\n","fileTypesAndContributionMap":{"functional-code":{"insertions":1,"deletions":1}}}]},{"date":"2021-03-16","commitResults":[{"hash":"8b5b3ecc8e49bc076534f0f5149b125017274f39","messageTitle":"Update UG and DG according to v1.2 functionalities","messageBody":"","fileTypesAndContributionMap":{"docs":{"insertions":28,"deletions":13}}}]},{"date":"2021-03-23","commitResults":[{"hash":"9d5e6965f5ce4a54db282e1606156b8b38e46e68","messageTitle":"Add DG 5 lines for v1.3 requirement and enable gradle assertions","messageBody":"","fileTypesAndContributionMap":{"other":{"insertions":4,"deletions":0},"docs":{"insertions":10,"deletions":0}}}]},{"date":"2021-03-29","commitResults":[{"hash":"6f4acc9d8397808230f54e9edfa0539933d49447","messageTitle":"no message","messageBody":"","fileTypesAndContributionMap":{"docs":{"insertions":13,"deletions":9}}},{"hash":"31b62525f15dc6b24e84bda34b6241f863db1d3b","messageTitle":"Add changes to model.customer.Car class Car class now has 2 string attributes carBrand, carType","messageBody":"This would help with future functionality\nAs we encapsulate carBrand, carType into Car class\nExisting\nCustomer\n-phone,name,email,\n-carsOwned\u003cCar, coe exp date\u003e\n\nProposed 1.\nCustomer\n-phone,name,email,\n-carsOwned\u003cCar, coe exp date\u003e\n-CarPreference\u003cCar\u003e\n","fileTypesAndContributionMap":{"functional-code":{"insertions":70,"deletions":28}}},{"hash":"a4a26ceaf2c73c7ce4769d48d472618cd507ae96","messageTitle":"Update UG ADD command format for car","messageBody":"c/brand+type|date(YYYY MM DD)\nc/BMW+SUV|2030 11 07\n","fileTypesAndContributionMap":{"functional-code":{"insertions":1,"deletions":1},"docs":{"insertions":3,"deletions":3}}},{"hash":"889202cff07925c4aafa4797f5d74597946e9c63","messageTitle":"Fix checkstyle issues","messageBody":"","fileTypesAndContributionMap":{"functional-code":{"insertions":2,"deletions":3}}}]},{"date":"2021-03-30","commitResults":[{"hash":"50a79c6ad4da6568be3756908941a97d12be85fc","messageTitle":"Adjust Car class","messageBody":"Parameter naming to adhere to Java code style\n","fileTypesAndContributionMap":{"functional-code":{"insertions":3,"deletions":4}}},{"hash":"923da71ab9881eaed32913284599acae4f6c5b7e","messageTitle":"Fix buggy hashcode() method in model.customer.car class","messageBody":"Return hashcode of 2 string attributes\n","fileTypesAndContributionMap":{"functional-code":{"insertions":7,"deletions":1}}}]},{"date":"2021-03-31","commitResults":[{"hash":"e8e282a08fa08b8d43d719ef68e0328b21efa943","messageTitle":"Add carPreference attribute","messageBody":"Included testcode changes\n","fileTypesAndContributionMap":{"functional-code":{"insertions":205,"deletions":47},"test-code":{"insertions":21,"deletions":11}}},{"hash":"e36e761bb595ecc566480ef9de50a403db5f134a","messageTitle":"Bug-fixing  to past testcases and ensure GUI working","messageBody":"","fileTypesAndContributionMap":{"functional-code":{"insertions":17,"deletions":11}}},{"hash":"a93016ab8eb486411b6c593db2fa884f7167392d","messageTitle":"Add CarsOwnedFilter and CarsPreferredFilter","messageBody":"Shared parent CarFilter class to enclose common methods for matching carBrand, carType attributes\n","fileTypesAndContributionMap":{"functional-code":{"insertions":156,"deletions":5}}},{"hash":"888b34b461018a2016da524f11133eab5a209ce2","messageTitle":"Update UI Include dateOfBirth string display on GUI","messageBody":"","fileTypesAndContributionMap":{"functional-code":{"insertions":2,"deletions":1}}},{"hash":"0bccb8f35f232e72fd7020478c0df2e0d50c9ad3","messageTitle":"Add UG Introduction","messageBody":"","fileTypesAndContributionMap":{"docs":{"insertions":6,"deletions":4}}}]},{"date":"2021-04-01","commitResults":[{"hash":"f8bfb9cf8a56189807720911c464ce667f2d3c56","messageTitle":"Update UG for find command","messageBody":"Insert new GUI screenshot in images/Ui.png\n\nChange Java CI badge\n","fileTypesAndContributionMap":{"docs":{"insertions":40,"deletions":13}}}]},{"date":"2021-04-02","commitResults":[{"hash":"32441efc4f70c6e0bdadf08e836dddfc67b9ad4b","messageTitle":"Remove redundant comments","messageBody":"","fileTypesAndContributionMap":{"functional-code":{"insertions":0,"deletions":2}}},{"hash":"cbbd0f10efc4b948da3e5f9582368865e557bbc1","messageTitle":"edit user guide","messageBody":"","fileTypesAndContributionMap":{"docs":{"insertions":13,"deletions":9}}}]}]},"authorFileTypeContributionMap":{"nighoggDatatype":{"docs":23,"functional-code":393,"test-code":288},"Shizheng001":{"docs":11,"functional-code":348,"test-code":109,"other":2},"rajobasu":{"docs":144,"functional-code":1281,"test-code":736},"OhJunMing":{"docs":96,"functional-code":392,"test-code":22,"other":5}},"authorContributionVariance":{"nighoggDatatype":5594.062,"Shizheng001":11922.841,"rajobasu":226410.8,"OhJunMing":7629.89},"authorDisplayNameMap":{"nighoggDatatype":"CS2103T-W12-2 HO W..RMAN","Shizheng001":"CS2103T-W12-2 SHI ..HENG","rajobasu":"CS2103T-W12-2 RAJA..BASU","OhJunMing":"CS2103T-W12-2 OH J..MING"}}
